date,open,high,low,close,volume
2021-07-22,83.50772453756893,84.33453369140625,82.68091538373162,84.33453369140625,6303779
2021-07-23,83.92113494873047,84.74794416004801,83.5077303430717,83.92113494873047,3272324
2021-07-26,83.50773082544751,83.92113543349429,82.10215768130998,82.1848373413086,8284135
2021-07-27,82.10216554463959,82.68092952811466,81.93679990075077,82.4328842163086,5840220
2021-07-28,82.43287056180067,83.09432041168213,81.44070209503174,82.68091583251953,7843154
2021-07-29,82.26751080681295,84.33453369140625,82.26751080681295,84.33453369140625,8026295
2021-07-30,84.67323487694276,85.5199672257122,84.41921258828987,84.50389099121094,13041114
2021-08-02,85.51995931887159,86.36669158935547,85.09659318362965,86.36669158935547,6361568
2021-08-03,85.09659236492497,85.51995849609375,84.6732262337562,85.51995849609375,4584571
2021-08-04,85.09658899917979,85.94332122802734,84.673222884756,85.94332122802734,3369532
2021-08-05,85.94332462726254,86.36669075843132,85.51995849609375,85.51995849609375,4387056
2021-08-06,85.51996348311262,87.21342810654059,85.09659732725562,86.7900619506836,5194329
2021-08-09,85.94332122802734,86.36668734245113,85.09658899917979,85.94332122802734,4884829
2021-08-10,85.9433272471979,85.9433272471979,83.99584040043163,84.24986267089844,7327379
2021-08-11,84.5038933171242,85.09660339355469,84.16519907628307,85.09660339355469,4163398
2021-08-12,85.09660339355469,85.51996957959227,84.6732372075171,85.09660339355469,1656894
2021-08-13,84.67323487694276,84.67323487694276,83.40313635378863,84.50389099121094,4146597
2021-08-16,83.403132200577,85.09659681378669,83.403132200577,84.08052062988281,5418255
2021-08-17,84.08052062988281,84.08052062988281,84.08052062988281,84.08052062988281,0
2021-08-18,83.4031303827487,84.24986267089844,82.97976423867384,84.24986267089844,5803242
2021-08-19,84.08051443514645,84.16518636755765,81.7943334997177,81.8790054321289,8112078
2021-08-20,83.1491110125621,83.1491110125621,80.94760827859427,81.11695861816406,5278331
2021-08-23,81.87901225250347,83.2337891241507,81.62499643411078,82.97976684570312,2884625
2021-08-24,83.57248434072743,83.99585053588827,83.23379655264313,83.91117858886719,3047427
2021-08-25,84.08051879729037,84.50388494136523,82.97976423867384,84.24986267089844,3669792
2021-08-26,83.57247857604091,83.91117280081812,83.23379081131871,83.74182891845703,3139549
2021-08-27,83.74183289024548,85.09660339355469,83.40313864940435,85.09660339355469,3952033
2021-08-30,85.94332963896962,86.7900619506836,85.51996348311262,86.7900619506836,7144422
2021-08-31,85.94332963896962,86.7900619506836,84.67323117139863,86.7900619506836,6681799
2021-09-01,85.51995765686036,85.9433237838745,84.33453120920981,84.67322540283203,7024512
2021-09-02,84.67323412340808,85.09660029402512,83.65715789794922,83.65715789794922,5659462
2021-09-03,84.41921491187242,85.94333576562987,83.82650483544194,85.09660339355469,6928312
2021-09-06,84.67323066048426,85.09659681378669,83.99584223117846,84.08052062988281,3574524
2021-09-07,84.33454296667597,85.51996957959227,84.16519907628307,85.09660339355469,3952426
2021-09-08,85.09660339355469,85.51996957959227,84.08052713108661,85.09660339355469,4266240
2021-09-09,84.4192167310491,84.4192167310491,83.40314044668527,83.91117858886719,6253161
2021-09-10,83.8265057172008,84.33454385377881,83.57248341888409,83.995849609375,6691147
2021-09-13,84.41921491187242,85.94333576562987,84.08052713108661,85.09660339355469,9050237
2021-09-14,85.51995931887159,86.7900577245974,85.09659318362965,86.36669158935547,10643525
2021-09-15,86.36669158935547,87.21342385983934,85.51995931887159,86.36669158935547,6623367
2021-09-16,87.21342468261719,88.06015696108919,86.79005854338118,87.21342468261719,10646584
2021-09-17,88.06015613032322,88.06015613032322,86.36669158935547,86.36669158935547,10686630
2021-09-22,85.0965915298462,85.9433237838745,84.67322540283203,84.67322540283203,7913252
2021-09-23,85.94332963896962,87.63679426239759,85.09659732725562,86.7900619506836,7161484
2021-09-24,87.63680065802808,90.17699777855064,86.79006828452057,89.75363159179688,18883390
2021-09-27,91.02373029084482,94.83402597743833,90.60036410344556,94.41065979003906,33746221
2021-09-28,94.41065035368267,96.52748107910156,92.29381962826378,96.52748107910156,29468954
2021-09-29,94.4106612016451,99.06768933266794,93.98729500791575,96.1041259765625,36366252
2021-09-30,96.9508583640212,97.37422455775055,93.5639288141864,96.1041259765625,19900858
2021-10-01,95.25737935846503,96.10411161942916,91.44708418412642,93.14054870605469,17380201
2021-10-04,94.83402176590653,94.83402176590653,91.87045858572195,93.98728942871094,14805053
2021-10-05,93.56392616603685,98.22095416525136,93.56392616603685,97.37422180175781,29107912
2021-10-06,97.7975751909159,100.76113807548911,97.3742090645483,99.9144058227539,30193967
2021-10-07,99.49103969638631,99.9144058227539,98.2209413172835,99.9144058227539,19525969
2021-10-08,100.76113807548911,100.76113807548911,98.2209413172835,99.9144058227539,12037882
2021-10-12,99.06767695000832,100.76114151325632,97.3742123867603,99.49104309082031,15456321
2021-10-13,99.91441536775399,102.4546123686291,96.95085220006638,97.7975845336914,19475600
2021-10-14,97.7975795143529,98.22094565943668,95.68074878893401,96.52748107910156,13185434
2021-10-15,96.95085144042969,97.374217603925,93.9872882959624,96.95085144042969,11985201
2021-10-18,96.52748943826427,98.22095416525136,95.68075707477072,97.37422180175781,10848908
2021-10-19,97.37421336926913,97.7975795143529,95.68074878893401,96.52748107910156,8131424
2021-10-20,96.1041259765625,96.52749217029185,93.14056262045705,96.1041259765625,16774594
2021-10-21,95.2573935891038,96.1041259765625,94.4106612016451,96.1041259765625,20192338
2021-10-22,94.83401322798296,95.6807454889471,92.71718257557262,93.14054870605469,11878548
2021-10-25,92.29382885304267,94.41065979003906,92.29382885304267,94.41065979003906,7520209
2021-10-26,94.4106470975009,94.4106470975009,93.14054870605469,93.14054870605469,7136523
2021-10-27,93.14055709151535,93.98728942871094,92.71719092291755,93.98728942871094,9325583
2021-10-28,93.1405547813133,93.1405547813133,91.0237239908289,91.44709014892578,10725293
2021-10-29,91.02372741699219,91.44709359102471,90.17699506892714,91.02372741699219,12808884
2021-11-01,91.87046325540989,91.87046325540989,89.33026611470731,90.6003646850586,9306560
2021-11-02,91.02372666479836,91.87045900586625,89.75362815319653,90.17699432373047,11763369
2021-11-03,89.75362889489462,91.02372741699219,89.75362889489462,91.02372741699219,9004976
2021-11-04,91.44709633881192,91.44709633881192,88.90689921828937,89.75363159179688,9162650
2021-11-05,89.75363230482441,91.4470970652928,89.33026611470731,90.6003646850586,8745405
2021-11-08,91.02371805364436,93.14054870605469,90.6003519231623,93.14054870605469,12758923
2021-11-09,92.29382593908976,92.71719211312228,90.60036124295966,91.02372741699219,11716857
2021-11-10,91.4470970652928,91.87046325540989,89.75363230482441,90.6003646850586,10129963
2021-11-11,90.17699356440684,90.17699356440684,88.48352889653066,89.33026123046875,15001508
2021-11-12,89.75362889489462,91.44709359102471,89.3302627208621,91.02372741699219,8068265
2021-11-15,91.0237308751757,91.0237308751757,89.75363230482441,90.6003646850586,7902519
2021-11-16,90.60036049426442,90.60036049426442,89.33026198266258,90.17699432373047,7170296
2021-11-17,89.33026540504312,89.75363159179688,88.90689921828937,89.75363159179688,14505416
2021-11-18,89.33026611470731,91.0237308751757,88.9068999245902,90.6003646850586,8788125
2021-11-19,90.60035027398004,90.60035027398004,87.63678741455078,87.63678741455078,16148275
2021-11-22,86.79006348386335,89.33026046387887,86.79006348386335,88.48352813720703,9126562
2021-11-23,88.4835323152088,89.33026468186152,88.06016613188244,88.90689849853516,4975372
2021-11-24,88.90689921828937,90.17699777855064,88.4835330315356,89.75363159179688,7428995
2021-11-25,89.75363086518787,89.75363086518787,88.4835323152088,88.90689849853516,3850810
2021-11-26,88.06015353732639,88.483519660102,87.63678741455078,87.63678741455078,6102358
2021-11-29,86.36669240414517,88.4835231003252,85.94332626490916,87.21342468261719,8153692
2021-11-30,86.7900619506836,88.06016041825458,86.36669579482661,86.7900619506836,17823759
2021-12-01,86.36669320326585,88.0601577758789,86.36669320326585,88.0601577758789,4434349
2021-12-02,87.21342129177518,88.483519660102,87.21342129177518,87.63678741455078,4627920
2021-12-03,87.63678741455078,88.483519660102,87.21342129177518,87.63678741455078,4786457
2021-12-06,87.21342548957239,88.48352391903217,86.79005934641911,88.0601577758789,5737825
2021-12-07,88.06015353732639,88.90688578287761,87.21342129177518,87.63678741455078,6835096
2021-12-08,88.48352813720703,89.75362662721479,88.06016197387112,88.48352813720703,8568255
2021-12-09,88.90689849853516,89.33026468186152,88.06016613188244,88.90689849853516,5401323
2021-12-10,88.48352391903217,88.90689006218544,88.0601577758789,88.0601577758789,3734500
2021-12-13,88.06015696108919,88.90688923956121,87.21342468261719,87.21342468261719,7761328
2021-12-14,86.79005516899957,88.06015353732639,86.79005516899957,87.63678741455078,7134203
2021-12-15,87.21342385983934,87.63678999508129,85.94332545411353,86.36669158935547,10060191
2021-12-16,86.7900534568749,87.21341957129869,85.51995511360357,85.94332122802734,10762999
2021-12-17,85.94332626490916,87.63679082185318,85.94332626490916,87.21342468261719,9063299
2021-12-20,86.36669158935547,87.21342385983934,85.94332545411353,86.36669158935547,4153147
2021-12-21,86.79005516899957,88.06015353732639,86.79005516899957,87.63678741455078,4787349
2021-12-22,87.63679082185318,88.06015696108919,87.21342468261719,87.21342468261719,3562484
2021-12-23,87.63679581053519,88.48352813720703,87.21342964719928,88.48352813720703,3899556
2021-12-24,88.48352391903217,88.48352391903217,88.0601577758789,88.0601577758789,3484022
2021-12-27,88.06016197387112,88.48352813720703,87.63679581053519,88.48352813720703,1543610
2021-12-28,88.4835323152088,88.90689849853516,87.21343376522972,88.90689849853516,6052970
2021-12-29,89.33026123046875,89.7536273974378,88.48352889653066,89.33026123046875,5162033
2021-12-30,88.90689006218544,89.3302562053387,88.0601577758789,88.0601577758789,4638513
2022-01-03,88.9068950634997,89.7536273974378,88.48352889653066,89.33026123046875,5819619
2022-01-04,89.33026468186152,89.75363086518787,88.4835323152088,88.90689849853516,5326584
2022-01-05,88.48352889653066,89.33026123046875,88.06016272956161,89.33026123046875,5868106
2022-01-06,89.33026198266258,90.17699432373047,88.90689581212864,90.17699432373047,6364876
2022-01-07,90.17699356440684,90.60035973137589,88.9068950634997,89.33026123046875,5016773
2022-01-10,88.9068950634997,89.7536273974378,88.48352889653066,89.33026123046875,5457965
2022-01-11,89.33026540504312,90.17699777855064,88.90689921828937,89.75363159179688,6470339
2022-01-12,90.17699988828886,92.71719706824067,89.75363369163023,92.29383087158203,12931257
2022-01-13,92.71719286518713,93.56392522012034,91.4470943327873,91.8704605102539,9908998
2022-01-14,91.87046325540989,91.87046325540989,90.6003646850586,90.6003646850586,5378274
2022-01-17,90.6003639653044,91.02373015205815,89.33026540504312,89.75363159179688,4362237
2022-01-18,90.17699432373047,91.02372666479836,89.75362815319653,90.17699432373047,3598990
2022-01-19,90.6003639653044,91.44709633881192,89.75363159179688,89.75363159179688,6166485
2022-01-20,89.75362889489462,91.87045976505723,89.75362889489462,91.02372741699219,5588674
2022-01-21,90.17699704851424,90.60036323184059,88.4835323152088,88.90689849853516,9856751
2022-01-24,88.9068950634997,89.7536273974378,88.48352889653066,89.33026123046875,4655215
2022-01-25,88.48352813720703,88.48352813720703,87.21342964719928,88.48352813720703,9986966
2022-01-26,88.06016613188244,89.33026468186152,87.63679994855609,88.90689849853516,6708522
2022-02-07,88.48353373447311,91.87046325540989,88.48353373447311,90.6003646850586,8446403
2022-02-08,90.17699356440684,91.02372589834494,88.9068950634997,89.33026123046875,6623834
2022-02-09,88.9068950634997,90.17699356440684,88.48352889653066,89.33026123046875,8842224
2022-02-10,89.33026198266258,90.17699432373047,88.90689581212864,90.17699432373047,6359942
2022-02-11,89.75363159179688,90.17699777855064,88.90689921828937,89.75363159179688,6321482
2022-02-14,90.17699704851424,90.60036323184059,88.4835323152088,88.90689849853516,7819246
2022-02-15,88.90689006218544,89.3302562053387,88.0601577758789,88.0601577758789,5740042
2022-02-16,88.48352964159469,90.60036049426442,88.06016347106075,90.17699432373047,11580507
2022-02-17,90.17699356440684,91.02372589834494,88.9068950634997,89.33026123046875,11477841
2022-02-18,88.90689921828937,90.17699777855064,88.90689921828937,89.75363159179688,7229196
2022-02-21,89.33026468186152,90.17699704851424,88.90689849853516,88.90689849853516,7462983
2022-02-22,89.3302562053387,89.3302562053387,88.0601577758789,88.0601577758789,9545904
2022-02-23,88.90689849853516,89.33026468186152,88.06016613188244,88.90689849853516,3104266
2022-02-24,88.48352391903217,89.3302562053387,88.0601577758789,88.0601577758789,11000721
2022-02-25,88.06016613188244,88.90689849853516,87.63679994855609,88.90689849853516,8170305
2022-03-01,89.75362551653826,91.87045630702266,89.33025935844138,91.44709014892578,11127941
2022-03-02,92.29382668772051,93.14055904265373,91.0237281553207,91.8704605102539,13826086
2022-03-03,92.29383087158203,92.71719706824067,91.44709847826476,92.29383087158203,9738287
2022-03-04,91.44709014892578,91.87045630702266,90.60035783273202,91.44709014892578,8142564
2022-03-07,90.6003639653044,91.02373015205815,89.33026540504312,89.75363159179688,13833387
2022-03-08,89.75362234849196,89.75362234849196,87.21342548957239,88.0601577758789,15295676
2022-03-09,88.9068950634997,89.7536273974378,88.48352889653066,89.33026123046875,7149974
2022-03-10,89.75363086518787,90.60036323184059,88.4835323152088,88.90689849853516,12817579
2022-03-11,90.60036049426442,91.44709283533231,89.33026198266258,90.17699432373047,18192230
2022-03-14,90.60036049426442,91.02372666479836,89.33026198266258,90.17699432373047,10849133
2022-03-15,90.17699777855064,90.17699777855064,88.90689921828937,89.75363159179688,7843315
2022-03-16,89.33026540504312,90.17699777855064,88.4835330315356,89.75363159179688,12897655
2022-03-17,91.0237308751757,91.4470970652928,89.75363230482441,90.6003646850586,12148809
2022-03-18,91.02373015205815,91.02373015205815,89.33026540504312,89.75363159179688,13195830
2022-03-21,89.75362889489462,91.44709359102471,89.75362889489462,91.02372741699219,9251718
2022-03-22,90.60036124295966,91.02372741699219,90.17699506892714,91.02372741699219,7062479
2022-03-23,91.02372741699219,91.02372741699219,90.60036124295966,91.02372741699219,6709320
2022-03-24,90.1769984949415,91.0237308751757,90.1769984949415,90.6003646850586,6326098
2022-03-25,90.17699432373047,90.60036049426442,89.75362815319653,90.17699432373047,6576941
2022-03-28,90.17699356440684,90.17699356440684,89.33026123046875,89.33026123046875,6979401
2022-03-29,89.7536273974378,90.17699356440684,88.9068950634997,89.33026123046875,7721306
2022-03-30,89.75362815319653,90.60036049426442,89.33026198266258,90.17699432373047,7742342
2022-03-31,90.17699432373047,90.60036049426442,89.75362815319653,90.17699432373047,4551618
2022-04-01,89.33026611470731,90.6003646850586,89.33026611470731,90.6003646850586,7657338
2022-04-06,89.75363230482441,91.0237308751757,89.33026611470731,90.6003646850586,9394664
2022-04-07,90.17699432373047,90.60036049426442,89.75362815319653,90.17699432373047,7638963
2022-04-08,90.60036049426442,91.02372666479836,89.33026198266258,90.17699432373047,7255413
2022-04-11,89.7536273974378,90.17699356440684,88.9068950634997,89.33026123046875,7225289
2022-04-12,89.75363086518787,89.75363086518787,88.4835323152088,88.90689849853516,9800443
2022-04-13,88.9068950634997,89.7536273974378,88.48352889653066,89.33026123046875,6547003
2022-04-14,89.7536273974378,89.7536273974378,88.9068950634997,89.33026123046875,4017322
2022-04-15,88.90689849853516,89.75363086518787,88.90689849853516,88.90689849853516,3808590
2022-04-18,88.90689430054294,89.33026046387887,88.48352813720703,88.48352813720703,4263307
2022-04-19,88.9068950634997,89.33026123046875,88.9068950634997,89.33026123046875,5198847
2022-04-20,89.33026198266258,90.17699432373047,88.90689581212864,90.17699432373047,9038941
2022-04-21,90.6003646850586,90.6003646850586,89.75363230482441,90.6003646850586,8015750
2022-04-22,89.75363230482441,90.6003646850586,89.75363230482441,90.6003646850586,8047663
2022-04-25,89.75363159179688,90.17699777855064,88.90689921828937,89.75363159179688,9233277
2022-04-26,89.33026123046875,89.7536273974378,88.9068950634997,89.33026123046875,6947826
2022-04-27,88.90689430054294,88.90689430054294,88.06016197387112,88.48352813720703,8778018
2022-04-28,88.48352813720703,88.90689430054294,88.06016197387112,88.48352813720703,7646170
2022-04-29,88.9068950634997,89.33026123046875,88.48352889653066,89.33026123046875,5782646
2022-05-03,89.75363159179688,89.75363159179688,88.90689921828937,89.75363159179688,3513733
2022-05-04,89.75362815319653,90.17699432373047,89.33026198266258,90.17699432373047,3880761
2022-05-05,90.17699777855064,90.6003639653044,89.33026540504312,89.75363159179688,6125650
2022-05-06,89.33026123046875,89.7536273974378,88.9068950634997,89.33026123046875,4741367
2022-05-09,88.483519660102,88.90688578287761,87.63678741455078,87.63678741455078,7471260
2022-05-10,86.79005516899957,87.63678741455078,85.94332292344835,87.63678741455078,8025334
2022-05-11,86.7900577245974,87.21342385983934,86.36669158935547,86.36669158935547,6158343
2022-05-12,86.36670195166745,87.21343432374262,85.09660339355469,85.09660339355469,8881337
2022-05-13,86.36669579482661,88.06016041825458,85.94332963896962,86.7900619506836,16019325
2022-05-16,87.63679426239759,87.63679426239759,86.7900619506836,86.7900619506836,5845510
2022-05-17,87.21342468261719,87.63679082185318,86.36669240414517,87.21342468261719,7918387
2022-05-18,87.21342964719928,88.48352813720703,87.21342964719928,88.48352813720703,9456294
2022-05-19,87.21342468261719,87.63679082185318,86.79005854338118,87.21342468261719,5641353
2022-05-20,87.63679581053519,88.48352813720703,87.21342964719928,88.48352813720703,7255241
2022-05-23,88.90689849853516,89.33026468186152,88.06016613188244,88.90689849853516,4493105
2022-05-24,88.4835323152088,88.90689849853516,88.4835323152088,88.90689849853516,3595942
2022-05-25,88.9068950634997,89.7536273974378,88.48352889653066,89.33026123046875,6644975
2022-05-26,89.75363086518787,90.17699704851424,88.4835323152088,88.90689849853516,6797682
2022-05-27,89.75362815319653,90.17699432373047,89.33026198266258,90.17699432373047,9377872
2022-05-30,90.60036049426442,91.02372666479836,90.17699432373047,90.17699432373047,9348338
2022-05-31,90.17699704851424,91.02372941516694,88.90689849853516,88.90689849853516,33045360
2022-06-01,89.75362815319653,91.02372666479836,89.75362815319653,90.17699432373047,12977105
2022-06-02,89.75363230482441,90.6003646850586,89.33026611470731,90.6003646850586,5666522
2022-06-06,91.4470943327873,92.29382668772051,90.60036197785408,91.8704605102539,9909555
2022-06-07,91.4470970652928,91.87046325540989,90.6003646850586,90.6003646850586,6681185
2022-06-08,91.02372741699219,91.44709359102471,90.60036124295966,91.02372741699219,5334823
2022-06-09,91.0237239908289,91.44709014892578,90.60035783273202,91.44709014892578,6372178
2022-06-10,90.60036124295966,91.44709359102471,90.17699506892714,91.02372741699219,5471257
2022-06-13,90.17699432373047,90.60036049426442,89.33026198266258,90.17699432373047,8451495
2022-06-14,89.75362815319653,90.60036049426442,89.33026198266258,90.17699432373047,6172400
2022-06-15,90.17699432373047,91.02372666479836,89.75362815319653,90.17699432373047,8881737
2022-06-16,91.02372666479836,91.02372666479836,89.75362815319653,90.17699432373047,6448863
2022-06-17,89.33026198266258,90.17699432373047,88.90689581212864,90.17699432373047,13524327
2022-06-20,89.75362889489462,91.44709359102471,89.75362889489462,91.02372741699219,10688615
2022-06-21,91.4470943327873,91.8704605102539,90.60036197785408,91.8704605102539,13121310
2022-06-22,91.87045630702266,92.29382246511953,91.0237239908289,91.44709014892578,7349190
2022-06-23,91.87045630702266,92.71718862321642,91.0237239908289,91.44709014892578,8891795
2022-06-24,91.8704646749234,92.29383087158203,91.44709847826476,92.29383087158203,10468531
2022-06-27,92.7171859741211,93.14055212012165,92.29381982812055,92.7171859741211,6506021
2022-06-28,92.29381982812055,93.14055212012165,91.87045368211999,92.7171859741211,7598930
2022-06-29,92.29381982812055,93.5639182661222,92.29381982812055,92.7171859741211,11918307
2022-06-30,93.14055904265373,93.14055904265373,91.8704605102539,91.8704605102539,12100690
2022-07-01,92.29382246511953,92.71718862321642,90.60035783273202,91.44709014892578,15458593
2022-07-04,91.44709359102471,91.87045976505723,89.75362889489462,91.02372741699219,19877580
2022-07-05,90.74872775788003,90.84039174075092,85.24880486346305,86.16545867919922,42916295
2022-07-06,86.16545490834905,86.16545490834905,79.7488784790039,79.7488784790039,30237581
2022-07-07,79.29055571121965,79.38221969484202,77.18224912033666,77.54891204833984,32829682
2022-07-08,78.0072371015558,78.92389090296894,77.27391825653338,77.91557312011719,20436644
2022-07-11,78.83222368629512,78.83222368629512,77.73224196714746,77.82390594482422,10995320
2022-07-12,77.91557128127997,78.55722612972046,77.6405723499407,78.28223419189453,12462458
2022-07-13,80.20720773052658,80.48220666872236,78.37390012525739,78.5572280883789,17770031
2022-07-14,78.55722577329163,80.11554138795486,77.82390694890303,79.7488784790039,10347722
2022-07-15,79.74888032466333,79.932208286625,78.92389050880895,79.38221740722656,8712587
2022-07-18,79.29055426337501,80.84886293704172,79.19889028142643,80.66553497314453,9750743
2022-07-19,80.48220394493171,82.04051255926666,79.93220608715394,81.21552276611328,12714961
2022-07-20,82.04050917256525,82.13217314723983,80.4822006225586,80.4822006225586,13748964
2022-07-21,81.12386579345615,81.94885565785509,80.02388396993348,81.39886474609375,12786986
2022-07-22,80.9405307046277,81.39885758971955,80.29886886939114,80.57386779785156,11911444
2022-07-25,80.66553529705888,82.9571698225435,80.5738713147422,82.77384185791016,8054745
2022-07-26,82.49884291744658,83.59882469227377,82.4071789351299,82.77384185791016,7681459
2022-07-27,83.14050160878139,83.32383657535541,82.04051978339285,82.68217468261719,5975067
2022-07-28,83.23216443940511,83.50715637207031,82.59050260949323,83.50715637207031,3988422
2022-07-29,84.33214569091797,84.33214569091797,83.87381881216298,84.33214569091797,6176099
2022-08-01,84.332147051837,85.24880082413958,84.05714812274091,84.79047393798828,6618649
2022-08-02,84.14882721679906,84.14882721679906,82.77384642563251,83.96549224853516,11996688
2022-08-03,83.41549692319903,84.0571517944336,83.14049798209075,84.0571517944336,8211048
2022-08-04,83.59882158761638,84.05714847569216,81.94884898665157,83.3238296508789,14965346
2022-08-05,84.1488226725986,84.1488226725986,83.32383284374693,83.41549682617188,7422912
2022-08-08,83.41549682617188,83.50716080859682,82.5905069973202,83.41549682617188,3499131
2022-08-09,83.14049469954061,83.4154936297914,82.49883985363985,83.3238296508789,4844629
2022-08-10,82.95717248297258,83.69049835205078,82.59050954843347,83.69049835205078,6156603
2022-08-11,84.14882982741167,85.06548371662743,83.96549485346003,84.88214874267578,7745875
2022-08-12,85.24879853307408,86.16545228074155,85.06547058094583,85.98212432861328,5589463
2022-08-15,86.34878797989177,86.80711489484557,86.07379602702771,86.62378692626953,3951609
2022-08-16,86.62378373188433,86.7154477127921,85.7987939166875,86.53211975097656,4254828
2022-08-17,86.5321203570036,86.71544832010308,85.98212947419168,86.34878540039062,5289626
2022-08-18,86.16545743729115,86.5321203570036,85.5238025729295,86.34878540039062,3073897
2022-08-19,85.79879074601476,86.53211655320395,85.79879074601476,86.4404525756836,3514198
2022-08-22,85.70712993577973,86.80711169369987,85.61546595487196,86.53211975097656,2201000
2022-08-23,86.440459488405,86.5321234732558,85.79879760742188,85.79879760742188,4068278
2022-08-24,86.34878851004044,86.62378745810659,85.70713362257108,85.79879760742188,3010183
2022-08-25,85.89045655145063,86.53211839477528,85.89045655145063,86.07379150390625,2927459
2022-08-26,86.1654547225708,86.53211763073121,85.24880094892643,85.43212890625,6477214
2022-08-29,84.42381722761519,84.51548121287152,83.415499402768,83.69049835205078,7647579
2022-08-30,83.415499402768,84.1488252718462,83.23217143225536,83.69049835205078,7373692
2022-08-31,82.9571655132267,83.96548325335885,82.9571655132267,83.50715637207031,6895426
2022-09-01,82.59050431147529,83.14049518165282,82.04051344129775,82.49884033203125,10430273
2022-09-02,82.49884656961642,82.590510555991,81.21552977983073,81.39886474609375,12291129
2022-09-05,81.49053004823166,82.04052096887327,80.66554017051226,81.85719299316406,7641926
2022-09-06,81.85718671321493,82.31551361083984,81.21552486043197,82.31551361083984,7234421
2022-09-07,81.58219138668173,81.58219138668173,80.75720153575409,80.94053649902344,8597030
2022-09-08,81.03220048390122,81.2155284536568,80.2072106329736,80.94053649902344,7291455
2022-09-12,81.3988616482326,82.1321805048346,81.0321987231748,81.9488525390625,5849833
2022-09-13,82.31551495281323,82.77384185791016,81.39886114261938,82.77384185791016,7583023
2022-09-14,80.94052946638297,81.30718537403668,80.3905316178761,80.75719451904297,12055305
2022-09-15,80.75719451904297,81.03219344329639,79.84054076288241,80.75719451904297,11724858
2022-09-16,79.93220506646304,80.66553087179372,79.2905502319336,79.2905502319336,78462113
2022-09-19,79.2905551843476,79.47388315037416,78.19057340116093,78.3739013671875,15244672
2022-09-20,78.83222518074179,79.38221605074196,78.64889722191283,78.92388916015625,5833857
2022-09-21,78.92388473178343,79.38221159665268,78.83222075751216,79.01554870605469,5849150
2022-09-22,78.74056243896484,79.10722535589926,78.00723660509601,78.74056243896484,5870601
2022-09-23,78.7405625468473,79.84054430564416,78.7405625468473,79.38221740722656,5840402
2022-09-26,78.64890164511853,79.47388449975907,78.19057472875656,78.83222961425781,10526456
2022-09-27,79.01555362814796,79.5655514950623,78.0988998413086,78.0988998413086,7870379
2022-09-28,78.3739012727593,78.92389216368997,77.27391949089795,77.73224639892578,9966769
2022-09-29,78.19057216213588,78.5572280883789,77.9155732239401,78.5572280883789,8245712
2022-09-30,78.37389962941052,79.6572163436825,78.09890069295457,79.38221740722656,10304280
2022-10-03,78.46556044931489,80.11554001455231,78.46556044931489,79.2905502319336,5071676
2022-10-04,80.11553773034733,80.57386459723317,79.56554688878691,80.4822006225586,5798580
2022-10-05,80.29886946826626,80.84886033577571,80.11554151026755,80.39053344726562,6387644
2022-10-06,80.39053381132786,80.39053381132786,78.64889722191283,78.92388916015625,10187980
2022-10-07,78.55723888325932,78.83223785924386,78.00724792480469,78.00724792480469,8679272
2022-10-11,77.9155717657868,78.2822346786814,77.18224593999757,77.45724487304688,10752507
2022-10-12,77.27392423428493,77.36558822281448,73.8823007105792,74.06563568115234,25307046
2022-10-13,73.51563567218629,73.60730665162279,71.59066399375511,72.32398986816406,24151542
2022-10-14,72.87397582064449,74.15729251681763,72.69064786126835,73.24063873291016,11081145
2022-10-17,72.96563991581363,73.88229370117188,72.14065011028853,73.88229370117188,8270624
2022-10-18,74.15729522705078,74.24895921008891,73.33230539268041,74.15729522705078,10375902
2022-10-19,73.97395953355164,74.523957413351,73.51563262939453,73.51563262939453,11659054
2022-10-20,72.23232793650514,75.34894550759415,72.048992965932,74.06563568115234,28598192
2022-10-21,74.15730226265248,75.89894607966812,73.88230329393421,74.98229217529297,10635766
2022-10-24,75.71560214595122,76.08226506302996,74.89061233090243,75.16561126708984,5864335
2022-10-25,75.80726872912042,75.99060369070997,74.98228587926545,75.44061279296875,6751241
2022-10-26,75.89893400788263,76.08226196219348,75.3489361579237,75.7155990600586,5892652
2022-10-27,76.0822587446733,76.90724849120969,75.62393188476562,75.62393188476562,7409584
2022-10-28,76.17392854652306,76.44892748091479,75.71560165154577,75.9906005859375,4081855
2022-10-31,76.08226332832756,76.3572622582449,75.71560041960886,76.1739273071289,4948542
2022-11-01,76.17393431911697,76.81559621681949,75.5322794149284,76.35726928710938,4358815
2022-11-02,76.44893194744233,76.99892285484562,75.71560607522876,75.89894104003906,6595684
2022-11-03,75.25727915347372,75.9906050256873,75.07395118217724,75.89894104003906,6570104
2022-11-04,75.25727475656848,76.17392854652306,75.25727475656848,75.9906005859375,5101500
2022-11-07,76.08226732984082,77.54891204833984,75.99060334621845,77.54891204833984,7951284
2022-11-08,77.82391047559418,78.3739013671875,77.64057551605399,78.3739013671875,5104452
2022-11-09,78.37390269789586,78.83222961425781,77.91557578153389,78.83222961425781,5080178
2022-11-10,78.83222961425781,79.10722856148048,78.37390269789586,78.83222961425781,3713085
2022-11-11,79.5655506427581,80.4822044197783,79.5655506427581,80.39053344726562,9509304
2022-11-14,80.94053217977974,81.7655149931699,80.75719722629373,81.6738510131836,12131683
2022-11-15,81.39885771654363,81.5821856734607,80.48220394493171,81.21552276611328,7263265
2022-11-16,81.03219330538168,81.4905201826819,79.74887665023844,80.11553955078125,10144201
2022-11-17,79.74887665023844,80.3905314810535,79.74887665023844,80.11553955078125,4095031
2022-11-18,79.74887860075681,80.665532377777,79.5655506427581,80.39053344726562,4435131
2022-11-21,80.48220700924735,80.66553497314453,80.02388010599084,80.66553497314453,4430445
2022-11-22,81.1238619772811,81.30718994140625,80.75719905551723,81.30718994140625,5953644
2022-11-23,81.49051666259766,81.58218063539553,80.84885486598684,81.49051666259766,3917179
2022-11-24,81.76551192987834,82.22383880615234,81.58218397677399,82.22383880615234,6134365
2022-11-25,82.31551680175721,82.59050875488401,81.76551890847618,82.40718078613281,6613840
2022-11-28,82.0405139266422,82.13217790662851,80.66553324630742,81.6738510131836,8378626
2022-11-29,82.04050749289775,82.04050749289775,80.94052583229755,81.49051666259766,4743951
2022-11-30,81.76552083028878,82.68217468261719,81.58219285722865,82.68217468261719,9348274
2022-12-01,83.32383789917428,83.8738288206066,82.4988480202688,83.1405029296875,6929264
2022-12-02,82.49884082008714,82.77383975355946,81.6738510131836,81.6738510131836,7114274
2022-12-05,81.49052305321098,82.49884082008714,81.39885907322467,81.6738510131836,7161605
2022-12-06,81.39885295243128,81.67384487171218,79.84053743578816,80.02387237548828,9571596
2022-12-07,80.11553968713584,81.76551225211696,80.02387571022241,80.75719451904297,7933509
2022-12-08,80.29886429476916,80.29886429476916,79.9322014088818,80.02387237548828,4771380
2022-12-09,80.02387693444398,81.03219468294341,79.932205962615,80.57386779785156,5490286
2022-12-12,79.84054751469368,79.93221149935877,79.01555766568029,79.47388458251953,7423903
2022-12-13,79.47387942561097,80.02387728494075,78.92388855979449,79.10722351074219,9268604
2022-12-14,79.65722087101814,80.39053975405656,79.56555688482756,79.93221282958984,7696433
2022-12-15,80.20720006288886,81.6738446081934,79.9322011509824,81.49051666259766,12547066
2022-12-16,80.66552916688839,81.39885495671987,80.29886627197266,80.29886627197266,20718342
2022-12-19,79.56555039784146,80.29886922109235,79.0155525385117,79.10722351074219,16315405
2022-12-20,78.83222183881459,79.47387666102763,78.09889604755993,78.19056701660156,14490452
2022-12-21,78.19057021261922,78.74056108178442,78.00723526055528,78.28223419189453,12815360
2022-12-22,78.64890303589412,79.93221282958984,78.55723205618969,79.93221282958984,14027573
2022-12-23,78.74055439794225,79.56554412841797,78.37389151845161,79.56554412841797,6000769
2022-12-26,79.56556256976008,79.6572265625,79.29056359802591,79.6572265625,2523183
2022-12-27,79.65722087101814,79.93221282958984,79.29055793274199,79.93221282958984,3101681
2022-12-28,79.19889960528597,79.74889055523994,78.92390063355182,79.6572265625,5781585
2022-12-29,78.92388916015625,79.19888809191302,78.74056120132731,78.92388916015625,4037150
2022-12-30,79.47387316341076,79.93220001439585,79.38220919191629,79.56554412841797,3144657
2023-01-03,79.015552661102,79.7488784790039,78.46556179443222,79.7488784790039,6417169
2023-01-04,79.56555236270168,79.74888032466333,79.1988894452649,79.38221740722656,3205343
2023-01-05,79.29056047712054,80.29887834460075,79.19889648798853,80.20721435546875,5759186
2023-01-06,80.11554408793943,80.66553497314453,79.9322091305287,80.66553497314453,4026855
2023-01-09,80.94052583229755,81.49051666259766,80.75719089318896,81.49051666259766,7417439
2023-01-10,81.76550858099128,81.857179547302,81.03218980509543,81.49051666259766,4465172
2023-01-11,80.66553177616728,81.03219468294341,80.20720489107542,80.57386779785156,6891479
2023-01-12,80.94053130828839,80.94053130828839,80.20720548926691,80.39053344726562,4662734
2023-01-13,80.2988708175846,81.03219664892868,80.2988708175846,80.84886169433594,5243724
2023-01-16,80.75720153575409,81.49052740180393,80.66553755087631,80.94053649902344,5363697
2023-01-17,81.12385878765474,81.49052169500216,80.94053083073767,81.21552276611328,4986490
2023-01-30,81.49052257112021,82.49884033203125,81.39885859167617,82.49884033203125,13262616
2023-01-31,82.49884790166027,82.86551084659267,81.67385802394087,81.85719299316406,11413800
2023-02-01,81.94884352009987,82.04050749289775,80.75719089318896,81.49051666259766,6858192
2023-02-02,81.4905274823168,81.58219146728516,80.75720161554244,81.58219146728516,5958711
2023-02-03,81.30718674457181,81.39885771654363,80.75719588030732,81.21552276611328,3564969
2023-02-06,81.12386002477828,82.04051381036899,81.03219604492188,81.03219604492188,4905035
2023-02-07,81.03220056396127,82.0405183856407,81.03220056396127,81.58219146728516,3658106
2023-02-08,81.49052563111866,82.1321805048346,81.30719067183294,81.9488525390625,4327840
2023-02-09,81.58218520180473,82.31551101225995,81.49052122387613,82.04051208496094,2760688
2023-02-10,81.49052305321098,82.0405139266422,81.30718809972497,81.6738510131836,2785670
2023-02-13,81.39886606037706,82.04052096887327,81.30719507900847,81.85719299316406,2776111
2023-02-14,82.22383835354537,83.32382704665591,82.13217437749776,83.048828125,6874240
2023-02-15,83.14049704374821,83.23216801875874,81.76551634075228,82.1321792602539,5756228
2023-02-16,82.31550977621765,82.498837729322,81.76551192987834,82.22383880615234,2685936
2023-02-17,81.94885263287374,82.59050750732422,81.85718864988276,82.59050750732422,2502020
2023-02-20,82.4071840322824,83.1405029296875,82.4071840322824,83.1405029296875,3269390
2023-02-21,83.14050045348523,83.78216233730711,82.77384451245992,83.69049835205078,4941310
2023-02-22,83.14049798209075,84.0571517944336,82.68217107591931,84.0571517944336,6178261
2023-02-23,84.0571542930761,84.0571542930761,83.69049835205078,83.69049835205078,5265657
2023-02-24,83.69049256004219,83.78215653895468,83.14049469954061,83.3238296508789,6581325
2023-03-01,82.31551873649694,83.04883762225133,82.22384775645298,82.68217468261719,5911007
2023-03-02,82.68217468261719,82.77384566266115,82.22384775645298,82.68217468261719,3930249
2023-03-03,82.68217599624157,83.1405029296875,82.68217599624157,83.1405029296875,2319176
2023-03-06,83.50715454812276,83.87381744384766,83.14049165239787,83.87381744384766,5408106
2023-03-07,83.69049391754989,83.87382187834856,83.41549498283845,83.78215789794922,4425021
2023-03-08,83.32383673177405,84.24049058582324,83.2321727450719,84.1488265991211,5022258
2023-03-09,84.14881681811053,84.24048079415815,82.86550017290479,83.048828125,4760079
2023-03-10,82.31551361083984,82.77384050846476,82.22384263650409,82.31551361083984,5674615
2023-03-13,82.31551555835128,82.95717043280176,81.67385369038718,82.59050750732422,5154147
2023-03-14,81.7655175797768,82.40717944700634,81.67385359689075,81.9488525390625,4603535
2023-03-15,81.94885440067233,82.59050928896458,81.58219146728516,81.58219146728516,6317959
2023-03-16,81.12386322021484,81.39886216412951,80.66553630936617,81.12386322021484,7823983
2023-03-17,81.21553120791737,83.1405029296875,81.12386721993097,83.1405029296875,9492073
2023-03-20,82.95716722276477,82.95716722276477,82.31551237314319,82.49884033203125,3717614
2023-03-21,82.68216964275993,83.50715945827136,82.5905056618172,82.95716857910156,3899869
2023-03-22,83.14049469954061,83.4154936297914,82.95716674171562,83.3238296508789,3623154
2023-03-23,83.41549498283845,83.78215789794922,83.23216702203979,83.78215789794922,4421133
2023-03-24,83.69049391754989,83.87382187834856,83.32383100243912,83.78215789794922,4407399
2023-03-27,83.78216365879864,84.1488265991211,83.78216365879864,84.1488265991211,3793355
2023-03-28,84.14882791201597,84.79048282245599,83.87382895410511,84.6071548461914,5676103
2023-03-29,84.6071548461914,84.88214681058827,84.33215588828054,84.6071548461914,3847024
2023-03-30,84.79047073776327,84.79047073776327,84.14881591877459,84.69880676269531,3995309
2023-03-31,84.6071535261457,84.88214548625211,84.1488265991211,84.1488265991211,4699195
2023-04-06,84.24048479345933,84.51547673465733,83.41549498283845,83.78215789794922,5805242
2023-04-07,83.78216100126171,83.78216100126171,83.23217010498047,83.23217010498047,4549540
2023-04-10,83.32383864292238,84.51548448441005,83.23217465411781,84.42382049560547,4843431
2023-04-11,84.60715677201955,84.88214874267578,84.24049381763042,84.88214874267578,4995744
2023-04-12,84.6988207622383,85.06548371662743,84.14882982741167,84.88214874267578,4671496
2023-04-13,85.06548501489296,85.6154759581135,84.69882205490782,85.3404769897461,5780513
2023-04-14,85.24879716425309,85.98212294801745,84.8821342723709,85.52379608154297,5451563
2023-04-17,85.52380380558935,86.4404576213255,85.34046884633395,86.16545867919922,5646442
2023-04-18,85.98212801201284,85.98212801201284,85.2488021850586,85.2488021850586,4734288
2023-04-19,85.70712771029086,86.07379061791454,84.60714598093308,84.79047393798828,6823534
2023-04-20,84.60715546672868,84.973811421947,83.9654935580685,84.42382049560547,5066061
2023-04-21,84.79047393798828,85.34046480266717,84.24048307330939,84.79047393798828,7063930
2023-04-24,84.88213927158147,85.61546509853571,84.24048441813154,85.2488021850586,7220567
2023-04-25,85.34046342547632,85.7987903042313,84.33214569091797,84.33214569091797,9153776
2023-04-26,84.33215286926779,85.79879760742188,84.33215286926779,85.79879760742188,8544778
2023-04-27,85.34047385966662,85.98213576448457,85.0654818948995,85.89046478271484,8024019
2023-04-28,86.16545548337739,86.53211839477528,85.52380063356608,86.07379150390625,6239893
2023-05-02,85.89045655145063,86.34878344231966,85.34046568111047,86.07379150390625,6942063
2023-05-03,85.98213257063723,86.16546054033883,85.43213467450491,85.79879760742188,4341776
2023-05-04,85.79880079445914,85.98213576448457,85.52380882969204,85.89046478271484,3020888
2023-05-05,86.07378830467741,86.16545228074155,85.79878938297193,85.98212432861328,2436672
2023-05-08,86.25711625680567,86.25711625680567,85.61546143084368,85.98212432861328,2952879
2023-05-09,85.89045973707293,86.16545867919922,85.43213282920485,86.16545867919922,4927939
2023-05-10,85.79878938297193,85.98212432861328,85.06547058094583,85.98212432861328,5530762
2023-05-11,85.61547088623047,85.7987988586055,85.06547997559153,85.61547088623047,4664957
2023-05-12,85.06547286708437,85.15713684561197,84.14881909478179,84.79047393798828,6244184
2023-05-15,84.14882481973048,85.15714263916016,83.69049790239755,85.15714263916016,4648217
2023-05-16,85.15714900651066,85.4321409813638,84.42382308654041,85.3404769897461,6930870
2023-05-17,85.15713590985912,86.4404525756836,84.79047300626452,86.4404525756836,10835446
2023-05-18,85.7071267684944,86.4404525756836,85.7071267684944,86.4404525756836,7619528
2023-05-19,86.4404576213255,86.4404576213255,85.61546778846024,86.16545867919922,8942115
2023-05-22,86.16545733283547,86.3487852957127,85.34046751286094,85.7071304321289,6050175
2023-05-23,85.89045839500614,85.98212936995824,85.43213149429955,85.7071304321289,6367407
2023-05-24,85.52380063356608,86.07379150390625,85.24880170163934,86.07379150390625,5634546
2023-05-25,85.52379987842507,86.25711870123259,85.43212890625,85.43212890625,4572073
2023-05-26,84.88214061215437,85.79879441356752,84.79047663071576,85.7071304321289,5674814
2023-05-29,85.70712403072757,86.25711487179434,85.52379608154297,85.52379608154297,5402986
2023-05-30,85.52380246925168,85.79879441356752,85.0654755685451,85.7071304321289,8170329
2023-05-31,85.34047200483019,86.25712585449219,85.34047200483019,86.25712585449219,33359347
2023-06-01,86.25711487179434,86.25711487179434,85.43212511343769,85.52379608154297,6286608
2023-06-02,85.79880079445914,86.07379975274027,85.61547281794775,85.89046478271484,7010032
2023-06-05,85.70713177133113,86.5321216041964,85.70713177133113,86.16545867919922,8061221
2023-06-06,86.34878479564756,86.89878266812109,86.16545683383202,86.53211975097656,10374130
2023-06-07,86.16545867919922,86.6237855870673,86.07379469632832,86.16545867919922,8373855
2023-06-08,86.25711625680567,86.44045120244702,85.89045335903607,85.98212432861328,6872186
2023-06-09,86.53212480679635,86.53212480679635,86.16546186822876,86.25712585449219,4379798
2023-06-12,86.62378237424642,86.62378237424642,86.07379150390625,86.07379150390625,3731781
2023-06-13,86.07379975274027,86.25712772925168,85.52380882969204,85.89046478271484,7102949
2023-06-14,85.98212432861328,86.3487802328698,85.7071254069078,85.98212432861328,5527815
2023-06-15,86.25712585449219,86.34878984075561,85.79879892966119,86.25712585449219,5192177
2023-06-16,86.25711857496975,86.25711857496975,84.79047393798828,84.79047393798828,20535246
2023-06-19,85.06548107757678,85.24880905232673,83.96549224853516,83.96549224853516,16422709
2023-06-20,84.79048475245703,84.88214874267578,84.24049381763042,84.88214874267578,10746777
2023-06-21,84.69881254505043,85.06547546386719,84.14882166358204,85.06547546386719,7389014
2023-06-26,84.60714461557623,84.97380052376968,84.33214569091797,84.33214569091797,11597658
2023-06-27,84.52424639120869,84.9084489767797,83.5637435913086,83.5637435913086,18596218
2023-06-28,83.56374669134743,83.75584432723194,82.6032438558147,82.79534149169922,11086603
2023-06-29,83.27559290946557,83.56374669134743,82.79534149169922,82.79534149169922,8122126
2023-06-30,82.79533776087193,82.8913939025409,82.3150863647461,82.3150863647461,9654487
2023-07-03,82.69928365297855,82.89138859596348,82.21903228759766,82.21903228759766,7027120
2023-07-04,82.31509425393648,82.31509425393648,81.25854254680924,81.3545913696289,11700854
2023-07-05,81.54669634332369,81.73879398896302,81.3545913696289,81.3545913696289,6506833
2023-07-06,81.16249024547028,81.35458788287656,79.91383361816406,79.91383361816406,15858323
2023-07-07,79.72174100178044,79.81778982653292,78.76123809814453,78.76123809814453,15799268
2023-07-10,79.04937744140625,79.72172641974869,79.04937744140625,79.04937744140625,10649694
2023-07-11,79.24148797078757,80.20199085528196,79.04939032511088,79.14543914794922,9198565
2023-07-12,79.91383705871147,80.00989320960527,78.95333417421708,79.14543914794922,8798729
2023-07-13,79.24148086276554,79.91382989037922,79.24148086276554,79.43357849121094,8335101
2023-07-14,79.72173208956272,80.87433251385255,79.72173208956272,80.39408111572266,8742038
2023-07-17,80.68224122052686,80.77829004208309,79.72173834885393,79.81778717041016,8311123
2023-07-18,79.72172782499034,80.39407681518416,79.62567901611328,79.62567901611328,10127334
2023-07-19,79.81777900354523,80.29803039024291,79.52963256835938,79.52963256835938,9526590
2023-07-20,79.62568716205465,80.10593858362549,79.62568716205465,79.91383361816406,8132610
2023-07-21,79.91383227403782,80.29803487044333,79.33753204345703,79.33753204345703,11163927
2023-07-24,79.33752593106325,79.433574740751,78.95332336425781,78.95332336425781,13250087
2023-07-25,79.24147949481699,79.24147949481699,78.7612281039393,78.8572769165039,9511250
2023-07-26,78.95332791535773,79.72173309326172,78.85727910013345,79.72173309326172,7380319
2023-07-27,79.7217339186016,80.29803414396845,79.7217339186016,80.0098876953125,7303957
2023-07-28,80.00988686698943,80.29803331266228,79.72173309326172,79.72173309326172,5342217
2023-07-31,79.81778479946092,80.49014118649318,79.81778479946092,79.91383361816406,6254702
2023-08-01,80.29803600395974,80.97039238917438,80.29803600395974,80.87433624267578,7043118
2023-08-02,80.68223197160367,80.8743295926952,80.10593178027455,80.20198059082031,7850360
2023-08-04,80.29803312969689,80.97038949084458,80.20198431469146,80.68223571777344,5406884
2023-08-07,80.68223860578881,81.35458766294833,80.68223860578881,80.87433624267578,4197257
2023-08-08,80.97038865592235,81.06643746993738,80.29803230170764,80.39408111572266,5102111
2023-08-09,80.58618772781418,80.97039031982422,80.39408276778168,80.97039031982422,3549705
2023-08-10,81.16248321533203,81.35458083609917,80.68223183535966,81.16248321533203,5469756
2023-08-11,81.06643830585,81.16248712085543,80.68223571777344,80.68223571777344,3978817
2023-08-14,80.68223590161428,80.68223590161428,79.52963546281316,79.72173309326172,6859873
2023-08-15,79.72173941303477,79.81778823587312,79.14543914794922,79.14543914794922,5991925
2023-08-16,78.66518423864598,78.7612330572511,77.41652761261385,77.70468139648438,14129601
2023-08-17,77.32048140521587,77.32048140521587,75.87972709331744,76.64813232421875,12613879
2023-08-18,76.64812840900925,77.4165262726052,76.07182085124354,77.12837982177734,9006372
2023-08-21,77.1283766214496,77.1283766214496,76.4560202746397,76.93627166748047,8180979
2023-08-22,77.03232522860525,77.03232522860525,76.35997616840737,76.74417877197266,7065944
2023-08-23,76.74416736669562,76.74416736669562,76.0718110783643,76.263916015625,6844242
2023-08-24,76.26392417304483,76.64812676060761,75.97577040035904,76.55207061767578,8041963
2023-08-25,76.4560159905971,76.55206479817242,76.07181343224147,76.1678695678711,7134174
2023-08-28,75.87972393476254,76.64812913367837,75.87972393476254,76.45602416992188,6219358
2023-08-29,76.45602344706901,77.22442863871996,76.35997463012639,77.12837982177734,3259688
2023-08-30,77.12837982177734,77.60863123454543,76.74417722595187,77.12837982177734,5599350
2023-08-31,77.12838294493392,77.12838294493392,76.35997772216797,76.35997772216797,12725047
2023-09-01,76.45602549944805,77.22443071172599,76.3599766799271,77.0323257446289,3093680
2023-09-04,76.84022119440183,78.47307296356107,76.84022119440183,78.28097534179688,7470794
2023-09-05,78.28098664632658,78.857286922897,78.28098664632658,78.76123809814453,3501749
2023-09-06,78.66518475994238,78.66518475994238,77.99282836914062,77.99282836914062,4494769
2023-09-07,77.8007362693895,78.37703655392198,77.60863861723057,78.0888900756836,3640930
2023-09-08,78.47307433819083,78.95332572906851,78.28097671306163,78.8572769165039,4784358
2023-09-11,79.04939032511088,79.24148797078757,78.95333417421708,79.14543914794922,4222287
2023-09-12,79.33753679362592,79.33753679362592,78.85728535137872,79.14543914794922,6107655
2023-09-13,79.24148559570312,79.43358323562212,78.85728298780988,79.24148559570312,4019153
2023-09-14,79.72173834885393,80.00989214157795,79.24148691301745,79.81778717041016,7095214
2023-09-15,79.9138315510389,80.0098876953125,78.95332873274249,80.0098876953125,11513265
2023-09-18,79.33752386295834,79.52962880538064,78.76122369179991,79.04937744140625,4123539
2023-09-19,78.95333417421708,79.43358561646427,78.85728535137872,79.14543914794922,2298145
2023-09-20,79.14543914794922,79.33753679362592,78.76123652854038,79.14543914794922,2183329
2023-09-21,78.85728239842562,78.95333121766726,77.99282836914062,77.99282836914062,5046255
2023-09-22,77.8007254792337,78.28097687108082,77.41652290014507,77.89677429199219,2977848
2023-09-25,77.89677042156572,78.37702178955078,77.80072161357957,78.37702178955078,1784557
2023-09-26,77.8967752955574,77.8967752955574,77.22442626953125,77.22442626953125,4128092
2023-09-27,76.93627878976521,77.12838376151824,76.55207617431455,76.64813232421875,6435098
2023-09-28,76.84022996791639,77.22443258336705,76.45602735246574,76.64813232421875,6431743
2023-10-02,76.74417795152908,76.8402267693798,76.35997535207117,76.45602416992188,6372432
2023-10-03,76.45602811444908,76.45602811444908,75.97577667236328,75.97577667236328,6766576
2023-10-04,75.78368009878174,75.78368009878174,75.11132367351725,75.30342864990234,9445565
2023-10-05,75.59156799316406,75.78367295143126,75.30342154784557,75.59156799316406,5269348
2023-10-06,75.6876220703125,76.16787346078897,75.3034194923204,75.6876220703125,3797317
2023-10-11,76.74417795152908,76.74417795152908,75.97577275261325,76.45602416992188,9371315
2023-10-12,76.93627302621178,77.5125732421875,76.64812658225134,77.5125732421875,7767146
2023-10-13,77.22442390622864,77.32047271728516,76.74417252289146,77.32047271728516,5374944
2023-10-16,76.84022604289449,77.22442863871996,76.64812840900925,77.12837982177734,4168063
2023-10-17,76.84022759085019,77.12838137553794,76.55207380616244,76.74417877197266,6823376
2023-10-18,77.03232048043768,77.03232048043768,76.07181769475615,76.93627166748047,11871351
2023-10-19,76.4560159905971,76.74416974137738,76.1678695678711,76.1678695678711,5634463
2023-10-20,75.8797164777162,76.0718140945393,75.39946510760407,75.49551391601562,6337424
2023-10-23,75.39946899999151,75.49551781336145,75.01526641845703,75.01526641845703,5671058
2023-10-24,75.01527354267043,75.20737851570928,74.72712707519531,74.72712707519531,7256440
2023-10-25,74.91922472017872,75.11132236516214,74.72712707519531,74.72712707519531,4681830
2023-10-26,74.53501518992168,74.53501518992168,73.958714980361,74.05476379394531,6858733
2023-10-27,74.0547614311794,74.43896400131321,74.0547614311794,74.15081024169922,4073113
2023-10-30,74.34291519079338,74.7271177609272,74.0547614311794,74.15081024169922,4666961
2023-10-31,74.15081497950497,74.34291994087353,73.9587173461914,73.9587173461914,7014750
2023-11-01,73.95871444707257,74.05476325996432,73.76661682128906,73.76661682128906,4998753
2023-11-02,73.67055886104559,74.34291519079338,73.67055886104559,74.15081024169922,4257082
2023-11-03,74.82316589355469,74.82316589355469,74.3429145172521,74.82316589355469,4876607
2023-11-06,75.3034162991925,75.8797164777162,74.91921373749194,75.49551391601562,6331476
2023-11-07,75.39946899999151,75.39946899999151,74.63106383692256,75.01526641845703,4688296
2023-11-08,74.91921470320432,74.91921470320432,74.53501213655136,74.82316589355469,3591800
2023-11-09,74.91922079233062,75.49552102512216,74.72712315741846,75.2073745727539,3446222
2023-11-10,74.91922680158291,75.01527562674305,74.53502417288674,74.63107299804688,3318462
2023-11-13,74.63106246696364,74.72711860662506,74.24686722053634,74.43896484375,5908030
2023-11-14,74.53502210215646,74.91922472017872,74.24687563468134,74.72712707519531,6255129
2023-11-15,75.49552214239928,76.74417877197266,75.20737568576668,76.74417877197266,12180079
2023-11-16,77.22443048715242,77.99282836914062,77.03232552061398,77.99282836914062,10172204
2023-11-17,78.18492751997339,78.47307395626478,77.41652236708703,77.60862731933594,6163164
2023-11-20,77.70467613143308,77.8007249435302,76.93627097854672,77.60862731933594,4979511
2023-11-21,77.80072999983139,78.6651840209961,77.60863236315261,78.6651840209961,8789988
2023-11-22,78.5691415341366,78.5691415341366,77.89678509546896,78.0888900756836,3339621
2023-11-23,77.99282785229977,77.99282785229977,77.32047879400871,77.70468139648438,2603301
2023-11-24,78.28097298156463,78.66517554156354,77.99281922955187,78.37702178955078,4228481
2023-11-27,78.47307533539843,78.6651802910235,77.80072631084758,78.18492889404297,4042859
2023-11-28,78.56914044863959,78.76123809814453,78.18493782157411,78.76123809814453,6932530
2023-11-29,78.6651802910235,78.6651802910235,78.08888008025781,78.18492889404297,4307005
2023-11-30,77.89677375562734,77.99282256772447,77.51257117918416,77.60862731933594,11379708
2023-12-01,77.60862938489582,77.80072701420278,77.32047561288054,77.5125732421875,2412532
2023-12-04,77.70468139648438,77.99282785229977,77.51257643121897,77.70468139648438,3917453
2023-12-05,77.41652442753401,77.70467819954929,77.03232184086527,77.5125732421875,4092756
2023-12-06,77.70467766756558,77.8007264815615,77.22442626953125,77.22442626953125,3063995
2023-12-07,77.12838137553794,77.22443019441546,76.74417877197266,76.74417877197266,3702325
2023-12-08,76.74416878395495,76.9362663967091,76.5520638431466,76.84021759033203,4265448
2023-12-11,76.93627640972771,76.93627640972771,76.4560249872849,76.74417877197266,2254958
2023-12-12,76.74417795152908,76.8402267693798,76.26392653422046,76.45602416992188,3879449
2023-12-13,76.5520740287708,76.5520740287708,75.78367614746094,75.78367614746094,5304991
2023-12-14,76.26392970876809,76.84022996791639,75.68762944961979,76.64813232421875,4629049
2023-12-15,76.74417557548459,77.22442697792435,76.55207061767578,76.55207061767578,11018135
2023-12-18,76.55206757272386,77.32047271728516,76.55206757272386,77.32047271728516,2957872
2023-12-19,77.03232761161404,77.12838376151824,76.55207617431455,76.64813232421875,3087804
2023-12-20,76.84022759085019,77.12838137553794,76.55207380616244,76.74417877197266,4146727
2023-12-21,76.64813151271902,76.74418033355094,76.16788008050413,76.35997772216797,3391712
2023-12-22,76.16787346078897,76.16787346078897,75.59156592977348,75.6876220703125,4420539
2023-12-25,75.39947036295173,75.6876241363251,75.20737273273942,75.59156799316406,3282148
2023-12-26,75.97576850776558,75.97576850776558,75.59156592977348,75.6876220703125,4632298
2023-12-27,75.78367511691184,76.55207298777259,75.68762629906112,76.45602416992188,5581874
2023-12-28,76.26392970876809,76.64813232421875,76.07182473701508,76.64813232421875,4364712
2023-12-29,76.55207454720897,76.55207454720897,75.87972548050256,76.07182312011719,4480172
2024-01-02,75.97577430030988,76.16787926797973,75.68762784088794,76.07182312011719,3055976
2024-01-03,75.49551781336145,75.68762276815605,74.9192176050871,75.01526641845703,7019321
2024-01-04,75.0152696097867,75.30342339020999,75.0152696097867,75.2073745727539,2661257
2024-01-05,75.20737137325163,75.30342018662157,75.01526641845703,75.01526641845703,2359702
2024-01-08,75.01526641845703,75.59156662673138,75.01526641845703,75.01526641845703,3008686
2024-01-09,75.11131915930682,75.11131915930682,74.53501892089844,74.53501892089844,5374112
2024-01-10,74.5350175741871,74.63106639084388,73.9587173461914,73.9587173461914,5498542
2024-01-11,73.67055845248298,73.86266340051176,72.51795807652816,72.90216064453125,12406141
2024-01-12,72.90216590476217,73.3824173174048,72.71006094287212,72.99821472167969,5365256
2024-01-15,72.99821866269143,73.28637245705579,72.5179672241211,72.5179672241211,6785964
2024-01-16,72.13376270046969,72.32586766765189,70.40486196416106,70.69300842285156,19082776
2024-01-17,70.11670412295439,70.21275293696391,68.48385230062804,68.96410369873047,16725726
2024-01-18,68.8680482649137,68.8680482649137,68.00360160188308,68.291748046875,10903859
2024-01-19,68.09964805961117,68.77199706937382,68.0035992479386,68.3877944946289,9593320
2024-01-22,68.57989805381258,68.57989805381258,67.81149291992188,67.81149291992188,8020046
2024-01-23,67.90754545883091,68.57990181992177,67.90754545883091,68.291748046875,5734395
2024-01-24,68.29175539139995,69.4443632794909,68.29175539139995,69.25225830078125,6226870
2024-01-25,69.34830103408416,69.44435717902857,68.67595198780319,68.86804962158203,4293970
2024-01-26,68.67595179062002,70.02065720737603,68.48385415739273,69.82855224609375,5624232
2024-01-29,70.02065935785186,70.78905724241507,69.92461053828835,70.69300842285156,5860853
2024-01-30,70.69300729632475,70.78905611435766,69.15620422363281,69.15620422363281,7064600
2024-01-31,69.15620947545425,69.6364609301449,68.96411182480024,69.25225830078125,6010092
2024-02-01,69.63645156548948,70.59695434570312,69.54040275307905,70.59695434570312,4769508
2024-02-02,70.30880058041717,70.59695434570312,69.92460533077544,70.59695434570312,4129689
2024-02-05,69.54039764404297,70.02064899886639,69.34829270528112,69.54039764404297,5197498
2024-02-15,69.44434883868911,69.63644644939683,68.57989493439611,69.54039764404297,8884075
2024-02-16,69.63644785423801,70.4048529686789,69.63644785423801,70.11669921875,4544612
2024-02-19,70.69300399261067,71.46140915707412,70.69300399261067,70.8851089477539,4972006
2024-02-20,70.88511101500578,70.98115983135114,70.30880346082373,70.78905487060547,3827150
2024-02-21,70.789051970524,70.88510811098908,70.30880058041717,70.59695434570312,4292930
2024-02-22,70.59696116617177,70.59696116617177,70.11670972966719,70.30880737304688,2926698
2024-02-23,69.63645564185249,69.82855327791832,69.15620422363281,69.15620422363281,6229642
2024-02-26,68.96411182480024,69.34830712610825,68.8680556714176,69.25225830078125,4003519
2024-02-27,69.06015251274,69.06015251274,68.6759499286471,68.96410369873047,5192475
2024-02-29,68.96410576652646,69.34830103408416,68.67595198780319,68.86804962158203,9845587
2024-03-01,68.8680443539764,68.96410049157365,68.48384911580517,68.7719955444336,3688579
2024-03-04,68.29174751697484,68.38779633122687,68.00360107421875,68.00360107421875,9662435
2024-03-05,68.00360261820008,68.38779788393113,67.61940002441406,67.61940002441406,10161922
2024-03-06,67.61939765909499,68.1956978655876,67.61939765909499,67.71544647216797,5815940
2024-03-07,67.52334985026924,67.61939866477073,66.94704230715074,67.04309844970703,10719490
2024-03-08,66.75494934738092,66.85099816860061,65.89049530029297,65.89049530029297,15921025
2024-03-11,65.31418831493475,66.56284484629505,65.12209069228913,66.17864227294922,10193686
2024-03-12,66.27469716369289,66.85099741254874,66.27469716369289,66.56285095214844,6311742
2024-03-13,66.56284878455136,66.56284878455136,65.4102409963187,65.69839477539062,8935632
2024-03-14,65.79444573497048,66.56285095214844,65.69839691483705,66.56285095214844,7257536
2024-03-15,66.6589005261612,66.6589005261612,65.89049530029297,65.89049530029297,10333425
2024-03-18,66.08259737146817,66.1786461884738,65.50628981332434,65.69839477539062,4969244
2024-03-19,65.31419848262827,65.31419848262827,65.12210083007812,65.12210083007812,7730243
2024-03-20,65.12209338522801,65.12209338522801,63.87343680223309,64.16159057617188,14910821
2024-03-21,63.96948695633027,65.21814356545805,63.77738932172063,64.7378921508789,11231491
2024-03-22,64.7378937075872,64.7378937075872,64.06553731417569,64.35369110107422,6697596
2024-03-25,64.25764673749102,65.31419848262827,64.16159791121595,65.12210083007812,4599950
2024-03-26,65.21814548611464,66.65889977228187,65.1220966659812,66.56285095214844,10158477
2024-03-27,66.46679795338657,66.46679795338657,65.79444885253906,65.79444885253906,4920805
2024-03-28,65.79444276458344,65.8904915803806,65.31419135754268,65.41024017333984,4279439
2024-03-29,65.79444257665968,66.56284775695212,65.60234494561402,66.37074279785156,4947000
2024-04-01,66.65889337409476,68.48385009368434,66.65889337409476,68.09964752197266,13064844
2024-04-02,68.09964988847078,68.19569870272281,67.13914708984088,68.00360107421875,5428670
2024-04-03,67.52335275857975,67.90754803313341,67.04310133733254,67.23519897460938,6532831
2024-04-08,67.13914861419529,67.81149765727959,66.65889720397652,67.61940002441406,7011807
2024-04-09,68.0036000787033,68.8680467223716,67.90754393780266,68.67594909667969,7595488
2024-04-10,68.96410658756697,69.54040682381957,68.67595280541315,69.15620422363281,7521289
2024-04-11,68.77199652642719,68.96410147631029,67.90754257208954,68.09964752197266,6240179
2024-04-12,67.3312469704725,67.42729578793721,66.85099555509387,66.9470443725586,9627241
2024-04-15,66.9470467456741,67.61940314787067,66.75494910393526,66.85099792480469,8084046
2024-04-16,66.75494020125446,66.75494020125446,65.3141860961914,65.3141860961914,9773557
2024-04-17,65.31419848262827,65.50629613517843,64.92999584947226,65.12210083007812,7237806
2024-04-18,64.92998876629909,65.6023451329891,64.5457861750555,65.41024017333984,9049872
2024-04-19,64.92998895728147,65.60234532594912,64.16159110058908,64.44973754882812,12801661
2024-04-22,65.21814367402855,67.13914933554307,64.92998989357936,66.9470443725586,10966830
2024-04-23,66.94704301904345,67.04309916262117,66.17864516680591,66.37074279785156,5939120
2024-04-24,66.65889604179924,67.0430986288868,65.9865396823823,66.08259582519531,4811997
2024-04-25,65.79444754252039,65.79444754252039,64.83394465868797,65.21814727783203,7362141
2024-04-26,65.02603912353516,65.79444432423733,64.92999030546116,65.02603912353516,6558251
2024-04-29,65.4102431263815,66.65889977228187,65.4102431263815,66.56285095214844,7425698
2024-04-30,66.27470030401746,66.37074912870202,65.79444885253906,65.79444885253906,5978393
2024-05-02,65.79444205286593,66.17864463995349,65.3141906510202,66.08259582519531,4027331
2024-05-03,66.27468969142619,66.94703868461019,65.50628456088354,65.60234069824219,8731013
2024-05-06,65.69839610831653,66.46679398800632,65.69839610831653,66.27469635009766,8476522
2024-05-07,66.27468969142619,66.37073850073041,65.41023575157931,65.60234069824219,6759864
2024-05-08,65.60234069824219,65.98653593545909,65.41023575157931,65.60234069824219,4920988
2024-05-09,65.50629054196025,65.50629054196025,65.02603912353516,65.02603912353516,5975007
2024-05-10,65.21814622369975,65.98654412151267,65.02604125320502,65.89049530029297,3679478
2024-05-13,65.98653411865234,66.46678548000514,65.6983876986732,65.98653411865234,5121878
2024-05-14,65.98654122640752,66.27469500547944,65.50628981332434,65.69839477539062,4934460
2024-05-15,66.08259654002985,66.27469417162419,65.41024017333984,65.41024017333984,6979448
2024-05-16,66.08259737146817,66.08259737146817,65.31419217931307,65.69839477539062,8588429
2024-05-17,65.21813813297086,65.89048712615487,65.21813813297086,65.60234069824219,5603300
2024-05-20,65.8904915803806,65.98654039617777,65.31419135754268,65.41024017333984,6070604
2024-05-21,65.41024120006769,65.5062900173725,64.3536895536046,64.7378921508789,10209655
2024-05-22,64.73788978483839,64.92998741242724,64.35368720160591,64.83393859863281,7588757
2024-05-23,64.35369110107422,64.64184488797275,64.16159346184534,64.35369110107422,7461519
2024-05-24,64.3536921549805,64.3536921549805,63.48923810818313,63.68134307861328,9383528
2024-05-27,63.58528600140611,63.87343978881836,62.81688811506549,63.87343978881836,11280171
2024-05-28,63.77738850821541,64.7378913251221,63.68133969213573,64.44973754882812,9922663
2024-05-29,64.35368506112576,64.35368506112576,63.48923110961914,63.48923110961914,7286034
2024-05-30,63.20108857315473,63.297137389674326,62.91293479554095,63.00898361206055,8316290
2024-05-31,63.58528330892613,63.68133945269959,62.7208366394043,62.7208366394043,20813276
2024-06-03,62.91293582621345,63.105033462399696,62.04848180726515,62.33663558959961,9621829
2024-06-04,61.95243012681383,62.14452775412469,61.08797614780548,61.18402862548828,13680729
2024-06-05,61.18402716902378,61.18402716902378,60.127471923828125,60.127471923828125,14031465
2024-06-06,60.12747283928582,60.51167541866607,59.64722144707419,59.93537521362305,11352923
2024-06-07,59.64722212535275,60.51167610677477,59.16697072767993,60.22352600097656,13704389
2024-06-11,60.03142178543215,60.12747059467796,59.070919036865234,59.070919036865234,20664029
2024-06-12,58.78277138055859,58.974872671036465,58.20646750912499,58.49462127685547,13260894
2024-06-13,58.49462043840483,58.97487182570199,58.20646667480469,58.20646667480469,13333492
2024-06-14,58.302525224412705,58.87882548359511,57.72622130120261,58.590675354003906,13568297
2024-06-17,58.59067094884383,58.59067094884383,57.822269439697266,57.822269439697266,12912947
2024-06-18,57.91831893151124,58.302521522590325,57.43806752467611,58.11042022705078,19990541
2024-06-19,58.11042032241821,58.20646913833188,57.63016891479492,57.63016891479492,16456218
2024-06-20,57.82227011575519,58.20646904280682,57.63016882021565,58.11042022705078,17602607
2024-06-21,58.59067094884383,59.1669711646969,57.822269439697266,57.822269439697266,49293035
2024-06-24,58.01437160331451,58.110420419388454,57.14991760253906,57.14991760253906,25952567
2024-06-25,57.438066430686305,57.438066430686305,55.997312237622126,56.09336471557617,26841394
2024-06-26,56.09336956781989,56.28546721229022,54.748664072361336,54.940765380859375,30890348
2024-06-27,54.556559743397216,55.32496127081993,54.17236081169961,54.748661041259766,24714037
2024-06-28,54.844713546649004,56.09337023471775,54.74866472327191,55.22891616821289,14057865
2024-07-01,55.709166950823814,55.709166950823814,54.748664072361336,54.940765380859375,7680299
2024-07-02,54.74865977200531,54.74865977200531,53.59605567557866,53.692108154296875,18152511
2024-07-03,53.7881583154729,54.36445854609911,53.5000082001598,54.268409729003906,7672293
2024-07-04,54.652609784803616,55.613112567214735,54.652609784803616,55.32495880126953,10696203
2024-07-05,55.709160686035695,55.709160686035695,54.94075920248204,55.036808013916016,5574806
2024-07-08,55.13285966305331,56.09336241910631,55.03680718903166,55.70915985107422,9884934
2024-07-09,55.80521268346255,55.90126516440758,54.65261222434224,54.748661041259766,8909885
2024-07-10,54.748661142534914,54.748661142534914,54.076308430786,54.268409729003906,7413737
2024-07-11,54.748661041259766,54.748661041259766,54.076308330754586,54.748661041259766,10442432
2024-07-12,54.65261435528171,56.285466290710566,54.36446056523884,55.61311721801758,17997898
2024-07-15,55.997310784364906,55.997310784364906,54.94075920248204,55.036808013916016,11830843
2024-07-16,55.228915511592575,55.228915511592575,54.748664072361336,54.940765380859375,7705147
2024-07-17,55.22891326063701,58.11042177858329,55.13286444231649,57.726219177246094,32001276
2024-07-18,58.110420899772905,59.26302502232596,57.72621830424605,58.3985710144043,32886294
2024-07-19,58.3985718975724,58.782774498909596,57.43806905825698,57.726219177246094,19012186
2024-07-22,57.72621696103681,57.9183182543303,56.765714158596744,57.822269439697266,16441321
2024-07-23,58.31063588125807,58.505982137785686,57.13856206801229,57.43157958984375,14015176
2024-07-26,57.43157958984375,57.82227210289899,56.84554454618083,57.43157958984375,9320746
2024-07-29,57.62692584637137,57.82227210289899,57.13856206801229,57.43157958984375,7928622
2024-07-30,57.529252080921246,57.529252080921246,56.25950333163331,56.55252456665039,7364181
2024-07-31,56.45484957967144,56.845542075747694,56.161832070574135,56.55252456665039,7569627
2024-08-01,56.943214995052486,57.333907502506115,56.25950496996859,57.1385612487793,8691725
2024-08-02,56.45484781166547,56.65019405358591,55.771137827903786,55.96648406982422,9662792
2024-08-05,54.794414732509466,54.794414732509466,52.352595827746654,53.5246696472168,26461708
2024-08-06,53.72001324916213,54.50139451487508,51.86422948291408,53.91535949707031,15546577
2024-08-07,53.23164891329679,54.208376416293056,53.23164891329679,53.72001266479492,8582489
2024-08-08,53.03630161073162,53.133976594636856,51.9619028692117,52.059574127197266,16230280
2024-08-09,52.352595827746654,53.91536216234683,52.352595827746654,53.5246696472168,13844058
2024-08-12,52.93863238219206,53.32932115503139,52.54793988343294,52.7432861328125,8923906
2024-08-13,52.64561528564281,52.64561528564281,51.47354150605569,51.57121276855469,15697002
2024-08-14,51.571210721195655,52.84095571287334,51.571210721195655,52.157249450683594,15254388
2024-08-15,52.64561443592455,52.64561443592455,51.278194427490234,51.278194427490234,11312450
2024-08-16,51.86422919368738,52.059575440506194,51.082847932331894,51.18052291870117,13115080
2024-08-19,51.37586484965742,51.47353983490511,50.88750110117809,50.98517608642578,7785905
2024-08-20,51.27819214342081,51.37586339999282,50.008447178386696,50.49681091308594,16597435
2024-08-21,50.4968117536373,50.98517549646567,50.10611926900674,50.78982925415039,8489584
2024-08-22,50.78983008988025,51.66888633180376,50.39913759882097,51.082847595214844,8612334
2024-08-23,50.88750409018851,51.08285034623835,50.10612279190905,50.692161560058594,7978763
2024-08-26,50.59448384435061,51.37586510054944,50.49681258454566,51.082847595214844,8524481
2024-08-27,50.78983282512355,50.88750409018851,50.20379778289394,50.692161560058594,6054806
2024-08-28,50.49681091308594,50.69215715214956,50.1061184349587,50.49681091308594,7291536
2024-08-29,50.30146789550781,50.69216039865639,50.10612164393352,50.30146789550781,4609990
2024-08-30,50.399139404296875,50.98517816187978,50.2037968776891,50.399139404296875,10964090
2024-09-02,50.692161426347525,50.692161426347525,49.32474136352539,49.32474136352539,11161075
2024-09-03,49.32473936157134,49.42241062241446,48.641029357910156,48.641029357910156,14705298
2024-09-04,47.22477342220249,47.22477342220249,45.906192779541016,45.906192779541016,28243808
2024-09-05,46.1503762513466,46.492229399877516,45.124813079833984,45.124813079833984,16943387
2024-09-06,45.12481320229441,45.662012605409366,44.53877444132546,45.173648834228516,15097824
2024-09-09,44.05041098013171,44.148085970607156,43.61088656371188,43.95273971557617,17464291
2024-09-10,43.952741338932825,44.050412607095765,43.12252438178767,43.17136001586914,16455914
2024-09-11,43.17135678581701,43.95273805041827,43.122521155389386,43.366703033447266,11568708
2024-09-12,44.2457572351627,44.343432225638146,43.36670467640312,43.95273971557617,13085719
2024-09-13,44.00157327850748,46.2968851468157,43.85506638856423,45.857357025146484,19815552
2024-09-16,46.101538767872576,48.10382939867405,45.417828772352145,47.12710189819336,26182142
2024-09-18,47.175937528033444,48.543357519074306,46.78524876339301,47.12710189819336,19571961
2024-09-19,47.07826709842996,47.61546648798221,46.24804647283122,47.42012023925781,16015943
2024-09-20,47.56662762944873,48.348008845402646,47.27361013920596,47.61546325683594,15470496
2024-09-23,47.95731637446592,48.29917321801544,47.37128139398037,47.61546325683594,8673852
2024-09-24,47.5666307330776,47.5666307330776,46.7852494661401,47.37128448486328,10469409
2024-09-25,48.103828448384654,49.42240905761719,47.85964657808829,49.42240905761719,24363551
2024-09-26,49.81310008197411,49.91077133686507,48.83637262938639,48.934043884277344,10182032
2024-09-27,49.22707081033367,52.450271032528384,49.03172455197521,52.25492477416992,32720001
2024-09-30,51.961907249592215,53.42699859840072,50.985179683719885,52.25492477416992,36901435
2024-10-01,52.254919519964254,52.45026575868075,51.47353829101787,51.76655578613281,13472484
2024-10-04,51.76655578613281,53.81768197785703,51.571209547416316,51.76655578613281,21184436
2024-10-07,51.86422859813674,52.15724982796011,50.1061198487951,50.98517608642578,16527108
2024-10-08,50.49681600607588,50.88750479768746,49.42241344582406,49.617759704589844,13039958
2024-10-09,49.91077364765987,50.00844863299258,48.25033988212075,48.396846771240234,12458863
2024-10-11,48.78753938629952,49.22706750662866,48.29917563613821,48.445682525634766,7733542
2024-10-14,48.445683690296136,49.22706869007496,47.32244927347376,48.83637619018555,13044986
2024-10-15,49.03172152795511,49.03172152795511,47.22477340698242,47.22477340698242,16756242
2024-10-16,46.88291918609716,47.32244729865075,46.49222670251182,46.834083557128906,19318992
2024-10-17,46.88292048169221,48.05499423891847,46.8340848513744,47.27361297607422,9235307
2024-10-18,47.615465522458,47.90848302664303,46.980591158457344,47.07826614379883,8477259
2024-10-21,47.46895615608802,47.51779551300336,46.19921112060547,46.19921112060547,11318112
2024-10-22,46.39455568375588,46.39455568375588,45.32015693723678,45.61317443847656,13608917
2024-10-23,45.66201248149108,46.05270498774345,45.124813079833984,45.124813079833984,9599022
2024-10-24,45.22248434343714,45.759683745094236,44.73412057358162,45.124813079833984,11764545
2024-10-25,45.22248609390644,45.90619614335316,45.22248609390644,45.75968551635742,7670729
2024-10-28,45.90619333200336,47.76197710600546,45.61317582187666,47.42012023925781,17189394
2024-10-29,47.32244657148532,47.51779281027627,46.05270160822359,46.589900970458984,11856501
2024-10-30,46.785249870311134,46.83408550130665,46.15037548960995,46.19921112060547,8568578
2024-11-01,45.662011149769235,46.15037490538174,45.075976133402136,46.00386428833008,13066316
2024-11-04,46.00386345011021,46.19920969397983,45.46666407390852,45.710845947265625,5880715
2024-11-05,45.564340221901894,46.19921087328457,45.36899397304576,46.101539611816406,7875755
2024-11-06,45.85735773222619,46.63873900173092,45.71084711410415,46.101539611816406,8693677
2024-11-07,46.49222519733251,48.29917321801544,46.4433895699453,47.61546325683594,19310796
2024-11-08,47.761974677285046,48.1038278007295,46.49222598810371,46.589900970458984,12633730
2024-11-11,45.613177677570164,46.1015414562895,44.782957018195326,45.41783142089844,13315559
2024-11-12,44.83179600025566,45.07597788756441,43.95273971557617,43.95273971557617,17302391
2024-11-13,43.80622469597964,44.148081539451574,43.36670032367499,43.757389068603516,13773148
2024-11-14,43.56204621801652,43.659721206277794,42.194629915637066,42.292301177978516,20930774
2024-11-15,42.341135956920894,44.29459097179004,42.341135956920894,43.31786346435547,15396209
2024-11-18,44.4411015206195,46.101539025914505,44.24575527424601,45.906192779541016,33183419
2024-11-19,46.19921055886051,46.248046189262226,44.34343052215688,44.68528366088867,20293199
2024-11-20,44.24575424194336,44.24575424194336,44.24575424194336,44.24575424194336,9813177
2024-11-21,43.952737110258596,43.952737110258596,43.02484524830253,43.07368087768555,15455826
2024-11-22,43.36670172694853,43.51320861381762,42.780663001713215,42.92717361450195,13127993
2024-11-25,43.26902674311615,43.31786237207251,42.780663001713215,42.92717361450195,20102131
2024-11-26,43.02484836330774,44.00157592536204,42.53648458228059,42.82950210571289,11956986
2024-11-27,43.02484682329888,43.02484682329888,42.292301177978516,42.292301177978516,11505314
2024-11-28,42.58531699977319,42.6829919841556,41.41324699454175,41.70626449584961,12907156
2024-11-29,41.51091815292259,41.51091815292259,40.29000879548369,40.38768005371094,30605164
2024-12-02,40.48535849757922,41.12022918214923,39.85048408708923,40.24117660522461,21685756
2024-12-03,40.53419196268825,41.02255572127485,40.29001008339494,40.82720947265625,14207478
2024-12-04,41.16906524114395,41.26673649988823,40.09466276535836,40.436519622802734,14197551
2024-12-05,40.436516959389046,40.53418821170006,39.55746078491211,39.55746078491211,13028827
2024-12-06,39.45979237845788,39.75280988244292,39.069099889198014,39.21561050415039,17645196
2024-12-09,39.85048126837645,40.338845018542635,38.87375376804409,39.26444625854492,22087230
2024-12-10,39.801647063465786,40.92488521942847,39.45979391647881,39.752811431884766,21246134
2024-12-11,39.801645040512085,39.801645040512085,38.971428168071725,39.06909942626953,15786489
2024-12-12,39.11793555948283,39.21561054485905,37.94586181640625,37.94586181640625,27981068
2024-12-13,37.799356382583746,37.799356382583746,37.11564636230469,37.11564636230469,20633479
2024-12-16,36.871461868140614,37.506336211867165,36.13891626811133,36.23658752441406,26031860
2024-12-17,36.48076853220629,37.11564286098569,35.94356918334961,35.94356918334961,23520340
2024-12-18,36.138915570103734,37.750517349408604,35.943569335351704,37.26215362548828,35309995
2024-12-19,36.92030080439092,37.7993570935583,36.57844765078135,37.35982894897461,28350224
2024-12-20,37.213317810700524,37.3109928003235,35.74822649963484,35.84590148925781,30331638
2024-12-23,36.09008488767693,36.9691374756227,36.09008488767693,36.38310241699219,18949611
2024-12-24,36.578445683558044,37.21331632410615,36.48077069783698,36.676116943359375,15495208
2024-12-25,37.21331594363429,37.35982655775808,36.33426343665062,36.52960968017578,12885521
2024-12-26,36.67611899764133,37.017975877933345,36.0412483215332,36.0412483215332,10904571
2024-12-27,36.138919830322266,36.18775546328736,35.406374158086,36.138919830322266,15332455
2024-12-30,36.13891547834369,36.13891547834369,34.673824310302734,34.673824310302734,18864999
2024-12-31,34.77149556447099,35.16218803298305,34.28313184179067,34.673824310302734,20174734
2025-01-02,34.4784802096402,34.624990825878456,33.89244519652667,34.087791442871094,20592141
2025-01-03,34.38080775378899,35.16218898607337,33.69709777832031,33.69709777832031,18199398
2025-01-06,33.89244518214516,35.84590019292102,33.648263305798174,35.4063720703125,27879488
2025-01-07,35.40637098621796,35.40637098621796,33.745933532714844,33.745933532714844,22191063
2025-01-08,33.697098007775786,33.697098007775786,32.232006790046405,32.47618865966797,29986295
2025-01-09,32.03666078435708,32.23200702667236,31.255279541015625,31.255279541015625,32452964
2025-01-10,31.059933654154083,31.69480801746441,30.62040739835446,30.718080520629883,35658992
2025-01-13,30.962262986943088,31.841315515352836,30.522734859778325,31.59713363647461,40014854
2025-01-14,31.645972793585248,34.42964470488924,31.645972793585248,34.136627197265625,58288137
2025-01-15,33.99011447799091,35.748223140902255,33.74593261575546,34.722660064697266,70071764
2025-01-16,34.67382788043576,35.650555426363525,34.08779284324706,34.57615661621094,50061293
2025-01-17,34.57615413650126,36.920297843060226,34.03895104403185,36.33426284790039,50040206
2025-01-20,35.79706643243317,36.62728336500531,35.1621920304051,36.0412483215332,40858798
2025-01-21,35.748224484668754,36.18775259839822,35.16218948364258,35.16218948364258,26477493
2025-01-22,35.16219019396552,35.5040433304834,34.6249908111861,35.4063720703125,19802469
2025-02-03,35.2110244826432,36.28542693319107,33.5017514133312,33.64826202392578,41983300
2025-02-04,33.74593582245913,34.08779269762539,33.01339016614271,33.208736419677734,19966181
2025-02-05,33.306407560453366,34.136628203430455,33.013390044193166,33.1599006652832,19861698
2025-02-06,33.11106278558694,33.794769035136,32.96455217444378,33.69709777832031,11162982
2025-02-07,33.55058813087708,33.697098746228576,32.5738606309864,32.72037124633789,20835430
2025-02-10,32.67153574073991,33.55058825843173,32.67153574073991,32.76920700073242,19164816
2025-02-11,32.96455453423893,33.697100190555346,32.96455453423893,33.208736419677734,15908653
2025-02-12,33.40408348762271,35.650556143246,33.306408495513885,34.82033920288086,44948890
2025-02-13,34.96684357738033,36.62728106413856,34.57615481491468,36.57844543457031,48227945
2025-02-14,36.72495125805189,37.555171840309946,36.09008064024001,37.5063362121582,46376042
2025-02-17,37.75051728674362,38.77608036008998,37.01797170207915,38.531898498535156,52266108
2025-02-18,38.53190300995045,38.53190300995045,37.11564730192967,37.45750045776367,38190853
2025-02-19,37.40866289202621,38.67840790998516,37.40866289202621,38.09237289428711,25629074
2025-02-20,38.28771867634343,38.58073618063265,37.60400868238878,37.94586181640625,15436276
2025-02-21,38.09236968113706,38.48306214259342,37.60400596727632,38.287715911865234,16637596
2025-02-24,38.092374862317776,38.824920532746965,37.79935733933009,38.776084899902344,19852110
2025-02-25,38.67840788953342,39.850481646229525,38.48306536835053,39.410953521728516,43597446
2025-02-26,39.45979481363782,39.6551373444032,38.28772099944582,38.72724914550781,26413207
2025-02-27,38.385389809527126,38.97142854209744,37.55517292911882,37.89702606201172,51707077
2025-03-03,37.21331704099782,37.70168080125197,36.52961075737787,36.9202995300293,27247684
2025-03-04,36.38309885285359,36.92029822496011,36.04124572312753,36.480770111083984,20343161
2025-03-05,36.77379248495026,38.580736900026636,36.72495312839161,38.19004440307617,35194194
2025-03-06,38.28772182715869,38.38539309465286,37.60401177693942,37.701683044433594,20960574
2025-03-07,37.7016794438253,38.1900431864962,37.310990685240384,37.750518798828125,15392608
2025-03-10,37.99470175724043,38.67840803580565,37.45749864419664,38.14120864868164,20839354
2025-03-11,37.50633787858906,38.14120852460865,36.13891787406726,38.09237289428711,29370530
2025-03-12,37.99469934088581,38.04353496826041,37.115643144464876,37.31098937988281,25008504
2025-03-13,37.50634062627405,37.652847527971666,36.285431149193776,36.38310241699219,17943234
2025-03-14,36.82263043605603,39.11793875400498,36.82263043605603,39.020267486572266,54651099
2025-03-17,39.26444330205961,40.04582449830609,38.58073335812416,39.55746078491211,37276860
2025-03-18,39.850482818011,40.5830284717462,39.3132834171225,39.8016471862793,29694498
2025-03-19,39.70397425276536,39.89931677147558,39.02026425952046,39.21561050415039,17676111
2025-03-20,39.21560852044362,40.583024711843485,39.21560852044362,39.85047912597656,19707930
2025-03-21,39.55746428813205,39.60629991861246,38.092373018201236,38.14120864868164,40682273
2025-03-24,38.33655379966533,38.483064412834466,37.60400818565899,37.750518798828125,18480184
2025-03-25,38.09237461464078,38.58073839175156,37.310993316447515,37.35982894897461,15844968
2025-03-26,37.604011656448456,37.8481935503215,37.2621584953942,37.65284729003906,9270504
2025-03-27,37.310991509699214,38.04353713989258,36.92029901656152,38.04353713989258,15003696
2025-03-28,37.79935493219566,37.84819056193034,36.52960992949549,36.627281188964844,23800248
2025-03-31,36.13891866877483,36.57844680317362,35.4552086514789,35.748226165771484,22528692
2025-04-01,35.9924040467386,37.310988303324,35.9924040467386,36.96913146972656,13366122
2025-04-02,37.115643144464876,37.31098937988281,36.285426301338084,37.31098937988281,11500081
2025-04-07,33.59942626953125,33.59942626953125,33.59942626953125,33.59942626953125,5501245
2025-04-08,33.013389310504095,34.62499120299879,32.91571804922796,34.23429870605469,32518037
2025-04-09,33.74593486356912,34.13662735953764,30.81575232156451,30.91342544555664,34068874
2025-04-10,33.990116119384766,33.990116119384766,33.59942735649327,33.990116119384766,8528762
2025-04-11,33.55058800095209,34.478479867438914,32.964552993655,33.990116119384766,19506912
2025-04-14,33.990117645326656,35.11335580664539,33.64826449670958,34.52731704711914,18095482
2025-04-15,34.72265917282569,35.69938659667969,34.62498792080807,35.69938659667969,14174051
2025-04-16,35.45520638595589,35.60171699670035,34.234297049484134,34.96684265136719,14839128
2025-04-17,35.0645167788148,35.16218803298305,34.23429621470654,34.673824310302734,10168006
2025-04-18,34.7714992674601,34.82033862566489,34.38081048326117,34.62499237060547,5545658
2025-04-21,34.86917568566481,34.86917568566481,33.79477310180664,33.79477310180664,7778450
2025-04-22,33.59943077204901,33.99011957465604,33.20873824352189,33.84361267089844,7083820
2025-04-23,34.33197542009667,35.01568173525856,34.28313606108227,34.82033920288086,9774923
2025-04-24,34.77149912418483,34.820338482188376,33.257572174072266,33.257572174072266,20754577
2025-04-25,33.74593607067352,33.99011795790838,33.3064079284668,33.3064079284668,13350187
2025-04-28,33.404082212245605,33.5505891059352,32.91571844810728,33.062225341796875,10365013
2025-04-29,33.208734166383735,33.892444144404976,32.9157166689231,33.745933532714844,9096346
2025-04-30,33.64826455865156,33.64826455865156,33.111065155870165,33.208736419677734,7606647
2025-05-02,33.55058800095209,34.03895174900624,33.111063608439125,33.990116119384766,11504591
2025-05-05,34.03895162668373,35.50404286558122,33.99011599723776,35.25986099243164,27152215
2025-05-06,35.455207575745476,36.0412463124697,34.82033693502723,35.35753631591797,17754701
2025-05-07,35.65055523593175,36.285429627761495,35.30870208705104,35.84590148925781,20179066
2025-05-08,35.4063742518539,35.50404551804275,34.771499843866465,34.82033920288086,15554296
2025-05-09,34.966844192560394,35.55288293544876,34.57615542322126,35.50404357910156,11778643
2025-05-12,35.84590148925781,36.383100891464586,35.74822649963484,35.84590148925781,10137327
2025-05-13,36.23658822749712,36.23658822749712,34.9668432413273,35.16218948364258,15583073
2025-05-14,35.406373919505135,36.33426584326926,35.357538286869115,36.0412483215332,15994376
2025-05-15,36.04124774258388,36.09008337443543,35.601719604080195,35.84590148925781,7114826
2025-05-16,35.943573572541936,36.334266088102595,35.69939168179651,36.138919830322266,9454179
2025-05-19,36.285426152629924,36.383097406978834,35.55288056725451,35.99240493774414,8843817
2025-05-20,36.18775521944126,36.23659085207728,35.74822707387721,36.0412483215332,5692087
2025-05-21,36.13891554518703,36.23658679953594,35.60171619442897,35.99240493774414,7491757
2025-05-22,35.748224484668754,35.748224484668754,35.113353854543675,35.16218948364258,8918865
2025-05-23,35.162190440189846,35.74822545715843,35.162190440189846,35.50404357910156,6776791
2025-05-26,35.6505533533306,35.99240648415905,35.11335397949175,35.21102523803711,9264666
2025-05-27,35.211023660067184,35.79706236283528,34.673824310302734,34.673824310302734,11649305
2025-05-28,35.064521094272955,35.21102799355623,34.52731795247437,34.82033920288086,8998057
2025-05-29,35.06451834247976,35.06451834247976,33.8924446105957,33.8924446105957,17711249
2025-06-02,33.69709787720145,33.69709787720145,32.18317103659807,32.42735290527344,22526924
2025-06-03,32.72037078172816,33.15989889562187,32.427353281105574,32.57386016845703,8601450
2025-06-04,32.81804296780113,33.30640672461912,32.769207337303285,32.86688232421875,9295764
2025-06-05,32.866884078543386,33.64826538597574,32.57386282807627,33.50175476074219,8840359
2025-06-06,33.50175375623995,34.576156281924995,33.30640750375904,34.47848129272461,10639630
2025-06-09,34.77149880848604,34.77149880848604,33.94128189284202,34.47848129272461,6067175
2025-06-10,34.23429692583403,35.65055249620985,34.23429692583403,34.918006896972656,14589180
2025-06-11,35.06452190971519,35.30870380678586,34.57615811557387,35.11335754394531,6098863
2025-06-12,35.11335480976243,35.84590044393305,35.06451917933501,35.50404357910156,10349370
2025-06-13,35.7970659796158,36.04124786562704,34.91800969960738,35.894737243652344,19017994
2025-06-16,36.138917439778645,37.45749807221349,35.21102557114092,36.627281188964844,35071589
2025-06-17,36.67611634122659,36.72495197032549,35.06451822544477,35.16218948364258,23830738
2025-06-18,35.406370024140436,35.504041278666804,34.57615318290771,34.722660064697266,12554401
2025-06-19,34.673824990125034,34.869171228211066,33.59942626953125,33.59942626953125,14953957
2025-06-20,33.64826129904001,34.18546064978124,33.35524381008293,33.40407943725586,35444140
2025-06-23,33.69709849186081,33.99011599443218,32.76920662878505,33.941280364990234,15602614
2025-06-24,33.794767281003885,34.52731284685731,33.550585425719404,34.38080596923828,15023427
2025-06-25,34.4784805851648,34.77149809491299,34.03895245758263,34.23429870605469,8839047
2025-06-26,34.28313184179067,35.45520552140734,34.28313184179067,34.673824310302734,15433087
2025-06-27,34.918009304831216,35.162191188081785,34.038953034761235,34.42964553833008,13572319
2025-06-30,34.18546248910047,34.380808734222136,33.55058812393501,34.0389518737793,11742017
2025-07-01,34.03895396403856,35.162192148023976,34.03895396403856,34.77149963378906,12397760
2025-07-02,34.52731512759783,35.21102511274148,34.52731512759783,35.16218948364258,7364013
2025-07-03,35.064519056733914,35.699389701910135,35.064519056733914,35.45520782470703,10246955
2025-07-04,35.45520782470703,35.699389701910135,35.21102594750393,35.45520782470703,5297052
2025-07-07,35.30869776450318,35.35753339037619,34.18545973982682,34.38080596923828,10403247
2025-07-08,34.57615815403806,34.86917568566481,33.74593746752219,33.79477310180664,8293320
2025-07-09,33.74593255338586,33.892443160824165,33.40407943725586,33.40407943725586,8416459
2025-07-10,33.745933406728156,33.990115274687,33.404080281953625,33.69709777832031,5721054
2025-07-11,33.306407683485304,33.501753937020325,32.62270138499255,33.208736419677734,13131830
2025-07-14,33.40408360382617,35.162192482781236,33.40408360382617,34.86917495727539,25771438
2025-07-15,35.41400433697645,36.850377296622796,35.26541259745117,35.612125396728516,39899145
2025-07-16,35.661654470771126,36.00836348881011,34.96823265584826,35.06729507446289,20833731
2025-07-17,35.364474141611396,37.54379818726421,35.2158824057632,37.395206451416016,46356769
2025-07-18,37.64285663020452,39.07922954686286,37.49426489512632,38.43533706665039,57726932
2025-07-21,38.13815881731445,39.1287603450369,38.088629496697315,38.534400939941406,29810506
2025-07-22,38.732515104431045,39.4259368737851,38.138155747181656,38.583927154541016,29116354
2025-07-23,38.633459126610845,40.02030276064252,38.43533806762847,39.822181701660156,34083461
2025-07-24,40.21841852624216,40.21841852624216,38.28674866573,38.93063735961914,37132477
2025-07-25,38.93063664758559,39.37640806064484,38.48486523452633,38.881107330322266,19990045
2025-07-28,38.93063670253966,40.515601309116036,38.385806654184684,39.673587799072266,42130631
2025-07-29,39.772651345819796,39.772651345819796,38.38580774790592,38.43533706665039,26692854
2025-07-30,38.682985668202505,42.24915313720703,38.682985668202505,42.24915313720703,64209578
2025-07-31,42.74445385966505,42.79398317614193,41.55573136999688,42.24915313720703,73565264
2025-08-04,39.1782858857352,39.1782858857352,36.70178230536199,37.4942626953125,64074156
2025-08-05,37.890506705870955,38.03909843978483,36.89990522336453,37.098026275634766,32940583
2025-08-06,37.098024707894474,38.73251481765065,36.94943298026,38.03909683227539,38863893
2025-08-07,38.03909776383756,38.58392781376562,37.69238498381446,37.84097671508789,18567827
2025-08-08,37.791449513759126,37.890508154258434,37.048498373479546,37.197086334228516,18479942
2025-08-11,36.6027246727893,38.13815617876276,36.05789462600448,38.088626861572266,27669422
2025-08-12,38.63345958347542,40.46607089833307,38.43533852215015,39.326881408691406,50809191
2025-08-13,39.52500051418382,40.36701025959452,38.78204940511153,38.93063735961914,31769643
2025-08-14,39.32687946266226,39.82218020204379,38.881108041449934,38.93063735961914,19482112
2025-08-15,39.12875726088038,39.624057985701654,38.13815581123784,39.376407623291016,20629950
2025-08-18,39.52500107247006,40.56513188409405,39.376409337018856,40.020301818847656,28491895
2025-08-19,40.4165380974572,40.71371777443258,38.782047984670264,38.83157730102539,22542216
2025-08-20,38.68298886264713,39.27735204598609,37.74191665649414,37.74191665649414,24323913
2025-08-21,38.18768518955964,40.81278054688532,38.13815587276653,40.168888092041016,50645680
2025-08-22,40.51560108682858,40.76325145098073,39.92123794555664,39.92123794555664,23632271
2025-08-25,40.416538169401974,40.515600581133185,39.5249991368888,39.62405776977539,17915304
2025-08-26,39.92124058323001,40.76325414428756,39.57453156204714,40.36701202392578,43826960
2025-08-27,40.06982917545429,40.56512989757648,39.62405776977539,39.62405776977539,22230786
2025-08-28,39.822181162663526,39.822181162663526,38.68298792306766,38.73251724243164,19012309
2025-08-29,38.8315775165357,39.22781582842042,38.187685063811664,38.583927154541016,18947981
2025-09-01,38.187686694083254,38.53439948298412,37.74191526769345,38.43533706665039,17720143
2025-09-02,38.53440017638385,38.88110919267871,37.64285730756155,37.692386627197266,15670167
2025-09-03,37.69238614426758,38.03909893496508,37.34567713241489,37.395206451416016,12623564
2025-09-04,37.74191501031986,38.286748849328006,37.44473532103481,37.890506744384766,9410321
2025-09-05,37.890507917868554,38.336279355024224,37.048498142342766,37.44473648071289,15171919
2025-09-08,37.64285495731639,38.13815568043897,37.44473391229843,37.791446685791016,8464637
2025-09-09,37.64285495731639,38.33627672545693,37.49426322884176,37.791446685791016,11988261
2025-09-10,38.03909704735231,38.03909704735231,37.44473391229843,37.791446685791016,10059075
2025-09-11,37.69238565360072,37.74191497195709,37.098026275634766,37.098026275634766,13958908
2025-09-12,37.09802605297889,37.59332679125939,37.09802605297889,37.34567642211914,8167504
2025-09-15,37.840977880115766,37.94003651811801,37.34567713241489,37.395206451416016,6349252
2025-09-16,37.98956606963882,38.08862848709221,37.14755630493164,37.14755630493164,10452147
2025-09-17,37.147554881149745,37.84097666136682,37.04849624633789,37.04849624633789,10311004
2025-09-18,37.098024813998265,37.29614585846267,36.99896240234375,36.99896240234375,7425989
2025-09-19,37.14755402415776,38.13815546480197,37.098024707894474,38.03909683227539,17016897
2025-09-22,38.23721388392831,38.33627629474663,37.69238385038359,38.286746978759766,10513517
2025-09-23,38.3858086881809,38.83158012549004,38.13815830954748,38.23721694946289,11509298
2025-09-24,38.484867077903274,38.484867077903274,37.54379866829012,37.692386627197266,8773101
2025-09-25,37.69238737407036,38.63345958117568,37.642858053453224,38.534400939941406,15577500
2025-09-26,38.5343975525975,38.583926868860786,37.64285474447986,38.03909683227539,8295192
2025-09-30,38.48486661323702,38.83157940419053,38.13815760112832,38.187686920166016,10012699
2025-10-01,38.23721575207652,38.58392853861305,37.890506744384766,37.890506744384766,6331142
2025-10-02,38.187687125700755,38.187687125700755,37.14755630493164,37.14755630493164,12138965
2025-10-03,37.19708487288793,37.19708487288793,36.05789543652087,36.305545806884766,19850558
2025-10-07,36.20648412277107,37.791448792421725,35.90930442810058,37.14755630493164,22707500
2025-10-08,37.246613833094166,38.385807037353516,37.246613833094166,38.385807037353516,17565561
2025-10-09,38.385808966204415,39.029701466852906,38.18768790609373,38.78205108642578,24070827
2025-10-13,38.03909776383756,38.0886270813138,37.19708425136265,37.84097671508789,16739422
2025-10-14,37.940034529416224,38.28674730194009,36.99896240234375,36.99896240234375,17188078
2025-10-15,37.14755676888131,37.24661540872704,36.35507631358082,36.65225601196289,13327739
2025-10-16,36.65225485273792,37.49426460133048,36.65225485273792,37.098026275634766,8495448
2025-10-17,37.04849864835773,39.27735208573325,36.998965548895654,38.534400939941406,28929163
2025-10-20,38.68298815342788,39.32688064552864,38.23721671880772,38.484867095947266,12563945
2025-10-21,38.73251554273808,38.98016590753524,37.98956444834659,38.088626861572266,9275177
2025-10-22,38.08862643055164,39.07922787853039,38.08862643055164,38.583927154541016,11133302
2025-10-23,38.88110950562758,40.41654109976236,38.484867387662845,39.822181701660156,38661398
2025-10-27,40.416538169401974,40.86230957508087,39.5249991368888,39.62405776977539,22746510
2025-10-28,39.62406111125684,39.82218217258212,38.782051324180614,39.326881408691406,17040874
2025-10-29,39.42593980822936,39.4754691285458,38.78205108642578,38.78205108642578,9215578
2025-10-30,39.12875697800078,39.277348705910775,38.33627657978487,38.83157730102539,10877558
2025-10-31,38.93063924432713,38.93063924432713,37.69238733592713,37.74191665649414,19164572
2025-11-03,37.7419147454367,37.989565114576955,37.29614710406004,37.34567642211914,14300610
2025-11-04,37.69238470858356,38.138156120304096,37.24661329686302,37.296146392822266,15317545
2025-11-05,37.04849593276286,37.098025249749575,36.156953111623324,36.503662109375,32496357
2025-11-06,36.60272409225956,37.19708344680816,36.3550737313902,36.99896240234375,17318508
2025-11-07,36.998965056295766,38.732517706729745,36.75131467766234,38.23721694946289,25303848
2025-11-10,38.23721508579911,38.881107550400955,37.64285571758564,38.63345718383789,16496751
2025-11-11,38.88110903666373,40.61466166887167,38.682987980071,39.525001525878906,41932308
2025-11-12,39.82217915740426,41.50620238289409,39.22781601843127,40.961368560791016,55564352
2025-11-13,41.01090133106198,43.68552220925959,40.71371787451147,42.24915313720703,87350192
2025-11-14,41.60526300926097,42.69492314796559,41.20902089763484,42.15009307861328,38821497
2025-11-17,42.10056400876372,43.536936948361095,41.605263255719436,42.694923400878906,41898180
2025-11-18,42.298685025317866,42.69492336006762,40.9118414065816,41.109962463378906,37711396
2025-11-19,40.614659943782506,40.86231030929338,39.673587799072266,39.673587799072266,31721098
2025-11-20,40.46606712973809,41.85291065101366,40.02029950682664,40.91183853149414,22570110
2025-11-21,40.218417124784175,40.76325094219428,39.42593672515759,39.62405776977539,20451407
2025-11-24,39.97076633615911,40.46606705298311,39.2278152609231,40.11935806274414,18749000
2025-11-25,40.61466263662059,40.61466263662059,38.03910017608018,38.534400939941406,30094624
2025-11-26,38.68298606623865,39.32687852359738,38.53439811527909,39.12875747680664,12774080
2025-11-27,39.07923080754145,41.357613552889745,39.07923080754145,41.15949249267578,29781864
2025-11-28,41.209019454916785,41.852911919055515,40.76325181849965,41.25855255126953,22444793
2025-12-01,41.25855233268102,42.19962069688225,41.25855233268102,41.506202697753906,22925888
2025-12-02,41.803381797838846,43.98270573589578,41.65479006932681,43.04163360595703,45595117
2025-12-03,43.38834452158346,44.18082495809492,42.64539340382058,43.43787384033203,42925203
2025-12-04,44.081766522162724,44.37894621485778,41.85291315868259,42.397743225097656,32683731
2025-12-05,42.19962047596006,42.19962047596006,41.20901902085448,41.75385284423828,17821176
2025-12-08,41.7538530628268,41.90244101456372,41.10996060209941,41.506202697753906,11637777
2025-12-09,41.06043113219437,41.109960449255865,39.87170862849514,39.92123794555664,25941604
2025-12-10,39.92123838636122,40.21841807085627,39.42593765258789,39.42593765258789,15903142
2025-12-11,39.62405941623355,39.822180469083676,39.0792293550293,39.475467681884766,14728322
2025-12-12,39.87171054078255,40.02030227793831,39.32688046928617,39.525001525878906,14038789
2025-12-15,39.37640889635869,41.01090285265111,39.178287844255856,40.515602111816406,23121033
2025-12-16,40.36701105986633,40.76325317076491,39.72311857436734,39.77265167236328,16754621
2025-12-17,40.416540612278936,40.76325340602743,39.32688046928617,39.525001525878906,16852246
2025-12-18,39.97076941325432,40.26795288930264,39.27735137939453,39.27735137939453,12537245
2025-12-19,39.62405776977539,39.87170813083649,39.42593672515759,39.62405776977539,9987990
2025-12-22,39.8221809915144,40.16889000441704,39.72311857436734,39.77265167236328,8313591
2025-12-23,39.921238880097725,40.11935993182632,39.27735018553576,39.72311782836914,9373883
2025-12-24,39.97076698153868,40.06982939380972,39.32687830657782,39.376407623291016,9200149
2025-12-26,39.67358730241485,39.67358730241485,39.27734898986462,39.376407623291016,5276149
2025-12-29,39.47546647455694,39.970767202111446,39.029698842833604,39.12875747680664,14551550
2025-12-30,39.22781799376118,39.277351091970004,38.33627890867492,38.73251724243164,15851514
2025-12-31,38.83157823285728,39.029699281876674,38.4353361348185,38.63345718383789,10541113
2026-01-02,38.93063659034474,38.93063659034474,37.840976496775106,38.088626861572266,20186529
2026-01-05,38.08862802390764,38.28674907756029,37.54379796049646,37.64285659790039,16596635
2026-01-06,37.64285566633822,38.43533608249219,37.64285566633822,37.84097671508789,18526842
2026-01-07,38.187686574950924,40.7137196114864,38.187686574950924,40.26795196533203,53686914
2026-01-08,41.01090289155265,43.09116449349375,40.91184047598488,41.308082580566406,64787162
2026-01-09,42.150093764985954,43.289287020328096,40.11936141223442,40.614662170410156,48130373
2026-01-12,41.456671478640544,42.05103464903245,40.56513239131996,41.109962463378906,26761436
2026-01-13,40.367011779727996,40.41654109976236,39.27735162359232,39.822181701660156,41156243
2026-01-14,39.822178671951704,40.763250796386636,39.6735869443087,40.664188385009766,24449573
2026-01-15,40.56513287235115,42.39774416705683,40.51560355227571,42.199623107910156,57631904
2026-01-16,42.49680470651541,42.99210544305361,42.1996212415167,42.595863342285156,42626066
2026-01-19,42.59586198757246,43.53693411283427,41.95196953901318,43.289283752441406,34107182
2026-01-20,42.59586234917327,43.19022170762387,41.85291126168769,42.001502990722656,25769422
2026-01-21,41.60526058166069,42.29868234712395,41.209018493154645,41.456668853759766,16086196
2026-01-22,41.902442505419344,43.28928611070818,41.852913186411485,43.190223693847656,35959685
2026-01-23,43.38834481180213,44.5770673639429,43.09116511847814,43.98270797729492,46030319
2026-01-26,44.478007123676804,48.34135055541992,44.42847402753632,48.34135055541992,88903464
2026-01-27,50.71879671165131,51.61033577950644,48.390880958088125,50.52067565917969,190828298
2026-01-28,50.81785583496094,52.30375807445596,50.02537539633255,50.81785583496094,94528372
2026-01-29,51.21409584572731,51.90751761818813,48.63852980213635,48.83665084838867,65221018
2026-01-30,49.1338323455703,49.629133090097596,46.706861720462356,46.85544967651367,48473195
2026-02-02,46.11249739823616,46.45921017797911,43.289284737079846,43.883644104003906,47071195
2026-02-03,44.577067618923714,45.41907738463212,44.279887923899864,44.52753829956055,27649813
2026-02-04,44.52753880381316,47.004042588465225,44.42847638512014,46.4096794128418,27336111
2026-02-05,46.75638961791992,47.49934071212783,46.3601475228045,46.75638961791992,25503022
2026-02-06,46.50874132783848,47.10310071818002,44.874247336131965,45.32001876831055,37334688
2026-02-09,45.76578788601929,46.95451038543109,45.220957842618574,46.2115592956543,27488086
2026-02-10,46.45921077859678,46.50874009667331,44.577066460930695,44.97330856323242,22621808
2026-02-11,45.12189703807266,46.459211314637194,44.97330908212869,46.06296920776367,22588689
2026-02-23,46.657328848953,46.95451232018484,45.963910826331535,46.6077995300293,25724076
2026-02-24,47.20216205488268,48.48994322369606,46.45921094454671,48.14323043823242,33916823
2026-02-25,48.787123200430905,52.89812088012695,48.53947282885511,52.89812088012695,105201859
2026-02-26,52.5018796255978,52.70000068184073,50.42161798215922,51.11503601074219,68478784
2026-03-02,53.195299905151664,53.98778032851691,50.12443306869982,50.22349548339844,87362057
2026-03-03,50.520675849789676,52.00657808066584,48.83665256569439,49.48054504394531,37291767
2026-03-04,48.7871220819293,49.48054386221297,46.26108910553743,46.50873947143555,39003862
2026-03-05,47.945115069599346,47.945115069599346,45.86484961072362,46.95451354980469,30729842
2026-03-06,46.31061931913126,49.82725382716799,46.31061931913126,49.72819519042969,38588191
2026-03-09,52.898121828463154,54.28496166684342,45.66672782573271,46.90497970581055,151359438
2026-03-10,46.756391005369935,47.84605113100492,45.76578951703093,46.06296920776367,42654840
2026-03-11,46.558267860509105,46.85544753789237,45.56766641666849,46.70685958862305,22500244
2026-03-12,47.25169198221269,47.54887167440879,44.626596513650114,45.8153190612793,45918551
2026-03-13,44.775188925143546,46.16202876927743,44.676126507019426,45.07236862182617,26397657
2026-03-16,45.666728277446175,46.95451326854116,45.41907789898097,46.4096794128418,36589871
2026-03-17,46.607798550752776,47.20216170188348,45.963909860583755,46.0134391784668,23413055
2026-03-18,46.26109029461883,47.400279739724745,46.21156097593506,46.85544967651367,30486133
2026-03-19,47.49934174324811,50.025374762621425,46.45921094454671,48.14323043823242,66611958
2026-03-20,48.53947346276912,49.23289526800621,46.90497947748488,47.15262985229492,43312732
2026-03-23,46.80591796363532,47.548869042423185,44.32941436767578,44.32941436767578,47182243
2026-03-24,44.92377422253312,45.22095768045384,44.230356230970465,44.62659454345703,15330808
2026-03-25,45.51813839555692,45.963909813739456,44.577066241359276,45.2209587097168,16668883
2026-03-26,45.56766689983618,48.29182089928291,45.56766689983618,47.0040397644043,39713774
2026-03-27,47.54886952385585,47.69746125265575,46.310617713338765,46.45920944213867,19650252
2026-03-30,46.16202631986089,48.83665100577525,46.06296768583782,47.7965202331543,58985551
2026-03-31,47.84605011018393,48.341350843785925,45.072366757781694,45.46860885620117,45083426
2026-04-01,46.06296756616108,46.75638933905501,45.76578788601929,46.2115592956543,21805146
2026-04-02,46.162026860168204,46.4096772269692,45.32001712458269,45.46860885620117,17233360
2026-04-07,46.16202695975632,47.945112627646026,45.91437659242104,47.05356979370117,30370993
2026-04-08,46.75638961791992,46.805918935098184,45.61719642859659,46.75638961791992,29665051
2026-04-09,46.657330070790366,47.49934362992276,46.36015037062095,46.95451354980469,21025076
2026-04-10,47.449811617617335,47.449811617617335,45.963909422228625,46.50873947143555,15631075
2026-04-13,47.05356873824513,51.11503315990317,46.70685974329065,50.91691589355469,89341438
2026-04-14,50.718798228289636,54.97838397900188,50.1244350531016,53.7896614074707,112897938
2026-04-15,53.78965937220503,53.8887217870772,51.41221809794396,51.80845642089844,45672581
2026-04-16,52.50187928086027,53.9877815246582,51.214098092004356,53.9877815246582,40305153
2026-04-17,54.284960693644514,55.770862923099266,52.30375772103819,52.89812088012695,34122434
2026-04-20,53.49248018714354,53.987780929617095,51.41221858029254,52.10563659667969,22114986
2026-04-21,52.20469897528476,52.50187866478819,51.11503507531248,51.31315612792969,20994130
2026-04-22,51.51127864091528,52.00657939707793,50.71879818682402,51.4122200012207,15142188
2026-04-23,51.41221850587959,51.61033577950644,49.381482441601456,50.52067565917969,28700439
2026-04-24,50.52067562087046,50.81785530993016,48.73759370766752,49.72819519042969,25838310
2026-04-27,49.23289585394358,50.619735702078195,48.985245476186165,49.82725524902344,16059635
2026-04-28,50.025376322509295,51.70939964755086,50.025376322509295,50.61973571777344,17495122
2026-04-29,51.21409745340797,51.90751924763625,50.52067565917969,50.52067565917969,19975676
2026-04-30,50.718796265477685,51.61033532548994,50.12443311329144,51.01597595214844,20595698
2026-05-04,51.31315704391662,51.70939915622433,50.32255554199219,50.32255554199219,12652936
2026-05-05,50.32255508846259,51.41221899806583,50.02537539633255,50.81785583496094,17120574
2026-05-06,51.31315559317006,51.51127664372255,50.12443306869982,50.22349548339844,20648556
2026-05-07,50.223494171662935,50.32255280492961,48.88617994949507,49.08430099487305,27459450
2026-05-08,50.52067475592026,50.81785443989203,47.69746208992142,48.09370040893555,38163997
2026-05-11,47.54887273953046,50.52067728575111,47.49934341952909,48.78712463378906,18657955
2026-05-12,49.0843043072828,49.0843043072828,47.152630597468395,47.20216369628906,25676256
2026-05-13,47.20216052844892,47.25168984510068,46.40967634664228,46.45920944213867,15603122
2026-05-14,46.409676243348066,46.657326604900284,45.56766652560837,45.666725158691406,18320813
2026-05-15,45.76578948281285,46.062969173323395,44.923775951047375,45.27048873901367,17001006
2026-05-18,45.27048780699143,45.76578854059343,45.072366757781694,45.46860885620117,11927356
2026-05-19,45.76578925617122,46.261089997517566,45.46860956713237,45.51813888549805,12389007
2026-05-20,45.51813861976374,45.66672657399332,44.577066460930695,44.97330856323242,18767752
2026-05-21,45.32001876831055,45.86484883926444,44.92377665551962,45.32001876831055,14563232
2026-05-22,45.41907787176417,45.51814029039783,44.775189155447414,44.8247184753418,12192417
2026-05-25,45.02283685380699,45.07236617075317,43.784585035929155,44.378944396972656,21242482
2026-05-26,44.27988505152551,45.270486489909324,43.7845843323336,44.32941436767578,21964926
2026-05-27,44.52753784625031,45.66672729538511,44.47800852739137,45.0228385925293,21602376
2026-05-28,45.36954563056956,45.4190749472748,44.37894418108619,44.62659454345703,16712131
2026-05-29,45.02283685571577,47.44981117462815,45.02283685571577,47.0040397644043,45600737
2026-06-01,47.44981343170395,49.82725476791267,45.96391117950668,49.53007507324219,65520183
2026-06-02,49.28242241513048,50.619732868626315,48.68806305332004,50.42161560058594,51940132
2026-06-03,50.91691687690372,52.89811980940823,50.2234950947582,51.51127624511719,49641367
2026-06-04,51.51127810007048,52.60093824064941,50.124434485838336,50.32255554199219,50271050
2026-06-05,50.52067604858535,50.52067604858535,48.143230958290474,48.44041442871094,27113652
2026-06-08,45.072366015930044,45.66672537493192,44.725657019653056,45.41907501220703,32543971
2026-06-09,45.07236552019449,45.518136923965336,44.725656527730834,45.12189483642578,24690481
2026-06-10,44.87424705726689,45.07236811243116,43.98270797729492,43.98270797729492,31995639
2026-06-11,43.98270696281877,44.428474603100554,42.69492202337664,43.388343811035156,30303951
2026-06-12,44.13129666028576,45.02283953376422,44.13129666028576,44.8247184753418,21404748
2026-06-15,45.36954675412585,46.90497828308042,45.02283774975844,46.8059196472168,36007074
2026-06-16,46.855449414411424,48.192763684461276,46.21156071743462,46.31061935424805,25959539
2026-06-17,46.26108825076189,47.54886937386857,45.91437547760398,47.49934005737305,18564168
2026-06-18,47.94511201785591,51.313154703472286,47.94511201785591,51.21409606933594,188065545
2026-06-22,52.2046999894662,52.997180436485806,51.214098485980486,51.90752029418945,51528306
2026-06-23,52.3037557010201,52.699997791776056,48.7871213162284,49.08430099487305,35897966
2026-06-24,48.638531935447716,53.9877815246582,47.69746353745155,53.9877815246582,78711420
2026-06-25,54.48308286995724,59.23796934647544,53.78966105947971,57.45488739013672,145989912
2026-06-26,56.95958328306142,56.95958328306142,51.70939636230469,51.70939636230469,62110469
2026-06-29,52.20470001099236,52.99718045833874,51.610336841348946,52.70000076293945,21545120
2026-06-30,53.5,55.0,53.0,54.5,36311157
2026-07-01,54.900001525878906,55.400001525878906,52.79999923706055,54.29999923706055,44671443
2026-07-02,53.20000076293945,59.70000076293945,52.79999923706055,59.70000076293945,112132737
2026-07-03,60.599998474121094,64.0,59.0,62.099998474121094,189353771
2026-07-06,63.20000076293945,63.29999923706055,60.0,60.400001525878906,75461606
2026-07-07,60.099998474121094,60.20000076293945,57.0,57.29999923706055,47496993
2026-07-08,57.0,58.5,56.5,58.0,44452791
2026-07-09,58.400001525878906,58.400001525878906,54.70000076293945,54.79999923706055,56238107
2026-07-10,54.79999923706055,54.79999923706055,54.79999923706055,54.79999923706055,0
2026-07-13,56.0,60.20000076293945,56.0,60.20000076293945,51739697
2026-07-14,61.5,63.599998474121094,59.400001525878906,63.599998474121094,139949121
2026-07-15,64.0,66.4000015258789,63.0,65.69999694824219,146165982
2026-07-16,66.80000305175781,68.5999984741211,65.0,65.5999984741211,121935483
2026-07-17,65.0,65.9000015258789,62.0,62.79999923706055,73121290
2026-07-20,63.70000076293945,63.70000076293945,60.0,60.599998474121094,46215147
2026-07-21,61.29999923706055,63.70000076293945,60.599998474121094,63.0,60201466
