date,open,high,low,close,volume
2021-07-22,69.8472248951423,71.3074481262247,69.6038584827768,71.22632598876953,11310460
2021-07-23,71.63195295814447,72.0375698917937,71.1452076863868,71.38858032226562,5882444
2021-07-26,71.9564447435024,71.9564447435024,69.7661156803889,69.92835998535156,9059006
2021-07-27,69.92835758063336,70.57734715661337,69.52274064295167,69.76611328125,9211357
2021-07-28,70.0164734754638,71.60206827904682,69.43230361787819,71.18480682373047,15504964
2021-07-29,71.26825341009746,72.18622728133475,71.1848023976039,72.01932525634766,7108480
2021-07-30,72.43658309071806,73.43800792474856,72.35312571546234,72.60348510742188,9316399
2021-08-02,73.68837514369591,74.10563659667969,72.85385223772836,74.10563659667969,8587718
2021-08-03,74.10563814047589,74.10563814047589,72.93730477440127,73.7718276977539,6343513
2021-08-04,73.4380103507465,73.77182076208524,73.10419993940775,73.68836975097656,3336522
2021-08-05,73.68837196967883,73.77182298330015,72.77039171913157,73.27111053466797,3471987
2021-08-06,73.0207557933556,73.93872973566259,72.35313490791165,73.7718276977539,6530103
2021-08-09,73.52146136185517,74.10563117342399,72.01932406118686,73.68836975097656,7047976
2021-08-10,73.02074651608521,73.85526933341191,72.35312571546234,72.60348510742188,7058538
2021-08-11,72.85384909965711,73.27111053466797,72.26967927049938,73.27111053466797,6620329
2021-08-12,73.52146357553195,73.68837196967883,72.52003867826758,73.27111053466797,3901040
2021-08-13,72.68693902245779,73.020749436118,71.51860575809908,72.10277557373047,5623182
2021-08-16,71.35171352734258,72.6034979751907,71.35171352734258,71.6855239868164,5534989
2021-08-17,71.6855239868164,71.6855239868164,71.6855239868164,71.6855239868164,0
2021-08-18,71.43515257041611,72.52003479003906,71.01789115777711,72.52003479003906,6382866
2021-08-19,71.8524189612993,72.35313141777684,70.09992218017578,70.09992218017578,9000714
2021-08-20,70.9344471069178,70.9344471069178,68.0970679492602,68.34742736816406,11465275
2021-08-23,69.43230284732063,69.93302168166692,69.01504139663504,69.76611328125,3487580
2021-08-24,70.35027786545506,70.85099029541016,69.84955906859598,70.85099029541016,4239638
2021-08-25,70.93444684290807,71.4351593119477,70.18337495589638,71.10134887695312,3465147
2021-08-26,71.01790081262722,71.01790081262722,70.18337787389622,70.60063934326172,6665746
2021-08-27,70.6006325763408,72.01932525634766,70.35027953886015,72.01932525634766,5869864
2021-08-30,72.18622838523252,73.10420227050781,71.85241796324944,73.10420227050781,4897472
2021-08-31,73.02074258703406,74.77323913574219,72.01931780688756,74.77323913574219,11767662
2021-09-01,73.60491859374731,74.10563743652612,73.10420611787306,73.85527801513672,6915323
2021-09-02,73.68836510430889,73.93871812184807,72.52003192174847,73.02074432373047,3527746
2021-09-03,73.4380111694336,73.85527259653264,72.93729873029555,73.4380111694336,5279762
2021-09-06,73.43800571986607,73.77181611015529,72.68693393344127,73.02074432373047,2319039
2021-09-07,73.0207505619393,73.77182241252865,72.52003811718112,73.18765258789062,5010207
2021-09-08,73.02075265110544,73.35456307946279,72.18622976366423,72.93730163574219,7379242
2021-09-09,72.18622369875852,72.60348510742188,71.35170088143184,72.60348510742188,6689990
2021-09-10,72.60348900277913,73.35456085205078,72.43658697712061,73.35456085205078,3041170
2021-09-13,73.18765713603467,73.85527801513672,72.93730408154984,73.85527801513672,5460201
2021-09-14,74.1056367341654,74.68980022266466,73.6049178961323,73.93872833251953,6779315
2021-09-15,74.18907928466797,74.5228896829589,73.85526888637703,74.18907928466797,7756637
2021-09-16,74.85670164247553,75.60777352645077,74.77325062579038,75.52432250976562,15672083
2021-09-17,75.69121980527629,76.19193860785381,74.77324594539093,75.02360534667969,16368683
2021-09-22,73.77182522995852,73.85527624612128,72.60349190296668,72.85385131835938,12526965
2021-09-23,73.60490949593289,74.27253029251476,73.10419708194837,74.18907928466797,6636110
2021-09-24,74.68978912120241,76.52573669809065,74.52288711126842,76.19193267822266,14302986
2021-09-27,76.19194360310243,77.69408100860501,75.7746821515343,76.85955810546875,17976889
2021-09-28,76.77611230073757,77.6106352605282,75.94158934094695,77.44373321533203,10973893
2021-09-29,74.94015065447846,77.36026170251871,74.94015065447846,75.77467346191406,14383472
2021-09-30,76.10848154007239,76.35884094238281,74.68979523872417,76.35884094238281,9690326
2021-10-01,75.35740704741224,75.8581194251987,73.02074079520438,73.60490417480469,12892456
2021-10-04,74.02217770503978,74.10563508746046,72.52004032503311,72.77039337158203,9928938
2021-10-05,72.77038668365743,74.18907928466797,72.60348466796385,74.18907928466797,11581122
2021-10-06,74.85670386905032,75.85813519977253,74.35599138714153,75.10706329345703,15631317
2021-10-07,75.60777975037107,75.77468816438548,74.68980575745927,75.69123077392578,11952141
2021-10-08,76.27538368318966,76.52573669809065,75.8581222914511,76.19193267822266,7684973
2021-10-12,75.10706167642256,75.60777414755114,73.2711138266496,73.93872833251953,15677039
2021-10-13,74.77324270649926,75.35741249523434,73.85526888637703,74.18907928466797,8328821
2021-10-14,75.02359667325351,75.10704767506736,73.43800217117698,73.60490417480469,4340438
2021-10-15,73.85527440076321,74.43943786621094,72.77039211704114,74.43943786621094,7092920
2021-10-18,74.43944150917258,75.10706238827463,73.77182699697511,73.85527801513672,4392143
2021-10-19,74.77324270649926,74.77324270649926,74.02217090207061,74.18907928466797,5630060
2021-10-20,74.52289594545154,74.85670000488975,73.93872610762605,74.35598754882812,7458063
2021-10-21,74.68980548889209,75.02361594881562,74.18909298245929,74.52290344238281,4795806
2021-10-22,74.85670367796956,74.85670367796956,73.68837667879957,73.7718276977539,4057093
2021-10-25,74.35597592493602,74.52288429546705,73.35455116936312,73.60490417480469,6266894
2021-10-26,73.93872819534347,74.35598964832725,73.77182616091177,74.10563659667969,5734562
2021-10-27,73.77182228310123,74.60634514520214,73.1876524594881,73.35456085205078,8216357
2021-10-28,73.43801241142805,73.52146342487838,71.68551566135436,71.76896667480469,12521254
2021-10-29,71.76896274389969,71.76896274389969,70.68408052775362,71.01789093017578,8882667
2021-11-01,71.6020621237948,71.93586616582888,70.85099029541016,70.85099029541016,5849342
2021-11-02,71.51861173977308,71.68552014401511,70.68408881927675,70.9344482421875,8443917
2021-11-03,70.76753940880863,71.35170285029507,70.1833696004182,70.68408203125,7753922
2021-11-04,71.10134193905536,71.43515234147752,70.51717850999447,71.01789093017578,5738196
2021-11-05,70.68408190748913,70.93444130591868,70.01646745651699,70.85099029541016,6848981
2021-11-08,71.1848040356065,71.68551648899361,71.01789563987462,71.51860809326172,8496706
2021-11-09,71.60206604003906,71.6855170551119,70.85099417057486,71.60206604003906,9667603
2021-11-10,71.51861032897023,72.18623119895939,71.0178978599306,71.10134887695312,8900506
2021-11-11,71.3517088590952,71.51861089445993,71.01789842146121,71.18480682373047,9085104
2021-11-12,71.5186072675495,72.1027770955102,71.26825422719853,71.76896667480469,5959191
2021-11-15,71.93587705624306,72.18623649257466,71.51861557362702,71.6855239868164,6686005
2021-11-16,71.6855239868164,71.6855239868164,71.26826250420037,71.6855239868164,7218959
2021-11-17,71.43515014648438,71.60205852601878,70.76753572905774,71.43515014648438,13522920
2021-11-18,71.10134583339367,71.85241768825502,70.93444380649301,71.76896667480469,6898235
2021-11-19,71.85242218135254,72.01933058559456,70.76754620485008,70.9344482421875,8725683
2021-11-22,71.18479020331104,71.51859419610302,70.85097984361602,71.35169219970703,5895864
2021-11-23,71.351699140169,71.60205852601878,70.93443774168848,71.43515014648438,5632476
2021-11-24,71.76896516007027,72.1862265854195,71.35170373472101,72.10277557373047,5988306
2021-11-25,72.01932525634766,72.10277626884121,71.60206382697578,72.01932525634766,4737212
2021-11-26,71.51860853467952,71.51860853467952,70.09992218017578,70.09992218017578,13765299
2021-11-29,69.26538928272065,69.68265066394186,68.84812790149944,69.01502990722656,7699848
2021-11-30,68.93158791562838,69.93301918161609,68.84813690185547,68.84813690185547,23480264
2021-12-01,68.43087110690728,69.93301472674726,68.43087110690728,69.68265533447266,4399895
2021-12-02,69.34885169544584,70.09992357859741,69.2654006788522,69.93302154541016,4497993
2021-12-03,69.76611328125,70.09992371517936,69.43230284732063,69.76611328125,5417589
2021-12-06,69.43229240962872,70.26681518554688,69.01503102166964,70.26681518554688,6072419
2021-12-07,70.4337289992861,70.68408203125,69.6826571695864,70.68408203125,7101699
2021-12-08,70.93444979213507,71.10135183311937,70.60063934326172,70.60063934326172,7370345
2021-12-09,70.51717297474221,70.93443435329097,70.26681360085159,70.76753234863281,5478127
2021-12-10,70.5171820922204,70.85099251159991,70.35028006598273,70.43373107910156,3245315
2021-12-13,70.51718729421013,70.68408933276002,69.51576232910156,69.51576232910156,7239320
2021-12-14,69.43229814036188,69.84955956276046,69.09849409596623,69.26539611816406,5928768
2021-12-15,69.68266212872481,69.93302154541016,69.09849864566495,69.93302154541016,6645594
2021-12-16,69.93301003943594,70.35027142065715,68.84812790149944,69.01502990722656,10932752
2021-12-17,69.0150390709957,70.35028076171875,69.0150390709957,70.35028076171875,10314704
2021-12-20,69.84956416191207,70.68408706165728,69.68266212872481,69.93302154541016,5176458
2021-12-21,69.84956125346136,70.93444352471874,69.84956125346136,70.43373107910156,6126245
2021-12-22,70.60062397707128,70.93443435329097,70.26681360085159,70.76753234863281,3834756
2021-12-23,70.93443911309987,71.26824951171875,70.68407972240978,71.26824951171875,4139228
2021-12-24,71.35171352734258,71.6855239868164,71.10135409101099,71.6855239868164,4632108
2021-12-27,71.60207296367419,71.85242603310084,71.35171352734258,71.6855239868164,3745311
2021-12-28,71.68551566135436,71.93586870170535,71.35170524064885,71.76896667480469,4620952
2021-12-29,71.93586870170535,72.01932608205988,71.5186072675495,71.76896667480469,4123812
2021-12-30,71.76896192619516,71.9358639420527,71.26824951171875,71.26824951171875,5461759
2022-01-03,71.68551483946933,72.2696782938283,71.43515543508455,72.01932525634766,6286719
2022-01-04,71.76896528589963,72.18622671198042,71.5186058834895,71.93586730957031,5696609
2022-01-05,71.60205635145013,71.85240936279297,71.35169697320381,71.85240936279297,4885075
2022-01-06,71.76895835901202,72.10276874103928,71.68550735523107,71.85240936279297,7394554
2022-01-07,72.18622589111328,72.52003630156281,71.85241548066375,72.18622589111328,7803295
2022-01-10,72.1862243865471,72.52003479003906,72.01932236825304,72.52003479003906,5280329
2022-01-11,72.6034920378814,72.77039407051706,72.18623058938782,72.68694305419922,8888813
2022-01-12,73.0207557933556,73.7718276977539,72.93730477440127,73.7718276977539,9592887
2022-01-13,73.52145860572215,74.02217102050781,73.43800759774183,74.02217102050781,6562389
2022-01-14,73.68837139955298,73.85527342550431,72.52003811718112,73.18765258789062,8617737
2022-01-17,73.27110370817329,73.35455471401968,72.68693393344127,73.02074432373047,3011356
2022-01-18,73.35456307946279,73.43801409482603,72.85385062037894,72.93730163574219,4977955
2022-01-19,72.93730163574219,73.35456307946279,72.77039323811132,72.93730163574219,6251820
2022-01-20,73.02075265110544,73.43801409482603,72.77039323811132,72.93730163574219,6891448
2022-01-21,72.77039003414683,73.10420044780703,71.76896516007027,72.10277557373047,9628324
2022-01-24,72.18622369875852,72.60348510742188,72.01932168205472,72.60348510742188,5896884
2022-01-25,71.76895355760006,71.85240455579806,70.85097984361602,71.35169219970703,14717953
2022-01-26,71.35170373472101,72.26967759710854,71.26825272303198,72.10277557373047,7740468
2022-02-07,72.01932582543387,74.6897964477539,71.85241743222376,74.6897964477539,16947326
2022-02-08,74.9401596416812,75.02361065905188,73.93872833251953,73.93872833251953,9165071
2022-02-09,73.68837237260793,74.43943786621094,73.52146397754841,74.43943786621094,4531034
2022-02-10,74.27253876890676,74.27253876890676,73.52146687876163,73.93872833251953,6613560
2022-02-11,73.77182616091177,74.18908761389554,73.35456470792799,74.10563659667969,6650771
2022-02-14,73.93872973566259,73.93872973566259,72.6034943316793,73.7718276977539,8128916
2022-02-15,73.85527553854664,73.85527553854664,72.93730163574219,72.93730163574219,7582003
2022-02-16,73.77182616091177,74.18908761389554,72.77039485360801,74.10563659667969,8943513
2022-02-17,74.27253041135253,74.43943242731316,73.60490961370246,74.02217102050781,7783438
2022-02-18,74.18908551910903,74.52289594545154,73.8552750927665,74.35598754882812,8987375
2022-02-21,73.8552750927665,74.52289594545154,73.68837306304741,74.35598754882812,5177556
2022-02-22,73.85526354714958,74.10562291949445,73.02074079520438,73.60490417480469,9438391
2022-02-23,73.6883752804075,74.18908775153608,73.52146687876163,73.93872833251953,5393585
2022-02-24,73.1042045026928,73.43801493486853,72.6034920378814,72.68694305419922,13413096
2022-02-25,72.85384853598795,73.27110996777047,71.93586829254309,73.18765258789062,12625965
2022-03-01,74.18908934880682,75.10706329345703,73.60491948082603,75.10706329345703,12965331
2022-03-02,75.19051207612058,75.94158396009583,74.68979960910524,75.52432250976562,10968424
2022-03-03,75.6077699177233,76.3588417658502,75.3574168796171,76.10848236083984,7225170
2022-03-04,74.77325678101398,75.77468816438548,74.35599529633544,75.69123077392578,6972076
2022-03-07,74.43944221629324,74.94016106382853,73.10420681230995,73.7718276977539,11337313
2022-03-08,73.77182764562579,74.27254012590264,72.26968383789062,72.26968383789062,10333796
2022-03-09,73.18765176641251,73.77182158449365,72.93729873029555,73.4380111694336,7891733
2022-03-10,73.93871636331895,74.94014751036892,73.77181435559568,74.77323913574219,9292679
2022-03-11,75.44087514997814,75.44087514997814,74.60635220886533,74.9401626586914,10531219
2022-03-14,76.52574379125433,76.60920117086054,75.6077699177233,76.10848236083984,15060658
2022-03-15,75.94157547663968,76.35883688035749,75.52431407292188,75.77467346191406,8897102
2022-03-16,75.94157951646815,76.44229195418494,75.69122011415773,76.35884094238281,10593318
2022-03-17,77.19336994833846,77.44372937060841,76.19194499306779,76.69265747070312,14314623
2022-03-18,76.52573669809065,77.44371685343835,76.19193267822266,76.19193267822266,17454797
2022-03-21,76.27539462003516,77.10991752317142,76.27539462003516,76.85955810546875,6093780
2022-03-22,76.85955727202388,77.10991668701172,76.60920422394045,77.10991668701172,6658449
2022-03-23,76.9429999870223,77.44371876297771,76.77609797297298,77.193359375,6685347
2022-03-24,76.77610625599607,77.19336770303953,76.60920422394045,77.10991668701172,4581808
2022-03-25,76.52574684100824,77.19336770303953,76.44229582498042,77.10991668701172,4238199
2022-03-28,76.19193535545949,77.02645816826012,76.02502697275709,76.94300079345703,5012686
2022-03-29,76.69264696594831,77.27681038202466,76.44228757797062,77.193359375,6847926
2022-03-30,77.27682116457864,78.02789306640625,77.19337014590992,78.02789306640625,11515312
2022-03-31,78.0278862565294,78.27824565759003,77.61062483269768,77.77752685546875,6709219
2022-04-01,76.85955970433047,78.02789306640625,76.52574926275102,78.02789306640625,6483366
2022-04-06,77.36026393266975,78.11133575439453,76.776100497386,78.11133575439453,7509456
2022-04-07,77.61062552595497,78.44514838107277,77.27681511052704,77.69407653808594,9663111
2022-04-08,77.6940681140827,78.27823786946882,77.27680673176549,77.94442749023438,4813654
2022-04-11,77.36027057396961,77.86098940937495,76.6926560716033,76.85955810546875,6159789
2022-04-12,76.35883468815666,76.77609607989523,75.52431190467954,76.19193267822266,10314723
2022-04-13,75.69121759004598,76.10847900204602,74.94015214196901,75.44086456298828,11582032
2022-04-14,75.27395850743191,75.35741588593764,74.60634404771454,74.85669708251953,11644414
2022-04-15,74.68980008409517,74.77325110131102,74.02217921255934,74.10563659667969,7615273
2022-04-18,73.52146357553195,73.77182298330015,72.93730011327844,73.27111053466797,9197089
2022-04-19,73.68837057245466,74.10563199955372,73.4380111694336,73.4380111694336,9733220
2022-04-20,73.43800759774183,74.18907940337223,73.27110558178121,74.02217102050781,9356675
2022-04-21,74.10563117342399,74.18908218453267,73.68836975097656,73.68836975097656,6493313
2022-04-22,73.52146370626059,73.52146370626059,73.10420227050781,73.10420227050781,8100491
2022-04-25,72.3531385388591,72.52004695204849,71.4351645504848,71.6855239868164,12149062
2022-04-26,71.76896585196288,72.18622728133475,71.76896585196288,72.01932525634766,8286175
2022-04-27,71.5186033503571,71.5186033503571,70.9344399212962,71.01789093017578,8127742
2022-04-28,71.26824120150904,71.60205156120406,71.10133283821,71.35169219970703,8241980
2022-04-29,71.35170920442924,72.43659154026426,71.35170920442924,72.35313415527344,7296565
2022-05-03,72.6034873124492,72.68693832333558,71.76896446977737,72.18622589111328,5337967
2022-05-04,72.26968383789062,72.43659224258599,72.18623281899525,72.26968383789062,5165045
2022-05-05,72.68694305419922,72.85385145373931,72.26968160570566,72.68694305419922,6340062
2022-05-06,71.76897135761378,72.26968383789062,71.51861193402304,72.26968383789062,7823027
2022-05-09,70.60063102059537,71.10134345142717,70.4337289992861,70.68408203125,8469308
2022-05-10,70.60063310533923,70.68408411845806,70.01646964660321,70.43373107910156,9292732
2022-05-11,70.01646964660321,70.43373107910156,69.84956125346136,70.43373107910156,7597959
2022-05-12,70.09992276747974,70.09992276747974,68.51432800292969,68.51432800292969,9745816
2022-05-13,69.01503347328483,69.01503347328483,68.01360865337092,68.43087005615234,12484864
2022-05-16,68.9315855110792,68.9315855110792,67.59635023657701,67.76325225830078,10240181
2022-05-17,68.01360458003892,68.09705558221657,67.42944119789195,67.8467025756836,12508500
2022-05-18,67.93016301654491,69.09849631007846,67.846712002772,68.84813690185547,17382933
2022-05-19,68.43088063924952,68.43088063924952,67.59635770462452,67.93016815185547,7100140
2022-05-20,68.34742597167363,68.51432800292969,67.9301645266291,68.51432800292969,8408966
2022-05-23,69.34885018712848,69.43230120190707,68.0970658647366,68.5977783203125,7597479
2022-05-24,68.43086595783056,68.6812253312669,67.8467025756836,67.8467025756836,7522398
2022-05-25,68.3474190489768,68.43087005615234,67.84670663901984,68.43087005615234,8405087
2022-05-26,68.84813227372214,69.01503429004843,68.01360945828309,68.18051147460938,6885391
2022-05-27,68.76468728255506,68.76468728255506,68.26397482285942,68.68123626708984,8993176
2022-05-30,69.18194897138162,70.01647186279297,68.8481385414362,70.01647186279297,12627004
2022-05-31,70.0164734754638,71.18480682373047,69.51576100246508,71.18480682373047,55520234
2022-06-01,70.51718832276957,71.18480922051627,70.18337787389622,70.60063934326172,10109360
2022-06-02,70.099927552353,70.76754845675637,69.59921505750286,70.5171890258789,5898560
2022-06-06,71.01790081262722,71.10135183311937,70.01647583291192,70.60063934326172,6833870
2022-06-07,70.35028076171875,70.68408481749528,70.016470339038,70.35028076171875,5997906
2022-06-08,70.5171890258789,70.8509994780806,70.43373800455468,70.5171890258789,5820351
2022-06-09,70.43372197241312,70.93443435329097,70.18336259852252,70.76753234863281,6964056
2022-06-10,70.09991858976358,70.85099041946326,70.09991858976358,70.68408203125,5274538
2022-06-13,69.84956640620132,70.01647481165585,69.01504347964261,69.51576232910156,10289751
2022-06-14,69.59920722736388,69.68265823929958,69.01503741000575,69.18194580078125,5971638
2022-06-15,69.18193602010349,70.18336075556257,69.09848501996578,69.59919738769531,9314589
2022-06-16,70.26682730214496,70.35028468765071,69.34885336372307,69.43230438232422,6963860
2022-06-17,69.26539611816406,69.68265754056263,69.0150367179633,69.26539611816406,10963344
2022-06-20,69.18194886176266,69.43230190864676,68.51432800292969,68.51432800292969,7284504
2022-06-21,69.84956359863281,70.43373344388628,69.01504070561734,69.84956359863281,10842421
2022-06-22,69.84955735138651,70.35027613593572,69.34884493374112,69.68265533447266,8275371
2022-06-23,70.35028525566025,70.76754671893961,69.34885392364703,69.51576232910156,8872349
2022-06-24,70.51718000994073,70.68408203125,69.76610818024103,70.68408203125,8027432
2022-06-27,71.1848008289858,71.4351538609497,70.68408203125,70.68408203125,8944818
2022-06-28,70.43372197241312,70.93443435329097,70.26681360085159,70.76753234863281,6399429
2022-06-29,70.76754775115077,70.93444979213507,70.51718832276957,70.60063934326172,8655241
2022-06-30,70.60063139645871,70.68408240755761,69.26539611816406,69.26539611816406,10570580
2022-07-01,69.26538928272065,69.76610166680541,68.76467689863587,69.01502990722656,14731968
2022-07-04,69.43229966372151,69.76611008234505,68.93158721923828,68.93158721923828,17477708
2022-07-05,70.09991383327576,70.09991383327576,67.26253509521484,67.26253509521484,25756035
2022-07-06,63.48995043626472,64.41009464548596,61.649662017822266,61.649662017822266,40984925
2022-07-07,61.465634287173785,61.465634287173785,58.889227764423076,59.80937194824219,22432568
2022-07-08,60.26944404015174,60.7295161320613,59.16527382762601,59.80937194824219,18297906
2022-07-11,59.90138400888062,59.993397021768956,58.52116775512695,58.52116775512695,17273641
2022-07-12,57.87707288856157,57.87707288856157,55.30066626243284,55.760738372802734,27772445
2022-07-13,57.60102385123619,58.24512547463523,56.6808796778294,57.0489387512207,21046971
2022-07-14,57.04893733304235,58.33714054781702,56.31282271463027,57.69303894042969,13933172
2022-07-15,57.509015421736734,57.969087545110625,57.14095631900892,57.60102844238281,9057229
2022-07-18,57.60102531352817,58.06109741191121,57.14095321514513,57.877071380615234,11472230
2022-07-19,57.87706746230787,59.16527065459699,57.601021413909265,58.613182067871094,11148149
2022-07-20,59.16527248998189,59.34929851452794,58.24512481689453,58.24512481689453,13283581
2022-07-21,58.61318521129164,60.08541801144512,58.429155672513524,59.80937194824219,11851368
2022-07-22,59.80937125531729,60.085417315322076,59.16527314216335,59.5333251953125,9820658
2022-07-25,59.53332288231303,60.54548704957718,59.349296862888266,60.361454010009766,5821858
2022-07-26,60.085416275971276,60.913540401374995,59.99339624413282,60.453468322753906,7070640
2022-07-27,60.453467721236485,60.91353979527982,60.26944169967624,60.63750076293945,4425484
2022-07-28,61.005561910377565,61.28160095214844,60.72951584846373,61.28160095214844,5479981
2022-07-29,61.83368873270168,62.01772178865895,61.46563666107369,61.92570877075195,7542545
2022-08-01,62.109728764443496,63.21389891219879,61.92570274653181,63.02987289428711,6021669
2022-08-02,62.293758392333984,62.753830483917376,61.189588180591045,62.293758392333984,15683232
2022-08-03,61.741673286462515,62.38577842676506,61.3736142091672,62.293758392333984,8891331
2022-08-04,62.01772178865895,62.47779389833722,61.005564551395416,61.92570877075195,10271363
2022-08-05,62.47778630520808,62.569799311932435,62.01771425144387,62.20174026489258,5783487
2022-08-08,62.10972906224973,62.10972906224973,61.64965699512195,61.833683013916016,3878192
2022-08-09,61.37361594699862,61.92570808864591,61.005563879424685,61.649662017822266,6196190
2022-08-10,61.465634243598274,62.293758392333984,61.189588180591045,62.293758392333984,5500168
2022-08-11,62.93785809344048,63.39793014526367,62.56979904795345,63.39793014526367,6017895
2022-08-12,63.48995282162091,64.41009706541251,63.48995282162091,64.04203796386719,6025498
2022-08-15,64.41008839399404,65.14620649798242,64.31807538603113,64.96217346191406,6415958
2022-08-16,65.33023757652288,65.42225059161613,64.59411941549075,64.77815246582031,5455644
2022-08-17,64.77815823290767,65.23823036947641,64.59412516619396,65.1462173461914,6389566
2022-08-18,64.6861344380253,65.05418646987698,64.31807538603113,64.96217346191406,3601267
2022-08-19,64.50209962376918,65.33023071289062,64.50209962376918,65.33023071289062,3987178
2022-08-22,64.59412516619396,65.33024339276143,64.50211214290896,65.1462173461914,1610000
2022-08-23,64.87016478948367,64.96217780359618,64.50210571289062,64.50210571289062,4272258
2022-08-24,64.59411872700313,65.1462108519642,64.41009269877812,64.50210571289062,3916353
2022-08-25,64.59412516619396,65.1462173461914,64.59412516619396,65.1462173461914,2944052
2022-08-26,64.96217527319394,65.1462083143935,64.5941162109375,64.5941162109375,4318366
2022-08-29,62.84585326125671,63.6739774461359,62.56980718620144,63.213905334472656,8686646
2022-08-30,62.84584057843177,63.765984616065374,62.7538205585549,63.12187957763672,8618723
2022-08-31,62.84585326125671,63.58196442783191,62.84585326125671,63.213905334472656,7128532
2022-09-01,62.29376029722768,63.21390450853174,61.925708228820625,62.385780334472656,8977030
2022-09-02,62.38578019325653,62.47779321015001,61.649662017822266,61.649662017822266,5946781
2022-09-05,61.64965950272947,62.10973158857073,61.1895874168882,61.74167251586914,5564967
2022-09-06,62.29376029722768,62.385780334472656,61.74167517447389,62.385780334472656,3564871
2022-09-07,61.649663244479825,62.1097353582446,61.46563720703125,61.46563720703125,7282560
2022-09-08,61.74167000451898,62.0177160528527,61.37361094678824,61.833683013916016,3753715
2022-09-12,62.10973507453819,63.213905334472656,62.10973507453819,63.213905334472656,4565750
2022-09-13,63.950021590742,63.950021590742,63.02987739519175,63.30592346191406,3487324
2022-09-14,62.20174026489258,62.84584535224793,62.01771425144387,62.20174026489258,6153661
2022-09-15,62.01772198861427,63.21390526554849,61.92570897041061,62.9378662109375,6316602
2022-09-16,62.109735006817935,62.9378662109375,62.01772198861427,62.9378662109375,13885754
2022-09-19,62.845854302235765,62.845854302235765,61.83369002369649,62.017723083496094,4286536
2022-09-20,62.10972906224973,62.385775110583445,61.64965699512195,61.833683013916016,5125564
2022-09-21,61.64966269688768,62.109734806565946,61.55764967898068,61.92570877075195,5760012
2022-09-22,61.28160217287045,61.64966125603961,60.729517058188264,61.09757614135742,8342008
2022-09-23,61.09757440374853,62.01771857543106,61.00556139060886,61.74167251586914,4711312
2022-09-26,61.189589771355564,61.833687908259925,60.729517667811535,60.913543701171875,7876059
2022-09-27,61.649661874899586,62.017720961763445,60.913543701171875,60.913543701171875,5807612
2022-09-28,61.28159866403832,61.373611674526394,59.90138244628906,59.90138244628906,7758264
2022-09-29,60.72951437798368,60.72951437798368,59.71735720904585,60.453468322753906,12093106
2022-09-30,60.45346297262689,61.74166608278862,60.08541095841684,61.557640075683594,10165017
2022-10-03,60.82152910329573,62.477791441053135,60.82152910329573,62.293758392333984,5432777
2022-10-04,62.47779335157442,62.93786545722645,62.01772124592239,62.385780334472656,5357414
2022-10-05,62.01771694670188,62.845848083496094,62.01771694670188,62.845848083496094,5468113
2022-10-06,62.937858358972285,62.937858358972285,62.01771425144387,62.20174026489258,5714940
2022-10-07,61.649662017822266,62.201747139326365,61.649662017822266,61.649662017822266,3081303
2022-10-11,60.7295163737083,61.741673575908166,60.45347030940696,60.821529388427734,8970091
2022-10-12,60.54548755999101,60.82152659145523,58.88922529063482,59.90138244628906,8288674
2022-10-13,59.16527581272994,59.533327882492,57.6010264356682,58.7052001953125,12328517
2022-10-14,59.0732536315918,60.08541784713942,58.981240617490094,59.0732536315918,9872052
2022-10-17,58.521169207685595,60.08541854618518,58.061097111681555,59.349300384521484,9007201
2022-10-18,59.9934008268693,61.649663244479825,59.80937478942072,61.46563720703125,10526953
2022-10-19,60.7295163737083,61.64966056118873,60.54549034426943,60.821529388427734,8305227
2022-10-20,59.441307942307326,62.38577329848372,59.34929493558297,62.20174026489258,23784979
2022-10-21,61.4656291909553,62.84584535224793,61.37360916408852,62.20174026489258,4926014
2022-10-24,63.21389891219879,63.30591894129722,62.29375478235518,63.02987289428711,7781391
2022-10-25,63.48995134030278,63.48995134030278,62.477794099775885,62.9378662109375,6842315
2022-10-26,63.2138925773717,63.48993859671854,62.56979455908493,63.12187957763672,6205212
2022-10-27,63.2138925773717,63.95001061553534,63.029866577901736,63.12187957763672,7063758
2022-10-28,63.48994617870119,63.48994617870119,62.201742968148274,62.845848083496094,6460184
2022-10-31,62.93786109421929,63.397933167977996,62.753828052630176,62.845848083496094,4987541
2022-11-01,62.84585326125671,63.489951409527926,62.38578114959346,63.213905334472656,4368875
2022-11-02,63.39793195025307,63.6739709771206,62.84584687637542,63.02987289428711,4670992
2022-11-03,62.56980718620144,63.30592537291995,62.47779416789745,63.213905334472656,9927481
2022-11-04,62.75382604114381,63.02987208460785,62.01771495881053,62.477787017822266,8946311
2022-11-07,63.21389743651962,64.41008758544922,63.12188442971175,64.41008758544922,9583348
2022-11-08,64.87016296386719,65.05418898691325,64.31807787458624,64.87016296386719,6225337
2022-11-09,64.50210647798879,65.05419158935547,64.41009346278484,65.05419158935547,5547065
2022-11-10,65.23821950594532,65.42224552187116,64.59411440991988,64.96217346191406,4846939
2022-11-11,65.88232314852998,66.89448036192893,65.88232314852998,66.8024673461914,12906554
2022-11-14,67.07851807033798,68.0906753540039,66.80247198381836,68.0906753540039,13519206
2022-11-15,68.09067031945366,68.36671638556273,67.44657219205659,68.27469635009766,8220418
2022-11-16,67.90664195129723,67.99865496345191,66.61843872070312,66.61843872070312,10407286
2022-11-17,66.80245793652433,67.53857599902254,66.25037289972174,67.17051696777344,5505900
2022-11-18,66.80246810184298,67.63059929313448,66.71045508506462,67.35455322265625,5138847
2022-11-21,67.35455963688358,67.99866485595703,66.98650753472029,67.99866485595703,6263151
2022-11-22,68.18267617716772,69.7469253540039,67.7226041287116,69.7469253540039,12379580
2022-11-23,70.2070083618164,70.85110652214215,69.93096228159484,70.2070083618164,11306752
2022-11-24,70.66707619105846,71.40318732671224,70.29901711316005,70.943115234375,12991910
2022-11-25,71.21916129783455,72.0472924680702,70.943115234375,70.943115234375,11062259
2022-11-28,69.93096160888672,71.21916493728962,69.10283039633175,69.93096160888672,13072888
2022-11-29,70.48305258602534,70.94312474000742,69.56290827806119,70.57506561279297,9547420
2022-11-30,70.02296093007816,71.12713800419921,70.02296093007816,70.75907897949219,14798940
2022-12-01,71.4952036314664,72.32333483981387,71.1271515567727,71.40319061279297,10554493
2022-12-02,71.3111743122734,71.6792333901718,70.85110221993615,70.943115234375,6513207
2022-12-05,71.03513776677504,71.86326904797157,70.57506561279297,70.57506561279297,7569498
2022-12-06,70.48303641944828,70.85109546224164,69.37886631121054,69.7469253540039,7982766
2022-12-07,69.56290622327613,70.02297836366836,69.1028340828839,69.1948471069336,9524885
2022-12-08,68.64275457463741,69.10282666564723,67.44657135009766,67.44657135009766,10008198
2022-12-09,67.53859457689366,68.36672586996305,67.53859457689366,67.63060760498047,9488276
2022-12-12,67.63059737844439,67.72261039261775,66.43440713376164,67.44657135009766,5955328
2022-12-13,67.63059852811531,67.72261154385284,66.71045433045389,66.8024673461914,8469198
2022-12-14,67.6306057336499,68.64276305488663,67.17053358580193,67.99866485595703,8139513
2022-12-15,67.72260616039792,68.73476329333774,67.5385801435516,68.18267822265625,6090788
2022-12-16,66.89448288656482,67.99866017751668,66.71045684814453,66.71045684814453,26927324
2022-12-19,66.25038584462413,66.80247098930063,65.60628767919212,65.79031372070312,16883789
2022-12-20,65.4222454210908,66.34238953958756,64.6861343383789,64.6861343383789,17127896
2022-12-21,64.5021038976323,65.42224805314814,64.5021038976323,64.87016296386719,15329111
2022-12-22,65.42224193497067,65.69828796386719,64.87015689731979,65.69828796386719,14470577
2022-12-23,64.77814734620009,65.23821940544846,64.6861343383789,64.6861343383789,4589410
2022-12-26,64.77814389440165,65.69828796386719,64.77814389440165,65.69828796386719,2956228
2022-12-27,65.79030108124593,66.34238611985732,65.69828807816772,65.97432708740234,2537973
2022-12-28,65.23821592913443,66.15835999859995,64.96216990023791,65.69828796386719,3453309
2022-12-29,65.14621154633637,65.6062836419457,64.59411941549075,64.77815246582031,5812601
2022-12-30,65.146204702038,65.97432877101713,65.146204702038,65.33023071289062,3471900
2023-01-03,64.77815463855762,66.15837097167969,64.5021085638759,66.15837097167969,4581073
2023-01-04,66.15837282386863,66.15837282386863,65.51426763829313,65.79031372070312,2490100
2023-01-05,65.79031444640171,66.61844568262289,65.79031444640171,66.34239959716797,3049036
2023-01-06,66.34239841982453,67.1705296413493,66.0663593594119,66.98650360107422,3349162
2023-01-09,67.9986586612451,68.82678985595703,67.35455350084995,68.82678985595703,10390732
2023-01-10,68.91880218814606,68.91880218814606,67.81462493278993,68.55074310302734,5794542
2023-01-11,67.53859020110828,68.27470139825459,67.35455713671399,68.0906753540039,5413977
2023-01-12,68.1826814318881,68.4587274902931,68.09066841913406,68.36671447753906,3541031
2023-01-13,67.35455027681601,68.82678656145212,67.35455027681601,68.36671447753906,4286288
2023-01-16,68.73477172851562,69.28686388709279,68.45873266937045,68.73477172851562,4116723
2023-01-17,68.7347648005855,69.10282386249165,68.18267971779763,69.01081085205078,5635396
2023-01-30,70.39102504779765,70.8510971069336,68.91879586259118,70.8510971069336,12658014
2023-01-31,70.29901222370373,70.66707127600277,69.10282205876742,69.37886810302734,8014083
2023-02-01,69.19483506680656,69.7469271553264,68.91879604268915,69.37886810302734,4634144
2023-02-02,68.64276194249167,69.37888017517673,68.27470282614914,69.1948471069336,7212139
2023-02-03,68.73476661394255,68.91879965982214,68.36671456246918,68.64275360107422,3468563
2023-02-06,68.18267892732099,69.19483607072141,68.18267892732099,68.45872497558594,4365202
2023-02-07,68.82679310671021,69.654917320392,68.82679310671021,69.286865234375,4458616
2023-02-08,69.0108178078042,69.28686388709279,68.73477172851562,68.73477172851562,3228140
2023-02-09,68.45873076718027,69.1028289074322,68.45873076718027,68.82678985595703,2325361
2023-02-10,68.2746919366951,68.9187970425991,68.2746919366951,68.45872497558594,2997620
2023-02-13,68.55074702205391,69.37887825587926,68.09067489438912,69.286865234375,4070539
2023-02-14,69.47088623046875,69.93095832471026,69.28686020082937,69.47088623046875,2282524
2023-02-15,69.74693600581148,69.83894902552653,68.45873266937045,68.73477172851562,3878411
2023-02-16,69.19483506680656,69.65490712714474,69.01080905072828,69.37886810302734,3436180
2023-02-17,69.01080914922673,69.6549072265625,68.91879614105626,69.6549072265625,3033644
2023-02-20,69.1948332797427,69.7469253540039,69.1948332797427,69.7469253540039,1720509
2023-02-21,69.74693557060489,69.93096160888672,69.37887647389786,69.93096160888672,1984367
2023-02-22,69.37887647389786,70.02297462802764,68.91880435804993,69.93096160888672,3735601
2023-02-23,70.1149851227617,70.48304420621719,69.56290000765001,70.0229721069336,4191306
2023-02-24,70.29901486072664,70.48304088370801,69.56289672851562,69.56289672851562,6893896
2023-03-01,68.5507456890855,69.28686388709279,68.5507456890855,68.73477172851562,5720606
2023-03-02,68.7347698903316,69.47088806865277,68.27469778391668,69.10282897949219,3907792
2023-03-03,69.5629010859071,69.5629010859071,69.01081596223784,69.10282897949219,1544998
2023-03-06,69.83894026304596,70.2990123240408,69.19483516556765,69.6549072265625,3921082
2023-03-07,69.65491052221775,70.11498260498047,69.47088449716982,70.11498260498047,3418142
2023-03-08,69.6549130234781,70.0229721069336,69.19484092419451,70.0229721069336,4713918
2023-03-09,69.56289777004342,69.65491078291177,68.64275360107422,68.64275360107422,6508064
2023-03-10,67.90664930975323,68.5507474847742,67.81462926748429,68.0906753540039,7706531
2023-03-13,68.27469960979693,69.10283082751926,67.72261447136317,68.73477172851562,5448689
2023-03-14,67.72260616039792,68.9187963303266,67.72260616039792,68.18267822265625,5886469
2023-03-15,67.90664496917697,69.10282822063384,67.90664496917697,68.55074310302734,5339241
2023-03-16,68.55074127868039,69.01081336779905,68.09066918956172,68.9188003540039,4971988
2023-03-17,68.91880008255761,70.39102935791016,68.82678706912488,70.39102935791016,11938590
2023-03-20,70.29901222370373,70.29901222370373,69.28685509498821,69.37886810302734,2948901
2023-03-21,69.56289924528845,69.93095832471026,69.37887321564905,69.47088623046875,1818729
2023-03-22,69.6549180457713,70.11499017822723,69.19484591331536,69.83895111083984,3275863
2023-03-23,70.11498838477259,70.66708054571276,69.47089022386696,70.48304748535156,4339082
2023-03-24,70.85110213950864,70.85110213950864,70.11498398454745,70.66707611083984,4062779
2023-03-27,70.66707937618408,71.31117752642997,70.48304631886857,71.12715148925781,4126072
2023-03-28,71.3111717861026,71.49519780846124,70.66707368770459,71.03512573242188,3973623
2023-03-29,71.31118334256685,71.77125549316406,71.2191703164762,71.77125549316406,4847863
2023-03-30,71.77125549316406,71.86326851925472,71.12715729038554,71.77125549316406,4021825
2023-03-31,71.77124456590222,71.86325757798379,71.21915947327,71.31117248535156,5354226
2023-04-06,71.77124963950372,71.77124963950372,70.48304631886857,71.12715148925781,4249050
2023-04-07,71.40318549743313,71.4951985095147,70.94311341688247,71.31117248535156,2390854
2023-04-10,71.40318809541041,71.77124717727119,70.94311599812022,71.49520111083984,2982366
2023-04-11,71.58722434618048,71.95527642434918,71.31117826741057,71.67923736572266,5271461
2023-04-12,71.58722434618048,71.77125038526484,71.31117826741057,71.67923736572266,4636197
2023-04-13,71.77125038526484,71.95527642434918,71.21916524786839,71.67923736572266,4558309
2023-04-14,71.21916524786839,71.67923736572266,71.12715222832622,71.67923736572266,4151037
2023-04-17,71.77124717727119,71.77124717727119,71.311175079981,71.49520111083984,3276279
2023-04-18,71.31117826741057,71.67923736572266,70.8511061495563,71.67923736572266,3323784
2023-04-19,71.67922821740677,71.77124122520546,70.57505106339504,70.8510971069336,3769197
2023-04-20,70.39102504779765,71.12714315047215,70.1149790042591,70.8510971069336,3202566
2023-04-21,71.31117826741057,71.67923736572266,70.94311916909848,71.67923736572266,7334006
2023-04-24,71.49520939474817,72.04730159157994,71.31118334256685,71.77125549316406,7938234
2023-04-25,71.86326011475512,71.95527313008475,70.7590898905135,71.21916198730469,7367816
2023-04-26,71.31118334256685,71.77125549316406,71.12715729038554,71.77125549316406,7100772
2023-04-27,71.40318809541041,71.77124717727119,71.12714904912215,71.49520111083984,7043794
2023-04-28,71.95528154534539,71.95528154534539,71.31118334256685,71.77125549316406,5351040
2023-05-02,71.77124456590222,71.86325757798379,70.94311341688247,71.31117248535156,4415506
2023-05-03,71.3111743122734,71.40318732671224,70.85110221993615,70.943115234375,2715160
2023-05-04,71.31117759411954,71.58722367028315,71.03513151795595,71.40319061279297,3077542
2023-05-05,71.67923155382066,71.67923155382066,71.03512642896403,71.31117248535156,2406557
2023-05-08,71.49520111083984,71.67923416184178,71.21916206455157,71.49520111083984,3527246
2023-05-09,71.67923052806131,72.23131561279297,71.3111714648593,72.23131561279297,4556675
2023-05-10,72.1393036343713,72.1393036343713,70.94311341688247,71.31117248535156,3767035
2023-05-11,71.311175079981,71.58722114641235,71.03512901354965,71.49520111083984,2544579
2023-05-12,71.31117752642997,71.31117752642997,70.57505933745466,71.12715148925781,3670099
2023-05-15,70.57505691625944,71.77124717727119,70.57505691625944,71.49520111083984,3180128
2023-05-16,72.04729028731107,72.59937537737642,71.49519817710294,72.50736236572266,6572120
2023-05-17,72.41534635895896,73.7955626709097,72.13930730865471,73.51952362060547,10748277
2023-05-18,73.61152910005295,74.34764719911047,73.51951609270638,73.7955551147461,8337306
2023-05-19,73.79556091665114,74.16361999511719,73.61153488748963,74.16361999511719,6712539
2023-05-22,74.07161969121277,74.53169186320788,73.61154751921765,74.25564575195312,6220002
2023-05-23,74.53169186320788,74.71571792394823,73.61154751921765,74.25564575195312,5968271
2023-05-24,74.34764611265038,74.43965911865234,73.7035410303519,74.43965911865234,4670583
2023-05-25,73.8875743228493,74.43965938094878,73.24346923828125,73.24346923828125,5723534
2023-05-26,72.2313163106186,72.78340140068393,71.40318516544917,72.50736236572266,6392334
2023-05-29,72.69139021870768,73.05944929472975,72.1393051147461,72.1393051147461,5094422
2023-05-30,72.13930442121485,72.96743557926725,71.8632583618164,71.8632583618164,7372412
2023-05-31,72.41534530542025,72.59937835642218,71.49520111083984,71.49520111083984,14948002
2023-06-01,72.0472957837936,72.13930880246703,71.40319061279297,71.40319061279297,4725334
2023-06-02,71.95527137490159,72.32333044738519,71.49519928933279,71.8632583618164,5878374
2023-06-05,71.955279728694,72.59938493535473,71.955279728694,72.41535186767578,2878350
2023-06-06,72.50736754379993,73.42751176633475,72.32333448720699,72.87541961669922,5349979
2023-06-07,73.24347174971558,73.42750478882061,72.69138667268574,73.15145874023438,4747708
2023-06-08,73.24347679158596,73.4275098433593,72.78340469236728,72.96743774414062,2544167
2023-06-09,73.33549056692613,73.61153663737355,72.9674384998538,73.51952362060547,3755121
2023-06-12,73.51952041136869,73.61153342412025,73.1514613402195,73.33548736572266,2350017
2023-06-13,73.15146569151698,73.51952478455956,72.87541961669922,72.87541961669922,5226318
2023-06-14,72.87541961669922,73.51952478455956,72.7834065984744,72.87541961669922,3711270
2023-06-15,72.9674428493292,73.42751498073696,72.41535067552499,73.05945587158203,3921555
2023-06-16,73.05944652320187,73.97959066827963,72.8754134821007,73.70354461669922,11897984
2023-06-19,73.05945007114441,73.33548911598723,72.69139099121094,72.69139099121094,3030668
2023-06-20,72.87541370828944,72.96743373919699,71.95526956035577,72.23131561279297,4847469
2023-06-21,72.23131310327182,72.32332611083984,71.67922803772116,72.32332611083984,4911628
2023-06-26,72.5993867682678,72.5993867682678,71.49520939474817,71.77125549316406,5890676
2023-06-27,71.49520034115109,71.6792333901718,70.943115234375,70.943115234375,4787424
2023-06-28,70.66707725801649,70.66707725801649,69.74693305944932,70.0229721069336,8210809
2023-06-29,70.40613502854002,70.7892991298006,69.73560333251953,69.73560333251953,9490964
2023-06-30,69.44823455810547,70.11876631329832,69.25665614469266,69.44823455810547,6557917
2023-07-03,69.44822757309801,69.92718086670558,69.0650634765625,69.0650634765625,4094524
2023-07-04,68.87348736852248,68.87348736852248,67.81979154926015,67.91558074951172,8562099
2023-07-05,67.91557526429247,68.39452853511506,67.53241118598501,67.81978607177734,5527810
2023-07-06,67.43662454153913,67.62820293380811,66.09555387091461,66.2871322631836,12142561
2023-07-07,66.09555667152269,66.57450998073661,65.61660336230875,65.80818176269531,6969578
2023-07-10,65.61660484645678,66.47872228419115,65.61660484645678,66.0955581665039,6317079
2023-07-11,66.19134243101463,67.14924899964943,66.19134243101463,66.67029571533203,4812273
2023-07-12,66.09554991938018,66.67029237007326,65.90397153856473,66.47871398925781,6898766
2023-07-13,66.67030481542095,67.34084388993806,66.67030481542095,66.95767974853516,5300756
2023-07-14,67.62819943917643,68.29873839396275,67.05345698382162,68.20294189453125,6636773
2023-07-17,68.0113644568076,68.10715364932274,67.43662199346988,67.81978607177734,3918173
2023-07-18,67.34083955771513,68.01137128084694,67.14925384521484,67.14925384521484,7097401
2023-07-19,67.72399235711227,68.20294564763851,67.14924987013022,67.34083557128906,7604098
2023-07-20,67.72399019984255,67.91557589489865,67.24503692457282,67.4366226196289,6012741
2023-07-21,67.91558474345483,68.29874887524154,67.24504568576609,67.7239990234375,8597144
2023-07-24,67.43662325294406,67.62820164155231,66.8618807788722,67.05345916748047,8252196
2023-07-25,67.05345980443538,67.24503819486348,66.57450652011798,66.67029571533203,4148037
2023-07-26,66.67029508201688,67.1492483617846,66.57450588771275,67.05345916748047,4364486
2023-07-27,67.05345916748047,67.24503755608873,66.76608427632101,67.05345916748047,2948985
2023-07-28,67.14925267215958,67.53241678221883,66.86188507080078,66.86188507080078,3593006
2023-07-31,67.05345916748047,67.34083405863993,66.8618807788722,67.05345916748047,4250812
2023-08-01,67.14924347142221,67.91557158653904,67.14924347142221,67.6281967163086,3712414
2023-08-02,67.24503603258844,67.43662172510322,66.574504379404,66.76608276367188,7520885
2023-08-04,66.76608427632101,67.53241244724819,66.76608427632101,67.05345916748047,4727536
2023-08-07,66.86189054024646,67.43663309822675,66.86189054024646,66.95767974853516,2168725
2023-08-08,66.95767125261946,67.05346044875395,66.1913430670491,66.2871322631836,5397235
2023-08-09,66.67030052633564,67.14925384521484,66.57451132420934,67.14925384521484,2975245
2023-08-10,66.86187926405272,66.95766845618665,66.574504379404,66.76608276367188,3278613
2023-08-11,66.76608491054608,67.14924899964943,66.67029571533203,66.67029571533203,2104885
2023-08-14,66.6702991809299,66.6702991809299,65.71239256250203,65.80818176269531,3942094
2023-08-15,65.80818676697983,65.99977249018276,65.23344421386719,65.23344421386719,3293093
2023-08-16,64.17974305705155,64.56290716381778,63.79657895028534,64.08395385742188,6590207
2023-08-17,63.317623138427734,63.700787230032255,62.45550575937936,63.317623138427734,7637634
2023-08-18,63.41341383776807,64.08395284103592,63.31762463965762,63.60499954223633,4973234
2023-08-21,63.700794722806734,64.08395885948075,63.12605217191974,63.50921630859375,3595197
2023-08-22,63.31762426844283,63.60499916933673,62.742881774902344,62.742881774902344,4766715
2023-08-23,62.742881774902344,63.030256675796245,62.45550687400845,62.742881774902344,2916453
2023-08-24,62.742883270964775,63.221836578376724,62.551304871298996,63.03025817871094,3378639
2023-08-25,63.030257163220845,63.12604636151046,62.55130386352539,62.55130386352539,4014325
2023-08-28,62.45549988724601,63.41340637207032,62.35971070041288,63.41340637207031,2803972
2023-08-29,63.31762022319041,64.17973756254561,63.030252648903236,63.9881591796875,2985889
2023-08-30,64.08395107232958,64.65869355337684,63.988161876862904,64.56290435791016,3479612
2023-08-31,64.46711541324129,64.56290460908062,63.317623138427734,63.317623138427734,10781575
2023-09-01,63.60499990516237,64.56290650822733,63.50921070650536,64.46711730957031,1763186
2023-09-04,64.37131378453684,65.42501677962548,64.27552459632331,65.13764190673828,2666211
2023-09-05,64.75447997605663,65.23343324112842,64.75447997605663,65.04185485839844,3002222
2023-09-06,64.94606692311869,65.52080939067125,64.27552795410156,64.27552795410156,3581355
2023-09-07,64.08395107232958,64.65869355337684,63.79657617768238,64.56290435791016,3820014
2023-09-08,64.4671163434383,65.04185883501447,64.27553064074807,64.85027313232422,2455559
2023-09-11,65.13764404976342,65.32922243249341,64.85026916742162,65.04185485839844,2745743
2023-09-12,65.04185543125348,65.9997619698338,64.75448054638062,65.71238708496094,4865596
2023-09-13,65.71239354481703,65.99976845794028,65.32922943006858,65.4250259399414,2103261
2023-09-14,66.09555387091461,66.2871322631836,65.71238977812943,66.2871322631836,4491847
2023-09-15,66.2871322631836,66.4787179636998,65.80817897426392,66.2871322631836,10876127
2023-09-18,66.09554718392185,66.09554718392185,65.712383129902,65.90396881103516,1566386
2023-09-19,65.8081762771696,66.09555116204245,65.23343381567078,65.71238708496094,1874482
2023-09-20,65.52081298828125,65.80818058371278,65.23343808460233,65.52081298828125,1989899
2023-09-21,65.13763974317864,65.32921811324238,64.08394409133531,64.17973327636719,6625795
2023-09-22,63.79657895028534,64.37132145631094,63.60500055102597,64.08395385742188,2517401
2023-09-25,64.37131983796954,64.94606963779299,64.1797414435266,64.85027313232422,1469397
2023-09-26,63.98816482477755,64.46711813242334,63.60500071701141,63.89236831665039,4891181
2023-09-27,63.41341335583612,64.08395235400798,63.41341335583612,63.79657745361328,3526242
2023-09-28,63.89236665099575,64.27553074877291,63.509209861465884,63.79657745361328,2987292
2023-10-02,63.98816364292548,63.98816364292548,63.31762463965762,63.60499954223633,3073908
2023-10-03,62.93446183802713,63.31762594662534,62.83867263793945,62.83867263793945,3870299
2023-10-04,62.26392875571224,62.359717953686946,61.49760055541992,61.49760055541992,9151362
2023-10-05,61.976558685302734,62.3597228153208,61.59340186353259,61.976558685302734,4247484
2023-10-06,62.4555073569884,62.74288226010462,61.976554057292944,62.55130386352539,2703412
2023-10-11,63.79657348858254,64.17973756254561,62.55129938351111,63.9881591796875,9891953
2023-10-12,64.37131983796954,64.94606963779299,64.08395224630512,64.85027313232422,7753114
2023-10-13,63.98816965237425,64.17974806658724,63.22184137902623,63.50921630859375,6263986
2023-10-16,63.030255550909736,63.317623138427734,62.742880655144546,63.317623138427734,4807150
2023-10-17,62.83866819389038,63.31762146870394,62.64708980726375,63.221832275390625,6592281
2023-10-18,62.838668131096696,64.27552795410156,62.07234727710896,64.27552795410156,20061889
2023-10-19,62.742884097322055,63.41341581323105,62.455509185791016,62.455509185791016,7888661
2023-10-20,61.593400707244385,62.07235403371363,61.30602578806372,61.68918991088867,8021903
2023-10-23,61.30602129894572,61.59339619708343,60.82706800754771,61.01865005493164,7028167
2023-10-24,60.6354866027832,61.21023275102619,60.539697405137865,60.6354866027832,5675381
2023-10-25,60.635486927148165,60.922858175745105,60.443904876708984,60.443904876708984,5935728
2023-10-26,60.060745567250535,60.44390602126066,59.869163513183594,59.869163513183594,6340737
2023-10-27,59.77337297384635,60.15653341927084,59.581790924072266,59.581790924072266,6098265
2023-10-30,59.67757974544241,59.86916179400796,58.528091108172724,58.71967315673828,10021611
2023-10-31,58.62388300298407,59.8691608171562,58.62388300298407,59.29441833496094,8296434
2023-11-01,59.39020705145271,59.869160334125716,59.10283581267362,59.48599624633789,4701352
2023-11-02,60.3481174982274,60.731281610659316,59.96495338579549,60.53969955444336,4416623
2023-11-03,60.63548729054901,61.30602264404297,60.53969809181717,61.30602264404297,3724863
2023-11-06,61.88076764957078,62.16814256564643,61.30602512566719,62.07235336303711,6142373
2023-11-07,61.78497744997882,61.88076665104245,61.401813337476725,61.59339904785156,3673305
2023-11-08,61.593398558622944,61.784976959228516,61.11444159473772,61.784976959228516,3345374
2023-11-09,61.88076485900333,62.55130386352539,61.59339726413448,62.55130386352539,5344529
2023-11-10,62.07235121208695,62.359718809956945,61.88076550525951,62.16814041137695,2991804
2023-11-13,62.16814256564643,62.55130668433139,61.59340004174283,62.07235336303711,3836932
2023-11-14,62.551304871298996,63.03025817871094,61.97655505580667,63.03025817871094,6036331
2023-11-15,63.700782158795526,65.13764190673828,63.317618097694805,65.13764190673828,13861012
2023-11-16,65.42502378980407,65.52081298828125,64.46711718853753,65.52081298828125,7640373
2023-11-17,65.5208093273094,65.90397340805622,65.04185605343761,65.3292236328125,5602350
2023-11-20,65.23343603442409,65.32922522989077,64.08395107232958,64.56290435791016,6076874
2023-11-21,64.8502717732765,66.67029571533203,64.56290418763435,66.67029571533203,15036524
2023-11-22,66.19134251689827,66.28713171223662,65.6166000366211,65.6166000366211,5513916
2023-11-23,65.52081084128275,65.99976412622159,64.94606836100557,65.6166000366211,5807522
2023-11-24,65.99976260118119,66.1913409874311,65.3292236328125,65.3292236328125,7424736
2023-11-27,65.3292264266789,66.38292952085702,64.85027313232422,64.85027313232422,8943997
2023-11-28,65.23343381567078,66.57450443133261,64.94606623904482,65.71238708496094,11007637
2023-11-29,65.7123913852356,66.4787195895478,65.42502378980407,65.52081298828125,8712795
2023-11-30,65.52081914454754,66.47872583581798,65.23344421386719,65.23344421386719,15615664
2023-12-01,65.23344421386719,65.99977249018276,65.04186579891233,65.23344421386719,5139186
2023-12-04,65.2334392532881,66.09555667152269,65.2334392532881,65.80818176269531,5463961
2023-12-05,65.2334392532881,66.09555667152269,65.2334392532881,65.80818176269531,5240855
2023-12-06,65.80818176269531,66.19134587171597,65.80818176269531,65.80818176269531,3536972
2023-12-07,65.61660835202497,65.80818676697983,65.23344421386719,65.23344421386719,1733424
2023-12-08,65.61659577311218,65.80817415134085,64.56290007636117,64.75447845458984,3848497
2023-12-11,64.75448490554136,64.75448490554136,64.17974240535186,64.46711730957031,2948702
2023-12-12,65.23343443968754,65.3292236328125,64.85027035894072,65.3292236328125,3118940
2023-12-13,65.23343903970813,65.23343903970813,63.70078991689107,63.89236831665039,5556570
2023-12-14,65.13764404976342,65.32922243249341,64.17973751961985,65.04185485839844,6964707
2023-12-15,65.32922740573085,65.32922740573085,64.46711730957031,64.46711730957031,12257883
2023-12-18,64.37131164643093,64.46710813970917,63.89235841302521,64.17973327636719,5306460
2023-12-19,63.79657745361328,64.17974155139045,63.41341335583612,63.79657745361328,5000447
2023-12-20,63.70078429715348,64.37131594540372,63.221831031761354,63.9881591796875,6462335
2023-12-21,63.221832275390625,63.413410662017256,62.83866819389038,63.221832275390625,5969278
2023-12-22,62.647093226626154,63.03025732904001,62.26392912421229,62.359718322753906,4269810
2023-12-25,62.16813928136186,62.838670972451204,61.880764380467966,62.742881774902344,1791323
2023-12-26,63.126044746749066,63.50920883835359,62.742880655144546,63.317623138427734,2390826
2023-12-27,63.317623138427734,63.60499803419292,63.030255550909736,63.317623138427734,4330151
2023-12-28,63.221826809555736,64.17973327636719,63.12603762452386,64.17973327636719,5857417
2023-12-29,63.7965796058875,64.27553291720534,63.509212004045324,63.70079040527344,3334226
2024-01-02,63.413415009004595,64.0839540246572,63.317625809124934,63.89236831665039,2987997
2024-01-03,63.03025834636232,63.31762594662534,62.45550852934124,62.83867263793945,4754999
2024-01-04,62.6470942377641,63.03025834636232,62.55130503767642,62.83867263793945,1549834
2024-01-05,62.83867312823262,63.221837239820445,62.6470947265625,62.6470947265625,1295225
2024-01-08,63.03025817871094,63.60500068595577,62.83867247079767,63.03025817871094,1986948
2024-01-09,63.22183572612325,63.31762492466487,62.359718322753906,62.359718322753906,2066683
2024-01-10,62.26393026898998,62.26393026898998,61.784976959228516,61.784976959228516,2370830
2024-01-11,61.593400385197775,61.68918958834123,60.82707214355469,60.82707214355469,6396223
2024-01-12,60.63548729054901,61.30602264404297,60.53969809181717,61.30602264404297,2287111
2024-01-15,61.306023299163805,61.59339820667763,60.539698738749,60.92285919189453,2679628
2024-01-16,60.060741008022326,60.34811224024643,59.19862365722656,59.19862365722656,9549412
2024-01-17,58.62388220887585,58.71967140323632,57.57018280029297,57.57018280029297,15993528
2024-01-18,57.57018280029297,58.14492892882641,57.57018280029297,57.57018280029297,7372215
2024-01-19,57.28281370195521,57.95334904988607,56.89965325608306,57.474395751953125,7794320
2024-01-22,57.474394726152184,57.76176596895822,56.99544143676758,56.99544143676758,5174752
2024-01-23,56.99544377740311,57.76176834106445,56.899654577241854,57.76176834106445,3059389
2024-01-24,57.8575605418512,58.336513845495254,57.761767688648156,58.14493179321289,2985100
2024-01-25,58.24071748650485,58.33651033394166,57.761764211691286,57.953346252441406,2252163
2024-01-26,57.953344546682466,59.19862229372038,57.85755535618854,58.911251068115234,3067718
2024-01-29,58.528089369293916,59.86916001528573,58.528089369293916,59.67757797241211,3695681
2024-01-30,59.67757804968515,59.869160092806844,58.52808944507856,58.62388229370117,4272412
2024-01-31,58.62388093555303,58.91125216651623,58.240716858186474,58.336509704589844,3965771
2024-02-01,59.0070426494162,59.773370820910685,58.62388221779249,59.67757797241211,4732980
2024-02-02,59.67757599013254,59.77336883544922,59.1986227259194,59.77336883544922,2911224
2024-02-05,58.43230056762695,58.91125385096816,58.24071852346576,58.43230056762695,5603994
2024-02-15,57.95334696983702,58.815464336822856,57.47439368909457,58.62388229370117,6688549
2024-02-16,59.198622918875465,59.198622918875465,58.33650923295583,58.5280876159668,3475858
2024-02-19,59.00704574584961,59.390209851703645,58.432303241192294,59.00704574584961,5691674
2024-02-20,58.91125520530383,59.10283725386939,58.43230191095177,58.71967315673828,3422793
2024-02-21,58.719671806806964,58.91125385096816,58.24071852346576,58.43230056762695,4359338
2024-02-22,58.432299527254976,58.52808872056829,57.761764211691286,57.953346252441406,4520979
2024-02-23,57.47439440403727,57.66597644954211,57.1870231628418,57.1870231628418,9199092
2024-02-26,56.99544080003943,57.378604888916016,56.99544080003943,57.378604888916016,3347076
2024-02-27,57.09123176841718,57.2828138188059,56.42070007324219,56.42070007324219,11552009
2024-02-29,56.42069863494602,57.1870231628418,56.03753454393634,57.1870231628418,11085353
2024-03-01,56.516489925547546,56.61227912478881,56.03753662109375,56.03753662109375,7903288
2024-03-04,55.65436768213263,55.65436768213263,55.17541441927736,55.55857849121094,10601816
2024-03-05,55.175418319291715,55.65437161600128,54.504886627197266,54.504886627197266,12815027
2024-03-06,54.40909475430142,54.792258860212364,53.738559396019134,53.93014144897461,14343071
2024-03-07,53.83434812997085,54.31330139864652,53.54697689959013,54.12171936035156,9721969
2024-03-08,53.642767828864024,53.83434987336325,53.06802534948991,53.163814544677734,14330060
2024-03-11,52.97223140024205,54.12171998924541,52.97223140024205,53.738555908203125,6011765
2024-03-12,53.9301407998242,54.40909409938592,53.9301407998242,54.31330490112305,5522617
2024-03-13,54.217512006084704,54.40909405658341,52.97223415902862,53.259605407714844,9511255
2024-03-14,53.451186174320945,54.121721507898386,53.06802573665069,54.02593231201172,8805159
2024-03-15,53.64276962980218,53.9301408791371,52.205909729003906,52.205909729003906,51118552
2024-03-18,52.87644609881126,53.35539940830389,52.49328198956765,52.68486404418945,7672104
2024-03-19,52.397492789318626,53.06802815343306,52.397492789318626,52.68486404418945,7553034
2024-03-20,52.68486265452549,52.876444704093956,51.34379196166992,51.34379196166992,13037381
2024-03-21,50.86484000646795,53.06802815343306,50.86484000646795,52.68486404418945,10903953
2024-03-22,52.68486054531655,52.972231781102664,52.20590726763186,52.49327850341797,6788140
2024-03-25,52.39749033577453,52.972232818603516,52.3016974858873,52.972232818603516,3536127
2024-03-26,53.163814932537356,54.313303553795315,52.97223288664043,54.02593231201172,9637192
2024-03-27,53.64276885986328,54.12172215325492,53.64276885986328,53.64276885986328,5725948
2024-03-28,53.54697927977271,53.9301397192708,52.68486189618567,52.7806510925293,6357915
2024-03-29,53.45118467448316,54.40909122296538,53.25960263396202,53.738555908203125,5116000
2024-04-01,54.12172141697096,55.27121003629772,53.9301393713959,55.079627990722656,10161109
2024-04-02,54.98383712768555,54.98383712768555,54.2175089686232,54.98383712768555,5536842
2024-04-03,54.600673992542134,54.98383807870062,54.40909194946289,54.40909194946289,6609502
2024-04-08,53.64276782000764,55.271209716796875,53.54697862483563,55.271209716796875,12329472
2024-04-09,55.366999142496084,56.133323669433594,55.07962790165996,56.133323669433594,9855310
2024-04-10,56.3249043548604,56.42069720224213,55.75016188706404,55.845951080322266,6174426
2024-04-11,55.4627945789487,55.55858377898711,54.60067716210803,54.792259216308594,5778474
2024-04-12,54.50488385533332,55.079626320506605,54.12171977580214,54.98383712768555,8312701
2024-04-15,54.69646636214643,54.888048416347004,54.31330590786905,54.792259216308594,5957329
2024-04-16,54.121721113050306,54.40909235273737,52.87644330499068,53.163814544677734,9408083
2024-04-17,52.97223529906028,53.25960655393111,52.49328198956765,52.68486404418945,7792853
2024-04-18,52.58907339296304,53.54697998551884,52.397491343627145,53.45118713378906,6675560
2024-04-19,52.87644609881126,53.93014191804554,52.20591073469682,52.68486404418945,11105259
2024-04-22,53.73855763863056,55.17541750762201,53.73855763863056,54.88804626464844,10556653
2024-04-23,55.17541864785992,55.462793550895896,54.217512048736495,54.31330490112305,6705604
2024-04-24,54.313303553795315,54.983838887372755,54.02593231201172,54.02593231201172,4442775
2024-04-25,53.83435123246085,54.02593328179674,53.06802668924094,53.45118713378906,5366872
2024-04-26,53.16381620952733,53.93014075739848,53.16381620952733,53.259605407714844,4426529
2024-04-29,53.355398501107636,55.175418853759766,53.355398501107636,55.175418853759766,8805050
2024-04-30,54.40909409938592,54.79225820068476,54.31330490112305,54.31330490112305,6671448
2024-05-02,54.313301815567726,55.079626320506605,54.02593058298108,54.98383712768555,6942040
2024-05-03,55.07962727317847,55.462791359336954,54.313302754985045,54.40909194946289,8333540
2024-05-06,54.79225643268966,55.55858095643649,54.60067438822207,55.271209716796875,8027111
2024-05-07,55.750164467817385,56.03753571501839,54.40909377538116,54.504886627197266,9591237
2024-05-08,54.50488695177247,54.983840251334186,54.31330490112305,54.31330490112305,6877930
2024-05-09,54.12172350193008,54.600676807256896,53.834352249558734,53.93014144897461,5483313
2024-05-10,53.93013835571458,54.88804491142576,53.738556313747644,54.60067367553711,7519308
2024-05-13,54.40909274968198,54.69646399146557,53.93013946200146,54.02593231201172,5345425
2024-05-14,54.50488479806428,55.17541646765632,54.217509906383654,54.40909194946289,6448478
2024-05-15,54.69646318701999,55.07962727317847,54.02593151742795,54.40909194946289,7796227
2024-05-16,54.88804428074101,55.079626320506605,54.409091008388785,54.98383712768555,9836100
2024-05-17,54.88804385940796,55.27120793599788,54.12171936035156,54.12171936035156,8623081
2024-05-20,54.69646636214643,54.792259216308594,54.31330590786905,54.792259216308594,5063678
2024-05-21,54.504884876763604,54.504884876763604,52.97223218404022,53.35539627075195,12588209
2024-05-22,53.16381632953609,53.16381632953609,52.205909729003906,52.205909729003906,26721889
2024-05-23,52.01432915438695,52.39749326712459,51.4395866394043,51.4395866394043,16864029
2024-05-24,51.152212542145584,51.24800173795026,50.38588435921381,50.864837646484375,22843898
2024-05-27,50.86484000646795,52.68486404418945,50.2900974967263,52.68486404418945,29521972
2024-05-28,52.01432418823242,52.68485949444091,51.056417651969866,52.01432418823242,38030850
2024-05-29,52.20590831249139,52.20590831249139,50.864837646484375,50.864837646484375,32474303
2024-05-30,50.48167901976956,50.96063232421875,49.81114366271594,50.96063232421875,44213643
2024-05-31,50.57746821900991,51.15221437682317,50.290096967165134,50.96063232421875,43787044
2024-06-03,50.96063026402051,50.96063026402051,49.906930844356225,50.002723693847656,24151101
2024-06-04,49.90692980628734,50.002722653786265,48.94902325603903,49.52376937866211,27931551
2024-06-05,49.2364012580793,49.42797965694541,48.85323715209961,48.85323715209961,16019909
2024-06-06,48.85323444689692,49.1406056834069,48.18269912562461,48.27849197387695,18580565
2024-06-07,48.27849118693486,48.94902284315394,47.703745069159766,48.661651611328125,16951824
2024-06-11,48.757444458019044,49.332186921670676,48.661651611328125,48.661651611328125,11806072
2024-06-12,48.66165473819497,49.0448188413328,47.991119384765625,47.991119384765625,11518939
2024-06-13,48.56586553947236,48.75744759104128,47.991119384765625,47.991119384765625,9965477
2024-06-14,48.086911270757874,48.56586456298828,47.99111841983761,48.56586456298828,7136450
2024-06-17,48.56586521138924,48.56586521138924,48.182701110839844,48.182701110839844,6363190
2024-06-18,48.27849396303903,48.47007235919005,47.79954066441414,48.182701110839844,15534999
2024-06-19,48.3742839798162,48.47007317951287,47.79954147338867,47.79954147338867,12315366
2024-06-20,48.182698340243945,48.85323365058649,48.086909147676494,48.661651611328125,13535411
2024-06-21,49.04481920508945,49.42797965694541,48.85323715209961,48.85323715209961,26955913
2024-06-24,48.94902598848649,49.236400892901706,47.991119384765625,47.991119384765625,18159260
2024-06-25,48.47007100233983,48.56586385185743,47.7516410745139,47.895328521728516,18212407
2024-06-26,47.9911191793127,48.08691203174891,47.129005432128906,47.129005432128906,26437183
2024-06-27,46.93742370605469,47.08111115864107,46.21899375137018,46.93742370605469,25460309
2024-06-28,47.033214237663806,47.991120871051045,46.745842978472396,47.224796295166016,12304034
2024-07-01,47.4163720743002,47.464266668803106,46.985313415527344,46.985313415527344,8072013
2024-07-02,46.84163212282429,46.84163212282429,46.17109680175781,46.17109680175781,13738478
2024-07-03,46.218990015413894,46.45846664761812,45.93161878759352,46.41057205200195,9111748
2024-07-04,46.65005075388647,47.60795732520191,46.55425790428078,47.36848068237305,10077561
2024-07-05,47.36848274003208,47.36848274003208,46.74584197998047,46.74584197998047,8068375
2024-07-08,46.745840265467315,47.27268815242867,46.745840265467315,47.17689895629883,9084124
2024-07-09,47.22479392834741,47.22479392834741,46.314781941412875,46.45846939086914,7359492
2024-07-10,46.55425755248022,46.65005040136202,45.979515075683594,45.979515075683594,11264584
2024-07-11,46.31478540918095,46.745844135701155,45.83583208063048,46.650054931640625,13889156
2024-07-12,46.69794693139195,48.66165473819497,46.45847028046173,47.991119384765625,23302893
2024-07-15,48.374281526954505,48.4700707217941,47.41637496206432,47.560062408447266,9715178
2024-07-16,47.703746565537934,48.08691065607382,46.84163284301758,46.84163284301758,15939173
2024-07-17,47.18176763635713,49.465542377414124,47.13317747318396,48.97963333129883,22118371
2024-07-18,48.979634505995705,49.659904221118836,48.78527014144971,49.27117919921875,22512746
2024-07-19,49.173993983991494,49.173993983991494,48.25076976212588,48.97963333129883,14309926
2024-07-22,48.97963413890034,48.97963413890034,48.007816030645905,48.882450103759766,13085745
2024-07-23,49.07681446684903,49.27117882993829,48.59090541272181,48.882450103759766,8274783
2024-07-26,48.39654251350534,48.54231671702956,47.910633444680606,48.29936218261719,11456545
2024-07-29,48.445131759981344,48.88245065506639,48.29936126641427,48.396541595458984,8706979
2024-07-30,48.39653803855911,48.39653803855911,47.61908434176454,48.15358352661133,6434607
2024-07-31,48.10499519348144,48.688084561434806,47.91063083509973,48.590904235839844,7904478
2024-08-01,48.59090596074033,48.68808628978505,48.056406736610576,48.396541595458984,8433961
2024-08-02,47.66767646699378,47.86204082599966,46.890222738162095,47.08458709716797,14528818
2024-08-05,45.918403481560816,46.015583804994314,43.63463251614823,44.6550407409668,21830982
2024-08-06,44.70363298568779,45.96699578514929,43.63463454934158,45.48108673095703,14228749
2024-08-07,44.99517918377747,46.25854202555247,44.99517918377747,46.16136169433594,9350646
2024-08-08,45.189541777592964,46.064179552939244,45.04376757930463,45.09236145019531,13193452
2024-08-09,45.043768474713055,46.25854112729099,45.043768474713055,45.626861572265625,14628450
2024-08-12,45.67545199128815,46.015586853027344,45.28672325742168,46.015586853027344,7311791
2024-08-13,45.86981414657619,45.9184043091687,44.46067718824271,44.557857513427734,10687049
2024-08-14,44.703633863813934,46.8416344856956,44.703633863813934,46.015586853027344,17008243
2024-08-15,46.55009038926669,46.55009038926669,44.89799880981445,44.89799880981445,10759782
2024-08-16,45.77263169820467,46.3071346267946,45.23813247680664,45.23813247680664,10877266
2024-08-19,45.23813194129178,45.48108646697777,45.04376757930463,45.09236145019531,4739852
2024-08-20,45.1895407487057,45.1895407487057,44.120542342903356,44.557857513427734,14768717
2024-08-21,44.26631724807679,45.04377104871547,44.2177270806354,44.703636169433594,7827272
2024-08-22,44.70363559517809,45.578273426656246,44.460681053899954,45.189544677734375,7093602
2024-08-23,44.800812952904934,44.995177314455155,44.36349777340675,44.46067810058594,4669517
2024-08-26,44.60645435458264,45.43249829525594,44.55786048156137,45.28672409057617,7763937
2024-08-27,44.703636169433594,44.898000546391295,44.41209145759311,44.703636169433594,5509507
2024-08-28,44.50926735083522,44.65504154580453,44.07194847311907,44.557857513427734,7598135
2024-08-29,44.21772673984082,44.50927144943431,44.120546405707024,44.31490707397461,4582517
2024-08-30,44.41208994674601,44.70363464866848,44.02336120605469,44.02336120605469,31781208
2024-09-02,44.217725900951564,44.26631606709662,42.85717900573777,43.14872741699219,15914384
2024-09-03,42.905774033757794,42.95436420121051,41.88536198129004,42.176910400390625,17195556
2024-09-04,40.81636216905382,41.01072653986867,39.164270577915616,39.35863494873047,29754651
2024-09-05,39.50440966383716,39.60158999690365,38.19245292428707,38.24104309082031,19893821
2024-09-06,38.289634697584574,39.31004296313715,37.60936128481891,38.92131423950195,14770739
2024-09-09,37.80372941984028,38.33822868779335,37.46359082591216,38.28963851928711,14696389
2024-09-10,38.143859481079396,38.28963367534876,37.5121762488345,37.755130767822266,11186298
2024-09-11,37.70654559548885,39.115682733539266,37.70654559548885,38.67836380004883,10592735
2024-09-12,39.50441089910229,39.50441089910229,38.289638161825984,39.16427230834961,11783103
2024-09-13,39.06709116577088,40.76777296285003,38.96990712447966,40.524818420410156,12423347
2024-09-16,40.5248164187123,41.69099890625928,40.184677851782126,40.962135314941406,11502927
2024-09-18,40.962135314941406,41.496634540469465,40.719180784502115,40.962135314941406,9708384
2024-09-19,41.01072608901327,41.73958969116211,40.573407186285564,41.73958969116211,10861154
2024-09-20,41.78818222834866,42.27409132402713,41.44804734425061,41.691001892089844,15273755
2024-09-23,42.07972152010301,42.22549571289265,41.30226780867223,41.64240264892578,8958799
2024-09-24,41.545222325193826,41.788176841715426,41.156493615882574,41.64240264892578,8477977
2024-09-25,42.079726358293044,42.56563544720449,41.78818164638461,42.176910400390625,13263270
2024-09-26,42.56563451878182,42.71140872515255,41.93395494129013,42.27408981323242,9611640
2024-09-27,42.7114063570343,45.189541777592964,42.274087469361156,45.09236145019531,23817641
2024-09-30,45.092364923349,45.43249980263088,44.509271792475886,44.703636169433594,12868798
2024-10-01,44.70363524939267,44.84940945590882,44.21772617059492,44.80081558227539,7001218
2024-10-04,44.460680709993795,46.452907191626146,44.41209054355244,44.80081558227539,16273153
2024-10-07,44.50926707590438,44.89799578862687,43.343084644928666,44.169132232666016,11596319
2024-10-08,43.6346323714149,44.16913156290966,43.002949149617294,43.39167785644531,9006802
2024-10-09,43.68322593335005,43.68322593335005,42.17690856472253,42.37126922607422,5804126
2024-10-11,42.6628170963929,43.05154212140363,42.12831416281626,42.22549819946289,4541377
2024-10-14,41.982544756939355,42.079725088913236,41.10790694040627,41.88536071777344,6030422
2024-10-15,42.03113320564608,42.176907404842986,41.39944995204863,41.44804382324219,6045296
2024-10-16,40.71917987563689,41.3508594163646,40.670586004880114,41.0593147277832,17110209
2024-10-17,40.86495420512112,42.419865535607556,40.86495420512112,41.691001892089844,7350375
2024-10-18,42.031131744384766,42.3712665877632,41.545222706877425,42.031131744384766,6150506
2024-10-21,42.5656316515318,42.75999601120291,40.6219954692044,40.67058563232422,10325257
2024-10-22,40.330451322523764,40.379041486293254,39.79595210667568,40.18467712402344,8809585
2024-10-23,40.08749653114074,40.28186089212403,39.65017764572629,39.79595184326172,8181680
2024-10-24,39.50440894615666,40.42763321509225,39.26145441071213,40.233272552490234,7657022
2024-10-25,40.18467712402344,40.379041486293254,39.94172259798414,40.18467712402344,4510430
2024-10-28,40.18467837248215,41.107906341552734,39.84454350833656,41.107906341552734,8650150
2024-10-29,40.816359828875505,41.05931435166643,40.13608642362255,40.67058563232422,6065449
2024-10-30,40.816363129899585,41.15649800643857,40.136089669629506,40.524818420410156,6351705
2024-11-01,40.33045404501983,40.621998754509264,39.6987707517993,40.524818420410156,9568341
2024-11-04,40.427633462269576,40.67058799919954,40.08749859344444,40.62199783325195,5222197
2024-11-05,40.62199818339551,41.15649742781017,40.33045347800497,41.01072692871094,5683183
2024-11-06,40.81636336650942,41.399452788868416,40.62199898999238,40.913543701171875,6619321
2024-11-07,40.524815867374045,42.17690739332299,40.47622570338564,42.0797233581543,10456210
2024-11-08,42.51704039128023,43.00294942432343,41.49663216332785,41.64240264892578,10404161
2024-11-11,41.35086006206279,41.399450226386456,40.233271453850875,41.2050895690918,8142938
2024-11-12,40.379041219019754,40.76776994098634,39.74736167981386,39.79595184326172,11544318
2024-11-13,39.50440678096921,39.89313179205971,39.018497736712234,39.407222747802734,10196761
2024-11-14,39.35863516484405,39.35863516484405,38.24104280691611,38.4839973449707,12505875
2024-11-15,38.72695104186675,40.18467823853213,38.72695104186675,39.212860107421875,7357276
2024-11-18,39.60158924554721,41.05931645703975,39.60158924554721,40.864952087402344,14279881
2024-11-19,40.62199519832495,40.719179231108356,39.69876727643743,40.2818603515625,7223349
2024-11-20,39.74736404418945,39.74736404418945,39.74736404418945,39.74736404418945,7500327
2024-11-21,39.35863377474061,39.55299813975796,39.01849891635419,39.06708908081055,5270855
2024-11-22,39.4558158541593,39.74736426821619,38.87272644042969,38.87272644042969,7256972
2024-11-25,39.3586343099652,39.552998677625645,38.67836087674963,39.212860107421875,15397264
2024-11-26,39.01849972592801,39.99031786398657,38.726951318756846,38.969905853271484,8940076
2024-11-27,39.16427108372029,39.16427108372029,38.24104309082031,38.24104309082031,9719334
2024-11-28,38.38681438470343,38.6297689061256,37.75513114612906,38.14385986328125,7572889
2024-11-29,37.755134055680045,37.85231809605336,37.26922497538974,37.6093635559082,9335474
2024-12-02,37.85231689280832,38.28963579260657,37.463588158056105,37.94949722290039,9557210
2024-12-03,38.14386023777156,38.62976928538649,37.852315550640974,38.532588958740234,8715295
2024-12-04,38.67836204967005,38.775546090043356,37.6093635559082,37.6093635559082,10619755
2024-12-05,37.75513345171674,37.75513345171674,36.8319091796875,36.8319091796875,12193085
2024-12-06,36.831904965949555,37.02626560696711,36.248811921322094,36.44317626953125,13194996
2024-12-09,36.73472238908611,36.92908674497168,35.6657239925031,35.86008834838867,14615456
2024-12-10,35.957270402263454,37.12345288647795,35.42277117826279,35.66572570800781,15791233
2024-12-11,35.471359782748756,35.471359782748756,34.93686058225527,34.985450744628906,13045075
2024-12-12,35.03404077521929,35.22840513117446,33.72208786010742,33.72208786010742,17749987
2024-12-13,33.62490574390857,33.62490574390857,32.6530876159668,32.6530876159668,15705242
2024-12-16,32.4587267007023,33.13899641915468,32.02140780513153,32.26436233520508,15826927
2024-12-17,32.45872458579304,32.79885942285711,31.92422168870425,32.06999588012695,14595724
2024-12-18,32.16717882774824,33.1389969640209,31.827043962929604,32.410133361816406,21915271
2024-12-19,31.97281837463379,32.55590777732094,31.486909303330492,31.97281837463379,21654974
2024-12-20,31.827043080648842,31.972817279925515,30.174951553344727,30.174951553344727,34152822
2024-12-23,30.223543167114258,31.09817908310747,30.223543167114258,30.223543167114258,26931454
2024-12-24,30.417905404720273,31.243953003611548,30.417905404720273,30.46649742126465,17911881
2024-12-25,30.903814115962845,31.34113299217574,30.077770233154297,30.077770233154297,15515720
2024-12-26,30.27213314195842,30.855224366854376,30.029178619384766,30.029178619384766,12781378
2024-12-27,30.22354403005245,30.27213419481878,29.64045278487667,30.126361846923828,9655799
2024-12-30,30.02917795680731,30.02917795680731,29.251724243164062,29.251724243164062,11589021
2024-12-31,29.154543786122808,29.446088482545647,28.717224887892577,29.057361602783203,13508167
2025-01-02,28.86299908969997,29.446088482545647,28.474270356341552,29.057361602783203,15124732
2025-01-03,29.154543007646822,29.883406582837996,28.71722412109375,28.71722412109375,9354753
2025-01-06,29.057361274788622,30.758042976448777,28.86299876389932,30.36931610107422,21236589
2025-01-07,30.369316021613475,30.417906185809677,29.105953216552734,29.105953216552734,14693051
2025-01-08,29.20313344906917,29.251725466701792,28.134135011494735,28.47426986694336,13548373
2025-01-09,28.23131576192211,28.279907780281693,27.79399871826172,27.79399871826172,14086134
2025-01-10,27.793997479367288,28.279906519728268,27.502450942993164,27.502450942993164,10131378
2025-01-13,27.551043334842554,28.279906905322008,27.3080888113494,27.89118003845215,19700660
2025-01-14,28.036952402624834,29.834816248526877,28.036952402624834,29.591861724853516,25037938
2025-01-15,29.446087000047694,31.049588310431062,29.34890667519672,30.077770233154297,25761538
2025-01-16,30.32072755389192,31.00099915868036,30.029180991614542,30.612272262573242,20993684
2025-01-17,30.320726355885384,32.507317145388775,30.320726355885384,32.02140808105469,30720922
2025-01-20,32.021409472060405,32.06999963916618,31.195361802493885,31.438316345214844,12049180
2025-01-21,31.292544680384196,31.924224243656422,30.952407962502544,31.146770477294922,9736038
2025-01-22,31.341136011003307,31.6812708879358,30.855226925561396,31.438316345214844,10113981
2025-02-03,31.0981796875,32.16717813138105,29.98058922569966,30.36931610107422,18166988
2025-02-04,30.56367934844099,30.75804185222624,29.640451431274414,29.640451431274414,10771937
2025-02-05,29.98058859201171,30.660860146139566,29.543269707961297,29.591861724853516,10265869
2025-02-06,29.640451167657123,29.931995847539994,29.49467882771569,29.883405685424805,6142709
2025-02-07,29.737634619083106,29.834816801071458,29.057361198760585,29.105953216552734,9357326
2025-02-10,29.008770312443218,29.786224041804832,29.008770312443218,29.397497177124023,8489542
2025-02-11,29.64045216035016,30.07777104841665,29.203133272283672,29.348907470703125,7910490
2025-02-12,29.446088418619418,30.563680744204657,29.348908089086763,30.126361846923828,12253407
2025-02-13,30.320726183873383,32.021407899394575,29.8348171222959,31.827043533325195,22901695
2025-02-14,31.87563152729391,32.410130717191024,31.292542175986455,32.06999588012695,19587522
2025-02-17,32.26436062041879,32.84744997872849,31.584087230929654,32.45872497558594,14422968
2025-02-18,32.604495070024065,32.604495070024065,31.681267174460864,32.06999588012695,10853135
2025-02-19,31.972819413789683,32.94463758798156,31.972819413789683,32.701683044433594,12463742
2025-02-20,32.75027111736681,33.09040597370592,32.06999769749668,32.50731658935547,10139167
2025-02-21,32.50731604970017,32.99322509765625,32.31295168907937,32.99322509765625,9025093
2025-02-24,32.798861900385276,33.52772549817162,32.604497532870525,33.28477096557617,11646017
2025-02-25,32.89604195734769,33.9164539515277,32.798861627993375,33.52772521972656,18118460
2025-02-26,33.43054452351503,33.52772485180292,32.65308706844435,33.13899612426758,13508573
2025-02-27,33.09040715990165,33.33336169662221,32.60449808646054,32.79886245727539,18695266
2025-03-03,32.50731796981976,32.75027250814847,31.924224853515625,31.924224853515625,12512755
2025-03-04,31.584090312925756,31.72986452032379,30.806636523584466,31.049591064453125,15627317
2025-03-05,31.00099773099899,33.77067975030429,31.00099773099899,33.52772521972656,28725311
2025-03-06,33.38194824077985,33.527722429873336,32.45872406715982,32.555904388427734,17250001
2025-03-07,32.45872642519158,32.89604160985847,31.92422349781312,32.50731658935547,11402724
2025-03-10,32.65308589953779,33.23617896996739,32.55590557472874,32.847450256347656,11920552
2025-03-11,32.11858759308182,32.94463520572802,31.584088377364786,32.75027084350586,14486481
2025-03-12,33.28476740332211,33.5277219099157,32.65308420330214,33.041812896728516,13989888
2025-03-13,33.1875914614541,33.2361816277442,31.292545318603516,31.292545318603516,19534027
2025-03-14,31.584087754639576,32.7502701977877,31.584087754639576,32.604496002197266,17136293
2025-03-17,32.798863945530776,33.81927230461996,32.50731922967561,33.4791374206543,20900999
2025-03-18,33.576313666343104,34.3051772207812,33.1389947922419,33.72208786010742,22453307
2025-03-19,33.77067937971454,33.91645357933826,33.04181579597969,33.13899612426758,12414398
2025-03-20,33.13899791814391,33.67350087423663,33.09040775136969,33.576316833496094,11176818
2025-03-21,33.28477090688492,33.28477090688492,32.02140808105469,32.02140808105469,26101680
2025-03-24,32.11858851015322,32.36154304306994,31.584089279174805,31.584089279174805,8367561
2025-03-25,31.729863582460034,32.31295298043316,31.146770477294922,31.146770477294922,10983327
2025-03-26,31.243955152313408,31.5354998572461,31.04959077996093,31.292545318603516,12082980
2025-03-27,31.24395405549209,31.34113438466078,30.61227079431983,31.19536018371582,10922540
2025-03-28,31.000997787889517,31.1953603005508,30.0291796637952,30.126361846923828,16379265
2025-03-31,29.397497447331745,29.93199665948123,29.154542922973633,29.154542922973633,20795355
2025-04-01,29.34890680809906,30.70945175172839,29.34890680809906,30.272132873535156,12757093
2025-04-02,29.931997783950266,30.612271219147495,29.68904325046497,30.51508903503418,10256188
2025-04-07,27.502450942993164,27.696815300575913,27.502450942993164,27.502450942993164,17680206
2025-04-08,27.891180625964783,28.377089683186497,27.50245189731065,28.03695297241211,25183704
2025-04-09,27.405271871575472,28.328497978340945,26.04472501344366,26.09331703186035,23608835
2025-04-10,28.66863441467285,28.66863441467285,28.182725356797043,28.66863441467285,7988052
2025-04-11,28.1827239967077,29.543268922381316,28.1827239967077,29.251724243164062,18069222
2025-04-14,28.96017918099197,30.417906358295514,28.96017918099197,29.931997299194336,15806311
2025-04-15,30.02917987120926,31.29254455341562,29.8348173572055,30.952407836914062,11944751
2025-04-16,30.612269572841463,30.903814255906358,29.786223832696404,30.272132873535156,9419416
2025-04-17,30.466496898786414,30.466496898786414,29.78622350759856,29.883405685424805,5703664
2025-04-18,30.029178889997453,30.126361070621872,29.68904218460996,29.786224365234375,5020608
2025-04-21,29.640451507833713,29.689041670506562,29.154542466721686,29.20313262939453,6588217
2025-04-22,29.20313300409941,29.834816248526877,28.81440613694122,29.591861724853516,8390843
2025-04-23,29.93199720778037,30.66086079420615,29.93199720778037,30.36931610107422,6428768
2025-04-24,30.029179630890898,30.369316344670402,29.44608838635403,29.494680404663086,8456297
2025-04-25,29.88340681958709,30.077771182616278,29.49467994712466,29.543270111083984,5101565
2025-04-28,29.591861724853516,29.98058859201171,29.251725020991632,29.591861724853516,3607050
2025-04-29,29.591861194515914,30.077770233154297,29.397496837622207,30.077770233154297,7346816
2025-04-30,29.88340700519279,29.931997169453908,29.591862312434166,29.737634658813477,4846182
2025-05-02,29.931996895551453,30.02917907678035,29.543270024231813,29.980588912963867,4347721
2025-05-05,30.126362328271476,31.049590302350452,30.07777216272879,30.709453582763672,12866627
2025-05-06,31.098180593291,31.486909333583945,30.515089336447595,30.90381622314453,10103984
2025-05-07,31.19536092476823,31.584089665061175,30.8066358916673,30.90381622314453,9274142
2025-05-08,30.855223953537358,30.855223953537358,30.077770233154297,30.077770233154297,9609074
2025-05-09,30.029181444055343,30.66086289144627,29.83481891987141,30.563682556152344,7277810
2025-05-12,30.903815637232693,31.09818000369417,30.61227094113645,30.75804328918457,6651402
2025-05-13,30.758042513426016,30.855224694205692,30.126361118752015,30.417905807495117,9725468
2025-05-14,30.85522669031978,31.049591064453125,30.36931760858246,31.049591064453125,8764509
2025-05-15,31.00099962576326,31.00099962576326,30.5150905349093,30.563682556152344,7767994
2025-05-16,30.95240870324354,30.95240870324354,30.56368181075993,30.855226516723633,4421256
2025-05-19,30.85522547241531,30.903815637232693,30.27213422662685,30.75804328918457,5541757
2025-05-20,30.90381743687325,30.90381743687325,30.417908346019292,30.563682556152344,4570371
2025-05-21,30.806635307597926,30.95240765564605,30.417906574674973,30.75804328918457,5199692
2025-05-22,30.5150875269863,30.563679543439545,29.786223962550658,29.834815979003906,8459674
2025-05-23,29.78622350759856,29.931995847539994,29.543268989830878,29.883405685424805,6953754
2025-05-26,29.689041261989942,29.83481545519443,29.251724243164062,29.251724243164062,9710896
2025-05-27,29.30031494106949,29.591861479214977,28.76581573486328,28.76581573486328,10359900
2025-05-28,29.105952435901735,29.348906957558356,28.62004339258849,28.76581573486328,8900931
2025-05-29,29.10595307729471,29.10595307729471,27.842588424682617,27.842588424682617,28077117
2025-06-02,27.599634417100408,27.599634417100408,26.384861759185814,26.724998474121094,18765275
2025-06-03,27.01654184179327,27.113724020365797,26.57922481861072,26.870769500732422,10363480
2025-06-04,27.016541767694353,27.502450805628396,26.82217926467826,27.308088302612305,10883466
2025-06-05,27.259497762286305,28.085543542209276,27.016543230167546,27.988361358642578,10880393
2025-06-06,27.98836081219282,28.571452048612656,27.69681612078087,28.47426986694336,8591783
2025-06-09,28.620043661006157,28.71722398770351,27.988360415897876,28.52286148071289,10093549
2025-06-10,28.47426977945309,29.2517253768227,28.134134925049562,28.911588668823242,15833988
2025-06-11,29.057361198760585,29.154543380748937,28.571452142414767,29.105953216552734,13041901
2025-06-12,29.105953308199464,29.446088165835768,28.5714522323785,28.66863441467285,11929092
2025-06-13,28.474269008394703,28.960178048494242,27.891179643151965,28.57145118713379,19438044
2025-06-16,28.814405953304863,29.689041862235655,28.279906746068242,29.397497177124023,17163072
2025-06-17,29.300315162554877,29.446087505931587,27.89118003845215,27.89118003845215,21380801
2025-06-18,28.134134836021676,28.182724999755294,27.599633766972207,27.648225784301758,15776728
2025-06-19,27.64822527040715,27.793997612494483,26.870769689948204,27.065134048461914,18939807
2025-06-20,27.065135761389413,27.30809029810997,26.04472559500546,26.239089965820312,80646632
2025-06-23,26.38486145032013,26.579225814749595,25.558815681888845,26.336271286010742,54559403
2025-06-24,26.336271143338717,27.113724889652946,26.239088961650452,26.773588180541992,53943545
2025-06-25,27.065134048461914,27.50245107472392,26.822179527117722,27.065134048461914,46388140
2025-06-26,27.308088177169314,28.522860766424213,27.210905999309745,27.745405197143555,63337275
2025-06-27,27.988359843562435,28.13413403781935,27.016541767694353,27.308088302612305,29675065
2025-06-30,27.308089534309765,27.308089534309765,26.48204376184495,26.5306339263916,25306672
2025-07-01,26.336270746782677,27.30808884184037,26.336270746782677,26.822179794311523,26499963
2025-07-02,26.6278164955575,27.551044464111328,26.57922633030561,27.551044464111328,11562370
2025-07-03,27.356678269712198,28.182723999023438,27.308088107703952,28.182723999023438,16771518
2025-07-04,27.988359643798724,28.32849633864404,27.89117931978223,28.182723999023438,10453711
2025-07-07,28.134134836021676,28.134134836021676,27.502451585909036,27.648225784301758,6544394
2025-07-08,27.745405733945823,27.939770093425405,27.065134182959095,27.259496688842773,11511077
2025-07-09,27.113725819907536,27.113725819907536,26.62781674839093,26.676408767700195,11990267
2025-07-10,26.627816109080864,26.822180474459397,26.48204376184495,26.5306339263916,5790164
2025-07-11,26.287679360764013,26.33627137884063,25.510225607497706,25.89895248413086,18582126
2025-07-14,25.850361961474427,26.724997885179288,25.850361961474427,26.579225540161133,11217246
2025-07-15,26.57922481861072,27.599633059632556,26.57922481861072,26.870769500732422,18178112
2025-07-16,26.724998199187958,27.356679604085937,26.579225852457032,26.967952728271484,13067929
2025-07-17,27.113725320856076,28.571452508575177,26.96795297280336,28.42568016052246,27932895
2025-07-18,28.71722352844447,28.862997723351043,28.328496667084018,28.57145118713379,23084007
2025-07-21,28.66863368933335,29.300315077870668,28.571451509497788,28.96017837524414,19650007
2025-07-22,28.960180793629522,29.208979594437018,28.611862092862182,28.66162109375,17650931
2025-07-23,28.91042064425167,31.497928619384766,28.86066164207352,31.497928619384766,45426323
2025-07-24,32.244327545166016,32.84144317525966,30.602253867855595,32.244327545166016,88223751
2025-07-25,32.194562623118614,34.03567598786641,31.84624582792304,33.488319396972656,90686808
2025-07-28,34.33423557796994,36.82222366333008,33.737119956030924,36.82222366333008,158330388
2025-07-29,37.120779594811125,37.120779594811125,35.627986819177686,35.6777458190918,158792988
2025-07-30,36.22510883031654,39.11117279436708,35.87678821295913,38.51405715942383,255456351
2025-07-31,38.51405699154341,41.599160752583465,37.31982193049389,40.75324630737305,200009138
2025-08-04,38.81261295910868,38.81261295910868,36.822222550949256,37.46910095214844,98670061
2025-08-05,38.16573607236132,38.613574691241524,36.42414439611385,36.62318420410156,78988224
2025-08-06,36.7227051346657,38.06621716304947,36.32462552813871,37.12078094482422,75346778
2025-08-07,37.31982102242097,37.518860827147584,36.6729426061516,36.97150421142578,36797570
2025-08-08,37.02126382007698,37.17054082879134,36.026068576507,36.62318420410156,36992095
2025-08-11,36.32462495828722,40.006847973606455,35.8270273561189,39.65852737426758,113066691
2025-08-12,40.454687712716236,42.1465165705805,40.205888904634016,41.20108413696289,164895411
2025-08-13,41.648916875941445,44.037386832882405,40.95228328517131,42.39531326293945,152138597
2025-08-14,43.390509963371585,44.28618717764666,41.00204371925217,41.549400329589844,114332844
2025-08-15,41.64891630648021,43.09195006088624,40.30540434680083,42.74363327026367,108171739
2025-08-18,43.49003159027559,46.525376232250316,43.24123278689457,46.02777862548828,167493853
2025-08-19,46.82393345598022,47.271772055782364,41.5991586498148,41.947479248046875,189971582
2025-08-20,40.90251982316269,42.29579457476095,39.9570874521156,40.554203033447266,99212953
2025-08-21,41.59915838403729,43.14171017672849,41.300600584866146,42.09675598144531,99929066
2025-08-22,42.494837710196286,42.54459671316019,40.70348702891589,40.902523040771484,49238604
2025-08-25,41.84795675943202,43.390508536519675,41.15131937083388,42.34555435180664,76914190
2025-08-26,44.634503198875514,45.48042139664771,42.99243339679137,44.186668395996094,152817255
2025-08-27,45.08234100223026,46.276575980351716,44.63450241088867,44.63450241088867,167648722
2025-08-28,44.48522472458582,44.48522472458582,42.544593389644184,42.793392181396484,71911357
2025-08-29,43.14171246464017,43.53979208222509,41.947481204622584,42.992435455322266,72432285
2025-09-01,42.64411223752027,43.19147262737662,41.0518014571246,42.29579544067383,70502362
2025-09-02,42.44507690709674,42.84315271029374,38.91213090096683,39.708290100097656,117094226
2025-09-03,40.35516575808914,40.603964565224544,39.01165371810536,39.11117172241211,60527128
2025-09-04,39.409730254310006,39.60877006294159,38.46429780695501,38.713096618652344,38813633
2025-09-05,39.11116934873932,39.11116934873932,38.01645618232953,38.265254974365234,43966363
2025-09-08,38.51405385508912,38.61357185358525,38.01645626987186,38.21549606323242,29195149
2025-09-09,38.26525843737567,39.75805132468784,38.115977630097,38.464298248291016,71288592
2025-09-10,38.46429519390921,38.762852988389966,38.016456604003906,38.016456604003906,36042751
2025-09-11,38.21549779738175,38.26525679888779,37.07102178090052,37.22030258178711,51312328
2025-09-12,37.51885995307874,38.06621655604889,37.41933815484971,37.46910095214844,17717371
2025-09-15,37.618378208011464,37.76765900817506,37.22030240152264,37.319820404052734,18914388
2025-09-16,37.170540922061626,37.518861536006284,36.52366628993911,36.57342529296875,39092464
2025-09-17,36.62318266320585,37.96669846331895,36.62318266320585,37.51885986328125,32026285
2025-09-18,37.717901080157056,37.76766008283797,36.67294304201498,36.72270584106445,34221587
2025-09-19,36.921741546381554,39.31021161899445,36.921741546381554,39.0614128112793,87109248
2025-09-22,40.50444436896888,40.753243162640224,38.86237081219067,40.35516357421875,87849389
2025-09-23,40.55420466867197,42.24603727915406,39.608768463134766,39.608768463134766,130571749
2025-09-24,39.409726869067065,39.80780645213572,38.31501371018064,38.41453170776367,38979287
2025-09-25,38.315017268732824,41.00204521308651,38.215499261906935,40.703487396240234,83793267
2025-09-26,40.504446018462154,40.70348582077854,39.26045199944531,39.40972900390625,38629041
2025-09-30,40.05660768890173,40.40492449808391,39.011653464986686,39.26045227050781,26963139
2025-10-01,39.31021127233834,40.25564749259233,39.16093047047826,39.26045227050781,19596853
2025-10-02,39.80781032832452,40.40492596470193,38.31501744101235,38.464298248291016,33804601
2025-10-03,38.61357158752518,38.71309338170387,37.668135422853105,38.36477279663086,20406457
2025-10-07,38.613574169708045,41.798199665392616,38.56381516747533,41.2508430480957,99089108
2025-10-08,41.250842433911224,41.599159240722656,40.75324482625577,41.599159240722656,46005615
2025-10-09,42.29579526322039,43.390508445603466,41.549398876222384,42.39531326293945,94103616
2025-10-13,40.35516506442685,41.798198880281696,40.106366261568034,41.69868087768555,44774771
2025-10-14,42.096755761225246,42.395313558834545,39.95708838138498,40.0068473815918,57931590
2025-10-15,40.10636486843901,40.95228304659637,39.40972748535892,40.30540466308594,29776107
2025-10-16,40.70348643079879,41.7484406631599,40.653723632197554,41.2508430480957,27354266
2025-10-17,40.803003580723036,42.09675659352106,40.803003580723036,41.74843978881836,36189690
2025-10-20,42.29579621260882,42.7933938151101,41.49964080788046,41.847957611083984,32759745
2025-10-21,41.897716882877845,42.196278483403184,41.35036027586213,41.69868087768555,26845975
2025-10-22,41.698680092954845,43.7885884790914,41.5493992955015,42.146514892578125,68323085
2025-10-23,42.09675787323647,44.186670154090024,41.79820006064841,43.19147491455078,88877187
2025-10-27,43.888105346559314,44.63450172181623,42.693874183242876,42.793392181396484,64986988
2025-10-28,42.9924333582296,42.9924333582296,41.599158561012366,41.99723815917969,47156892
2025-10-29,41.99723859113984,42.29579639465193,41.2508421841754,41.74843978881836,29074968
2025-10-30,42.09675659352106,42.39531439703315,41.20108318298479,41.74843978881836,21295566
2025-10-31,42.096757382301384,43.53979122207826,41.300601959228516,41.300601959228516,45476085
2025-11-03,41.30060221479394,41.94748063550078,40.65372379408711,41.15132141113281,22351065
2025-11-04,41.847958834270514,42.494837254977355,41.051803406271084,41.15132141113281,29624199
2025-11-05,40.504447403010026,40.902523224881605,39.50925215377817,40.80300521850586,30922265
2025-11-06,41.051802900049076,41.6489185145933,40.653723292773925,41.44988250732422,24111045
2025-11-07,41.40011816702119,42.9426737404772,41.002042370942505,42.34555435180664,60380729
2025-11-10,43.29099317782187,43.390511183821154,41.99724011798826,43.04219436645508,49960082
2025-11-11,43.44027417088123,46.22682011095538,43.290993364868726,45.08234405517578,122533921
2025-11-12,45.82874018915043,49.56072235107422,44.6345051380611,49.56072235107422,173732217
2025-11-13,51.352069929457166,54.43717727489085,50.4563965424874,53.541500091552734,335788204
2025-11-14,51.849668221969516,56.82564420474465,51.849668221969516,55.33285140991211,234585688
2025-11-17,57.12420811552958,59.41315640108269,56.12901287864836,56.22853088378906,215462002
2025-11-18,55.92997169101385,60.507868149085766,55.432374084859575,57.02468490600586,236693344
2025-11-19,56.32804584496148,56.527085640855326,53.043902500002304,53.541500091552734,140586158
2025-11-20,56.12901269641947,58.51747897935886,54.636219845944154,56.32804870605469,186657248
2025-11-21,53.14342654993691,54.83525539586387,51.9491915202949,52.24774932861328,87287721
2025-11-24,53.54150216603529,54.53669738769531,52.347267140769574,54.53669738769531,89689872
2025-11-25,56.129012421446916,56.22853042577699,50.655438663185436,52.148231506347656,125968460
2025-11-26,52.04870811123399,52.04870811123399,49.8592779157248,50.85447311401367,68481823
2025-11-27,52.14822886879959,55.929969787597656,52.14822886879959,55.929969787597656,152578796
2025-11-28,57.522283370240835,60.60739085224005,56.925167752495696,58.71651840209961,252277602
2025-12-01,62.79681746088931,63.5929766815586,59.21411615335158,60.806427001953125,233599528
2025-12-02,61.20450840341062,65.18528943777879,61.00546859241849,64.090576171875,233882361
2025-12-03,64.68768615667148,67.77278967021157,63.79200898364717,67.37471008300781,261439937
2025-12-04,67.97183700390454,68.07135500800253,62.4982594620389,63.09537887573242,223155944
2025-12-05,62.4982594620389,63.59297648895943,61.602586036051385,63.09537887573242,91167075
2025-12-08,63.493454688492925,64.48865371131545,62.000661848811895,63.09537887573242,105943554
2025-12-09,61.80162048339844,62.59777968154883,60.209309679834476,61.80162048339844,91524820
2025-12-10,62.299219326449034,63.39393634755282,60.80642649469992,61.10498809814453,71895444
2025-12-11,61.50306266544808,61.80162046648858,59.41315426179616,59.6121940612793,72679312
2025-12-12,60.408351187986995,60.806427001953125,59.512673962918306,60.806427001953125,38490228
2025-12-15,59.711711032331486,61.104985808299894,58.9155556445074,60.20930862426758,32261820
2025-12-16,59.711711140115334,60.01026893654224,57.62180276875864,57.92036056518555,46523668
2025-12-17,58.21891975485453,58.81603536199797,56.22852933588515,57.12420654296875,61065363
2025-12-18,57.22372454536984,58.71651735959688,57.12420654296875,57.12420654296875,45284959
2025-12-19,58.11940125970838,61.10498686285021,57.52228186125897,59.6121940612793,125976830
2025-12-22,60.40834859877193,61.30402198908187,60.01026900549972,60.10979080200195,69446860
2025-12-23,60.10979359353969,60.10979359353969,57.522283709841425,58.517478942871094,62070908
2025-12-24,59.41315350750378,60.70690649316644,57.820838928222656,57.820838928222656,51247499
2025-12-26,58.51747737421816,58.915556975306295,57.223724365234375,57.223724365234375,37728067
2025-12-29,57.9203635025362,60.0102719798797,57.82084170110122,58.41796112060547,60559428
2025-12-30,58.41795797904636,58.71651577455859,57.72132059193895,58.01987838745117,26315599
2025-12-31,58.119400755696624,61.00546453588472,56.52708617000849,59.91075134277344,90333880
2026-01-02,59.91075309252993,59.91075309252993,56.72612762451172,56.72612762451172,100842545
2026-01-05,56.92516600222119,57.323241803022164,54.8352538116346,55.33285140991211,82031251
2026-01-06,56.02949070338222,59.11459819495526,56.02949070338222,58.617000579833984,83364163
2026-01-07,59.8112330071648,64.38912963867188,59.71171500071106,64.38912963867188,205150651
2026-01-08,65.88191850904424,69.1660656715507,65.6828825082352,66.6780776977539,257591267
2026-01-09,68.17087168726829,69.6636644979384,61.20450523747445,61.60258483886719,181607205
2026-01-12,62.796818757200356,65.08577086932249,61.60258749428101,64.38912963867188,88304079
2026-01-13,64.68768791753533,64.88672392018687,61.50306252232144,61.90114212036133,89417561
2026-01-14,62.3987414579409,63.89153050125343,61.00546662235787,63.09537887573242,55129117
2026-01-15,63.39393707604706,69.36510467529297,63.294415274965694,69.36510467529297,225044033
2026-01-16,71.4550212039437,73.4454116821289,70.26078236139031,73.4454116821289,368866842
2026-01-19,75.13723843980999,80.71033010355315,74.24156123125162,79.01850128173828,361040735
2026-01-20,74.83867443734812,79.01849874555207,73.64444325942507,76.03291320800781,228471615
2026-01-21,74.93820469038575,76.33147195370742,72.74877060436843,73.34588623046875,101093287
2026-01-22,76.43099799051535,79.41658373088335,74.34108189806803,77.42619323730469,185859295
2026-01-23,78.0233023430068,78.0233023430068,74.63963726829671,76.72954559326172,123164064
2026-01-26,78.52090718094047,82.00409057534321,76.9285962906181,81.30744934082031,181926673
2026-01-27,81.60600694064053,82.30264054816101,78.22234171967635,79.21753692626953,106845945
2026-01-28,79.71513299194312,83.09879814763987,79.21753539824468,80.11321258544922,131774044
2026-01-29,81.10840583154909,81.90456499950554,76.13243001366266,76.72954559326172,83358419
2026-01-30,76.33146806393547,77.32666325430093,73.94300568124778,75.53531646728516,60775955
2026-02-02,74.24156117600354,75.03772038140447,69.6636647267904,70.26078033447266,67491997
2026-02-03,72.54973583794693,75.037723983331,72.35069223067384,72.64925384521484,62489511
2026-02-04,72.74877133362803,78.42138882028813,71.35549646360253,77.2271499633789,75595104
2026-02-05,76.13243451214477,77.92378894952532,73.74396445988303,74.14204406738281,56433315
2026-02-06,73.5449302029118,76.92859555808764,71.45502170471816,73.1468505859375,140833222
2026-02-09,76.53051563410106,79.91418097570288,75.43580238636619,77.62522888183594,106311131
2026-02-10,78.42138152190948,78.42138152190948,71.85308740203781,72.45021057128906,102040828
2026-02-11,73.54492860070881,79.51609994702774,73.14684899240682,78.42138671875,131610327
2026-02-23,82.1036052631507,84.79062930739539,79.7151352278571,83.19831848144531,157173094
2026-02-24,85.28822955490445,90.9608470133985,84.2930343087901,90.36373138427734,164921403
2026-02-25,91.75699161822918,94.94162071722293,88.57237011197202,94.44402313232422,162328975
2026-02-26,95.04114416812591,96.0363393950173,89.6670884243651,91.35892486572266,132781797
2026-03-02,87.87573799073525,91.35892114291806,87.87573799073525,89.0699691772461,65339242
2026-03-03,89.06996922212488,94.244981156595,83.39735969423509,84.59159088134766,142333108
2026-03-04,82.6012027119466,83.59639792534354,78.02330624886802,78.91898345947266,82744497
2026-03-05,83.79543623315729,84.69111346837012,79.91418086846357,82.00408935546875,106653638
2026-03-06,81.1084123017354,85.78582690658111,81.00889429598622,81.90457153320312,82319079
2026-03-09,75.43580159842368,77.52571006640385,73.74396514892578,73.74396514892578,65006584
2026-03-10,76.43099813601877,78.62042464602848,75.23675928195577,77.32666778564453,74424125
2026-03-11,79.11802163877725,82.89976659068158,78.22234440356442,82.00408935546875,107246296
2026-03-12,80.71033353492723,80.71033353492723,76.03291888088363,77.12763214111328,95508681
2026-03-13,75.93339813045299,84.5915934853925,75.53531852491551,83.09880065917969,134889936
2026-03-16,87.77621288914719,90.5627624635829,85.78582250533218,88.77140808105469,175703551
2026-03-17,89.46804791882944,89.46804791882944,85.08918762207031,85.08918762207031,103477736
2026-03-18,86.38295086177033,87.57718212639907,84.59159637209001,85.78582763671875,61752614
2026-03-19,84.69111024556263,86.78101865303911,83.09879943952038,83.7954330444336,51612325
2026-03-20,83.7954355971268,84.29303321371957,77.72474619324248,78.02330780029297,77993151
2026-03-23,74.34108132312255,76.63003341013038,72.25117283957552,73.4454116821289,69884480
2026-03-24,75.63483292259826,75.63483292259826,70.55933907397122,71.9526138305664,51520975
2026-03-25,74.73915710178507,76.63002947757118,74.24155950777487,75.63483428955078,50423018
2026-03-26,79.11801963977427,81.20792807397564,74.44060516357422,74.44060516357422,78899242
2026-03-27,73.2463673522055,74.54012418728917,71.85309251274704,73.8434829711914,39016766
2026-03-30,71.75357013932103,81.20792424125929,71.45501614437545,81.0088882446289,131798130
2026-03-31,78.62042369258351,79.31705732111917,73.04733188608704,73.54492950439453,114576876
2026-04-01,75.83387320151854,80.3122517195469,75.43580118521675,78.32186126708984,105095423
2026-04-02,80.11321066797181,80.8098442453813,76.6300275954513,76.72954559326172,69269991
2026-04-07,79.4165789913661,82.99928014744754,78.71993780454623,80.11321258544922,82381610
2026-04-08,83.49687751900888,85.58678588843495,82.30263874166776,84.69110870361328,109452912
2026-04-09,84.98967011805372,89.16948684814788,84.09399293510877,84.7906265258789,121116253
2026-04-10,86.48246129709852,86.78101529074964,80.0136927290826,81.20792388916016,90806728
2026-04-13,82.60119933730205,86.48246202952983,81.40696816711039,85.28822326660156,98807145
2026-04-14,87.1790976436937,91.06036042631342,86.38294604260297,88.57237243652344,141077280
2026-04-15,90.36372770578075,91.45844091339586,86.38294688337167,88.07477569580078,129989145
2026-04-16,89.36853664891939,90.7618039272525,85.78582766824222,90.06517028808594,92529280
2026-04-17,88.87093628693685,90.76180113295668,86.48246623759863,87.27861785888672,96320912
2026-04-20,87.4776572022684,88.87093196264973,83.99447409768338,85.28822326660156,70136028
2026-04-21,86.18390346269632,89.06997108338696,86.18390346269632,87.97525787353516,57867637
2026-04-22,88.37333576053162,90.76179813832701,86.88054297804112,88.97045135498047,59039088
2026-04-23,90.96084121403777,91.06035921375684,82.20312056949982,84.7906265258789,91440027
2026-04-24,85.38774854216898,87.87573646481101,82.80023502843201,85.48726654052734,54353320
2026-04-27,85.58678887832437,89.26900815343656,85.48727087492023,87.37814331054688,64399569
2026-04-28,88.57237158407713,92.05555473625994,88.1742919909946,89.0699691772461,97404381
2026-04-29,89.56757074160465,92.9512360437238,88.57237551114237,91.15988159179688,87644976
2026-04-30,92.05555455268373,93.15026773692506,87.37814022331773,89.16948699951172,100907028
2026-05-04,89.86613028659019,90.26420229545494,87.57717827193355,87.97525787353516,57024083
2026-05-05,88.1742919508208,93.94642706604567,86.78101717203513,93.54834747314453,127641365
2026-05-06,96.73296939931903,101.01231175201639,91.55795745010352,93.34931182861328,150767155
2026-05-07,93.64786410982327,94.14546169552132,89.76660142283127,89.86612701416016,73433411
2026-05-08,89.06997071982994,90.36372752157025,86.18390311091936,88.1742935180664,60805797
2026-05-11,89.36853491145446,91.85652299258919,89.06997330462346,91.06036376953125,53315435
2026-05-12,91.95603743578512,92.45363503273987,88.07477466099071,88.67189025878906,62997642
2026-05-13,89.26901048131023,89.26901048131023,84.79063187670796,86.08438873291016,56071321
2026-05-14,86.5819807481672,89.16948670025475,84.89015197753906,84.89015197753906,51082706
2026-05-15,85.58678556715378,87.27861433778192,82.89976161551223,84.89015197753906,82769086
2026-05-18,83.69591504269411,84.39255624034418,81.7055246369571,83.7954330444336,43146929
2026-05-19,83.99448108643048,86.2834256185385,81.30744934082031,81.30744934082031,58443580
2026-05-20,81.9045664535072,82.40216404412939,80.01369409059554,80.41177368164062,44705914
2026-05-21,82.70072205040807,87.8757417992942,82.70072205040807,86.88054656982422,71087251
2026-05-22,87.57718122813368,88.67189447493793,86.2834243774414,86.2834243774414,45601003
2026-05-25,86.98006490296265,88.77141176713674,85.98486966973135,86.68150329589844,32297524
2026-05-26,87.37814564593431,93.94643275174154,87.37814564593431,90.36373138427734,103781410
2026-05-27,93.1502728520555,95.93682255835641,91.85652359699495,95.04114532470703,122378638
2026-05-28,95.53874417299724,95.53874417299724,89.36853664891939,90.06517028808594,87622066
2026-05-29,91.55795769582326,98.12624444675889,91.45843969513602,97.62864685058594,147376997
2026-06-01,98.22576169792758,106.98348236083984,97.03153051331985,106.98348236083984,110794289
2026-06-02,109.47146945529514,117.43303087022569,107.97867668999565,111.95945739746094,150876892
2026-06-03,117.93063557042485,117.93063557042485,106.48589034629079,112.45706176757812,77089675
2026-06-04,110.46666717529297,116.43783837395745,109.96906957540426,110.46666717529297,54566144
2026-06-05,108.47628046793231,108.47628046793231,100.01712098190089,103.9979019165039,53267686
2026-06-08,95.63825748492067,98.42480709027463,94.74258028371857,97.03153228759766,55150482
2026-06-09,99.51951733003177,100.51471250333209,96.43441381134811,98.72335815429688,67777667
2026-06-10,97.1310472350527,100.51471233722953,94.14546172008548,94.3445053100586,43747532
2026-06-11,92.75219087833328,98.72336216044238,92.65267287551218,96.43441772460938,55885074
2026-06-12,100.51471527529434,105.98828887939453,100.51471527529434,105.98828887939453,53411669
2026-06-15,107.97868376511794,116.4378433227539,105.98829328096829,116.4378433227539,84752774
2026-06-16,119.92102236540421,122.40901038128396,113.45225352411684,114.44744873046875,107181579
2026-06-17,113.9498538895558,125.89219665527344,112.95465865907933,125.89219665527344,91185342
2026-06-18,138.33213806152344,138.33213806152344,134.3513571101127,138.33213806152344,133378866
2026-06-22,151.76727294921875,151.76727294921875,151.76727294921875,151.76727294921875,56588360
2026-06-23,156.24564793657717,164.2072096148741,152.26486709742872,153.75765991210938,220786157
2026-06-24,144.80090772188626,168.68559353168195,144.80090772188626,155.25045776367188,71531600
2026-06-25,159.23124054939515,160.2264358028289,154.25526428222656,154.25526428222656,47550320
2026-06-26,153.26006605818466,154.2552612923287,145.29850418503221,147.2888946533203,29559252
2026-06-29,144.30331038169734,153.75766519980857,144.30331038169734,150.77207946777344,26281743
2026-06-30,156.24564276801215,165.6999969482422,156.24564276801215,165.6999969482422,31573929
2026-07-01,176.64715376056608,182.1207275390625,176.64715376056608,182.1207275390625,44374837
2026-07-02,173.66155986495428,199.03903709450347,173.66155986495428,196.05345153808594,51193667
2026-07-03,193.06786598166838,198.04384190903096,182.12071894147067,196.05345153808594,35081185
2026-07-06,199.0390427048142,199.0390427048142,180.13033364785684,184.11111450195312,24436997
2026-07-07,184.1111077202691,187.5942908393012,165.6999969482422,165.6999969482422,35241337
2026-07-08,167.5,182.0,164.5,182.0,97677058
2026-07-09,186.5,193.0,174.0,181.5,121676315
2026-07-10,181.5,181.5,181.5,181.5,0
2026-07-13,192.5,199.5,192.5,199.5,88122164
2026-07-14,203.0,210.0,188.5,210.0,154413042
2026-07-15,217.0,230.0,214.0,227.5,157296066
2026-07-16,223.0,229.0,215.0,221.0,133295659
2026-07-17,205.0,211.0,199.0,199.0,117244338
2026-07-20,191.5,195.5,179.5,186.5,111340845
2026-07-21,194.0,201.0,185.0,195.5,121503138
