date,open,high,low,close,volume
2021-07-22,29.685747955371077,30.062046806873763,29.267638829239093,29.43488311767578,82841539
2021-07-23,29.769365800588044,30.354719161987305,29.56031125651111,30.354719161987305,77496780
2021-07-26,30.647400518143016,30.647400518143016,29.8529925328176,29.936613082885742,56913547
2021-07-27,30.062046806873763,30.145667356132368,29.43488311767578,29.43488311767578,53944812
2021-07-28,29.393070467985613,29.894800102834733,29.10039218939094,29.51850128173828,65915225
2021-07-29,29.769365800588044,30.48015316440114,29.43488044401646,30.354719161987305,67284516
2021-07-30,30.605586620852574,31.023695745126073,30.39653205871582,30.39653205871582,119152871
2021-08-02,30.77282913209794,31.149127960205078,30.68920858803826,31.149127960205078,87353786
2021-08-03,30.898259394160952,30.898259394160952,30.354716353876338,30.856449127197266,56401002
2021-08-04,30.85645470208949,31.06550926459709,30.605586675144792,30.772830963134766,38046867
2021-08-05,30.60558477597321,30.68920850973882,29.978421127367863,30.10385513305664,57150924
2021-08-06,29.93660808216979,30.229286338357316,29.602122747851304,29.978418350219727,43059007
2021-08-09,30.187477283549594,31.35818409922165,30.02023618695597,31.316373825073242,147202642
2021-08-10,31.06550926459709,31.190940088149965,30.605586675144792,30.772830963134766,73921682
2021-08-11,31.316374490164122,31.734483620366795,30.60558705486787,30.98188591003418,135560964
2021-08-12,31.19094127301076,31.859915260463726,31.065510444693103,31.776294708251953,153173483
2021-08-13,31.734482136247404,31.985346964652965,31.274562752517312,31.567237854003906,96271568
2021-08-16,32.027159660958645,32.1944039558561,30.898266252760102,31.483619689941406,110660725
2021-08-17,31.483619689941406,31.483619689941406,31.483619689941406,31.483619689941406,0
2021-08-18,30.103854823756865,31.023693556292848,29.685745728982464,30.940073013305664,89915267
2021-08-19,30.605584283857517,30.64739774502763,29.51850128173828,29.51850128173828,132198553
2021-08-20,29.685747806766337,29.936612643205823,29.01677384628789,29.351259231567383,76198088
2021-08-23,29.7275563807699,30.27109948689767,29.7275563807699,29.811180114746094,48671515
2021-08-24,30.020234589210304,30.27109941066859,29.518501756374462,30.10385513305664,54024800
2021-08-25,30.31290968259176,30.31290968259176,29.81118003967519,30.10385513305664,34796189
2021-08-26,30.27110123538545,31.4836183337625,30.020236398805242,30.39653205871582,115644927
2021-08-27,30.480150344686294,31.023690195052012,30.31290608691265,30.856449127197266,48562763
2021-08-30,31.149128354390463,31.56723745981852,30.85645325655855,31.358182907104492,101021653
2021-08-31,31.611070081035564,32.20114403234376,31.358182163516148,32.15899658203125,158397659
2021-09-01,32.24329262537672,32.580478671115564,31.82181167602539,31.82181167602539,121111652
2021-09-02,32.03255235826647,32.116847262425175,31.189590454101562,31.189590454101562,79917503
2021-09-03,31.526778402923327,31.990406835039472,31.358185368796182,31.568925857543945,56827460
2021-09-06,31.906103579725198,32.9598058540311,31.73751378835157,32.74906539916992,260246096
2021-09-07,32.87551384467583,32.95980874776338,32.158997521498364,32.45403289794922,143969139
2021-09-08,32.45403289608379,33.04410686459602,31.484625432410525,31.69536590576172,144704097
2021-09-09,31.568923357657614,32.32758712768555,31.484625239447126,32.32758712768555,71550640
2021-09-10,32.454032505904976,33.12840136939231,32.41188505487034,32.959808349609375,193641390
2021-09-13,33.04410759295501,33.88706950494037,33.00196014048464,33.760623931884766,274202553
2021-09-14,33.80277387978435,34.01351437333823,33.17055239912271,33.59203338623047,151410569
2021-09-15,33.42344016149258,33.42344016149258,32.70692062696218,33.08625411987305,111344181
2021-09-16,33.212699888314894,33.29699479140245,32.369737994861666,32.45403289794922,109004984
2021-09-17,32.45403231674341,32.79121835434394,31.863958358764652,31.86395835876465,148108030
2021-09-22,30.346627991450454,31.020996859242693,30.26233308884308,30.599515914916992,159241326
2021-09-23,31.020999206393668,31.189592240009137,30.346630287576456,30.47307586669922,120564986
2021-09-24,30.725963615769917,30.76811106999715,30.346630096435547,30.346630096435547,120673533
2021-09-27,30.430921948983244,30.683813080240306,30.262332149004283,30.304479598999023,81188060
2021-09-28,30.30448208278606,30.34662953623525,30.00944347735258,30.135889053344727,64763164
2021-09-29,29.714407737376305,30.009443123688182,29.587962162874334,29.672260284423828,98014619
2021-09-30,29.840852144517378,30.68381403316878,29.79870147756928,30.599515914916992,79044224
2021-10-01,30.388775439665267,30.55736846050729,29.967294495382408,30.220182418823242,89266342
2021-10-04,30.34662584577288,30.388773294096506,29.503664016723633,29.503664016723633,107673775
2021-10-05,29.377221838502287,30.009443283081055,29.12433390379969,30.009443283081055,98636101
2021-10-06,30.051597473171398,30.093744931286327,29.419375954512628,29.545818328857422,63441401
2021-10-07,29.335073673808093,29.41937179376069,28.744999696717823,29.082185745239258,149110957
2021-10-08,29.208635135192043,29.250782592855177,27.8598939804575,27.986339569091797,164749270
2021-10-12,27.85988773129625,28.365666756738882,27.649147274606197,28.154926300048828,70660804
2021-10-13,28.19707723412251,28.407817716865363,27.185522273827907,27.311967849731445,88259787
2021-10-14,27.522707354456884,27.902037637398884,27.39626178304658,27.60700225830078,41539295
2021-10-15,27.986339569091797,28.154932615389225,27.649153476496934,27.986339569091797,41748209
2021-10-18,28.19707812319785,28.492113522082708,28.154930668449257,28.365671157836914,40017651
2021-10-19,28.365667905445,28.49211025519298,28.154927440220725,28.19707489013672,35437054
2021-10-20,28.618558128116575,28.913593516961715,28.239224616998133,28.2813720703125,55853041
2021-10-21,28.407817266926177,28.829298225736224,28.19707678752115,28.5764102935791,40446525
2021-10-22,28.660705008766357,28.660705008766357,27.944188669804998,28.07063102722168,42248634
2021-10-25,28.02848357474945,28.19707660028286,27.817743096743815,28.07063102722168,21188815
2021-10-26,28.281373393871927,28.6185594674562,28.197078483298213,28.449966430664062,30419465
2021-10-27,28.5764102935791,28.7028526518354,28.492112172430378,28.5764102935791,28088760
2021-10-28,28.618558324236762,28.70285323144316,28.407817840576172,28.407817840576172,35696928
2021-10-29,28.40781496000623,28.576407972968184,28.11277638341175,28.323516845703125,36142234
2021-11-01,28.49210910136641,28.576407213428936,27.986333291567952,28.154926300048828,46439001
2021-11-02,28.239227530715493,28.66070853863662,27.986339569091797,27.986339569091797,45271373
2021-11-03,28.070630458109306,28.365669050722193,28.028483006491587,28.23922348022461,25100587
2021-11-04,28.40781785843892,28.449965312068624,27.859891314319025,28.028484344482422,44742161
2021-11-05,28.028480317889915,28.070627765464685,27.73344496922241,27.902034759521484,43676615
2021-11-08,28.2813690721018,29.082183462755804,28.239221623255634,28.997888565063477,98367063
2021-11-09,29.250778769499973,29.377221125962155,28.82929781667042,29.082185745239258,70519466
2021-11-10,29.040041374253203,29.040041374253203,28.660707833330164,28.74500274658203,34043625
2021-11-11,28.871445071244334,29.503666496162094,28.61855714440612,28.955739974975586,80159060
2021-11-12,29.08218709569778,29.25078012778727,28.745001031518793,28.87144660949707,39227239
2021-11-15,28.87144704610943,28.91359450085803,28.281373032695047,28.365671157836914,47683973
2021-11-16,28.23922638633457,28.281373842289696,27.817745395493755,27.944190979003906,71142071
2021-11-17,27.94418618989012,28.07062853608564,27.817740628050387,27.859888076782227,39414621
2021-11-18,27.90203898050468,27.986337104050854,27.733449164701565,27.775596618652344,54395713
2021-11-19,27.775597008471166,27.775597008471166,27.438410940843443,27.480558395385742,60919952
2021-11-22,27.39626348630114,27.607003974657303,27.22767045248728,27.480558395385742,50144749
2021-11-23,27.56485196327921,28.281368218982653,27.52270451570444,27.902034759521484,74208389
2021-11-24,28.112777712862712,28.618556775666818,27.986335358894994,28.492111206054688,63649888
2021-11-25,28.66070422698939,28.829297247924092,28.323518185119987,28.492111206054688,41971216
2021-11-26,28.32351644412089,28.407814557228786,27.817740628050387,27.859888076782227,48861133
2021-11-29,27.691297360695817,27.859890385236913,27.396261979482265,27.733448028564453,30620748
2021-11-30,27.775595858971045,27.817743311769064,27.43840980529785,27.43840980529785,65030328
2021-12-01,27.39625895733601,27.98633287031515,27.39625895733601,27.902034759521484,23926390
2021-12-02,27.902038186967406,28.618557746331202,27.902038186967406,28.5764102935791,57852692
2021-12-03,28.660707833330164,28.913595788730586,28.49211479118161,28.74500274658203,49777209
2021-12-06,28.618557746331202,28.829298225736224,28.407817266926177,28.5764102935791,26462326
2021-12-07,28.66070459627175,28.955739974975586,28.61855714440612,28.955739974975586,54215609
2021-12-08,29.082188830879137,29.37722424290549,28.74500274658203,28.74500274658203,52431726
2021-12-09,28.955739974975586,29.08218554621692,28.744999500003,28.955739974975586,24483123
2021-12-10,29.124333402206883,29.250778975202753,28.82929801940918,28.82929801940918,31231543
2021-12-13,28.997893103643694,29.41937408936151,28.95574243255613,29.16648292541504,55981883
2021-12-14,29.082188830879137,29.082188830879137,28.660707833330164,28.74500274658203,34261913
2021-12-15,28.829299155385854,28.955741517719503,28.66070612329636,28.87144660949707,22189792
2021-12-16,28.955739974975586,29.08218554621692,28.744999500003,28.955739974975586,23265290
2021-12-17,29.082183131290687,30.093737970290505,28.997888234559113,29.882997512817383,187356863
2021-12-20,30.262334433428205,30.641664727659823,30.009443283081055,30.009443283081055,115397468
2021-12-21,29.88299998832597,30.220182818828686,29.33507346724793,30.093740463256836,77522251
2021-12-22,30.09374123345355,30.178036139325496,29.92514820606512,30.051593780517578,51915277
2021-12-23,30.009441002852913,30.051591668471048,29.58796007182608,29.925146102905273,58297486
2021-12-24,30.178037087286036,30.262335211450516,29.840854237562038,29.967296600341797,26893176
2021-12-27,29.967294893967498,30.00944234582749,29.714406967163086,29.714406967163086,22604009
2021-12-28,29.840854644775387,29.88300209961046,29.63011415495535,29.84085464477539,20872241
2021-12-29,29.84085253838752,29.84085253838752,29.587961395938652,29.714406967163086,35010161
2021-12-30,29.756552882957305,29.840850997970183,29.714405433273008,29.7987003326416,18125314
2022-01-03,29.925144931248255,29.96729237957188,29.377218456108572,29.503664016723633,34353862
2022-01-04,29.503667479767433,29.503667479767433,28.955740940313927,29.0400390625,45966754
2022-01-05,29.040039217546386,29.41937273029759,29.040039217546386,29.377222061157227,20483252
2022-01-06,29.377222833021143,29.377222833021143,29.082187435154253,29.33507537841797,21540451
2022-01-07,29.33507537841797,29.50366841247533,29.166482344360602,29.33507537841797,22414383
2022-01-10,29.20862828932887,29.461516191681177,29.166477625900033,29.419368743896484,18860346
2022-01-11,29.33507289882589,29.419371016551477,29.082184976937917,29.124332427978516,29939379
2022-01-12,29.124334124537953,29.377222061157227,29.124334124537953,29.377222061157227,25939464
2022-01-13,29.419370271930795,30.009441002852913,29.419370271930795,29.925146102905273,60954454
2022-01-14,29.88300076483075,29.88300076483075,29.335074229514934,29.672260284423828,27297711
2022-01-17,29.419369120076382,29.503664016723633,29.29292355946132,29.503664016723633,15682676
2022-01-18,29.41937408936151,29.503669000247182,29.16648292541504,29.16648292541504,24679769
2022-01-19,28.955740177754713,28.955740177754713,28.702852249145508,28.702852249145508,39121525
2022-01-20,28.702851312107246,28.997889898889834,28.66070386132241,28.78714942932129,23317715
2022-01-21,28.70285282380561,28.871445851468643,28.492112343137958,28.534259796142578,33915445
2022-01-24,28.40781535536099,28.40781535536099,28.02848187482844,28.19707489013672,29833687
2022-01-25,28.239222340052713,28.449962805276986,28.07062932474443,28.19707489013672,41469383
2022-01-26,28.19707812319785,28.44996606733411,28.19707812319785,28.365671157836914,23969579
2022-02-07,28.239225150894946,28.87144660949707,28.15493024267251,28.87144660949707,46143352
2022-02-08,28.87144526882448,29.166480649547378,28.660704792409703,29.082185745239258,48149920
2022-02-09,29.25077687124578,29.503664783403238,29.208629421826913,29.461517333984375,33816392
2022-02-10,29.587962151288263,30.09374123345355,29.461519792480345,30.051593780517578,65813369
2022-02-11,30.009442343897817,30.262333486330423,29.925147440183252,30.093740463256836,42831965
2022-02-14,29.88299865293145,29.96729355287909,29.58796007182608,29.925146102905273,31655818
2022-02-15,29.967299341296602,29.967299341296602,29.503670870742493,29.545818328857422,25107194
2022-02-16,29.798699400441624,30.05159052192472,29.672257055344264,29.882997512817383,27419612
2022-02-17,30.093742178766195,30.178037087286036,29.79870356765748,29.967296600341797,24941363
2022-02-18,29.840853300193174,30.135888686389524,29.798702631612667,30.051593780517578,27682116
2022-02-21,30.051592812983312,30.89455470714111,29.925147242601867,30.725961685180664,106535067
2022-02-22,30.768111263792797,30.768111263792797,30.00944422034552,30.47307586669922,58439239
2022-02-23,30.34662742131433,30.683813456697784,30.1780344036226,30.388774871826172,25600677
2022-02-24,30.178035368911917,30.178035368911917,29.6301120634431,29.714406967163086,53106485
2022-02-25,29.883001668646706,30.346630096435547,29.756556090320373,30.346630096435547,47869597
2022-03-01,32.03255158008376,32.580478090737685,31.52677573612967,31.99040412902832,192173951
2022-03-02,32.24329108780129,32.70691946684996,31.990403173378763,32.285438537597656,161319482
2022-03-03,32.79122123637427,32.833368690867594,32.49618262363167,32.538330078125,83783263
2022-03-04,32.49618189310822,32.66477492293617,32.28544140973444,32.3697395324707,67319325
2022-03-07,32.41188280889093,33.04410417753388,31.65321588026172,32.875511169433594,168693125
2022-03-08,32.74906750435884,33.00195863896403,31.10529442329125,31.526775360107422,156929352
2022-03-09,31.82181110916216,32.20114459994992,31.52677573612967,31.99040412902832,54290770
2022-03-10,32.32758598739403,32.369736652834696,32.116845522767875,32.285438537597656,53000860
2022-03-11,32.2854425418426,32.622628613322114,32.2854425418426,32.411888122558594,41874902
2022-03-14,32.62262572120482,32.79121874199818,32.580478269917585,32.7069206237793,48857475
2022-03-15,32.87551519358405,32.87551519358405,32.28544120082671,32.62262725830078,44083317
2022-03-16,32.87551885573725,32.87551885573725,32.20114988131265,32.496185302734375,50796341
2022-03-17,32.791216062657476,32.791216062657476,32.496177496465336,32.74906539916992,45613736
2022-03-18,32.791221210837236,33.04410915324491,32.70692308627158,32.91766357421875,61384637
2022-03-21,33.381286831924825,33.929213301940536,33.381286831924825,33.50773239135742,108954077
2022-03-22,33.80276889327556,33.844919558284154,33.254845620250734,33.54988098144531,75633330
2022-03-23,33.63418043970014,33.718475341796875,33.38128930212115,33.718475341796875,54676113
2022-03-24,33.718475341796875,33.84492091058637,33.592029773007376,33.718475341796875,52508866
2022-03-25,33.84492091058637,33.88706836163474,33.6763278907485,33.718475341796875,56868125
2022-03-28,33.592029773007376,33.718475341796875,33.001959027041444,33.718475341796875,45679796
2022-03-29,33.59203016969593,33.63418083688645,33.1705492229462,33.21269989013672,35138419
2022-03-30,33.08625816303575,33.08625816303575,32.3275910845044,32.833370208740234,79595936
2022-03-31,32.791222752298445,33.00196325015218,32.58048225444472,32.833370208740234,30203082
2022-04-01,32.622624600108416,33.044105529785156,32.45403158510886,33.044105529785156,36261897
2022-04-06,33.04410893749289,33.17055130004883,32.79122099673638,33.17055130004883,36592713
2022-04-07,32.91766109585989,33.381289491308316,32.66477317249206,32.7069206237793,43161380
2022-04-08,32.8755125147856,33.044105529785156,32.749066949624854,33.044105529785156,30008036
2022-04-11,33.21269989013672,33.29699479322889,32.95980874957133,33.21269989013672,30651056
2022-04-12,33.21270196987877,33.339144332434714,32.91766335929231,33.17055130004883,37186124
2022-04-13,33.25484961588407,33.42344264924243,33.212702161455645,33.2969970703125,28052076
2022-04-14,33.42344264924243,33.46559010367086,33.212702161455645,33.2969970703125,22922406
2022-04-15,33.296994394661546,33.46558741447225,33.21269949257839,33.339141845703125,29517664
2022-04-18,33.29699479140245,33.339142242946224,32.369737994861666,32.45403289794922,54938992
2022-04-19,32.538330078125,32.70692311174296,32.49618262363167,32.538330078125,23266767
2022-04-20,32.66477201705359,32.70691946684996,32.24329108780129,32.285438537597656,42165190
2022-04-21,32.32758674873211,32.411884865954434,31.863958358764652,31.86395835876465,49700587
2022-04-22,31.779664024488852,32.07469940092275,31.653218454220365,31.69536590576172,47897632
2022-04-25,31.442477602151996,31.484625053185695,30.85240364074707,30.85240364074707,72733030
2022-04-26,30.852406347871014,31.020999382443275,30.430925369262695,30.430925369262695,76300268
2022-04-27,30.09374140507829,30.09374140507829,29.75655534837846,30.009443283081055,62808635
2022-04-28,30.05159205208707,30.515220439006058,30.009441385930874,30.388774871826172,35353418
2022-04-29,30.55737094910306,30.641665858566853,30.3887779145308,30.430925369262695,22502249
2022-05-03,30.430925004890014,30.47307567476188,29.92514912287394,30.346630096435547,21594862
2022-05-04,30.515220439006058,30.515220439006058,30.34662742131433,30.388774871826172,15661216
2022-05-05,30.68381517351949,30.85240498499981,30.55736959926472,30.641664505004883,20202537
2022-05-06,30.26233385647407,30.26233385647407,30.00944271094831,30.178035736083984,26251831
2022-05-09,29.925144931248255,29.925144931248255,29.503664016723633,29.503664016723633,38019713
2022-05-10,29.2086335965026,29.33507596283111,28.82930006622762,29.16648292541504,35761098
2022-05-11,29.16648085465734,29.335073880103668,28.82929801940918,28.82929801940918,37128249
2022-05-12,28.66070853863662,28.787154127270917,27.986339569091797,27.986339569091797,55739317
2022-05-13,28.02848470895403,28.407818227843233,28.02848470895403,28.11277961730957,31940051
2022-05-16,28.36567311934979,28.36567311934979,27.902041438120634,27.986339569091797,28541799
2022-05-17,28.154931285407105,28.197078741079277,27.817745208740234,27.817745208740234,33297434
2022-05-18,27.90203855919406,28.365670192585803,27.859891105879694,28.2813720703125,30934011
2022-05-19,27.944189650100075,27.986337104050854,27.733449164701565,27.775596618652344,46276518
2022-05-20,27.902039130776082,28.197077741309744,27.817744222420536,28.11277961730957,19538898
2022-05-23,28.365670192585803,28.365670192585803,28.112779041410466,28.2813720703125,26062867
2022-05-24,28.32351952362687,28.618558128116575,28.2813720703125,28.2813720703125,25334156
2022-05-25,28.36566998412409,28.576410464791742,28.2813718624703,28.534259796142578,19319640
2022-05-26,28.618557344823934,28.82929782127235,28.576409892663143,28.702852249145508,23530520
2022-05-27,28.871443002880763,29.040036013909642,28.57640764531339,28.997888565063477,28322599
2022-05-30,29.082185745239258,29.208631317345915,28.91359272097854,29.082185745239258,34415741
2022-05-31,29.040038490098446,29.20863151550293,28.829298012253965,29.20863151550293,55549745
2022-06-01,28.997889898889834,29.04003734967467,28.78714942932129,28.78714942932129,28384945
2022-06-02,28.576412012169346,28.6185594674562,28.407818975377207,28.449966430664062,25584781
2022-06-06,28.449964509005,29.20863151550293,28.365669604125006,29.20863151550293,28049127
2022-06-07,29.12433186443686,29.33507233120651,28.997889513761667,29.292924880981445,26168588
2022-06-08,29.292924880981445,29.419370447300967,29.208629980531317,29.292924880981445,16083832
2022-06-09,29.166480649547378,29.208631317345915,28.997890840931138,29.082185745239258,14089724
2022-06-10,28.91359272097854,29.208631317345915,28.82929781667042,29.082185745239258,17840593
2022-06-13,28.618556208570226,28.78714922616414,28.4921106414637,28.660703659057617,27052054
2022-06-14,28.618556208570226,28.7449985600324,28.407815740488918,28.660703659057617,29224193
2022-06-15,28.66070422698939,28.829297247924092,28.492111206054688,28.492111206054688,25008314
2022-06-16,28.78715115701861,28.78715115701861,28.2813720703125,28.2813720703125,25614060
2022-06-17,28.23922638633457,28.23922638633457,27.90204030740401,27.944190979003906,48590727
2022-06-20,27.944188720182858,28.07063107782749,27.101226806640625,27.101226806640625,54875133
2022-06-21,27.143376092037062,27.22767100282547,26.553302069584028,26.848339080810547,62025573
2022-06-22,26.89048415606322,26.93263321554907,26.131818771362305,26.131818771362305,54209896
2022-06-23,25.836781005913384,26.047521473511082,24.445894241333008,24.445894241333008,131477308
2022-06-24,24.445894241333008,24.78307866792489,24.19300632334464,24.445894241333008,78747346
2022-06-27,24.656636614538517,24.99382106718997,24.656636614538517,24.82522964477539,39772894
2022-06-28,24.698783507065652,24.740932567578454,24.27730254887121,24.61448860168457,40017339
2022-06-29,24.445894910597456,24.740931894876006,24.31945094814157,24.53019142150879,35526095
2022-06-30,24.53019035784361,24.57233780756059,23.98226547241211,23.98226547241211,49396094
2022-07-01,23.98226415549728,24.403745060811314,23.89796765287006,24.193004608154297,35111027
2022-07-04,24.235154436323214,24.403747458139566,23.940117452055706,24.15085792541504,35181116
2022-07-05,24.57233954117177,24.867376533472335,24.361599062074546,24.61448860168457,33905469
2022-07-06,24.69878215932138,24.69878215932138,24.445894241333008,24.445894241333008,31976833
2022-07-07,24.5301918915954,24.65663585647441,24.150858389136125,24.4880428314209,32393064
2022-07-08,24.614486601631313,24.951671019224456,24.57233754454334,24.740930557250977,27259614
2022-07-11,24.740931894876006,24.82522840578734,24.53019142150879,24.53019142150879,20100394
2022-07-12,24.530191994265007,24.572339446793666,24.277302455626288,24.36159896850586,29133023
2022-07-13,24.5301918915954,24.614488404122156,24.36159886654189,24.4880428314209,44474959
2022-07-14,24.488044157588675,24.65663719177246,24.193008759500547,24.65663719177246,30542519
2022-07-15,24.572338973281866,24.572338973281866,24.319451047338582,24.40374755859375,39580844
2022-07-18,24.4458956128305,25.836782455444336,24.23515513340955,25.836782455444336,66739452
2022-07-19,25.331006420555443,25.710339948165515,25.035971018883558,25.49959945678711,64266029
2022-07-20,25.499598112262664,25.710338592529297,25.373154145667137,25.710338592529297,58811605
2022-07-21,25.58389462593377,25.710338592529297,25.20456111832492,25.710338592529297,72278744
2022-07-22,25.710338387188067,25.963226318359375,25.54174536119236,25.963226318359375,66881826
2022-07-25,25.92107997494731,26.42685746675465,25.836783458342367,26.384708404541016,113999013
2022-07-26,25.96367637779912,26.29114652686529,25.870113223127536,26.057239532470703,100113840
2022-07-27,26.104019504666656,26.104019504666656,25.729768680769205,25.823331832885742,48627989
2022-07-28,25.823331114803405,26.010455629264317,25.54264166625907,25.58942413330078,41347259
2022-07-29,25.823329860401266,25.916893005371094,25.636203570461614,25.916893005371094,23263169
2022-08-01,26.01045726524862,26.805741409292395,26.01045726524862,26.758960723876953,47068317
2022-08-02,26.384707289941574,26.66539494394514,26.291144143750856,26.52505111694336,35855147
2022-08-03,26.478268852408153,26.618614465043077,26.197581196275497,26.244361877441406,28445591
2022-08-04,26.24436405724513,26.29114652686529,25.9168956927477,26.057239532470703,25588665
2022-08-05,26.29114506267318,26.478269577026367,26.197581913212264,26.478269577026367,18412397
2022-08-08,26.478269044631936,26.478269044631936,26.057237557376396,26.150800704956055,24986783
2022-08-09,26.150799657891962,26.3379241609903,26.010454049857536,26.197580337524414,14181284
2022-08-10,26.197580337524414,26.29114348135785,26.010454049857536,26.197580337524414,14565558
2022-08-11,26.38470722416794,26.665394877471794,26.291144078210465,26.618614196777344,28211787
2022-08-12,26.618615766423854,27.133210422681724,26.618615766423854,26.899303436279297,28383117
2022-08-15,27.133210015445272,27.413897681087935,26.992866182623942,27.2735538482666,26949109
2022-08-16,27.32033552322938,27.413896886017657,27.133209228515625,27.133209228515625,17340312
2022-08-17,27.13320909439481,27.50745989740378,27.086428413231914,27.320335388183594,21101037
2022-08-18,27.226772241289204,27.320335388183594,27.03964594750042,27.320335388183594,14766933
2022-08-19,27.226772241289204,27.36711606934649,27.13320909439481,27.320335388183594,14696503
2022-08-22,27.13321008556084,27.226773235873058,27.039646935248623,27.179990768432617,8674000
2022-08-23,27.086428682870647,27.086428682870647,26.852521705590483,26.946083068847656,14059703
2022-08-24,26.946083784936405,27.320336386185275,26.946083784936405,27.179990768432617,14947021
2022-08-25,27.226773165515713,27.367116998337043,27.179990698196164,27.2735538482666,9740992
2022-08-26,27.320338149558015,27.507462677691613,27.226774993206824,27.36711883544922,12651621
2022-08-29,26.758958557764693,27.133209364499237,26.758958557764693,26.946083068847656,17879338
2022-08-30,26.94608293380187,27.226772375872503,26.805739105050854,27.133209228515625,20241031
2022-08-31,26.992866444967486,27.226773430132596,26.899303293987707,27.086429595947266,18955507
2022-09-01,26.85252289686053,26.89930358056447,26.571833440930817,26.712177276611328,18624563
2022-09-02,26.8057404285879,26.94608426426841,26.712177276611328,26.712177276611328,15761720
2022-09-05,26.852521571013597,27.133209228515625,26.712175957693976,27.133209228515625,17123752
2022-09-06,27.320335388183594,27.36711606934649,27.13320909439481,27.320335388183594,18305592
2022-09-07,27.32033672563114,27.647805078939594,26.899303436279297,26.899303436279297,29816714
2022-09-08,27.133211836855637,27.46068199180041,26.992867994613242,27.36711883544922,28180371
2022-09-12,27.788150787353516,27.975275306333014,27.46068064842853,27.788150787353516,22214705
2022-09-13,27.7413681254422,27.881711959838867,27.55424360776954,27.881711959838867,22043507
2022-09-14,27.367115879830003,27.694585999408353,27.32033519899106,27.413896560668945,20012457
2022-09-15,27.460680791577158,27.74136846379394,27.273554487053506,27.601024627685547,20304529
2022-09-16,27.320334278230447,27.601021922941428,27.273551814399603,27.460678100585938,46164040
2022-09-19,27.55424217232294,27.741366680247296,27.367115879830003,27.413896560668945,19691127
2022-09-20,27.27355540172182,27.367118557121458,26.61861688306188,26.758960723876953,47509708
2022-09-21,26.571831797754427,26.618614263134077,26.104017851369424,26.52505111694336,45258411
2022-09-22,26.15080025155854,26.618614196777344,25.729766987034186,26.618614196777344,37855645
2022-09-23,26.19758337219371,26.24436405724513,26.01045706285054,26.057239532470703,25497084
2022-09-26,25.729769172108654,25.776549856775905,25.261955187161224,25.355518341064453,31999797
2022-09-27,25.35551663705997,25.44907978467534,24.981265831167107,25.074827194213867,28443667
2022-09-28,25.074828317235827,25.449080924458887,24.79414064638722,24.934484481811523,25199597
2022-09-29,25.07482705965527,25.261953353881836,24.981265697110587,25.261953353881836,20420706
2022-09-30,25.215173000266915,25.215173000266915,24.700576576741263,24.981266021728516,23402778
2022-10-03,24.747360229492188,24.934484750551828,24.513453239741104,24.747360229492188,15776157
2022-10-04,24.934484968212754,25.63620594359155,24.934484968212754,25.449081420898438,24924289
2022-10-05,25.542642376536133,25.963675668776197,25.49586169276221,25.823331832885742,21246106
2022-10-06,26.010456085205078,26.05723855306685,25.682987733016084,26.010456085205078,18175103
2022-10-07,25.870113448455264,26.01045728940066,25.729769607509873,25.77655029296875,13730365
2022-10-11,25.355517151798157,25.916894264318184,25.261954002283378,25.58942413330078,31446284
2022-10-12,25.589423019822092,25.77654752614061,25.308733583491463,25.729766845703125,17299134
2022-10-13,25.636206169097417,25.77655000849395,25.168392181396484,25.168392181396484,21408594
2022-10-14,25.495862329700884,25.58942548415482,25.168392181396484,25.168392181396484,20036745
2022-10-17,25.074826020643563,25.355515450352637,24.700575232266658,25.308732986450195,27557515
2022-10-18,25.449081420898438,25.63620594359155,25.261955113636603,25.449081420898438,25840672
2022-10-19,25.44908023226676,25.96367487634892,25.355517083005825,25.682987213134766,35346488
2022-10-20,25.261955591189036,26.758960723876953,25.1683924357894,26.758960723876953,73591887
2022-10-21,26.291144343175915,26.38470749007633,26.010454902474663,26.244361877441406,20154626
2022-10-24,26.3379241609903,26.38470662519129,25.963673370225088,26.197580337524414,18132855
2022-10-25,25.682987353007775,25.776548718209614,25.30873475392582,25.495861053466797,24261324
2022-10-26,25.54264259338379,25.729768899205496,25.402298756301864,25.54264259338379,13569094
2022-10-27,25.58942241615927,25.87011006129982,25.308732986450195,25.308732986450195,21823301
2022-10-28,25.261954140875016,25.402297973632812,24.887703325331337,25.402297973632812,20622725
2022-10-31,25.261954476099643,25.355517627369302,25.028047490209833,25.121610641479492,15791874
2022-11-01,25.12160952549621,25.35551650099512,25.02804637838293,25.261953353881836,10424640
2022-11-02,25.168391960005685,25.449081420898438,25.12161127547459,25.449081420898438,13784877
2022-11-03,25.074828173560324,25.261954476099643,25.028047490209833,25.121610641479492,13390542
2022-11-04,24.934482509890465,25.074826334215803,24.84091936548406,25.028045654296875,20302062
2022-11-07,25.07482784081885,25.402297973632812,25.07482784081885,25.402297973632812,20515305
2022-11-08,25.495859939628932,25.682986230994924,25.40229679394594,25.63620376586914,19213121
2022-11-09,25.636205265154317,26.010456085205078,25.589424581861227,26.010456085205078,19999240
2022-11-10,25.870113448455264,26.01045728940066,25.682988922050995,25.77655029296875,11558444
2022-11-11,26.010454049857536,26.29114348135785,25.87011022639165,26.197580337524414,32637586
2022-11-14,26.337926172677708,27.133210279152816,26.24436302169793,27.086429595947266,55406854
2022-11-15,26.80573903857213,27.273552989627728,26.61861452889105,27.22677230834961,33335032
2022-11-16,27.039646216673447,27.179990046127823,26.758958557764693,26.946083068847656,25127208
2022-11-17,26.57183265686035,26.75895895529185,26.4782695076446,26.57183265686035,20555680
2022-11-18,26.4782695076446,26.712176488399656,26.244362526889546,26.57183265686035,22489228
2022-11-21,26.38470761879781,27.133209228515625,26.38470761879781,27.133209228515625,27396844
2022-11-22,27.039646081158747,27.133209228515625,26.805739105050854,27.133209228515625,20720138
2022-11-23,27.133209228515625,27.17998990990976,26.99286539976461,27.133209228515625,19219695
2022-11-24,27.17998977555771,27.60102304429817,27.13320909439481,27.320335388183594,50372888
2022-11-25,27.413898092537167,27.69458754696129,26.899303436279297,26.899303436279297,37263851
2022-11-28,26.571833134966532,26.805740119930267,26.104019165039062,26.104019165039062,44150134
2022-11-29,26.291142922514194,27.08642695134108,26.291142922514194,26.852519989013672,36510881
2022-11-30,26.75895919973217,27.32033631558615,26.75895919973217,27.2735538482666,53149990
2022-12-01,27.413899521340426,27.554245148151598,27.179992522746844,27.36711883544922,34678909
2022-12-02,26.94608293380187,27.413896886017657,26.94608293380187,27.133209228515625,24592713
2022-12-05,26.946082800606032,27.36711606934649,26.712175825654352,27.320335388183594,31417106
2022-12-06,27.226772375872503,27.507460033374535,26.94608293380187,27.133209228515625,32115437
2022-12-07,26.94608293380187,27.367116204623517,26.94608293380187,27.133209228515625,22806354
2022-12-08,27.133210279152816,27.226773430132596,26.946083977193258,27.086429595947266,23874104
2022-12-09,26.992866252376842,27.179990768432617,26.992866252376842,27.179990768432617,20354544
2022-12-12,27.133209228515625,27.17998990990976,26.712175957693976,27.133209228515625,17541124
2022-12-13,27.2735538482666,27.60102398122881,27.039646865374834,27.2735538482666,45233741
2022-12-14,27.460680219369273,27.460680219369273,27.13321008556084,27.179990768432617,27900314
2022-12-15,27.413899521340426,27.78815214674518,27.226774993206824,27.36711883544922,42268016
2022-12-16,27.179989521715203,27.554242105797506,26.899301868222057,27.50745964050293,108224679
2022-12-19,27.13320983868413,27.27355367059118,26.478269577026367,26.478269577026367,111947571
2022-12-20,26.618614196777344,27.27355264934252,26.571831731514315,26.618614196777344,104836228
2022-12-21,26.99286667412674,27.834931470956217,26.899303522352646,27.788150787353516,143399534
2022-12-22,27.928494586981802,28.864122534387768,27.554243764933155,28.6769962310791,156819114
2022-12-23,28.302744494441413,28.723777770996094,28.11561819717964,28.723777770996094,37112347
2022-12-26,28.723777840017824,28.91090235316062,28.489870860162853,28.63021469116211,18885354
2022-12-27,28.63021490027746,28.72377804981656,28.2559640866897,28.349525451660156,20232828
2022-12-28,28.396307711307138,28.63021469116211,28.25596388030788,28.63021469116211,32698642
2022-12-29,28.443090003773193,28.443090003773193,27.788151493840722,28.022058486938477,31456984
2022-12-30,28.02205757880421,28.209182096476873,27.881711959838867,27.881711959838867,17935513
2023-01-03,27.928494991620855,28.349526503312397,27.601024848370514,28.302745819091797,26084835
2023-01-04,28.11561887371189,28.209182024594146,27.8817118887906,27.97527503967285,22091782
2023-01-05,28.16240127015226,28.16240127015226,27.975274968861413,28.068838119506836,11035675
2023-01-06,28.022056322624977,28.20918083190918,27.97527385687748,28.20918083190918,10425825
2023-01-09,28.34952588163727,28.957685470581055,28.209182047484347,28.957685470581055,38857533
2023-01-10,28.817338018611135,29.004464308623223,28.723776658173648,28.864120483398438,20148958
2023-01-11,28.957684750288998,29.004465432320128,28.676995304396335,28.723777770996094,13382452
2023-01-12,28.910900911715803,29.285151703910568,28.864120231904664,29.051244735717773,30153673
2023-01-13,29.1448078799086,29.378714848101396,29.00446405590663,29.051244735717773,25895880
2023-01-16,29.191590344288286,29.42549731248108,28.864120231904664,29.051244735717773,15782170
2023-01-17,29.051247548009414,29.191593170166016,28.95768617932997,29.191593170166016,16640335
2023-01-30,29.9400938011523,30.033655166625977,29.519060518246135,30.033655166625977,54164494
2023-01-31,29.94009527101074,30.22078295034897,29.612625122070312,29.612625122070312,31242034
2023-02-01,29.5658431761276,30.080439612393093,29.5658431761276,29.940093994140625,20953439
2023-02-02,29.940095046254548,29.98687573093683,29.659407369023402,29.893314361572266,23511417
2023-02-03,29.75296631582874,29.75296631582874,29.285152368821567,29.37871551513672,16406794
2023-02-06,29.285151703910568,29.472277992292224,29.051244735717773,29.051244735717773,17650571
2023-02-07,29.191591981094117,29.51906032727072,29.144809514091286,29.425498962402344,14702117
2023-02-08,29.425498962402344,29.51906032727072,29.28515334596249,29.425498962402344,11921447
2023-02-09,29.285154342651367,29.42549996386773,29.19159297459873,29.285154342651367,8927996
2023-02-10,29.144809652851894,29.331935952616856,29.051246502969413,29.238372802734375,10750436
2023-02-13,29.144809514091286,29.47227964483653,29.051246364654265,29.425498962402344,11119350
2023-02-14,29.56584279427355,29.56584279427355,29.378716495399512,29.425498962402344,11395370
2023-02-15,29.519060397317787,29.612623546976828,29.19159205036412,29.33193588256836,15604208
2023-02-16,29.612624265834135,29.706187417764454,29.378717278292683,29.56584358215332,16216462
2023-02-17,29.5190591438254,29.659404754638672,29.425497782707986,29.659404754638672,9964396
2023-02-20,29.659406326773023,29.940093994140625,29.472280025482178,29.940093994140625,16004074
2023-02-21,29.9400938011523,30.080439418500127,29.7061868183308,30.033655166625977,27830630
2023-02-22,29.846531892321256,29.940095046254548,29.706188053705684,29.893314361572266,11053719
2023-02-23,29.893311537047513,29.940092217309633,29.752965927124023,29.752965927124023,14842596
2023-02-24,29.84652946214389,29.89331192758576,29.37871551513672,29.37871551513672,31537804
2023-03-01,29.004465713865216,29.098028863404316,28.349525451660156,28.349525451660156,43797987
2023-03-02,28.396308560684783,28.81734006627626,28.255964725487626,28.6769962310791,21858552
2023-03-03,28.676995304396335,28.86412160165811,28.583432155765447,28.723777770996094,11568371
2023-03-06,28.910902091490325,28.957684557779075,28.72377758004118,28.817338943481445,13952327
2023-03-07,28.77055805953835,29.144808864374717,28.723777378147027,29.0980281829834,17081090
2023-03-08,29.00446686366969,29.28515453884546,28.910903710421533,29.191593170166016,20312769
2023-03-09,29.191590664761115,29.28515202541054,28.770557403564453,28.770557403564453,17955484
2023-03-10,28.583432224449936,28.770558522161366,28.536651542306394,28.63021469116211,19995526
2023-03-13,28.58343183137303,29.144808932218673,28.53665114987281,29.004465103149414,20491638
2023-03-14,28.723777770996094,29.004465432320128,28.723777770996094,28.723777770996094,15304629
2023-03-15,28.723777770996094,28.91090228368924,28.676995304396335,28.723777770996094,18633895
2023-03-16,28.91090235316062,28.91090235316062,28.583432224449936,28.63021469116211,16805383
2023-03-17,28.86412185034887,29.51906032727072,28.770558700911852,29.425498962402344,44925086
2023-03-20,29.472280845341785,29.472280845341785,29.00446686366969,29.191593170166016,12788075
2023-03-21,29.191593170166016,29.28515453884546,29.00446686366969,29.191593170166016,10069306
2023-03-22,29.378717692093623,29.378717692093623,29.051247548009414,29.191593170166016,12019489
2023-03-23,29.238372802734375,29.285153485391287,29.0044658203125,29.238372802734375,12435537
2023-03-24,29.378715840468526,29.378715840468526,29.051245717023473,29.0980281829834,15060491
2023-03-27,29.09803023858591,29.144810923282005,28.817340776703137,28.910903930664062,16021139
2023-03-28,28.91090116361718,29.004464308623223,28.723776658173648,28.864120483398438,16144425
2023-03-29,28.864121274080155,29.004465103149414,28.817338808011332,29.004465103149414,10312830
2023-03-30,29.004465103149414,29.004465103149414,28.864121274080155,29.004465103149414,8452880
2023-03-31,29.004467084624984,29.285154761939026,28.910903930664062,28.910903930664062,17609644
2023-04-06,29.004465239499208,29.05124592121934,28.72377758004118,28.817338943481445,15456580
2023-04-07,28.864121409770195,28.910902091490325,28.770558261761312,28.817338943481445,6941718
2023-04-10,28.95768639992889,29.09803023858591,28.817340776703137,28.910903930664062,14150090
2023-04-11,29.004467084624984,29.004467084624984,28.817340776703137,28.910903930664062,16590247
2023-04-12,28.957684354240836,29.0980281829834,28.91090188828091,29.0980281829834,21988498
2023-04-13,29.191591981094117,29.47227964483653,29.144809514091286,29.425498962402344,35206239
2023-04-14,29.42549830642845,29.47227898781977,28.91090188828091,29.0980281829834,24530867
2023-04-17,29.098027519543127,29.098027519543127,28.676994258346465,28.770557403564453,27542793
2023-04-18,28.81733913505835,28.81733913505835,28.630214622365205,28.723777770996094,12651207
2023-04-19,28.72377896779862,28.817340335759198,28.396308826230484,28.489871978759766,21063005
2023-04-20,28.396308826230484,28.536652662740053,28.255964989720912,28.489871978759766,9378078
2023-04-21,28.489870272688375,28.536650953867277,28.20918083190918,28.20918083190918,16178329
2023-04-24,28.209180899224865,28.209180899224865,28.06883707078466,28.115617752075195,10952076
2023-04-25,28.255963694722933,28.255963694722933,27.78814973808559,27.834930419921875,24123853
2023-04-26,27.741366680247296,27.78814914565482,27.273552733583536,27.413896560668945,30733028
2023-04-27,27.273553125373642,27.32033559145321,26.852521638069206,27.03964614868164,34643445
2023-04-28,27.13320916122477,27.32033545547445,27.03964601409993,27.22677230834961,19432136
2023-05-02,27.226772052744593,27.507459706915416,27.226772052744593,27.413896560668945,17449901
2023-05-03,27.367116998337043,27.413897681087935,27.179990698196164,27.2735538482666,14182323
2023-05-04,27.22677230834961,27.273552989627728,27.13320916122477,27.22677230834961,17661742
2023-05-05,27.22677230834961,27.32033545547445,27.03964601409993,27.22677230834961,18388071
2023-05-08,27.273552733583536,27.460679026076473,27.226772052744593,27.413896560668945,15128659
2023-05-09,27.320334278230447,27.460678100585938,27.179988671306436,27.460678100585938,19509557
2023-05-10,27.460678100585938,27.460678100585938,27.320334278230447,27.460678100585938,11338292
2023-05-11,27.46068014840748,27.507460831158372,27.226773165515713,27.2735538482666,8792698
2023-05-12,27.27355305726664,27.32033552322938,27.08642854712149,27.133209228515625,13543441
2023-05-15,27.039646865374834,27.32033631558615,26.992866182623942,27.2735538482666,13193698
2023-05-16,27.2735529224521,27.36711606934649,27.17998977555771,27.320335388183594,13471538
2023-05-17,27.320336884019678,27.788150859536668,27.226773732002542,27.69458770751953,23711802
2023-05-18,27.69458763557942,27.881712154558922,27.647805167408027,27.788150787353516,16594399
2023-05-19,27.881712226985112,27.928494695278026,27.601024555502395,27.69458770751953,17709100
2023-05-22,27.647804833886767,28.068838119506836,27.647804833886767,28.068838119506836,24495792
2023-05-23,28.068838190555102,28.11561887371189,27.97527503967285,27.97527503967285,18665186
2023-05-24,28.022058486938477,28.068839171730534,27.788151493840722,28.022058486938477,16575238
2023-05-25,27.834929759290652,27.88171044001665,27.50745964050293,27.50745964050293,23958743
2023-05-26,27.320335388183594,27.554242363135273,27.17998977555771,27.320335388183594,25249210
2023-05-29,27.413897751928832,27.601024052553267,27.179990768432617,27.179990768432617,29221279
2023-05-30,27.226772375872503,27.32033552322938,27.133209228515625,27.133209228515625,34368793
2023-05-31,27.133209228515625,27.507460033374535,27.133209228515625,27.133209228515625,60567332
2023-06-01,27.273552989627728,27.367116136752568,27.179989842502888,27.22677230834961,15897376
2023-06-02,27.367115813756357,27.554242105797506,27.273552667735782,27.50745964050293,16440774
2023-06-05,27.50746140348526,27.881712226985112,27.50746140348526,27.69458770751953,15557184
2023-06-06,27.74136805475156,28.022057507398312,27.74136805475156,27.97527503967285,16183632
2023-06-07,28.022057507398312,28.022057507398312,27.92849435651606,27.97527503967285,14154616
2023-06-08,27.928493568163066,27.97527424999935,27.78814973808559,27.834930419921875,10033748
2023-06-09,27.928493568163066,27.97527424999935,27.78814973808559,27.834930419921875,12117630
2023-06-12,27.834928574778264,27.881709253513517,27.69458475400401,27.741365432739258,9251114
2023-06-13,27.741368391243753,27.881712226985112,27.601024555502395,27.69458770751953,13498062
2023-06-14,27.69458475400401,27.975272395552523,27.69458475400401,27.741365432739258,13420879
2023-06-15,27.788147896043014,27.881709253513517,27.647802290700255,27.741365432739258,11919785
2023-06-16,27.741367271680684,27.928493568163066,27.694586589844395,27.834930419921875,21884295
2023-06-19,27.83493035174384,27.975274181477563,27.741367203731816,27.92849349975586,12176890
2023-06-20,27.928493568163066,27.928493568163066,27.78814973808559,27.834930419921875,13717453
2023-06-21,27.834928574778264,27.881709253513517,27.69458475400401,27.741365432739258,15069147
2023-06-26,27.741368391243753,27.881712226985112,27.554243871778173,27.69458770751953,22061766
2023-06-27,27.64780412343949,27.928493568163066,27.601023441603203,27.834930419921875,12798896
2023-06-28,27.788150787353516,27.928494622730312,27.69458763557942,27.788150787353516,12415667
2023-06-29,27.834928574778264,27.881709253513517,27.601021611965002,27.741365432739258,17387587
2023-06-30,27.601022786523504,27.741366613270078,27.50745964050293,27.50745964050293,26276180
2023-07-03,27.507461139924867,27.975275110959537,27.507461139924867,27.881711959838867,15406729
2023-07-04,27.694586726890314,27.834930557662283,27.60102357818613,27.647804260253906,17582856
2023-07-05,27.64780531153211,27.74136846379394,27.601024627685547,27.601024627685547,11251393
2023-07-06,27.460680415297706,27.460680415297706,27.039647128173037,27.086429595947266,37530317
2023-07-07,27.039645419480713,27.039645419480713,26.71217530402935,26.80573844909668,19930733
2023-07-10,26.89930066765175,27.133207629979157,26.852519989013672,26.852519989013672,10541540
2023-07-11,26.899303364886894,27.17999103399737,26.899303364886894,26.99286651611328,8353441
2023-07-12,26.94608404821575,27.086429667339665,26.85252268155804,26.99286651611328,11400272
2023-07-13,27.08642940268906,27.367117069057056,27.08642940268906,27.179990768432617,13090257
2023-07-14,27.367116998337043,27.413897681087935,27.179990698196164,27.2735538482666,14416280
2023-07-17,27.273552733583536,27.413896560668945,27.226772052744593,27.413896560668945,16507771
2023-07-18,27.2735529224521,27.460679216240884,27.226772241289204,27.320335388183594,17300894
2023-07-19,27.273552733583536,27.413896560668945,27.226772052744593,27.413896560668945,20801143
2023-07-20,27.32033610666549,27.647804452554865,27.273553639703692,27.554243087768555,27587091
2023-07-21,27.554245148151598,27.601025834042805,27.226774993206824,27.36711883544922,27095550
2023-07-24,27.367115813756357,27.50745964050293,27.32033513303036,27.50745964050293,27399008
2023-07-25,27.50745877984826,27.64780260220375,27.460678100585938,27.460678100585938,20732767
2023-07-26,27.3153863287501,27.751269032842533,27.21852288977964,27.65440559387207,28312349
2023-07-27,27.70283702926594,27.70283702926594,27.412246725024353,27.55754280090332,33794604
2023-07-28,27.557543487625725,27.557543487625725,27.218522381320454,27.315385818481445,25565988
2023-07-31,27.31538651134627,27.31538651134627,27.024796192492364,27.07322883605957,33419371
2023-08-01,27.170089079837346,27.4122467431069,27.073227492542603,27.266952514648438,20715415
2023-08-02,27.21852176014571,27.460679423763526,26.976364096527895,27.121658325195312,43027893
2023-08-04,27.121660134727563,27.412248611450195,27.07322933777928,27.412248611450195,17989617
2023-08-07,27.412249217626307,27.605976104736328,27.36381841960706,27.605976104736328,17917366
2023-08-08,27.605974889434545,27.605974889434545,27.266953775675045,27.36381721496582,18965588
2023-08-09,27.36381594945953,27.36381594945953,27.024794851378882,27.266952514648438,22084472
2023-08-10,27.21852240672939,27.21852240672939,26.927932094975148,27.024795532226562,24773934
2023-08-11,27.07322886901229,27.121659665122,26.782638549804688,26.782638549804688,21331227
2023-08-14,26.87950213153216,26.87950213153216,26.29832333756331,26.346755981445312,28958962
2023-08-15,26.63734511150423,26.63734511150423,26.249893188476562,26.249893188476562,21127722
2023-08-16,26.20145932747146,26.20145932747146,25.959301655877393,26.007734298706055,30898347
2023-08-17,25.9593023502313,25.9593023502313,25.378125400873476,25.76557731628418,36197865
2023-08-18,25.81400798384201,26.443617574176407,25.81400798384201,26.346755981445312,27913859
2023-08-21,26.346756631112605,26.492050871308418,26.20146054340029,26.249893188476562,12512512
2023-08-22,26.44361704405432,26.44361704405432,25.81400746634187,25.86244010925293,19885790
2023-08-23,25.9593023502313,26.056165790963092,25.66871387555239,25.76557731628418,24594536
2023-08-24,25.76557605194542,25.86243948792404,25.668712615966797,25.668712615966797,22422211
2023-08-25,25.717142782962863,25.7655754235291,25.378123536580848,25.474985122680664,25111609
2023-08-28,25.474985744009555,25.71714341019792,25.474985744009555,25.668712615966797,16084736
2023-08-29,25.66871326141232,25.66871326141232,25.32969215072057,25.571849822998047,30364317
2023-08-30,25.668713217085877,25.765576655332882,25.571849778838875,25.717144012451172,19871195
2023-08-31,25.814006846176543,25.86243948792404,25.668712615966797,25.668712615966797,39668228
2023-09-01,25.717144028036167,26.007734342953277,25.668713232641522,25.86244010925293,16777494
2023-09-04,25.862438732546224,26.249890617627823,25.862438732546224,26.201457977294922,15601250
2023-09-05,26.15302974584052,26.249893188476562,26.056166303204474,26.249893188476562,10907670
2023-09-06,26.249891301896444,26.34675473757091,25.959300994873047,25.959300994873047,14815565
2023-09-07,25.959301076386286,25.959301076386286,25.620281821735674,25.668712615966797,17454313
2023-09-08,25.668714575161804,25.668714575161804,25.47498768841813,25.523420333862305,14344143
2023-09-11,25.523419072128377,25.523419072128377,25.378124838011406,25.426555633544922,17031847
2023-09-12,25.57184855629681,25.57184855629681,25.426554329630758,25.474985122680664,15697467
2023-09-13,25.523420333862305,25.620283777234143,25.426556890490467,25.523420333862305,10736881
2023-09-14,25.71714467216005,25.86244075701597,25.571850434820593,25.76557731628418,15327535
2023-09-15,25.86244075701597,26.007734994355427,25.571850434820593,25.76557731628418,47733098
2023-09-18,25.76557537201312,26.00773303181115,25.76557537201312,25.910869598388672,13763859
2023-09-19,25.910870282155162,25.959301076386286,25.668712615966797,25.668712615966797,11324592
2023-09-20,25.76557605194542,25.814006846176543,25.668712615966797,25.668712615966797,10770269
2023-09-21,25.66871396050118,25.66871396050118,25.232829399523816,25.329692840576172,32367079
2023-09-22,25.378124237060547,25.42655503144723,25.281260800770806,25.378124237060547,17681226
2023-09-25,25.474985825833908,25.474985825833908,25.281260800770806,25.378124237060547,11926789
2023-09-26,25.281260782126132,25.329691576477096,25.184397345907826,25.23282814025879,20643742
2023-09-27,24.990670640197575,24.990670640197575,24.50635530339129,24.65165138244629,53009491
2023-09-28,24.603220035697625,24.603220035697625,24.21576811535524,24.45792579650879,38692896
2023-10-02,24.45792579650879,24.45792579650879,24.21576811535524,24.45792579650879,29725706
2023-10-03,24.21576694947875,24.36106118167234,24.070472717285156,24.070472717285156,29470207
2023-10-04,23.925178598283402,23.925178598283402,23.440863257002494,23.489294052124023,39003943
2023-10-05,23.537724761274298,23.82831507349131,23.34399973397936,23.779882431030273,29288152
2023-10-06,23.73145099557023,23.876745223999023,23.58615676714144,23.876745223999023,16081637
2023-10-11,23.876746531152147,23.876746531152147,23.586158058386047,23.82831573486328,34555928
2023-10-12,23.97360927998396,24.16733615458635,23.731451610489174,24.070472717285156,22685451
2023-10-13,24.022040074876358,24.16733615458635,23.925178485091564,24.070472717285156,17388674
2023-10-16,23.925179128122345,23.973609924316406,23.63458880840864,23.973609924316406,17733091
2023-10-17,23.925179128122345,23.973609924316406,23.586158012214582,23.973609924316406,24938058
2023-10-18,23.97360927998396,24.070472717285156,23.343999708800794,24.070472717285156,72772687
2023-10-19,23.73145294189453,23.828316384630053,23.537726056423484,23.73145294189453,28300676
2023-10-20,23.440862675453847,23.440862675453847,23.053408934028404,23.150272369384766,43383203
2023-10-23,23.150273014471495,23.19870565725744,23.053409576416016,23.053409576416016,19275576
2023-10-24,23.05340901434984,23.101841655954946,22.762820554784668,22.859683990478516,24610239
2023-10-25,22.762820998376643,23.63458824157715,22.762820998376643,23.63458824157715,36542724
2023-10-26,23.34399920019146,23.53772422305665,23.15027232980991,23.29556655883789,24266529
2023-10-27,23.198706273146854,23.44086395095625,23.198706273146854,23.24713706970215,14851331
2023-10-30,23.29556721994286,23.489294095822185,23.29556721994286,23.3439998626709,13435985
2023-10-31,23.343998559299063,23.440861991830523,23.247135126767603,23.39242935180664,14290204
2023-11-01,23.48929342921944,23.586156864410214,23.29556655883789,23.29556655883789,12991362
2023-11-02,23.53772484724555,23.634588285005012,23.440863257002494,23.489294052124023,13224242
2023-11-03,23.537724761274298,23.92517851089698,23.537724761274298,23.779882431030273,15846172
2023-11-06,24.409493780998748,24.700082244873048,24.11890346960805,24.21576690673828,38594502
2023-11-07,24.02203941345215,24.02203941345215,23.731450957066045,24.02203941345215,26952707
2023-11-08,24.0220407675352,24.0220407675352,23.68302149848023,23.82831573486328,24670888
2023-11-09,23.73145163608564,23.82831507349131,23.537724761274298,23.779882431030273,20112794
2023-11-10,23.683020201932752,23.925177865152854,23.634587560778918,23.876745223999023,20079730
2023-11-13,23.92517982736558,24.022041422584596,23.68302214428502,23.73145294189453,18912504
2023-11-14,23.779882431030273,23.779882431030273,23.537724761274298,23.779882431030273,21371678
2023-11-15,23.973610532875732,24.16733741760254,23.87674709051233,24.16733741760254,40241464
2023-11-16,24.31263096043772,24.554788635646233,24.26419831688615,24.409494400024414,24996612
2023-11-17,24.409494400024414,24.457925196059538,24.215767520851028,24.409494400024414,19582388
2023-11-20,24.55478792779992,24.651651364594308,24.409493696366532,24.50635528564453,17827471
2023-11-21,24.65165259193265,24.990671866317268,24.603219947365933,24.893810272216797,55193454
2023-11-22,24.893809566482446,24.990671157836914,24.457925015321628,24.990671157836914,46112338
2023-11-23,24.845376923288786,24.990671157836914,24.554788454192526,24.990671157836914,55232305
2023-11-24,24.845378172559144,25.087535858154297,24.50635704322263,25.087535858154297,73407439
2023-11-27,25.039104364935575,25.329692840576172,24.796946686062924,25.329692840576172,71525303
2023-11-28,25.281259536743164,25.378122968189867,25.039101881884545,25.281259536743164,71908459
2023-11-29,25.281260800770806,25.378124237060547,25.03910313380464,25.378124237060547,70433891
2023-11-30,25.329691595157488,25.378124237060547,25.03910313380464,25.378124237060547,119550143
2023-12-01,25.087533309872015,25.184396743774414,24.990669875969616,25.184396743774414,58743809
2023-12-04,25.184397345907826,25.23282814025879,24.942239679120252,25.23282814025879,42261266
2023-12-05,25.135965313331248,25.281259536743164,25.039101881884545,25.281259536743164,29297509
2023-12-06,25.281261399427947,25.474986429078438,25.135967165310976,25.426555633544922,21608468
2023-12-07,25.37812421834444,25.426555012695403,25.23282814025879,25.23282814025879,16881685
2023-12-08,25.281259536743164,25.281259536743164,25.08753267384975,25.281259536743164,20561534
2023-12-11,25.232829546601415,25.281262191168132,24.65165259193265,24.893810272216797,45816383
2023-12-12,24.89380905084943,24.942239845523503,24.50635530339129,24.65165138244629,37816274
2023-12-13,24.651653337175727,24.651653337175727,24.215768760480465,24.36106300354004,43145281
2023-12-14,24.506356544193007,24.700083427730824,24.36106230529789,24.603219985961914,42235367
2023-12-15,24.700083209433796,25.620283126831055,24.700083209433796,25.620283126831055,110996852
2023-12-18,26.104599041716792,26.24989328243266,25.66871447205269,25.814008712768555,71576761
2023-12-19,25.814008712768555,25.910872155751303,25.329693345371336,25.814008712768555,42665576
2023-12-20,26.056165122557477,26.056165122557477,25.668713217085877,25.717144012451172,37818476
2023-12-21,25.523419638212932,25.86244075701597,25.523419638212932,25.76557731628418,26000720
2023-12-22,25.814006164966198,25.910869598388672,25.668711938590647,25.910869598388672,29242443
2023-12-25,25.910870860565147,26.104597736846966,25.862440065252898,26.007734298706055,17061109
2023-12-26,26.05616569519043,26.104598339136537,25.910871458385017,26.05616569519043,12696853
2023-12-27,26.05616569519043,26.104598339136537,25.910871458385017,26.05616569519043,19090541
2023-12-28,26.05616505018123,26.15302848815918,25.959301612203287,26.15302848815918,19954226
2023-12-29,26.15302848815918,26.15302848815918,26.007734254950467,26.15302848815918,17123285
2024-01-02,26.15302848815918,26.15302848815918,25.91087081697252,26.15302848815918,15057909
2024-01-03,25.959301700042218,26.007734342953277,25.668713232641522,25.86244010925293,22318324
2024-01-04,25.81400746634187,25.86244010925293,25.717144028036167,25.86244010925293,16330053
2024-01-05,25.86244010925293,25.86244010925293,25.765576670947226,25.86244010925293,15763027
2024-01-08,25.86243948792404,26.007733718133785,25.668712615966797,25.668712615966797,12478725
2024-01-09,25.717142858963108,25.765575499672476,25.184396743774414,25.184396743774414,26493828
2024-01-10,25.135965988369307,25.135965988369307,24.89380832700743,25.03910255432129,12779680
2024-01-11,24.990671157836914,25.087534596707812,24.893809566482446,24.990671157836914,13565460
2024-01-12,24.893809566482446,25.135967239901472,24.893809566482446,24.990671157836914,12902591
2024-01-15,25.135967239901472,25.184398035578706,24.990671157836914,24.990671157836914,8527080
2024-01-16,24.796946310854743,24.893809750441434,24.409494400024414,24.409494400024414,26726157
2024-01-17,24.409493151988755,24.457923945547655,24.02203941345215,24.02203941345215,34869640
2024-01-18,24.02203941345215,24.264197076279356,24.02203941345215,24.02203941345215,15565197
2024-01-19,23.876745223999023,24.022039452427816,23.77988178920771,23.876745223999023,24219565
2024-01-22,23.876746484411836,24.070473364220973,23.828315688217778,23.973609924316406,12468300
2024-01-23,23.97360861989325,24.16733548916155,23.97360861989325,24.02203941345215,19441516
2024-01-24,24.070474517420887,24.40949564957092,24.070474517420887,24.36106300354004,14041631
2024-01-25,24.31262969970703,24.36106049323078,24.21576626514319,24.31262969970703,11496839
2024-01-26,24.21576811535524,24.506356593732907,24.16733731813112,24.45792579650879,13309883
2024-01-29,24.45792450871722,24.796945613984896,24.45792450871722,24.65165138244629,10559400
2024-01-30,24.7000828573591,24.7000828573591,24.264198303222656,24.264198303222656,15056406
2024-01-31,24.215768760480465,24.36106300354004,24.070474517420887,24.36106300354004,23551443
2024-02-01,24.45792579650879,24.603220035697625,24.36106235454407,24.45792579650879,10402531
2024-02-02,24.40949564957092,24.457926448085267,24.215768760480465,24.36106300354004,11237105
2024-02-05,24.21576694947875,24.264197744371145,24.070472717285156,24.070472717285156,18295132
2024-02-15,24.07047341134052,24.118904207629384,23.731452294769095,23.82831573486328,27325870
2024-02-16,23.82831375776568,24.21576563847807,23.82831375776568,24.1189022064209,12913495
2024-02-19,24.167337269276555,24.603219985961914,24.11890462463386,24.603219985961914,18288946
2024-02-20,24.60321872243892,24.651651364594308,24.409493696366532,24.50635528564453,9500727
2024-02-21,24.506356593732907,24.506356593732907,24.36106235454407,24.45792579650879,9525441
2024-02-22,24.457926448085267,24.506357246599613,24.312632205025693,24.36106300354004,9676925
2024-02-23,24.36106113867543,24.409493780998748,24.21576690673828,24.21576690673828,11649661
2024-02-26,24.1189022064209,24.21576563847807,24.1189022064209,24.1189022064209,11512246
2024-02-27,24.022039452427816,24.022039452427816,23.828314430361544,23.876745223999023,25469633
2024-02-29,23.876746531152147,23.925179174957467,23.779883091057965,23.82831573486328,30716317
2024-03-01,23.779883138179827,23.82831578208112,23.586158105124028,23.683021545410156,28495743
2024-03-04,23.53772615862789,23.586158803964203,23.34400111983216,23.44086456298828,27562668
2024-03-05,23.34399920019146,23.48929342921944,23.29556655883789,23.29556655883789,23444443
2024-03-06,23.29556655883789,23.44086263538223,23.247135765000685,23.29556655883789,23195269
2024-03-07,23.247136468520623,23.295567263823475,23.150273030398505,23.198705673217773,26458836
2024-03-08,23.150272986791574,23.3439998626709,23.05340954885191,23.3439998626709,27667548
2024-03-11,23.34399920019146,23.34399920019146,23.247135765000685,23.29556655883789,12980413
2024-03-12,23.343998559299063,23.39242935180664,23.29556591927518,23.39242935180664,11902213
2024-03-13,23.247136468520623,23.295567263823475,23.053409592276388,23.198705673217773,29450556
2024-03-14,23.198704971163476,23.34399920019146,23.053408894619135,23.29556655883789,20850075
2024-03-15,23.24713711773155,23.295567914386908,23.101842880249023,23.101842880249023,30920658
2024-03-18,23.101841009161983,23.15027180189478,22.762819917483434,22.956546783447266,26497087
2024-03-19,22.859684591600605,23.004978825203874,22.811251948721907,22.90811538696289,18968165
2024-03-20,22.859684635938624,22.95654807436748,22.762821197509766,22.762821197509766,23206150
2024-03-21,22.762821761112146,23.198706321076198,22.762821761112146,23.101842880249023,17614375
2024-03-22,23.053409592276388,23.247136468520623,23.053409592276388,23.198705673217773,15571136
2024-03-25,23.198706321076198,23.24713711773155,23.00497943942185,23.101842880249023,13546178
2024-03-26,23.1018428325198,23.295567866257443,23.053410188448044,23.24713706970215,17176289
2024-03-27,23.247135804741127,23.295566598661125,23.150272369384766,23.150272369384766,13348734
2024-03-28,23.101842219201963,23.19870565725744,23.053409576416016,23.053409576416016,13341170
2024-03-29,23.101842235095653,23.247136468520623,23.101842235095653,23.198705673217773,6795000
2024-04-01,23.198706273146854,23.24713706970215,23.150273629075095,23.24713706970215,9529609
2024-04-02,23.247136975422205,23.5377254486084,23.247136975422205,23.5377254486084,22291064
2024-04-03,23.828314430361544,24.21576632201044,23.58615676714144,23.876745223999023,54187093
2024-04-08,23.876745800540665,24.21576690673828,23.779882363410433,24.21576690673828,47311562
2024-04-09,24.409493551194135,25.281260782126132,24.26419747310849,25.23282814025879,111485566
2024-04-10,25.32969170247559,25.426555139175726,24.74851292979115,24.796945571899414,47413611
2024-04-11,24.700082159233308,24.796945596027697,24.45792449100553,24.50635528564453,30558326
2024-04-12,24.264197744371145,24.264197744371145,24.022040074876358,24.070472717285156,27262546
2024-04-15,24.02204010078625,24.3610612079479,23.779882431030273,23.779882431030273,33609095
2024-04-16,23.68302092764295,23.731451722764476,23.440863257002494,23.489294052124023,24632534
2024-04-17,23.4892946648379,23.73145234179499,23.4892946648379,23.683021545410156,24799167
2024-04-18,23.779881750624945,24.215766282720452,23.731450957066045,24.02203941345215,32702678
2024-04-19,24.02204081513692,24.07047345903821,23.440863868453064,23.683021545410156,36899346
2024-04-22,24.022040117789864,24.167336197759415,23.77988244786248,23.92517852783203,22677216
2024-04-23,24.070472717285156,24.264197744371145,23.925178485091564,24.070472717285156,19482568
2024-04-24,24.118904160415035,24.167336804125544,23.925179128122345,23.973609924316406,12421121
2024-04-25,23.82831507349131,23.876745868435943,23.634588198679968,23.779882431030273,11851681
2024-04-26,23.683020841141005,23.92517851089698,23.683020841141005,23.779882431030273,14545258
2024-04-29,23.876745800540665,24.21576690673828,23.876745800540665,24.21576690673828,22663319
2024-04-30,24.16733615458635,24.312630386779944,24.070472717285156,24.070472717285156,21989008
2024-05-02,24.070473975239135,24.215768215025992,24.022041330299185,24.16733741760254,12671838
2024-05-03,24.215768215025992,24.457925897176253,24.16733741760254,24.16733741760254,22510965
2024-05-06,24.31262969970703,24.36106049323078,24.070472037055602,24.31262969970703,15729366
2024-05-07,24.36105986280568,24.45792329486285,24.1189022064209,24.1189022064209,13625167
2024-05-08,24.167336804125544,24.167336804125544,23.77988304450727,23.973609924316406,24938749
2024-05-09,23.876746531152147,24.118904207629384,23.82831573486328,23.82831573486328,16606448
2024-05-10,23.828314391700196,24.02203941345215,23.779881750624945,24.02203941345215,10766615
2024-05-13,23.925178485091564,24.21576694947875,23.925178485091564,24.070472717285156,15989978
2024-05-14,24.11890346960805,24.312630343868513,24.11890346960805,24.21576690673828,18879955
2024-05-15,24.2157676003196,24.31263104022417,23.973609924316406,23.973609924316406,22507494
2024-05-16,24.215768760480465,24.40949564957092,24.16733796196612,24.36106300354004,36325849
2024-05-17,24.361061742754803,24.409494386279096,24.215767507214803,24.264198303222656,11877799
2024-05-20,24.36106235454407,24.506356593732907,24.312631557319957,24.45792579650879,23135674
2024-05-21,24.45792329486285,24.45792329486285,24.07047141415046,24.1189022064209,15747430
2024-05-22,24.1673368514347,24.264198444012436,23.82831573486328,23.82831573486328,45286858
2024-05-23,23.731450441908596,23.828313874440056,23.39242935180664,23.39242935180664,44134220
2024-05-24,23.392431306884493,23.44086395095625,23.24713706970215,23.24713706970215,29099032
2024-05-27,23.295566598661125,23.343999240097485,23.150272369384766,23.150272369384766,38511702
2024-05-28,23.247137676676044,23.489295360808086,23.19870687885624,23.44086456298828,19944403
2024-05-29,23.44086334476486,23.489294140067713,23.198705673217773,23.198705673217773,35503225
2024-05-30,23.150273676904376,23.198706321076198,23.0534102360772,23.101842880249023,30183046
2024-05-31,23.101843530835282,23.15027432885453,23.004980087280273,23.004980087280273,61849635
2024-06-03,23.053409576416016,23.150273014471495,22.908115343091005,23.053409576416016,25003443
2024-06-04,22.95654742617236,23.0049782202611,22.859683990478516,22.859683990478516,30968997
2024-06-05,22.859685238242875,22.908116034975144,22.81125259399414,22.81125259399414,26955451
2024-06-06,22.811251992965985,22.90811543139484,22.762821197509766,22.762821197509766,30547163
2024-06-07,22.762819917483434,23.004977576180067,22.762819917483434,22.956546783447266,25768510
2024-06-11,22.762821242227147,22.908115476397654,22.61752700805664,22.61752700805664,49427096
2024-06-12,22.617528257315183,22.714391701284494,22.569095611572266,22.569095611572266,25323554
2024-06-13,22.714391701284494,22.762822499510886,22.520664813345874,22.569095611572266,30282666
2024-06-14,22.569095012027724,22.617527656484036,22.472233418148054,22.52066421508789,24362269
2024-06-17,22.520662929293735,22.859684031065946,22.520662929293735,22.71438980102539,15903393
2024-06-18,22.714389137468615,22.81125072298845,22.617525704432467,22.665956497192383,20998113
2024-06-19,22.762821197509766,22.859684635938624,22.665957759080907,22.762821197509766,22013937
2024-06-20,22.85968335046535,23.004977576180067,22.85968335046535,22.956546783447266,27199094
2024-06-21,23.05340901434984,23.101841655954946,22.859683990478516,22.859683990478516,73101591
2024-06-24,22.859683363264683,22.859683363264683,22.617525704432467,22.665956497192383,23798792
2024-06-25,22.714391701284494,22.762822499510886,22.520664813345874,22.569095611572266,25613862
2024-06-26,22.569094394912476,22.569094394912476,22.326936721801758,22.326936721801758,42058481
2024-06-27,22.278505926186185,22.42380016054933,22.278505926186185,22.326936721801758,24330051
2024-06-28,22.326937381072643,22.472233467242525,22.326937381072643,22.375370025634766,20433024
2024-07-01,22.42380016054933,22.42380016054933,22.326936721801758,22.326936721801758,15491542
2024-07-02,22.32693611962674,22.375368761452474,22.278505325317383,22.278505325317383,27698954
2024-07-03,22.326937381072643,22.423800822680406,22.278506584027003,22.375370025634766,18559951
2024-07-04,22.472232729739613,22.762821197509766,22.423800086766974,22.762821197509766,22464780
2024-07-05,22.81125259399414,22.859685238242875,22.665958356280868,22.81125259399414,13081563
2024-07-08,22.811251992965985,22.811251992965985,22.61752696362469,22.762821197509766,17590997
2024-07-09,22.665957848710875,22.714390491875033,22.472232818603516,22.472232818603516,18318869
2024-07-10,22.375369364933757,22.42380016054933,22.278505926186185,22.326936721801758,30401460
2024-07-11,22.326936721801758,22.375369364933757,22.278505926186185,22.326936721801758,20032212
2024-07-12,22.278506584027003,22.569095061333805,22.278506584027003,22.375370025634766,20452160
2024-07-15,22.423798838360163,22.665956497192383,22.423798838360163,22.665956497192383,16421055
2024-07-16,22.665958502941567,22.665958502941567,22.375370025634766,22.375370025634766,19770869
2024-07-17,22.42380013081835,22.61752700805664,22.42380013081835,22.61752700805664,13450152
2024-07-18,22.714390402053546,22.859684635938624,22.56909432065205,22.762821197509766,28548483
2024-07-19,22.714390446675786,22.762821242227147,22.375369335266992,22.61752700805664,22809555
2024-07-22,22.520664264288165,22.569095061333805,22.278506584027003,22.375370025634766,26506583
2024-07-23,22.375368720549684,22.52066295072853,22.375368720549684,22.423799514770508,15851825
2024-07-26,22.669674667214714,22.669674667214714,22.423799662685806,22.52215003967285,36089954
2024-07-29,22.6205004166599,22.6205004166599,22.472975789118035,22.52215003967285,13744725
2024-07-30,22.571326460014703,22.71885108947754,22.522150332942132,22.71885108947754,18623653
2024-07-31,22.71885123548013,22.817201614379883,22.571326605069228,22.817201614379883,17539925
2024-08-01,22.8172005697172,22.915549068236714,22.71885019532032,22.768024444580078,14739581
2024-08-02,22.718850942205357,22.718850942205357,22.47297593606867,22.620500564575195,25396767
2024-08-05,22.325450775993712,22.374625025699242,21.243600399575634,21.587825775146484,52881462
2024-08-06,21.58782503521387,21.784523903171426,20.997724679586575,21.735349655151367,45363301
2024-08-07,21.636999554039637,22.030399170755796,21.636999554039637,21.932048797607422,19761273
2024-08-08,21.63699928323393,21.882874275088863,21.58782503521387,21.735349655151367,16642939
2024-08-09,21.833700300336385,22.22709991705255,21.833700300336385,21.932048797607422,36733403
2024-08-12,21.93204969314831,22.22710082464112,21.882875442504883,21.882875442504883,15328307
2024-08-13,21.93204852310892,21.93204852310892,21.68617353125399,21.735349655151367,14890056
2024-08-14,22.030399769749405,22.817200900451727,21.981225519776867,22.325450897216797,46985458
2024-08-15,22.620499533768708,22.718849906917086,21.882874548971905,21.932048797607422,32030892
2024-08-16,22.12874954390417,22.12874954390417,21.833700300336385,21.932048797607422,28270064
2024-08-19,21.932050301395726,21.932050301395726,21.637001037597656,21.637001037597656,30746799
2024-08-20,21.686174274557544,21.686174274557544,21.538649649563574,21.587825775146484,17553125
2024-08-21,21.637000024852014,21.735350400140454,21.538649649563574,21.587825775146484,13965649
2024-08-22,21.686173802675153,22.079575295268654,21.636999554039637,21.932048797607422,18339991
2024-08-23,21.83370104378988,21.88287529409982,21.68617454110526,21.78452491760254,8288892
2024-08-26,21.833701338608,21.981225967407227,21.78452521175664,21.981225967407227,10719343
2024-08-27,21.882874699709667,22.030399322509766,21.784524325883815,22.030399322509766,12244387
2024-08-28,22.030400218381157,22.079576345232518,21.882875589581936,21.981225967407227,11047355
2024-08-29,21.98122492212028,21.98122492212028,21.833700300336385,21.932048797607422,9940891
2024-08-30,21.93204969314831,22.079576196833422,21.882875442504883,21.882875442504883,34082081
2024-09-02,21.981224647006297,22.030398895026355,21.735349655151367,21.735349655151367,9825238
2024-09-03,21.784525522830826,21.784525522830826,21.538650512695312,21.538650512695312,20712106
2024-09-04,21.046899526632064,21.145249901348695,20.65349990364291,20.850200653076172,43822474
2024-09-05,20.850200502178676,20.89937475124242,20.702674003232726,20.751850128173828,20106391
2024-09-06,20.751850992712477,20.751850992712477,20.407625607293483,20.702674865722656,20839298
2024-09-09,20.260100273840035,20.35845064852359,20.014225275069833,20.21092414855957,25854930
2024-09-10,20.21092489811251,20.260101025216745,20.063400268554688,20.063400268554688,17927808
2024-09-11,20.063400004292458,20.063400004292458,19.76835074906301,19.866701126098633,26669010
2024-09-12,19.965049297462077,20.358450799106112,19.915875047695263,20.309274673461914,20063625
2024-09-13,20.309275229191282,20.751850992712477,20.2601009780789,20.702674865722656,16974538
2024-09-16,20.751850543490086,21.243600547478582,20.653500167516906,21.046899795532227,20504441
2024-09-18,21.0469000906326,21.292775096074283,20.99772583989523,21.243600845336914,19962141
2024-09-19,20.948549270629883,21.04689964590386,20.75185039595931,20.948549270629883,20435020
2024-09-20,20.94855002088072,21.194425029932734,20.801025390625,20.801025390625,73952724
2024-09-23,20.850201663724146,20.9977262950112,20.75185128424029,20.899375915527344,18151380
2024-09-24,20.801024645657606,20.997725396205563,20.653500020685332,20.948549270629883,19331513
2024-09-25,21.145249877069855,21.53864949960731,21.145249877069855,21.48947525024414,39736092
2024-09-26,21.587825473167147,21.587825473167147,21.341950476324136,21.391124725341797,19038283
2024-09-27,21.587826429092537,23.063076475475786,21.48947605082483,22.71885108947754,99192277
2024-09-30,23.063075567770717,23.407299064343746,22.6696740701832,22.768024444580078,82548478
2024-10-01,23.112250119975084,23.112250119975084,22.669674367326735,22.964725494384766,28623128
2024-10-04,23.40729892211626,23.505649295915546,23.21060005039505,23.308950424194336,74666724
2024-10-07,23.308950543323473,23.407299041748047,23.210600169021532,23.407299041748047,44566283
2024-10-08,23.308950424194336,23.554825420753865,23.21060005039505,23.308950424194336,47282616
2024-10-09,23.308950903686657,23.40729940363173,22.325450897216797,22.325450897216797,42538757
2024-10-11,22.472975523011797,22.620500148806798,22.325450897216797,22.325450897216797,11101852
2024-10-14,22.423799853804898,22.423799853804898,21.882875589581936,21.981225967407227,17073546
2024-10-15,22.030400218381157,22.079576345232518,21.73535096078271,21.981225967407227,21110388
2024-10-16,22.03039992090703,22.276274924211524,21.78452491760254,21.78452491760254,26016065
2024-10-17,21.833701484047225,22.27627537339298,21.833701484047225,22.07957649230957,18745319
2024-10-18,22.22709993378426,22.62049955079656,22.079575311889318,22.571325302124023,25719516
2024-10-21,22.817200747413974,22.817200747413974,22.227100372314453,22.227100372314453,19611948
2024-10-22,22.22710007016147,22.22710007016147,21.932048948683914,22.030399322509766,16432974
2024-10-23,22.030399170755796,22.17792379253969,21.932048797607422,21.932048797607422,9317428
2024-10-24,21.882875442504883,22.03040007031258,21.73535081469719,21.882875442504883,9143453
2024-10-25,21.93205010032654,22.17792510986328,21.93205010032654,22.17792510986328,9539323
2024-10-28,22.177923508541426,22.423798500325155,22.03039888864665,22.374624252319336,12019987
2024-10-29,22.32545074747727,22.32545074747727,21.981225372346103,22.227100372314453,15164068
2024-10-30,22.227100221909414,22.27627447121938,21.981225223604834,22.12874984741211,13025155
2024-11-01,21.93204939392694,22.472975523011797,21.784524768131938,22.325450897216797,30859324
2024-11-04,22.177924395544405,22.42379939716187,22.128750145571868,22.325450897216797,11997895
2024-11-05,22.325451161576172,22.52215003967285,22.325451161576172,22.52215003967285,15793925
2024-11-06,22.472976081747,22.71885108947754,22.27627532521159,22.71885108947754,19837656
2024-11-07,22.768024444580078,23.210600191427353,22.71885019532032,22.768024444580078,27834021
2024-11-08,22.866374969482422,23.013899594110057,22.718850344854786,22.866374969482422,20621204
2024-11-11,22.817201614379883,22.817201614379883,22.423800098780873,22.817201614379883,17155975
2024-11-12,22.37462453883644,22.42379878747196,21.932048797607422,21.932048797607422,33607262
2024-11-13,21.833701484047225,22.12875074361106,21.78452535686829,22.07957649230957,16126972
2024-11-14,21.981225819669152,22.03040007031258,21.73535081469719,21.882875442504883,14751280
2024-11-15,21.833700894375248,22.07957589599714,21.686174392700195,21.686174392700195,20532127
2024-11-18,21.78452535686829,22.17792499491255,21.68617497838786,22.07957649230957,17811510
2024-11-19,21.981225967407227,22.12875059620645,21.882875589581936,21.981225967407227,13666414
2024-11-20,21.932048797607422,21.932048797607422,21.932048797607422,21.932048797607422,13951434
2024-11-21,21.78452476852443,21.833700894375248,21.686174392700195,21.686174392700195,11522761
2024-11-22,21.833700027068804,21.93204852310892,21.735349655151367,21.735349655151367,7558649
2024-11-25,22.030399170755796,22.17792379253969,21.784524175823528,21.932048797607422,31000315
2024-11-26,21.833700027068804,21.981224647006297,21.735349655151367,21.735349655151367,8380227
2024-11-27,21.73535009609748,21.784524345115138,21.391124725341797,21.391124725341797,19844379
2024-11-28,21.48947509925447,21.53864934827213,21.145249728498786,21.391124725341797,12814177
2024-11-29,21.194424150768324,21.194424150768324,20.850200653076172,20.850200653076172,24337048
2024-12-02,20.850200653076172,21.096075651929066,20.850200653076172,20.850200653076172,14963847
2024-12-03,20.94854868219734,21.19442367553711,20.89937443388032,21.19442367553711,15231884
2024-12-04,21.194423827224192,21.292774200439453,21.046899205339972,21.292774200439453,13481864
2024-12-05,21.292774525484955,21.292774525484955,20.850200653076172,20.850200653076172,12928639
2024-12-06,20.997726148217595,20.997726148217595,20.751851139165577,20.801025390625,11656615
2024-12-09,20.75184997655777,20.850200349844055,20.653499603271484,20.653499603271484,16072001
2024-12-10,20.702673851975955,20.948548847252997,20.653499603271484,20.653499603271484,14568712
2024-12-11,20.653499297123663,20.653499297123663,20.309273933662805,20.456798553466797,20463300
2024-12-12,20.45680005471762,20.50597618217935,20.16175079345703,20.16175079345703,21568977
2024-12-13,20.16174947479625,20.16174947479625,19.86670023283309,19.915874481201172,23750762
2024-12-16,19.915874481201172,19.965048729569254,19.669999487606095,19.915874481201172,32687754
2024-12-17,19.817524701690672,19.817524701690672,19.670000076293945,19.670000076293945,22777945
2024-12-18,19.669999183787937,19.817523802490886,19.669999183787937,19.719173431396484,19840178
2024-12-19,19.670000973273602,19.719175225355794,19.473300213189876,19.620826721191406,20156774
2024-12-20,19.5716495513916,19.62082567673352,19.473299176585137,19.5716495513916,29358134
2024-12-23,19.620825826454166,19.768350451850893,19.571649700736998,19.670000076293945,18084801
2024-12-24,19.719175225355794,19.81752560539766,19.620826721191406,19.620826721191406,14353814
2024-12-25,19.670000973273602,19.719175225355794,19.571650593231738,19.620826721191406,12808113
2024-12-26,19.670000076293945,19.768350451850893,19.620825826454166,19.670000076293945,10925306
2024-12-27,19.670000076293945,19.670000076293945,19.571649700736998,19.670000076293945,12400622
2024-12-30,19.67000082731846,19.67000082731846,19.522476196289062,19.522476196289062,14853640
2024-12-31,19.473299775291025,19.522475902144862,19.22742476865413,19.325775146484375,20484271
2025-01-02,19.27660032856681,19.27660032856681,18.834024579285956,18.932374954223633,29982286
2025-01-03,18.932375556544255,18.932375556544255,18.686500549316406,18.686500549316406,26769768
2025-01-06,18.686500951994304,19.129076724892528,18.588150571808313,18.981550216674805,29000988
2025-01-07,18.932374529176798,18.932374529176798,18.637325286865234,18.637325286865234,31897887
2025-01-08,18.63732615099763,18.68650040170378,18.391451145712054,18.588150024414062,27768413
2025-01-09,18.538975356812117,18.538975356812117,18.293100357055664,18.293100357055664,26603670
2025-01-10,18.24392377596475,18.29309990021437,17.948874533976344,17.998048782348633,33212820
2025-01-13,17.948874258623615,17.948874258623615,17.55547465004842,17.801349639892578,47882933
2025-01-14,17.80135094428777,18.194750581689348,17.80135094428777,18.047225952148438,28039025
2025-01-15,18.047225504319297,18.735674383719324,18.047225504319297,18.391450881958008,36850268
2025-01-16,18.68650040170378,18.735674652409923,18.489799647124347,18.588150024414062,24772020
2025-01-17,18.784850738547362,19.424125375737937,18.735674612069676,19.22742462158203,51845650
2025-01-20,19.276600748059717,19.325774998659984,18.981549616825856,19.22742462158203,27092634
2025-01-21,19.374950971873844,19.96504947791881,19.276600595573882,19.76835060119629,44743573
2025-01-22,19.965048576146746,20.014224700014264,19.66999933645091,19.817523956298828,26602155
2025-02-03,19.620825826454166,19.91587507724762,19.47329932518005,19.670000076293945,30898467
2025-02-04,19.817524119900217,19.817524119900217,19.276599884033203,19.276599884033203,22707520
2025-02-05,19.473298753495147,19.669999498834425,19.276599884033203,19.276599884033203,18486161
2025-02-06,19.5716495513916,19.669999926198066,19.374950677656045,19.5716495513916,12761054
2025-02-07,19.57165015312127,19.57165015312127,19.22742476865413,19.325775146484375,13201339
2025-02-10,19.32577382289619,19.965048421193835,19.32577382289619,19.719173431396484,36066438
2025-02-11,19.817524550469077,19.866700675810996,19.473299176585137,19.5716495513916,23362366
2025-02-12,19.670000224896327,19.86670097749625,19.571649848596365,19.76835060119629,18503496
2025-02-13,19.86670156930031,21.735351271154705,19.768351190070614,21.538650512695312,119595595
2025-02-14,21.636999971123153,23.112249969154277,21.341950721867878,22.866374969482422,253034762
2025-02-17,23.013899012477985,23.063075136695954,22.227099783763844,22.47297477722168,91729878
2025-02-18,22.276274319135716,22.374624692961568,21.833700450735417,22.030399322509766,54531539
2025-02-19,22.079576345232518,22.423799853804898,21.981225967407227,21.981225967407227,36575774
2025-02-20,22.22710138288716,22.718851405181667,22.177925255131232,22.276275634765625,38025520
2025-02-21,22.423799809314875,22.718850942205357,22.276275180808348,22.620500564575195,41150889
2025-02-24,22.571326605069228,23.01390049630194,22.374625847269723,22.817201614379883,49971882
2025-02-25,22.71885031894859,23.50564956665039,22.620499944016522,23.50564956665039,106905382
2025-02-26,23.55482554113964,23.603999790351928,23.210600169021532,23.407299041748047,60750115
2025-02-27,23.505649277550006,23.948225021362305,23.407298903827567,23.948225021362305,119756768
2025-03-03,23.210600465202333,23.70235046710968,22.96472546424866,23.604000091552734,77102239
2025-03-04,23.358124521091842,23.407298769732677,22.91554877981495,23.210599899291992,53062588
2025-03-05,23.210600611449276,23.800700992631718,23.063075985123017,23.702350616455078,59479308
2025-03-06,23.800700247849125,24.19409986436784,23.603999501651096,23.84987449645996,74512701
2025-03-07,23.751524123360944,24.095749491268826,23.603999501651096,23.84987449645996,35819298
2025-03-10,23.948224587320812,24.4891488191744,23.80069996734959,24.292449951171875,91427684
2025-03-11,24.046576262756663,24.144924764150453,23.456475875006806,23.899049758911133,54721556
2025-03-12,23.99739896479502,24.194099709735873,23.45647473002367,23.751523971557617,38900145
2025-03-13,23.751524292475075,23.751524292475075,23.161423925556733,23.308950424194336,35858175
2025-03-14,23.407299748432486,23.899049758911133,23.358125497735593,23.899049758911133,43648906
2025-03-17,23.800700992631718,23.849875242781337,23.505649864101798,23.702350616455078,25190438
2025-03-18,23.751523971557617,23.849874344028045,23.603999350790644,23.751523971557617,23698389
2025-03-19,23.604000240278438,23.800700992631718,23.505649864101798,23.702350616455078,25448054
2025-03-20,23.89904889656241,23.948225021362305,23.65317390019499,23.948225021362305,40438710
2025-03-21,23.94822516247003,23.94822516247003,23.210600169021532,23.407299041748047,61489340
2025-03-24,23.40729892211626,23.554825420753865,23.21060005039505,23.308950424194336,24386085
2025-03-25,23.505650363864298,23.55482649093687,22.66967496240497,22.71885108947754,37870508
2025-03-26,22.71885123548013,22.964726244790786,22.472976226169475,22.817201614379883,28161129
2025-03-27,22.718850640097656,23.06307601928711,22.620500263775327,23.06307601928711,19019040
2025-03-28,23.161424827724936,23.161424827724936,22.423799809314875,22.620500564575195,29464935
2025-03-31,22.276274319135716,22.571325440613272,22.030399322509766,22.030399322509766,34412583
2025-04-01,22.12874956056185,22.71884992401897,22.12874956056185,22.571325302124023,21369739
2025-04-02,22.620499398120916,22.66967364646155,22.276274032104478,22.47297477722168,18698067
2025-04-07,20.260101318359375,20.260101318359375,20.260101318359375,20.260101318359375,13710207
2025-04-08,20.751850148858537,20.751850148858537,19.76835015958446,20.11257553100586,61498054
2025-04-09,19.57165020016117,19.768350956294423,18.489799793183153,18.686500549316406,94051266
2025-04-10,20.55514907836914,20.55514907836914,20.55514907836914,20.55514907836914,14773219
2025-04-11,20.4567990265499,20.4567990265499,19.9158747828001,20.11257553100586,51700756
2025-04-14,20.555150381572986,21.24360115726961,20.45680000277669,20.801025390625,40042484
2025-04-15,20.85019991417287,21.145249151989237,20.85019991417287,20.997724533081055,14913585
2025-04-16,20.702673699271745,20.85020019605168,20.309274084905688,20.55514907836914,23407071
2025-04-17,20.55515043376363,20.55515043376363,20.16175079345703,20.16175079345703,14189286
2025-04-18,20.21092489811251,20.260101025216745,19.96504989022366,20.063400268554688,12815724
2025-04-21,20.063399702644347,20.063399702644347,19.670000076293945,19.670000076293945,15333739
2025-04-22,19.62082612144829,19.965049627256835,19.47329961795615,19.866701126098633,12858651
2025-04-23,20.063399672873086,20.309274673461914,19.965049297462077,20.309274673461914,14413916
2025-04-24,20.260101172503045,20.35845155154906,20.112576541872752,20.16175079345703,10084926
2025-04-25,20.21092474973613,20.35845125408834,19.965049743652344,19.965049743652344,16507567
2025-04-28,20.06339940601574,20.30927440333426,19.96504903191286,20.11257553100586,15140803
2025-04-29,20.161750048284095,20.358450799106112,19.915875047695263,20.309274673461914,16489059
2025-04-30,20.11257579851728,20.309274673461914,20.063399672873086,20.309274673461914,15292724
2025-05-02,20.309273812353943,20.358449935913086,20.11257494574929,20.358449935913086,11857308
2025-05-05,20.555150381572986,20.997726148217595,20.505976130113563,20.801025390625,33151076
2025-05-06,21.145250871653985,21.88287590206052,21.096076619977868,21.538650512695312,48074567
2025-05-07,21.5878251655826,21.735349786410996,21.145249427220087,21.19442367553711,22903143
2025-05-08,21.19442517810145,21.24360130578211,20.899375915527344,20.899375915527344,18052313
2025-05-09,20.850200771233286,21.04689964590386,20.555149645411355,20.948549270629883,20941472
2025-05-12,21.046898780758013,21.1944233996662,20.899374161849828,20.997724533081055,14150023
2025-05-13,21.096075921457512,21.145250171505403,20.801024793537977,21.046899795532227,17367714
2025-05-14,21.14525032043457,21.1944245708288,20.94854956710282,21.14525032043457,14573770
2025-05-15,21.04689964590386,21.09607577147954,20.653500020685332,20.948549270629883,22666842
2025-05-16,20.653499603271484,20.75184997655777,20.604325354567013,20.653499603271484,20084376
2025-05-19,20.65349975416898,20.89937475124242,20.50597513110039,20.751850128173828,25806692
2025-05-20,20.850200334786795,21.292774200439453,20.801024210240495,21.292774200439453,26630960
2025-05-21,21.194424880356234,21.194424880356234,20.60432636349789,20.702674865722656,36377676
2025-05-22,20.70267402386842,20.70267402386842,20.06339940601574,20.11257553100586,33539283
2025-05-23,20.16175049887034,20.21092474973613,19.719174737568558,19.965049743652344,38070842
2025-05-26,19.965049627256835,20.112576130748973,19.719174622606495,19.866701126098633,24429322
2025-05-27,19.768350451850893,20.014225452804567,19.670000076293945,19.670000076293945,21667511
2025-05-28,19.866699925976736,19.915874173585287,19.62082493617939,19.719173431396484,26380464
2025-05-29,19.817525309808936,19.817525309808936,19.42412567138672,19.42412567138672,76189029
2025-06-02,19.374951621224483,19.374951621224483,18.735675091788107,18.883201599121094,46588463
2025-06-03,18.883200704693483,19.178249953629134,18.883200704693483,18.932374954223633,20604048
2025-06-04,19.03072623057662,19.17825086203214,18.883201599121094,18.883201599121094,26505374
2025-06-05,18.98154846312829,19.32577382404042,18.883199967905373,19.079898834228516,14960352
2025-06-06,19.129076120381495,19.325774998659984,19.07989999390381,19.22742462158203,15950798
2025-06-09,19.424125106099346,19.424125106099346,18.932375103413285,19.030725479125977,15860026
2025-06-10,19.079898834228516,19.276599576428964,19.030724586617055,19.079898834228516,19929216
2025-06-11,19.12907511112504,19.17824935913086,18.98154861535295,19.17824935913086,15130214
2025-06-12,19.178250254329484,19.27660063080922,19.030725627548584,19.12907600402832,14262742
2025-06-13,18.93237585098045,18.9815501028398,18.735675091788107,18.883201599121094,25928196
2025-06-16,18.883201599121094,18.93237585098045,18.686500839928755,18.883201599121094,15142280
2025-06-17,18.883201453054152,18.981549956012106,18.78485107421875,18.78485107421875,13740567
2025-06-18,18.78485107421875,18.93237570453313,18.78485107421875,18.78485107421875,16181131
2025-06-19,18.784849908021016,18.88320028075065,18.588149162561752,18.637325286865234,25795720
2025-06-20,18.637326761033577,18.686501013349293,18.29310136719112,18.342275619506836,42375611
2025-06-23,18.194750728669174,18.24392498028757,17.948875718822293,18.14557647705078,24299391
2025-06-24,18.391451145712054,18.63732615099763,18.342275019128486,18.588150024414062,19065994
2025-06-25,18.68649922688802,18.735673474502594,18.440624237060547,18.440624237060547,16806412
2025-06-26,18.538975920155185,18.784850927383033,18.489799793183153,18.686500549316406,23617710
2025-06-27,18.686500695383348,18.883201453054152,18.686500695383348,18.78485107421875,18295735
2025-06-30,18.637326002207228,18.686500252520794,18.440625249198153,18.48979949951172,17042060
2025-07-01,18.489799793183153,18.834025178477628,18.440625542088558,18.686500549316406,18213531
2025-07-02,18.440625249198153,18.588149876016256,18.391450998884586,18.48979949951172,14053809
2025-07-03,18.538974606993243,19.079898834228516,18.538974606993243,19.079898834228516,30960857
2025-07-04,19.178249953629134,19.27660032856681,18.883200704693483,18.932374954223633,12790396
2025-07-07,18.932375556544255,18.932375556544255,18.538975920155185,18.686500549316406,14554573
2025-07-08,18.637326002207228,18.637326002207228,18.342274872693615,18.48979949951172,21575719
2025-07-09,18.489799647124347,18.63732615099763,18.391451145712054,18.588150024414062,17904105
2025-07-10,18.489798789832122,18.637325286865234,18.44062454140597,18.637325286865234,13122931
2025-07-11,18.637326002207228,18.637326002207228,18.48979949951172,18.48979949951172,14344028
2025-07-14,18.48979863806306,18.637325133885238,18.440624390040544,18.53897476196289,14072125
2025-07-15,18.489799647124347,18.63732615099763,18.440625396418202,18.588150024414062,22430995
2025-07-16,18.48979949951172,18.637326002207228,18.440625249198153,18.48979949951172,15436708
2025-07-17,18.538975330350304,18.932374954223633,18.538975330350304,18.932374954223633,22078548
2025-07-18,18.98154980763885,19.030725934610878,18.686500549316406,18.686500549316406,17238957
2025-07-21,18.735675091788107,18.9815501028398,18.735675091788107,18.883201599121094,14714242
2025-07-22,18.932374954223633,19.227424203159284,18.834024579285956,18.932374954223633,21630277
2025-07-23,19.07989969882965,19.670000076293945,19.03072544898987,19.670000076293945,52835743
2025-07-24,19.75,19.799999237060547,19.450000762939453,19.649999618530273,20036213
2025-07-25,19.649999618530273,20.0,19.549999237060547,19.649999618530273,19815902
2025-07-28,19.649999618530273,19.700000762939453,19.25,19.399999618530273,21966921
2025-07-29,19.399999618530273,19.600000381469727,19.200000762939453,19.200000762939453,14874681
2025-07-30,19.350000381469727,19.799999237060547,19.25,19.799999237060547,26892754
2025-07-31,19.899999618530273,19.899999618530273,19.350000381469727,19.450000762939453,23637205
2025-08-04,19.149999618530273,19.200000762939453,18.75,19.149999618530273,19864340
2025-08-05,19.149999618530273,19.350000381469727,19.100000381469727,19.25,14000210
2025-08-06,19.299999237060547,19.350000381469727,19.149999618530273,19.200000762939453,14307883
2025-08-07,19.25,19.350000381469727,19.200000762939453,19.200000762939453,12988309
2025-08-08,19.200000762939453,19.350000381469727,19.100000381469727,19.149999618530273,15855596
2025-08-11,19.149999618530273,19.399999618530273,19.049999237060547,19.350000381469727,18634082
2025-08-12,19.350000381469727,19.600000381469727,19.350000381469727,19.5,20331635
2025-08-13,19.549999237060547,19.799999237060547,19.450000762939453,19.649999618530273,34824034
2025-08-14,19.700000762939453,19.850000381469727,19.600000381469727,19.850000381469727,27668496
2025-08-15,20.0,20.600000381469727,19.799999237060547,20.5,65742256
2025-08-18,20.5,20.649999618530273,20.200000762939453,20.399999618530273,38173020
2025-08-19,20.299999237060547,20.399999618530273,20.049999237060547,20.200000762939453,23268161
2025-08-20,20.149999618530273,20.200000762939453,19.850000381469727,20.149999618530273,28184237
2025-08-21,20.299999237060547,20.600000381469727,20.25,20.350000381469727,23819706
2025-08-22,20.350000381469727,20.350000381469727,20.049999237060547,20.149999618530273,19539340
2025-08-25,20.299999237060547,20.600000381469727,20.25,20.399999618530273,24007496
2025-08-26,20.299999237060547,20.399999618530273,20.0,20.100000381469727,43705958
2025-08-27,20.25,20.649999618530273,20.25,20.299999237060547,31981817
2025-08-28,20.299999237060547,20.350000381469727,20.100000381469727,20.149999618530273,20673223
2025-08-29,20.350000381469727,20.549999237060547,20.049999237060547,20.100000381469727,26936445
2025-09-01,20.100000381469727,20.100000381469727,19.799999237060547,19.950000762939453,25410283
2025-09-02,20.0,20.0,19.700000762939453,19.75,17516159
2025-09-03,19.75,20.0,19.399999618530273,19.700000762939453,43081555
2025-09-04,20.25,20.649999618530273,19.700000762939453,19.850000381469727,73338994
2025-09-05,19.899999618530273,20.0,19.5,19.549999237060547,34091602
2025-09-08,19.549999237060547,19.700000762939453,19.399999618530273,19.549999237060547,21580915
2025-09-09,19.600000381469727,19.700000762939453,19.399999618530273,19.5,25055258
2025-09-10,19.5,19.600000381469727,19.299999237060547,19.450000762939453,27622327
2025-09-11,19.450000762939453,19.5,19.149999618530273,19.149999618530273,36761958
2025-09-12,19.25,19.450000762939453,19.25,19.350000381469727,20566070
2025-09-15,19.350000381469727,19.5,19.200000762939453,19.25,20269167
2025-09-16,19.25,19.350000381469727,19.200000762939453,19.200000762939453,18730245
2025-09-17,19.200000762939453,19.5,19.200000762939453,19.200000762939453,25635910
2025-09-18,19.399999618530273,19.549999237060547,19.350000381469727,19.350000381469727,25463744
2025-09-19,19.399999618530273,19.450000762939453,19.25,19.399999618530273,31384210
2025-09-22,19.450000762939453,19.5,19.350000381469727,19.450000762939453,19063727
2025-09-23,19.549999237060547,19.700000762939453,19.450000762939453,19.450000762939453,21048706
2025-09-24,19.399999618530273,19.5,19.299999237060547,19.350000381469727,14034091
2025-09-25,19.399999618530273,19.899999618530273,19.350000381469727,19.649999618530273,35929504
2025-09-26,19.700000762939453,19.700000762939453,19.450000762939453,19.549999237060547,16221497
2025-09-30,19.600000381469727,19.75,19.399999618530273,19.399999618530273,25207408
2025-10-01,19.5,19.5,19.299999237060547,19.299999237060547,17186591
2025-10-02,19.399999618530273,19.399999618530273,19.200000762939453,19.200000762939453,26714801
2025-10-03,19.200000762939453,19.25,19.0,19.0,28086030
2025-10-07,19.0,19.100000381469727,18.899999618530273,18.950000762939453,31720201
2025-10-08,19.0,19.049999237060547,18.899999618530273,19.0,20160924
2025-10-09,19.049999237060547,19.100000381469727,18.899999618530273,19.0,28735483
2025-10-13,18.799999237060547,19.0,18.5,19.0,36482334
2025-10-14,19.0,19.049999237060547,18.850000381469727,18.850000381469727,35799752
2025-10-15,18.899999618530273,19.0,18.700000762939453,18.700000762939453,27851689
2025-10-16,18.75,18.950000762939453,18.75,18.799999237060547,14691617
2025-10-17,18.850000381469727,19.299999237060547,18.799999237060547,19.049999237060547,28534330
2025-10-20,19.100000381469727,19.100000381469727,18.850000381469727,18.899999618530273,19318143
2025-10-21,19.049999237060547,19.100000381469727,18.75,18.75,25518967
2025-10-22,18.799999237060547,18.899999618530273,18.700000762939453,18.799999237060547,13092344
2025-10-23,18.799999237060547,18.950000762939453,18.700000762939453,18.899999618530273,11891405
2025-10-27,18.950000762939453,19.100000381469727,18.850000381469727,18.950000762939453,19411726
2025-10-28,19.0,19.100000381469727,18.850000381469727,18.950000762939453,20211029
2025-10-29,18.950000762939453,18.950000762939453,18.700000762939453,18.75,18859889
2025-10-30,18.850000381469727,18.899999618530273,18.700000762939453,18.75,16878165
2025-10-31,18.75,18.75,18.600000381469727,18.600000381469727,23698344
2025-11-03,18.549999237060547,18.600000381469727,18.299999237060547,18.350000381469727,30048754
2025-11-04,18.350000381469727,18.450000762939453,18.149999618530273,18.149999618530273,35725645
2025-11-05,18.049999237060547,18.149999618530273,17.899999618530273,18.100000381469727,30708427
2025-11-06,18.25,18.350000381469727,18.149999618530273,18.25,23895239
2025-11-07,18.25,18.350000381469727,18.200000762939453,18.200000762939453,19336857
2025-11-10,18.25,18.299999237060547,18.100000381469727,18.149999618530273,23600992
2025-11-11,18.200000762939453,18.299999237060547,18.100000381469727,18.149999618530273,20878625
2025-11-12,18.200000762939453,18.25,18.100000381469727,18.149999618530273,23230056
2025-11-13,18.149999618530273,18.25,18.049999237060547,18.049999237060547,29764348
2025-11-14,18.0,18.100000381469727,17.850000381469727,18.0,29647043
2025-11-17,18.049999237060547,18.149999618530273,17.899999618530273,17.950000762939453,32897054
2025-11-18,17.850000381469727,17.850000381469727,17.600000381469727,17.75,29853696
2025-11-19,17.850000381469727,17.850000381469727,17.649999618530273,17.700000762939453,26182112
2025-11-20,17.700000762939453,17.850000381469727,17.600000381469727,17.75,21576618
2025-11-21,17.75,17.899999618530273,17.649999618530273,17.649999618530273,30100993
2025-11-24,17.700000762939453,18.049999237060547,17.700000762939453,18.049999237060547,59177602
2025-11-25,18.0,18.100000381469727,17.799999237060547,17.799999237060547,23404901
2025-11-26,18.0,18.350000381469727,18.0,18.149999618530273,30414931
2025-11-27,18.100000381469727,18.25,18.049999237060547,18.200000762939453,17527034
2025-11-28,18.200000762939453,18.350000381469727,18.100000381469727,18.25,20516073
2025-12-01,18.25,18.799999237060547,18.25,18.600000381469727,34768297
2025-12-02,18.549999237060547,18.850000381469727,18.5,18.850000381469727,27445209
2025-12-03,18.850000381469727,19.049999237060547,18.700000762939453,19.049999237060547,42249552
2025-12-04,19.049999237060547,19.049999237060547,18.75,18.899999618530273,22129814
2025-12-05,18.799999237060547,18.850000381469727,18.600000381469727,18.700000762939453,16703215
2025-12-08,18.600000381469727,18.700000762939453,18.450000762939453,18.600000381469727,20321419
2025-12-09,18.549999237060547,18.600000381469727,18.399999618530273,18.450000762939453,15200310
2025-12-10,18.399999618530273,18.450000762939453,18.299999237060547,18.299999237060547,14002015
2025-12-11,18.450000762939453,18.450000762939453,18.200000762939453,18.350000381469727,22209542
2025-12-12,18.450000762939453,18.799999237060547,18.450000762939453,18.75,27569618
2025-12-15,18.899999618530273,19.149999618530273,18.75,18.950000762939453,52182327
2025-12-16,18.700000762939453,18.75,18.5,18.549999237060547,34567959
2025-12-17,18.549999237060547,18.649999618530273,18.399999618530273,18.399999618530273,27688779
2025-12-18,18.399999618530273,18.5,18.200000762939453,18.25,23649458
2025-12-19,18.350000381469727,18.850000381469727,18.299999237060547,18.850000381469727,48680900
2025-12-22,18.75,18.799999237060547,18.5,18.799999237060547,25692375
2025-12-23,18.799999237060547,18.799999237060547,18.600000381469727,18.600000381469727,17014398
2025-12-24,18.600000381469727,18.75,18.549999237060547,18.549999237060547,12042974
2025-12-26,18.600000381469727,18.850000381469727,18.600000381469727,18.850000381469727,18454990
2025-12-29,18.899999618530273,19.399999618530273,18.899999618530273,19.100000381469727,59925973
2025-12-30,19.149999618530273,19.399999618530273,19.049999237060547,19.25,46160248
2025-12-31,19.299999237060547,19.350000381469727,19.0,19.0,23894834
2026-01-02,19.0,19.049999237060547,18.700000762939453,18.75,34666225
2026-01-05,18.799999237060547,18.899999618530273,18.549999237060547,18.600000381469727,37362283
2026-01-06,18.700000762939453,18.899999618530273,18.450000762939453,18.5,35177222
2026-01-07,18.649999618530273,19.450000762939453,18.600000381469727,19.450000762939453,101262794
2026-01-08,19.700000762939453,19.799999237060547,19.100000381469727,19.149999618530273,66125959
2026-01-09,19.149999618530273,19.200000762939453,18.899999618530273,19.0,37601603
2026-01-12,19.0,19.799999237060547,18.950000762939453,19.549999237060547,78205179
2026-01-13,19.75,19.799999237060547,19.350000381469727,19.450000762939453,49047852
2026-01-14,19.5,19.649999618530273,19.350000381469727,19.399999618530273,32135771
2026-01-15,19.5,19.75,19.350000381469727,19.450000762939453,52191105
2026-01-16,19.549999237060547,19.549999237060547,19.200000762939453,19.25,35282486
2026-01-19,19.25,19.700000762939453,19.049999237060547,19.649999618530273,76644582
2026-01-20,19.649999618530273,19.649999618530273,19.149999618530273,19.149999618530273,59792051
2026-01-21,19.100000381469727,19.149999618530273,18.899999618530273,18.950000762939453,45459823
2026-01-22,19.149999618530273,19.25,18.899999618530273,19.0,26695714
2026-01-23,19.100000381469727,19.25,18.950000762939453,19.149999618530273,31224150
2026-01-26,19.200000762939453,19.700000762939453,19.149999618530273,19.649999618530273,83755998
2026-01-27,19.75,19.950000762939453,19.350000381469727,19.350000381469727,55089374
2026-01-28,19.350000381469727,19.600000381469727,19.25,19.600000381469727,49800518
2026-01-29,19.850000381469727,21.350000381469727,19.799999237060547,20.700000762939453,251486978
2026-01-30,20.799999237060547,21.549999237060547,20.350000381469727,20.75,235294276
2026-02-02,21.049999237060547,21.600000381469727,20.799999237060547,21.100000381469727,191914279
2026-02-03,21.399999618530273,21.399999618530273,20.600000381469727,20.649999618530273,100930438
2026-02-04,20.649999618530273,21.25,20.149999618530273,20.950000762939453,87293083
2026-02-05,21.149999618530273,21.299999237060547,20.799999237060547,20.950000762939453,45811253
2026-02-06,20.799999237060547,20.799999237060547,20.25,20.399999618530273,51885434
2026-02-09,20.600000381469727,20.600000381469727,20.200000762939453,20.350000381469727,37033236
2026-02-10,20.450000762939453,20.5,20.25,20.5,22703841
2026-02-11,20.600000381469727,21.100000381469727,20.600000381469727,20.899999618530273,59001136
2026-02-23,20.75,20.799999237060547,20.350000381469727,20.450000762939453,62007473
2026-02-24,20.600000381469727,20.75,20.450000762939453,20.700000762939453,59081444
2026-02-25,20.700000762939453,21.25,20.5,21.25,100479711
2026-02-26,21.25,21.25,20.600000381469727,20.75,78043140
2026-03-02,20.399999618530273,20.600000381469727,20.149999618530273,20.25,59384054
2026-03-03,20.100000381469727,20.399999618530273,19.899999618530273,20.049999237060547,51187666
2026-03-04,19.799999237060547,19.799999237060547,19.100000381469727,19.200000762939453,72249849
2026-03-05,19.600000381469727,19.600000381469727,19.200000762939453,19.299999237060547,42565829
2026-03-06,19.100000381469727,19.899999618530273,19.100000381469727,19.899999618530273,34425063
2026-03-09,19.149999618530273,19.299999237060547,18.799999237060547,19.149999618530273,63125886
2026-03-10,19.399999618530273,19.399999618530273,19.149999618530273,19.200000762939453,27000996
2026-03-11,19.25,19.649999618530273,19.200000762939453,19.5,32306390
2026-03-12,19.299999237060547,19.5,19.25,19.350000381469727,39028873
2026-03-13,19.299999237060547,19.299999237060547,19.049999237060547,19.100000381469727,37099891
2026-03-16,19.200000762939453,19.350000381469727,19.049999237060547,19.149999618530273,34456872
2026-03-17,19.25,19.399999618530273,19.149999618530273,19.25,26406192
2026-03-18,19.399999618530273,19.649999618530273,19.299999237060547,19.299999237060547,38709423
2026-03-19,19.0,19.049999237060547,18.799999237060547,18.799999237060547,105724024
2026-03-20,19.100000381469727,19.799999237060547,19.049999237060547,19.450000762939453,101892889
2026-03-23,19.799999237060547,19.850000381469727,19.049999237060547,19.049999237060547,79176314
2026-03-24,19.350000381469727,19.450000762939453,19.100000381469727,19.200000762939453,31904950
2026-03-25,19.5,19.549999237060547,19.25,19.299999237060547,33632166
2026-03-26,19.450000762939453,19.950000762939453,19.350000381469727,19.75,72608456
2026-03-27,19.75,19.850000381469727,19.5,19.600000381469727,25683422
2026-03-30,19.25,19.549999237060547,19.100000381469727,19.149999618530273,65222025
2026-03-31,19.0,19.399999618530273,18.850000381469727,18.899999618530273,67064639
2026-04-01,19.25,19.5,19.100000381469727,19.5,38485011
2026-04-02,19.600000381469727,19.600000381469727,19.350000381469727,19.5,28354958
2026-04-07,19.5,19.75,19.399999618530273,19.5,31305030
2026-04-08,19.799999237060547,19.950000762939453,19.549999237060547,19.950000762939453,47528364
2026-04-09,20.0,20.200000762939453,19.950000762939453,20.200000762939453,59019395
2026-04-10,20.299999237060547,20.549999237060547,19.950000762939453,20.049999237060547,45160050
2026-04-13,20.049999237060547,20.200000762939453,19.850000381469727,20.200000762939453,28811512
2026-04-14,20.200000762939453,20.5,20.100000381469727,20.5,49998055
2026-04-15,20.5,20.549999237060547,20.049999237060547,20.100000381469727,40791519
2026-04-16,20.25,20.25,19.850000381469727,19.950000762939453,46004121
2026-04-17,20.049999237060547,20.149999618530273,19.950000762939453,20.100000381469727,26032576
2026-04-20,20.149999618530273,20.25,19.850000381469727,19.850000381469727,29914103
2026-04-21,19.899999618530273,19.899999618530273,19.700000762939453,19.75,23888970
2026-04-22,19.75,19.899999618530273,19.5,19.549999237060547,31266758
2026-04-23,19.399999618530273,19.450000762939453,19.0,19.149999618530273,66953116
2026-04-24,19.149999618530273,19.149999618530273,18.899999618530273,19.0,43997009
2026-04-27,18.799999237060547,18.899999618530273,18.700000762939453,18.75,61970637
2026-04-28,18.75,18.899999618530273,18.700000762939453,18.75,51215393
2026-04-29,18.75,19.049999237060547,18.700000762939453,19.0,44845871
2026-04-30,18.899999618530273,18.950000762939453,18.700000762939453,18.75,40752597
2026-05-04,18.799999237060547,18.850000381469727,18.600000381469727,18.600000381469727,45698827
2026-05-05,18.600000381469727,18.700000762939453,18.450000762939453,18.600000381469727,35275437
2026-05-06,18.600000381469727,18.950000762939453,18.5,18.799999237060547,57937460
2026-05-07,18.799999237060547,18.950000762939453,18.649999618530273,18.850000381469727,50686562
2026-05-08,18.850000381469727,18.850000381469727,18.600000381469727,18.75,36826849
2026-05-11,18.850000381469727,18.850000381469727,18.549999237060547,18.600000381469727,48719904
2026-05-12,18.799999237060547,18.799999237060547,18.5,18.5,46378681
2026-05-13,18.5,18.549999237060547,18.299999237060547,18.399999618530273,41432059
2026-05-14,18.5,18.5,18.299999237060547,18.299999237060547,36040392
2026-05-15,18.299999237060547,18.299999237060547,18.149999618530273,18.149999618530273,36937124
2026-05-18,18.149999618530273,18.299999237060547,18.049999237060547,18.200000762939453,31664379
2026-05-19,18.350000381469727,18.450000762939453,18.100000381469727,18.200000762939453,33170095
2026-05-20,18.25,18.25,18.049999237060547,18.100000381469727,28216896
2026-05-21,18.299999237060547,18.299999237060547,18.100000381469727,18.200000762939453,30076191
2026-05-22,18.25,18.25,18.100000381469727,18.149999618530273,33029475
2026-05-25,18.5,19.950000762939453,18.5,19.950000762939453,208876019
2026-05-26,21.0,21.0,19.399999618530273,19.5,280099535
2026-05-27,19.649999618530273,19.700000762939453,19.0,19.100000381469727,96444115
2026-05-28,19.100000381469727,19.350000381469727,18.799999237060547,18.850000381469727,84669806
2026-05-29,19.049999237060547,19.399999618530273,19.0,19.100000381469727,79114577
2026-06-01,19.200000762939453,19.25,18.899999618530273,19.100000381469727,66651439
2026-06-02,19.100000381469727,19.100000381469727,18.799999237060547,18.950000762939453,70362985
2026-06-03,19.100000381469727,19.5,19.049999237060547,19.399999618530273,111273776
2026-06-04,19.450000762939453,19.600000381469727,19.200000762939453,19.25,74927387
2026-06-05,19.350000381469727,19.399999618530273,19.100000381469727,19.299999237060547,52193056
2026-06-08,18.600000381469727,18.799999237060547,18.5,18.649999618530273,112694020
2026-06-09,18.75,18.850000381469727,18.600000381469727,18.75,54894340
2026-06-10,18.75,19.100000381469727,18.649999618530273,18.700000762939453,44871374
2026-06-11,18.700000762939453,18.700000762939453,18.399999618530273,18.549999237060547,53324692
2026-06-12,18.75,19.0,18.649999618530273,18.899999618530273,57479049
2026-06-15,19.200000762939453,19.299999237060547,18.850000381469727,19.0,69698278
2026-06-16,19.049999237060547,19.049999237060547,18.649999618530273,18.649999618530273,61376088
2026-06-17,18.649999618530273,18.799999237060547,18.600000381469727,18.75,44710364
2026-06-18,18.799999237060547,19.100000381469727,18.75,19.100000381469727,382434690
2026-06-22,19.25,19.899999618530273,19.149999618530273,19.5,129066657
2026-06-23,19.75,19.950000762939453,19.149999618530273,19.200000762939453,86902231
2026-06-24,19.149999618530273,19.450000762939453,19.0,19.350000381469727,44346894
2026-06-25,19.399999618530273,19.649999618530273,19.049999237060547,19.049999237060547,54786136
2026-06-26,19.0,19.200000762939453,18.899999618530273,19.0,57329147
2026-06-29,19.200000762939453,19.25,19.0,19.049999237060547,29254452
2026-06-30,19.149999618530273,19.149999618530273,18.799999237060547,18.799999237060547,72792789
2026-07-01,18.899999618530273,18.950000762939453,18.600000381469727,18.649999618530273,44244428
2026-07-02,18.649999618530273,18.700000762939453,18.549999237060547,18.600000381469727,30129103
2026-07-03,18.600000381469727,19.049999237060547,18.549999237060547,18.950000762939453,40978182
2026-07-06,18.950000762939453,19.100000381469727,18.850000381469727,19.0,26135342
2026-07-07,18.950000762939453,18.950000762939453,18.600000381469727,18.600000381469727,41967486
2026-07-08,18.649999618530273,18.799999237060547,18.549999237060547,18.700000762939453,21023057
2026-07-09,18.700000762939453,18.75,18.549999237060547,18.549999237060547,25398257
2026-07-10,18.549999237060547,18.549999237060547,18.549999237060547,18.549999237060547,0
2026-07-13,18.600000381469727,18.649999618530273,18.399999618530273,18.399999618530273,42802691
2026-07-14,18.549999237060547,18.549999237060547,18.25,18.5,42082089
2026-07-15,18.5,18.75,18.450000762939453,18.649999618530273,32595368
2026-07-16,18.649999618530273,18.799999237060547,18.549999237060547,18.799999237060547,26790267
2026-07-17,18.799999237060547,18.950000762939453,18.600000381469727,18.649999618530273,49523593
2026-07-20,18.899999618530273,18.950000762939453,18.5,18.549999237060547,40501922
2026-07-21,18.600000381469727,18.899999618530273,18.600000381469727,18.799999237060547,31282179
