date,open,high,low,close,volume
2021-07-22,39.14867989941558,40.451082789521024,38.91884478292923,39.83818817138672,233158928
2021-07-23,40.60430486046714,41.44703454705697,40.37446975708008,40.37446975708008,207930876
2021-07-26,41.370425782011154,41.676874549401234,41.06397701462107,41.14059066772461,137614648
2021-07-27,41.52365234041985,41.600263075023676,40.6809196472168,40.6809196472168,118407516
2021-07-28,40.1446363753177,40.29785783580546,38.68900912058781,39.68496322631836,199661413
2021-07-29,41.293816224092296,42.13654597457903,40.83414305995325,41.83009719848633,436442070
2021-07-30,42.74943925887589,45.890528886179716,42.74943925887589,44.28167724609375,688535227
2021-08-02,45.430855327415905,45.73730409110481,43.515557860640264,44.051841735839844,340356559
2021-08-03,44.12845265716856,45.507469177246094,43.89861754465964,45.507469177246094,261099677
2021-08-04,46.1203617360794,46.58003194067841,45.27762913096538,46.350196838378906,311304901
2021-08-05,46.73326211361901,48.95500853064842,46.12036745728712,48.57194900512695,482353715
2021-08-06,48.648556539404844,48.8783916550886,47.192929269220976,47.57598876953125,347972909
2021-08-09,47.192929599356525,48.188886645140045,46.50342424748187,47.422767639160156,208141642
2021-08-10,47.4993815788777,47.7292167116924,45.35424880175342,45.81391906738281,314701732
2021-08-11,45.73730904881237,46.73326325499003,45.047800717028906,45.890533447265625,237048006
2021-08-12,46.19697897493999,47.116322436247266,45.81391944293797,46.04375457763672,165790481
2021-08-13,46.196974141935456,46.27358779382812,44.05184157164472,44.12845230102539,223682413
2021-08-16,43.28572540913131,44.43490395981621,43.20911467475719,43.74539566040039,142031104
2021-08-17,43.74539566040039,43.74539566040039,43.74539566040039,43.74539566040039,0
2021-08-18,42.36638013962826,44.58812640989853,42.36638013962826,44.511512756347656,191337750
2021-08-19,43.82201052168573,43.97523491715736,42.51960754394531,42.51960754394531,176436947
2021-08-20,43.132502758836516,43.20911641881519,41.6768782893893,42.67283248901367,141868003
2021-08-23,43.975232729597536,45.047797599519356,43.66878395389867,44.89457321166992,162895991
2021-08-24,45.660692570254064,46.04375208148946,44.66473842554447,44.74135208129883,177396116
2021-08-25,45.507469964781194,46.42681043072662,45.3542455796196,45.967140197753906,224280323
2021-08-26,47.80582560080658,48.03566071068784,46.196973986613756,46.88648223876953,259611356
2021-08-27,46.733258811749636,47.34615342477837,46.273588582606095,47.2695426940918,169766283
2021-08-30,47.80582452312841,48.26549473252867,47.269540663820145,48.11227035522461,205005185
2021-08-31,47.80582869656227,48.34210968017578,47.1163203997561,48.34210968017578,180534243
2021-09-01,48.11227265971023,49.41467554540948,47.95904827506701,49.10822677612305,259293907
2021-09-02,49.7977352142334,51.329973220825195,49.0316162109375,49.0316162109375,419823016
2021-09-03,50.18079471588135,53.62833023071289,50.104183984556585,53.62833023071289,636849628
2021-09-06,52.93882212297951,55.1605684084352,52.32593042545584,53.551719665527344,582599522
2021-09-07,53.70494846244601,54.08800801759188,51.78965068671666,52.24932098388672,329592945
2021-09-08,51.40658818105649,52.019485772122216,49.87435004841681,50.41063690185547,370835503
2021-09-09,50.02756864027362,52.01947669616763,49.87434134672879,51.71302795410156,280162094
2021-09-10,51.636429202668296,52.862218610130085,51.48320187359497,52.24932098388672,212454512
2021-09-13,52.32592865268097,52.78559887150639,51.17675018310547,51.17675018310547,164440315
2021-09-14,51.329973220825195,51.55981125982362,50.25740544720611,50.5638542175293,157083603
2021-09-15,50.71707839971082,50.94691645103353,50.180797406657085,50.257408142089844,104901582
2021-09-16,50.717071533203125,51.71302849406117,50.41062863296094,50.717071533203125,140953678
2021-09-17,50.71707839971082,51.48319744408726,50.180797406657085,50.257408142089844,168231667
2021-09-22,48.418722363271,49.7977360066449,48.34210870821505,49.49128723144531,165283608
2021-09-23,50.48724893383798,50.64047041302029,49.797740587468084,49.95096206665039,118279945
2021-09-24,50.56385609641004,51.40658586234534,50.41063462806702,51.32997512817383,127879293
2021-09-27,51.55980869293816,51.713030147959614,50.563851700227175,50.7936897277832,92868852
2021-09-28,50.41063212872588,50.56385358947223,50.02757263183594,50.02757263183594,80605472
2021-09-29,48.72516551510051,49.26145230322921,48.26549530029297,48.26549530029297,217250781
2021-09-30,48.49533232412796,49.338064981260686,47.88243770599365,49.0316162109375,120716424
2021-10-01,48.57194677556428,48.87839262840754,47.57598971691535,47.959049224853516,142501064
2021-10-04,48.34210537837732,48.495329755422915,46.42680797158722,46.58003234863281,131200706
2021-10-05,44.971187750786655,46.96309606444514,44.4349038440287,46.809871673583984,189918094
2021-10-06,47.11632278986699,47.269547188320246,45.584084650359124,45.890533447265625,131848168
2021-10-07,46.656649398985316,47.95904939251859,46.580035743622574,47.88243865966797,151354156
2021-10-08,47.95905022127438,47.95905022127438,46.7332609394095,46.809871673583984,115041097
2021-10-12,45.5840816660824,45.73730605450443,44.817962646484375,44.817962646484375,162345809
2021-10-13,44.66473452197975,45.12440764879545,43.209110260009766,43.209110260009766,228247159
2021-10-14,43.89861983395034,44.12845495844504,43.28572519446041,43.43894958496094,118769240
2021-10-15,44.588128291017306,46.12036635653328,44.434903899963274,45.27763366699219,212901390
2021-10-18,45.73730622600843,45.73730622600843,44.74135208129883,44.74135208129883,119794110
2021-10-19,45.27763081536364,45.8905283409789,44.741349864218286,45.66069030761719,103789955
2021-10-20,45.81391735453689,46.12036613517412,44.6647388109155,44.971187591552734,150190445
2021-10-21,44.51151292248687,45.27763192578277,43.9752319581894,44.43490219116211,131526430
2021-10-22,44.434906377971075,44.8179659157122,43.822011702087735,44.66474151611328,103407443
2021-10-25,44.43490142218846,45.507469177246094,43.89861754465964,45.507469177246094,122194078
2021-10-26,45.81391906738281,46.58003812510665,45.50747319780064,45.81391906738281,179013620
2021-10-27,45.96714035879353,47.422767639160156,45.66069158739674,47.422767639160156,205373116
2021-10-28,46.503427388339176,46.809873257921346,45.81391906738281,45.81391906738281,273608270
2021-10-29,45.58408069610596,45.58408069610596,44.43490219116211,44.43490219116211,228569205
2021-11-01,44.51151179295274,44.89457128488009,43.97523084226405,44.12845230102539,133814105
2021-11-02,44.58812845781,46.120366529057684,44.5115148007403,45.20102310180664,196050588
2021-11-03,45.967134965856204,46.04374568846127,45.2010160497586,45.35424041748047,93460973
2021-11-04,45.8905302714352,45.8905302714352,44.81796247900127,44.89457321166992,76279150
2021-11-05,45.660688768240945,46.65664575253267,45.35424293827664,46.27358627319336,186857464
2021-11-08,46.503425010771956,47.88243865966797,46.35020062255859,47.88243865966797,207476998
2021-11-09,48.87839358630145,49.72112627378813,48.34210968017578,48.34210968017578,229429473
2021-11-10,48.57194772745262,49.031617976981956,47.80582869656227,48.34210968017578,126681412
2021-11-11,47.80582753637601,48.11227338778779,47.57598949467704,47.65260314941406,108353293
2021-11-12,48.495333120469375,48.87839262840754,47.88243849227073,47.959049224853516,108567895
2021-11-15,48.72517047732575,48.80178413593739,48.112275820993844,48.57194900512695,74553814
2021-11-16,48.80177916590973,48.80177916590973,48.26549530029297,48.26549530029297,74721656
2021-11-17,48.49532741289309,49.10822196895814,48.03565722647225,48.725162506103516,111469217
2021-11-18,48.72516919562095,48.95500724289779,48.26549894609161,48.34210968017578,82944078
2021-11-19,49.18483562876496,50.6404628435154,49.0316141724855,49.87434387207031,368830431
2021-11-22,50.18079534496067,50.56385485141075,49.491287064345684,49.56789779663086,151356281
2021-11-23,49.41467823059133,49.41467823059133,48.18888893186062,48.418724060058594,136256721
2021-11-24,48.03566382132694,48.57194772745262,47.88243943064644,48.34210968017578,93267750
2021-11-25,48.64855478680323,48.64855478680323,47.95904654207998,48.26549530029297,67682737
2021-11-26,49.49128742962796,49.64451474035344,47.88243865966797,47.88243865966797,181896349
2021-11-29,47.499375526736934,48.03565938331538,46.656645839622165,47.805824279785156,111274094
2021-11-30,49.261453852459404,49.950956273843005,48.801780700683594,48.801780700683594,277535104
2021-12-01,49.33806681459285,51.32997512817383,49.10822876705397,51.32997512817383,271112474
2021-12-02,51.636426473797535,52.47915628157706,51.02352887994444,51.10013961791992,309629242
2021-12-03,51.78964850217152,52.402546102562184,51.32997822439087,52.32593536376953,184103948
2021-12-06,52.24930919135419,52.24930919135419,51.10013078528314,51.55980682373047,134977704
2021-12-07,52.01948246654803,52.01948246654803,50.71707662955081,50.94691467285156,155164688
2021-12-08,52.24931466482454,52.24931466482454,50.94691467285156,50.94691467285156,145042808
2021-12-09,49.87434594555816,50.334016178530874,49.0316162109375,49.0316162109375,283828545
2021-12-10,48.18888553165359,49.184836709399804,48.03566114949571,48.648555755615234,150096505
2021-12-13,48.95500296914099,48.95500296914099,48.11227035522461,48.11227035522461,105402091
2021-12-14,47.88243500679126,48.03565938331538,47.116316046682606,47.805824279785156,103901892
2021-12-15,47.882439214746704,48.57194750844392,47.882439214746704,48.03566360473633,93198092
2021-12-16,49.18483572990804,49.491284488121025,48.1888845719957,48.26549530029297,137799524
2021-12-17,47.652602982642804,48.035662487451006,47.575989328173904,47.72921371459961,87120133
2021-12-20,47.729213881638984,47.95904900082585,47.49937876245212,47.65260314941406,63987172
2021-12-21,47.95904670441374,48.495330571845734,47.80582524730057,48.18888473510742,76514949
2021-12-22,48.57194558605171,48.955005084608864,48.495331932833054,48.801780700683594,82654446
2021-12-23,49.338068993246125,49.414679730800586,48.87839580038246,48.95500946044922,70656246
2021-12-24,49.26145553588867,49.721125780860916,49.10822822421507,49.26145553588867,75313292
2021-12-27,49.49128773586265,49.56789846918731,49.18483895753973,49.26145553588867,45805295
2021-12-28,49.721125106225415,49.95095730308094,49.56789779663086,49.56789779663086,79937853
2021-12-29,49.874344035275186,49.950954763665614,49.567895276689576,49.797733306884766,52868829
2021-12-30,49.874344035275186,50.02757133707995,49.64451185010391,49.797733306884766,48028296
2022-01-03,49.95095978998954,50.18079784331222,48.41872461041592,48.57194900512695,120134207
2022-01-04,48.64855478680323,49.031614273313494,48.11227092118648,48.26549530029297,113554504
2022-01-05,48.26549894609161,49.031617976981956,48.03566382132694,48.34210968017578,83002873
2022-01-06,47.882439214746704,48.188887994725945,47.80582848100797,48.03566360473633,80543215
2022-01-07,48.80178189582475,48.80178189582475,47.88243849227073,47.959049224853516,99195601
2022-01-10,47.49937803847402,47.882437538784295,47.3461536538475,47.57598876953125,95348594
2022-01-11,47.729213154157776,47.882437538784295,47.42276730741679,47.57598876953125,44217559
2022-01-12,48.03566225944165,48.11227299103481,47.34615398505492,47.422767639160156,74002300
2022-01-13,47.57599119316357,48.72516975263623,47.57599119316357,48.49533462524414,115790076
2022-01-14,48.64855824218265,48.64855824218265,47.652604091018354,48.03566360473633,92471313
2022-01-17,48.34210920091991,49.338066269213336,48.26549846759525,49.26145553588867,154911953
2022-01-18,49.41467900308685,49.72112779381633,48.878395080566406,48.878395080566406,96924393
2022-01-19,48.26549473252867,48.64855421453287,48.11227035522461,48.11227035522461,75176729
2022-01-20,48.18888553165359,48.87839086759605,47.88243676733783,48.648555755615234,61673388
2022-01-21,48.03565962782854,48.49532983722881,47.959045977920546,48.11227035522461,84065982
2022-01-24,47.72921410459304,48.112273612531204,46.88648435613392,47.959049224853516,104842422
2022-01-25,47.346156694163234,47.652605483094774,47.1163215637207,47.1163215637207,128470767
2022-01-26,43.20911146508588,44.817960147530925,42.97927343401205,43.898616790771484,399886476
2022-02-07,43.59217345221246,43.66878418528706,41.140592001167605,41.75348663330078,303067087
2022-02-08,41.830099394399696,42.82605650772867,41.830099394399696,42.442996978759766,145754347
2022-02-09,43.132495465923576,43.51555493351172,42.67282527382251,42.90266036987305,104196446
2022-02-10,43.66878651265225,43.66878651265225,42.21315912655893,42.74944305419922,113911457
2022-02-11,42.51960771554864,42.902667244517545,42.13654818657973,42.442996978759766,84581234
2022-02-14,41.37042423464217,41.44703496236822,40.604305267333984,40.604305267333984,159459899
2022-02-15,40.60430622992114,41.60026032653002,40.60430622992114,40.98736572265625,100424261
2022-02-16,41.83009624327653,42.059934281353655,41.44703674316406,41.44703674316406,90558141
2022-02-17,41.90671119077702,42.1365463134388,41.44703802294131,41.676876068115234,67766598
2022-02-18,41.21720139831611,41.370425782011154,40.98736628402957,41.14059066772461,81812084
2022-02-21,40.83414551571049,41.676878239391115,40.60431038107479,41.21720504760742,77093640
2022-02-22,40.75752907389741,40.910753449713305,40.068020843981834,40.451080322265625,111986147
2022-02-23,40.52769533816869,41.0639762878418,40.52769533816869,41.0639762878418,56264257
2022-02-24,40.45108221880525,40.75753098480481,39.60835249607448,39.68496322631836,105770914
2022-02-25,40.60430700567343,40.83414212120313,39.83818800556638,39.914798736572266,107149479
2022-03-01,40.604307011921456,41.753485512258855,40.22124751180899,41.44703674316406,117258341
2022-03-02,40.75753044838745,41.293814320572544,40.68091679663987,41.0639762878418,57767223
2022-03-03,41.523651123046875,41.75348624263234,41.21720234859152,41.523651123046875,46574496
2022-03-04,40.834145312662166,41.217204842654326,40.75753457566864,40.91075897216797,45291882
2022-03-07,40.451081643665304,40.451081643665304,39.301903171274176,39.53173828125,106963655
2022-03-08,38.7656199968695,39.22529314760053,37.922890270964004,38.076114654541016,178913624
2022-03-09,38.91884423383147,39.99141199231792,38.68900912058781,39.68496322631836,97926742
2022-03-10,40.987364176365304,41.2171992788332,40.29785594644973,40.451080322265625,96899292
2022-03-11,40.37447684473314,40.604311988467266,40.06802803807936,40.22125244140625,46824536
2022-03-14,40.37447684473314,40.6809227288745,39.68496849101835,40.22125244140625,59505595
2022-03-15,39.37851908044606,39.53174054753922,38.45917566532633,38.61240005493164,117655236
2022-03-16,39.225294911304104,39.301905645281266,38.38256222499442,38.918846130371094,82159391
2022-03-17,40.14464152644356,40.45108740925244,39.99141712378291,40.2978630065918,106432004
2022-03-18,40.37446959561362,40.60430469808151,40.22124521979773,40.451080322265625,66178749
2022-03-21,40.98736572265625,41.140590104252695,40.68091695946337,40.98736572265625,50926506
2022-03-22,40.98736572265625,40.98736572265625,40.527695500378925,40.98736572265625,47683407
2022-03-23,41.21720504760742,41.52365384212989,41.06398065034619,41.21720504760742,63371218
2022-03-24,40.604305832306345,40.91075459249835,40.527695103514326,40.757530212402344,49965271
2022-03-25,40.987368986081364,41.063979721723356,40.60430946284696,40.834144592285156,42172838
2022-03-28,40.75753044838745,41.217200668824965,40.45108168642111,41.0639762878418,40335325
2022-03-29,41.29381505141965,41.370425782011154,40.83414190033452,41.14059066772461,39470682
2022-03-30,41.447037855978124,41.75348663330078,41.37042712290353,41.75348663330078,67529942
2022-03-31,41.44703690930328,41.52365056314011,41.21720179281692,41.370426177978516,48328440
2022-04-01,40.68091615821504,40.68091615821504,40.221245944991345,40.52769470214844,83819843
2022-04-06,39.53173730728715,39.608350957066186,38.91884272161447,39.148677825927734,130463959
2022-04-07,38.382564718446226,38.76562425824115,38.30595397949219,38.30595397949219,113474739
2022-04-08,38.382564718446226,38.61240278033306,38.30595397949219,38.30595397949219,91544578
2022-04-11,38.30595470276584,38.30595470276584,36.81202188485549,36.92694091796875,172822222
2022-04-12,36.2374267578125,36.88862963692152,36.007591650926,36.2374267578125,149437106
2022-04-13,36.658794079596994,37.34830236926521,36.582183346305925,37.15677261352539,91562763
2022-04-14,37.53982970875162,37.57813507293162,36.92693511433561,36.965240478515625,63462591
2022-04-15,36.31403799846827,36.35234335998856,36.00758926128244,36.045894622802734,88548089
2022-04-18,35.701144949338456,35.89267470319223,35.39469909667969,35.39469909667969,70630379
2022-04-19,35.8160630927193,36.122511860378395,35.70114407421913,35.73945236206055,69983560
2022-04-20,36.35234888084189,36.50557327270508,36.08420546445324,36.50557327270508,63624569
2022-04-21,36.69709944267361,37.08015892360961,36.50556970220561,36.812015533447266,57340757
2022-04-22,36.39065424817964,36.50557327270508,36.16081912164094,36.50557327270508,44600819
2022-04-25,35.62453267862509,35.62453267862509,34.70518931531946,34.85841369628906,109358305
2022-04-26,35.241471754397196,35.318082480510704,34.66688254101029,35.04994201660156,51558629
2022-04-27,33.709237254744615,34.01568603515625,33.36448310740957,34.01568603515625,104597756
2022-04-28,35.47131017851253,37.386607735910744,35.12655603367842,37.15677261352539,235761700
2022-04-29,37.99950081348062,38.22933884896495,36.54387648298134,36.620487213134766,187382650
2022-05-03,36.54387752309524,37.156772149302974,36.084204361555365,36.19912338256836,84508425
2022-05-04,36.2757340230786,37.00354766845703,36.2757340230786,37.00354766845703,63133086
2022-05-05,38.076112949482685,38.19102904013544,37.42491007906944,37.61643981933594,103997181
2022-05-06,36.352346277638404,37.19507598876953,36.31404091304371,37.19507598876953,82849111
2022-05-09,37.15676796559096,37.539827429153746,36.69709777832031,36.69709777832031,63852606
2022-05-10,36.007595147830045,37.46322250366211,35.89267612197038,37.46322250366211,85028280
2022-05-11,37.233382080797234,37.69305523245016,36.96524160088372,37.271690368652344,78480733
2022-05-12,36.88863061369581,37.233381821898256,36.54387648298134,36.620487213134766,70288246
2022-05-13,37.156771021481475,37.616441246556846,37.00354663895234,37.42491149902344,73860423
2022-05-16,38.114421457004504,38.53578633584584,37.76966731158445,37.884586334228516,112735101
2022-05-17,38.305953806070534,38.61240260552403,38.07611866773658,38.382564544677734,89761593
2022-05-18,39.07207124565225,39.30190637435953,38.84223611694498,38.995460510253906,95535126
2022-05-19,37.769667585640576,38.918846130371094,37.769667585640576,38.918846130371094,86986838
2022-05-20,39.14867758014474,39.22529122944278,38.689007374404106,38.84223175048828,54871546
2022-05-23,39.22529395406552,39.378518340792795,38.382561288321554,38.53578567504883,51203951
2022-05-24,38.61240089696248,38.68901163217973,37.539833068847656,37.539833068847656,70613038
2022-05-25,37.57813683597061,37.88458560881213,37.271690985641186,37.8079719543457,55450045
2022-05-26,38.229338637964055,38.45917374966782,37.76966549204452,37.84627914428711,38717807
2022-05-27,38.305954521970186,38.45917892456055,38.229343781931206,38.45917892456055,44272926
2022-05-30,39.07207107543945,39.37851986072229,38.68901155509201,39.07207107543945,56426824
2022-05-31,38.99546143448112,39.45513170279027,38.84223703754064,39.37852096557617,90647218
2022-06-01,39.1486785546055,39.53173804309484,39.07206782591242,39.22529220581055,53236364
2022-06-02,38.99545612657246,39.0720668533586,38.76561810119025,38.84223175048828,49193727
2022-06-06,39.22529355325241,39.83818817138672,38.842234051604464,39.83818817138672,90265356
2022-06-07,39.53173900805764,39.76157704477112,39.22529316329306,39.60835266113281,60602619
2022-06-08,39.99141367208773,40.37447318442092,39.9148000161138,40.14463806152344,70914419
2022-06-09,39.91479833956202,39.99141199231792,39.68496322631836,39.68496322631836,39439506
2022-06-10,39.07206782591242,39.608351694299884,38.91884344601429,39.22529220581055,42745053
2022-06-13,38.382564718446226,38.61240278033306,38.22934324053814,38.30595397949219,80943487
2022-06-14,37.73135980041134,38.07611392623729,37.616440784298696,37.9995002746582,66117883
2022-06-15,38.26764256768391,38.612396683566296,38.03780746459961,38.03780746459961,59657666
2022-06-16,38.689007533833106,38.91884263765053,37.57813445578502,37.61643981933594,65327274
2022-06-17,36.81201913391928,36.92693815844472,36.16081912164094,36.50557327270508,151877009
2022-06-20,37.08015892360961,37.53982913172805,36.62048579297927,36.812015533447266,122064321
2022-06-21,37.15677017083112,37.7696647644043,36.735405320406564,37.7696647644043,130353483
2022-06-22,37.76966627928611,37.81045363412659,35.97499465942383,35.97499465942383,199757207
2022-06-23,35.93420834746766,36.01578617139187,33.486929643505604,34.26190185546875,204802598
2022-06-24,34.66978131513527,35.036873739670675,33.93559646606445,33.93559646606445,98110599
2022-06-27,34.751351976819365,35.322384224900986,34.58820257326067,34.9960823059082,89426186
2022-06-28,35.03687523304361,35.03687523304361,34.1395378112793,34.1395378112793,56708799
2022-06-29,33.650081400413555,33.89480864276869,33.20141427078318,33.364566802978516,68428072
2022-06-30,33.11983575514197,33.11983575514197,31.936986923217773,31.936986923217773,119517641
2022-07-01,31.936985364581222,32.548804983735074,31.039648056030273,31.039648056030273,135667180
2022-07-04,31.039651346758482,31.406743779543902,30.59098420085445,31.12122917175293,113656903
2022-07-05,32.14092918894634,32.26329126069465,30.998864514706785,31.733049392700195,84341341
2022-07-06,31.406741719848235,31.733046774674833,30.30546760559082,30.30546760559082,101611371
2022-07-07,30.876499309792734,33.038263473157066,30.387044799385205,32.508018493652344,169918818
2022-07-08,32.99747410614591,33.201413991706914,32.14092720916482,32.38565444946289,111431250
2022-07-11,32.508014961388916,32.630380131632755,31.284375706452686,31.48831558227539,78579255
2022-07-12,30.7541363354983,30.998863583519345,29.979164123535156,29.979164123535156,121975329
2022-07-13,31.651467675184126,31.814620196000252,30.876495535214143,31.039648056030273,113163223
2022-07-14,30.91728658715913,31.977773324813874,30.50940683330149,31.65146827697754,106195225
2022-07-15,31.814623492325406,32.14092856776625,31.406743703962263,31.773836135864258,93282900
2022-07-18,32.30407369116292,32.79353123913534,32.222498989105226,32.63037872314453,94635836
2022-07-19,32.344865362179405,32.752745111453414,32.26328754519928,32.548805236816406,50097902
2022-07-20,33.44613881491445,33.56850398215822,32.99747172147971,33.2421989440918,74999094
2022-07-21,33.44614222243376,34.91450881958008,33.28298968677843,34.91450881958008,137515298
2022-07-22,34.91450474349751,35.11844461128882,34.30268514012358,34.628990173339844,110057629
2022-07-25,33.69087231410904,33.731659673497134,32.79353796006691,33.038265228271484,102999108
2022-07-26,32.71195483721162,32.71195483721162,31.243588353663256,31.48831558227539,161723851
2022-07-27,31.28437948968472,32.22250427666717,31.162017416519134,32.18171691894531,109141607
2022-07-28,32.997472709457966,33.038260062468616,31.569893570956236,31.65146827697754,148493712
2022-07-29,32.22249788647727,32.79353011696712,32.140923187210994,32.752742767333984,109251171
2022-08-01,32.67117452117049,32.87511444091797,32.26329468167554,32.87511444091797,43204752
2022-08-02,32.26329070538344,32.30407806193085,31.65147102154478,31.896198272705078,71694172
2022-08-03,31.8962003261866,32.10014023392917,31.65147305927073,32.05935287475586,44604528
2022-08-04,32.46722620715373,32.79353123913534,32.10013382414327,32.63037872314453,73337609
2022-08-05,33.405353828033014,34.54741531836599,33.119836121543,34.3842658996582,156027274
2022-08-08,33.77244857335173,33.976388472679034,33.44614348967769,33.48693084716797,70316154
2022-08-09,33.32377830533094,33.81323593084201,32.75274907671522,33.48693084716797,57553957
2022-08-10,32.87511444091797,32.99747963751694,32.67117452117049,32.87511444091797,59867589
2022-08-11,33.976386412073246,34.13953583213965,33.772446525114525,34.017173767089844,82326023
2022-08-12,34.18032359433717,34.79214320679994,34.09874577888351,34.54741287231445,71258030
2022-08-15,34.955297317135084,35.48554229736328,34.91450995985812,35.48554229736328,86310145
2022-08-16,35.526329964878194,35.56711732251134,34.955297622386425,35.11845016479492,54160486
2022-08-17,35.20002591787479,35.240813273104656,34.79214614182468,34.95529556274414,46303780
2022-08-18,34.34347566780429,34.66978073120117,34.30268831284861,34.66978073120117,35280239
2022-08-19,34.873719725497935,35.24081213445725,34.669779844062276,35.077659606933594,34107416
2022-08-22,34.42505500795385,34.465842364708514,34.180327755550024,34.22111511230469,33625000
2022-08-23,33.405354680984054,33.650081927170135,33.282989501953125,33.282989501953125,60939728
2022-08-24,33.52771622329812,33.73165611057336,33.32377633602289,33.364566802978516,36198142
2022-08-25,33.69086785884652,33.976385560558526,33.56850579686335,33.77244567871094,36753597
2022-08-26,34.261900678027814,34.38426585377105,33.69086837768555,33.69086837768555,41925852
2022-08-29,32.344868543418585,32.671170507805506,32.059350823719726,32.589595794677734,77947283
2022-08-30,32.71195756634078,33.32377724485246,32.50801767350355,32.956687927246094,36127846
2022-08-31,32.671170651226994,33.60929541569375,32.548808580998184,33.52771759033203,47051905
2022-09-01,32.793534781361735,33.201414559458584,32.630382247747846,32.997474670410156,40264410
2022-09-02,33.119839947047666,33.32377985586415,32.87511267884308,33.038265228271484,49625651
2022-09-05,32.87510769154687,33.03826021622433,32.018560826834694,32.467227935791016,88728180
2022-09-06,32.589595794677734,32.793535689372995,32.42644325654636,32.589595794677734,38130526
2022-09-07,32.30407753263923,32.46723006803151,31.936988217851344,31.97777557373047,56935811
2022-09-08,32.385657971894375,32.385657971894375,31.8962003261866,32.05935287475586,44441885
2022-09-12,32.630377606559264,33.40534969709011,32.630377606559264,32.752742767333984,68900843
2022-09-13,33.11983377684802,33.28298629588123,33.038259073269145,33.2421989440918,38459201
2022-09-14,32.181710536844136,32.95668262737498,32.140923187210994,32.752742767333984,54221462
2022-09-15,32.956687927246094,33.242202532467886,32.71195756634078,32.956687927246094,43284742
2022-09-16,32.875110402500766,32.91589775906465,32.589595794677734,32.589595794677734,58273261
2022-09-19,32.589595794677734,32.71195786436939,32.385655899982474,32.589595794677734,31821296
2022-09-20,32.79353011696712,32.997469977008116,32.54880290729299,32.752742767333984,37794410
2022-09-21,32.50801703728338,32.589594859947184,32.05934990419759,32.3040771484375,50581171
2022-09-22,31.814623334330896,31.85541069058949,31.48831826051051,31.61068344116211,55656445
2022-09-23,31.40674192974881,31.7330469867562,31.12122733877408,31.243589401245117,45731995
2022-09-26,30.835713703268063,30.87650106280508,29.97916670548652,30.060741424560547,67912112
2022-09-27,30.427831649780273,30.59098418782383,30.06073921715122,30.427831649780273,46286821
2022-09-28,30.590985375272943,30.95807782215141,29.4897111465135,29.530498504638672,72870615
2022-09-29,30.346256389952273,30.387043745759346,29.489709470500653,29.816011428833008,46575551
2022-09-30,29.041039285154355,29.204191820618863,28.59237214653379,29.16340446472168,81730648
2022-10-03,28.83709907531738,29.326556676305366,28.551584475314534,28.837099075317383,57761522
2022-10-04,29.61207053660171,30.754135131835934,29.61207053660171,30.754135131835938,76720137
2022-10-05,31.651469166566528,31.814621695070223,31.202802047088102,31.243589401245117,94638164
2022-10-06,31.44753106042341,31.814623492325406,31.162016453319538,31.773836135864258,57663694
2022-10-07,31.488315154367996,31.488315154367996,30.998860703795117,31.039648056030273,46871723
2022-10-11,29.612071369148893,29.69364919217386,28.79631181015374,28.87788963317871,97394246
2022-10-12,28.714734344558074,29.97916091733593,28.673946992895974,29.938373565673828,84105734
2022-10-13,29.89758726197799,30.346254369738624,29.530494860400896,29.693647384643555,70601673
2022-10-14,31.08043907776209,31.61068405504874,30.83571182358205,31.569896697998047,116583617
2022-10-17,30.835713048368024,31.080440312268564,30.223893332678674,30.794925689697266,75058345
2022-10-18,31.5291057941831,31.651467851570462,30.99886087654463,31.202800750732422,63553154
2022-10-19,31.243592538771498,31.733050173434624,30.998865277377917,31.162017822265625,70711372
2022-10-20,30.754137028996016,32.222503662109375,30.631771846288295,32.222503662109375,115651235
2022-10-21,32.22250203995947,32.589594457726555,31.733047557520493,31.855409622192383,92001219
2022-10-24,33.079047942785614,33.282987822965396,32.140926361083984,32.140926361083984,102938085
2022-10-25,32.508018892596134,32.71195879308137,32.100139091625664,32.18171691894531,91594231
2022-10-26,32.30407599596396,32.30407599596396,30.99886199866516,31.08043670654297,103443365
2022-10-27,30.95807552495215,32.14092749406608,30.917288169853546,32.01856231689453,90613946
2022-10-28,31.569894458252506,31.651469166566528,31.16201469293109,31.243589401245117,53649029
2022-10-31,31.814623559610254,32.05935081077055,31.65147102154478,31.896198272705078,51260076
2022-11-01,31.692257090754158,32.059349508521244,31.610682380972897,31.855409622192383,34377166
2022-11-02,32.018564901138745,32.30407952174883,31.81462499730984,32.10013961791992,39919536
2022-11-03,31.6922558001153,31.93698614324407,31.488315922091715,31.814620971679688,36155621
2022-11-04,31.56989685182656,31.896198821697944,31.4883190254518,31.733049392700195,30410548
2022-11-07,32.2225059142096,32.79353828696321,32.2225059142096,32.671173095703125,75828073
2022-11-08,32.875104816233396,33.119832025907535,32.46722509615141,32.752742767333984,63627343
2022-11-09,33.28299124877658,33.813236236572266,33.242203890917516,33.813236236572266,100630117
2022-11-10,33.52771677503629,33.97638702392578,33.36456735203186,33.97638702392578,63600346
2022-11-11,36.87232936327531,37.117056586525656,35.811842654606814,35.89341735839844,191455331
2022-11-14,36.54602761521948,36.70918014936961,36.13814783578204,36.62760543823242,126709347
2022-11-15,36.70918253327014,38.422276473405695,36.54602998852486,38.01439666748047,194213856
2022-11-16,38.25912479508105,38.25912479508105,36.74996773460565,36.91312026977539,129929141
2022-11-17,36.54602806849933,37.28021292534311,36.097360927928484,37.19863510131836,94490785
2022-11-18,37.68809270983948,38.01439467031109,37.035485677020446,37.19863510131836,74623478
2022-11-21,37.40257125246169,37.52493642032163,37.07626932462767,37.23942184448242,41236956
2022-11-22,37.15784684732201,37.647304444015354,36.9131196049132,37.60651397705078,65457989
2022-11-23,37.81045386437074,37.932819041513014,37.60651397705078,37.60651397705078,45884654
2022-11-24,37.85124380805175,37.932818517101694,37.19863368814945,37.68809127807617,38914337
2022-11-25,37.5657257713741,37.647303591580375,37.28021118034125,37.361785888671875,33819940
2022-11-28,36.38287215696472,36.66838984674923,36.05657022676523,36.219722747802734,78357139
2022-11-29,35.93420651012601,36.50523880089502,35.607904566740594,36.42366409301758,58090600
2022-11-30,36.17893394662386,37.361785888671875,36.0157845299626,37.361785888671875,61750227
2022-12-01,37.93281995816214,38.055185138261365,37.19863510131836,37.19863510131836,73822944
2022-12-02,36.54602927546136,37.23942679913067,36.54602927546136,37.117061614990234,54160843
2022-12-05,37.23942419870721,37.44336408344959,37.035484313964844,37.035484313964844,37425551
2022-12-06,36.87233235736461,37.03548489007157,36.301300048828125,36.301300048828125,40478376
2022-12-07,35.893417099945765,36.50523670960393,35.60790252685547,35.60790252685547,74981916
2022-12-08,35.60790545456043,35.64869280951611,34.66978073120117,34.66978073120117,76670517
2022-12-09,35.40396758280936,35.85263473660773,35.11844985811883,35.48554229736328,55417849
2022-12-12,35.363177113656505,35.607907481070065,35.07766250084187,35.48554229736328,25747200
2022-12-13,35.893419098412835,36.05657162578074,35.56711404367701,35.73026657104492,54778212
2022-12-14,36.13815192792364,36.30130448054852,35.852637294737185,36.26051712036133,49166432
2022-12-15,35.89342261707716,36.26051506167245,35.77105743158675,36.09736251831055,38456812
2022-12-16,35.20002388321362,36.138145446777344,35.0368713598491,36.138145446777344,95239295
2022-12-19,35.281603944725525,35.48554385192047,34.9552988484632,35.0368766784668,83378719
2022-12-20,34.66978279286166,34.95529740640546,34.1395378112793,34.1395378112793,80512928
2022-12-21,34.22111449944454,34.62899428343822,34.05796196347191,34.26190185546875,56823850
2022-12-22,34.79214614182468,35.159235450769195,34.66978096425935,34.95529556274414,52209660
2022-12-23,34.22111511230469,34.38426765119919,34.017175216655524,34.22111511230469,33933570
2022-12-26,34.26189926031293,34.26189926031293,33.93559421308354,34.18032455444336,23114661
2022-12-27,34.30269035267971,34.66978279286166,34.1395378112793,34.1395378112793,23355763
2022-12-28,33.85402181763783,33.85402181763783,33.160627434797966,33.282989501953125,51433985
2022-12-29,32.8343192024465,33.48692616670388,32.79353185065706,33.2421989440918,33299648
2022-12-30,33.69087052605769,33.8132357096038,33.201416015625,33.201416015625,31353411
2023-01-03,32.99747350531497,33.854020386699716,32.83432097746177,33.77244567871094,34737355
2023-01-04,33.65008338900499,33.935598003312855,33.48693084716797,33.48693084716797,23573244
2023-01-05,34.098748767273285,34.098748767273285,33.52771645655474,33.650081634521484,29326997
2023-01-06,33.690869844725505,34.58820724487305,33.65008248832694,34.58820724487305,54893830
2023-01-09,35.56711520758468,36.301300048828125,35.363175319669914,36.301300048828125,119293217
2023-01-10,36.3012991587321,36.70917892456055,36.05657192161016,36.70917892456055,91619765
2023-01-11,36.95390502761802,37.11705755131761,36.586812627262844,36.83154296875,67893495
2023-01-12,36.99469238057403,37.11705755131761,36.464450568394824,36.83154296875,58099046
2023-01-13,37.28021155328055,37.44336408344959,36.831544429222475,37.035484313964844,68861927
2023-01-16,36.91312003908833,37.15784728437564,36.38287508106935,36.62760543823242,67899354
2023-01-17,36.66839415832718,37.52494110464499,36.58681633227852,37.484153747558594,123681267
2023-01-30,39.115668627859826,39.80906295776367,38.748576230667865,39.80906295776367,259934552
2023-01-31,39.401183207967165,40.053790185266465,39.07488127525529,39.80906295776367,137164342
2023-02-01,40.38009879794823,40.38009879794823,39.93143165590174,40.1761589050293,114483826
2023-02-02,40.78797943514932,41.19585922950081,40.78797943514932,41.11428451538086,113657528
2023-02-03,40.951134257544254,41.11428680675281,40.7879817083357,40.86955642700195,62951018
2023-02-06,40.543249241948544,40.624823950155175,40.013004302978516,40.013004302978516,63272202
2023-02-07,39.60512779360268,40.33931267531247,39.44197525190319,40.09458541870117,54845672
2023-02-08,40.624825684260635,41.359010536962195,40.58403832841628,41.195858001708984,91987834
2023-02-09,40.665613040104994,41.52216307221541,40.624825684260635,41.195858001708984,54489972
2023-02-10,41.195855046007274,41.76688732248546,40.95112781662393,41.440582275390625,62316230
2023-02-13,40.95113405136095,40.95113405136095,40.09458706217371,40.584041595458984,58610023
2023-02-14,40.95113197526509,41.359011769616586,40.78797943514932,41.11428451538086,38055955
2023-02-15,40.70640182495117,41.277431006916395,40.58403665060111,40.70640182495117,54088246
2023-02-16,41.11428680675281,41.19586152541906,40.5432544404609,40.86955642700195,56240350
2023-02-17,40.502464516845066,40.95113166485564,40.25773415258853,40.78797912597656,37735264
2023-02-20,40.787978219513846,41.44058524865091,40.624825684260635,41.195858001708984,46850801
2023-02-21,41.11428206950293,41.35900930917989,40.95112953909305,41.27743148803711,28793861
2023-02-22,40.38009963635272,40.6248268905615,40.29852492224175,40.4208869934082,51599954
2023-02-23,40.70640267141665,41.19585715524351,40.58403749452207,40.95112991333008,69814349
2023-02-24,41.359012078915164,41.44058679364516,40.7471923828125,40.7471923828125,63799414
2023-03-01,39.97221494934521,42.174766191378104,39.9314275972822,41.84846115112305,93569096
2023-03-02,41.68531457869641,41.766892406337526,41.195860060353475,41.359012603759766,40170733
2023-03-03,41.84846115112305,42.174766191378104,41.76688644699703,41.84846115112305,37277893
2023-03-06,42.41949585138822,42.501070560198315,41.930041374776316,42.337921142578125,53372856
2023-03-07,42.01161834100585,42.33792341753099,41.60373855128735,42.09319305419922,43382441
2023-03-08,41.93004272610639,42.50107192993164,41.68531236803755,42.50107192993164,49154325
2023-03-09,42.82737731933594,43.398409639302244,42.745802607287516,42.82737731933594,101691322
2023-03-10,42.419498443603516,42.66422569686452,42.093193364671606,42.419498443603516,45381129
2023-03-13,42.25634499936963,42.82737731933594,42.01161775134859,42.82737731933594,50745174
2023-03-14,42.01161966550899,42.25634692468046,41.359012603759766,41.359012603759766,65128554
2023-03-15,42.0116178189893,42.66422485205475,41.848465282753985,42.17477035522461,54147135
2023-03-16,42.17477119034252,42.419498443603516,41.76689139761556,42.419498443603516,38251084
2023-03-17,43.23525445643756,43.398406982421875,42.745799990360204,43.398406982421875,93086342
2023-03-20,43.5615595084062,43.80628674144487,42.99052722339888,43.398406982421875,63520680
2023-03-21,43.643133873551314,43.724708579966595,42.90894906831143,43.07210159301758,45323603
2023-03-22,43.39841162627231,43.64313888549805,43.23525908282984,43.64313888549805,52511993
2023-03-23,43.23525703580841,43.479984283447266,42.90895196437275,43.479984283447266,54121683
2023-03-24,43.56156002923681,43.56156002923681,42.99052773740212,43.316829681396484,43187989
2023-03-27,43.07210366252314,43.3168309054031,42.582649176763226,43.23525619506836,33610473
2023-03-28,42.990529006901305,43.23525625009272,42.50107140864274,42.58264923095703,49512832
2023-03-29,42.501070225936274,42.74580057419315,41.68531069674843,42.01161575317383,62141441
2023-03-30,42.41949721849254,42.74580228800048,42.174769972299465,42.50107192993164,39528238
2023-03-31,42.82737384854195,43.23525359948045,42.82737384854195,43.15367889404297,38616672
2023-04-06,42.90894906831143,43.153679411308445,42.50106931248385,43.07210159301758,27062741
2023-04-07,43.07210580243387,43.23525834308484,42.74580383300781,42.74580383300781,17914131
2023-04-10,42.82737699943958,42.90895171087868,42.50107192993164,42.50107192993164,17618359
2023-04-11,42.17477087926842,42.33792341753099,41.766891089549915,42.09319305419922,42370862
2023-04-12,42.174769972299465,42.66422446468561,42.09319214898459,42.50107192993164,36090701
2023-04-13,42.256345592461784,42.58265066898692,42.01161834100585,42.09319305419922,38971908
2023-04-14,42.256340895504124,42.41949341563165,41.84846115112305,41.84846115112305,44076038
2023-04-17,42.093193364671606,42.501073157398565,41.930043937081514,42.419498443603516,30938868
2023-04-18,42.50107192993164,43.07210424563265,42.337922507053435,42.50107192993164,40526179
2023-04-19,42.745803606331044,42.745803606331044,41.76689147949219,41.76689147949219,43488184
2023-04-20,41.8484671221027,42.01161966550899,41.27743477611865,41.359012603759766,38302825
2023-04-21,41.60374134250242,42.093195878252025,40.86955642700195,40.86955642700195,40257727
2023-04-24,40.78797496635606,40.78797496635606,40.25773004704322,40.461669921875,46150409
2023-04-25,40.461672955877916,40.62482549035238,39.52355132843236,39.56433868408203,59541021
2023-04-26,39.19724747559634,39.68670509420537,38.993307579144876,39.482765197753906,67991794
2023-04-27,39.564335125186886,40.13536738854406,39.564335125186886,39.849849700927734,62993007
2023-04-28,40.33931258615187,40.787979740926886,40.053794860839844,40.053794860839844,58892831
2023-05-02,40.38010046466611,40.951132810784046,40.17616056332941,40.66561508178711,31537756
2023-05-03,40.7064050254475,40.95113228151339,40.298525228045726,40.7471923828125,28657181
2023-05-04,40.62482636401408,40.62482636401408,40.29852439992361,40.502464294433594,26487301
2023-05-05,40.54324773893303,40.74718761376481,40.3800952166925,40.461669921875,21031387
2023-05-08,40.86955383947818,41.277433630737946,40.74719176922576,40.78797912597656,27807248
2023-05-09,40.869554454907494,40.95113228151339,40.58403984147661,40.7471923828125,21745836
2023-05-10,40.62482812703438,40.62482812703438,40.135373603719586,40.33931350708008,27619316
2023-05-11,40.58403931076485,40.58403931076485,40.05379433632613,40.135372161865234,25318853
2023-05-12,39.80906800167763,39.890645829098375,39.56434074316724,39.72749328613281,36653057
2023-05-15,39.72749089410374,39.809065604736865,39.07488387341147,39.238033294677734,45110414
2023-05-16,39.52354837765633,39.97221548005738,39.52354837765633,39.80906295776367,36777132
2023-05-17,39.890644299693115,40.21694626123792,39.68670440677419,40.1761589050293,45756475
2023-05-18,40.747190026422935,41.03270462334265,40.543250139515784,40.95112991333008,40947582
2023-05-19,41.19585891723633,41.19585891723633,40.58403923034668,40.78797912597656,54028480
2023-05-22,40.380098568965906,40.46167328092057,39.727491537701205,39.89064407348633,75372804
2023-05-23,39.84985360563321,40.13537132122612,39.80906624965587,39.89064407348633,39877300
2023-05-24,39.80906769275808,40.09458541870117,39.72749297784628,40.09458541870117,27082718
2023-05-25,40.21694603318078,40.29852385701124,39.727491537701205,39.89064407348633,43294146
2023-05-26,40.013007203506305,41.44058648373653,39.97221984644633,41.11428451538086,126838659
2023-05-29,42.66422578050022,43.07210557402675,41.68531365366136,41.76689147949219,81036102
2023-05-30,41.766891089549915,42.256345592461784,41.27743347476221,42.09319305419922,55459727
2023-05-31,41.930041890423894,42.256343841552734,41.68531153723262,42.256343841552734,102913532
2023-06-01,41.84846202832139,41.84846202832139,41.03270252245986,41.440582275390625,56041081
2023-06-02,41.60373720091179,41.9300422668457,41.27743213497787,41.9300422668457,46344413
2023-06-05,41.93004317644101,42.011617888756234,41.44058556692225,41.52216339111328,28104311
2023-06-06,41.44058524865091,41.52216307221541,41.11428329002027,41.195858001708984,34947009
2023-06-07,41.52215922274348,42.01161367125057,41.35900670261596,41.84846115112305,41388320
2023-06-08,41.766888516792605,42.17476828138653,41.68531069674843,42.01161575317383,38370270
2023-06-09,42.33792077301735,42.745800537258845,42.174768244945625,42.664222717285156,52654500
2023-06-12,42.745805186420625,42.90895462036133,42.41950009478725,42.90895462036133,43177215
2023-06-13,43.31682916349192,43.47998168947623,43.1536797493832,43.398406982421875,62367279
2023-06-14,43.64313888549805,43.724713601281316,43.479986342055575,43.64313888549805,50927695
2023-06-15,43.88786431466343,44.54047134934461,43.88786431466343,44.45889663696289,76451940
2023-06-16,44.295744100323645,44.45889663696289,43.3984098166215,44.45889663696289,83561199
2023-06-19,43.80628844894568,44.295742934101206,43.72471062683594,43.88786315917969,43027089
2023-06-20,43.72470804086924,44.05101308625841,43.643133335459716,43.8062858581543,66672660
2023-06-21,43.07210309888671,43.96944046020508,43.07210309888671,43.96944046020508,82193112
2023-06-26,43.479984283447266,43.88786406680395,43.398409571526244,43.479984283447266,89410193
2023-06-27,43.74284647037061,43.74284647037061,42.9117317199707,42.9117317199707,124170409
2023-06-28,43.30541896798063,43.30541896798063,42.955474853515625,42.955474853515625,33377861
2023-06-29,43.174188120558874,43.174188120558874,42.43056106567383,42.43056106567383,49730094
2023-06-30,42.299331191369724,42.649275297971116,42.03687478007585,42.43056106567383,43790426
2023-07-03,42.86798807252874,43.04296011987946,42.21184539794922,42.21184539794922,52501250
2023-07-04,42.43055964971072,42.693016052246094,42.38681747217387,42.693016052246094,29983726
2023-07-05,42.82424783081918,42.867990010305604,42.29933166503906,42.29933166503906,28232553
2023-07-06,41.9931330697878,42.69301795348806,41.9931330697878,42.12436294555664,40600085
2023-07-07,42.03687525080619,42.82424783081918,41.993133071319775,42.29933166503906,39653420
2023-07-10,42.51804445191154,42.649274323216375,41.99313164132074,42.08061599731445,34272882
2023-07-11,42.47430324467042,42.60553311897453,42.16810465437995,42.43056106567383,31498332
2023-07-12,42.211846336644356,42.38681838788605,41.64318800443742,41.774417877197266,62341021
2023-07-13,41.86190078556415,42.21184487593801,41.555702209472656,41.555702209472656,52464102
2023-07-14,41.861901303247784,42.693016025178025,41.81815912573866,42.21184539794922,55574528
2023-07-17,42.211845882768564,42.60553215950076,41.686933072001814,42.386817932128906,47745522
2023-07-18,42.6492767389499,42.6930189194244,42.12436389862707,42.16810607910156,26231387
2023-07-19,42.2555870529062,42.430559098093134,41.51196003250447,41.555702209472656,49206010
2023-07-20,41.16201682917219,41.20575900708302,40.24341774378771,40.330902099609375,86599321
2023-07-21,39.36856127429116,39.76224755449693,39.10610486659208,39.54353332519531,96826103
2023-07-24,39.41230392456055,40.155934315477886,39.23733187156151,39.41230392456055,51546603
2023-07-25,39.76224566979175,40.155931931337044,39.54353145085705,39.937217712402344,36297797
2023-07-26,40.024705409782236,40.19967746701466,39.45604705810547,39.45604705810547,38761656
2023-07-27,39.45604659254888,40.855819696577406,39.41230441308551,40.37464904785156,61221132
2023-07-28,40.81207705322189,41.380732054410835,40.505875125829995,41.162017822265625,49489870
2023-07-31,41.42447711479419,41.555706998135186,40.81207989204175,41.11827850341797,53098015
2023-08-01,41.11827850341797,41.24950838675896,40.85582207405056,41.11827850341797,24111536
2023-08-02,40.85581874705028,41.511961435694616,40.68084669594893,40.812076568603516,34780532
2023-08-04,40.680843353271484,40.85581538999567,40.33089927982311,40.680843353271484,33157960
2023-08-07,40.50587320977068,40.899559476472284,40.50587320977068,40.593360900878906,28307075
2023-08-08,40.593361818630996,40.593361818630996,39.8497314453125,39.8497314453125,54378052
2023-08-09,39.849732399923596,40.02470445297323,39.631018167940134,39.89347457885742,26030497
2023-08-10,39.762246593003,40.15593286368901,39.41230249965672,39.49979019165039,38550690
2023-08-11,39.67475891113281,40.06844518191927,39.63101673378192,39.67475891113281,15803575
2023-08-14,39.368560791015625,39.54353283977188,39.28107643529462,39.368560791015625,33004389
2023-08-15,39.499792575726325,39.80599117289979,39.41230487845218,39.76224899291992,18484617
2023-08-16,39.10610481959734,39.14984699794224,38.14376020943813,38.27499008178711,77053857
2023-08-17,37.70633221766521,38.23124837623837,37.09393503863468,38.143760681152344,55366447
2023-08-18,37.88130474635035,38.88739155993396,37.79382038747976,38.31873321533203,36290056
2023-08-21,38.40621803279447,38.66867442704829,38.056273948913294,38.187503814697266,22831740
2023-08-22,38.44996260798193,38.62493466083965,38.05627632338065,38.143760681152344,19710187
2023-08-23,38.10001849831385,38.14376067719516,37.57510567710948,37.96879196166992,37634066
2023-08-24,38.406224693328696,38.8436532053834,38.18751043730135,38.79990768432617,37530135
2023-08-25,38.449964533071906,38.668678775765926,38.056278228759766,38.056278228759766,37143328
2023-08-28,38.362473538523005,40.85581769346179,38.318731361204264,39.19358825683594,83882599
2023-08-29,39.805991651623316,40.06844807197332,39.412305352441074,39.631019592285156,37744602
2023-08-30,40.11218694306907,40.593360900878906,40.024702589275016,40.593360900878906,46530186
2023-08-31,40.768333458332705,40.768333458332705,39.805992126464844,39.805992126464844,64338362
2023-09-01,40.24341869261403,40.37464856675481,39.9809622816468,40.199676513671875,30045096
2023-09-04,40.33090400717629,40.37464952447044,40.02470541000366,40.2434196472168,22559935
2023-09-05,40.37464952436224,40.72459030151367,40.06844758987602,40.72459030151367,31890313
2023-09-06,41.030791757340154,41.11827611627883,40.54961777123433,40.85581970214844,38689842
2023-09-07,40.37464423340178,40.46212858189651,39.98095799054756,40.02470016479492,36498925
2023-09-08,39.631020533655864,40.19967890568382,39.54353617056596,39.98096466064453,27359189
2023-09-11,40.024706357356706,40.33090496177681,39.84973429598186,40.28716278076172,25717189
2023-09-12,40.33090541618369,40.94330596923828,40.11219117132952,40.94330596923828,36282046
2023-09-13,41.11827659585152,41.468220710316444,41.07453441587201,41.20576095581055,43371603
2023-09-14,41.468218323614046,41.59944485599984,41.293246276452095,41.42447280883789,27067874
2023-09-15,41.51196193962918,41.6431884765625,40.987045779952915,41.6431884765625,41287933
2023-09-18,41.030787426719854,41.293243813149125,40.5058713165473,40.680843353271484,42531234
2023-09-19,40.68084476221845,40.768329114953474,40.41838836669922,40.41838836669922,22089298
2023-09-20,40.287159913833825,40.41838978485496,40.02470350910582,40.15593338012695,26391390
2023-09-21,39.937217712402344,40.155931931337044,39.718503493467644,39.937217712402344,31005292
2023-09-22,39.45604468706413,39.71850442579792,39.45604468706413,39.67475891113281,30256022
2023-09-25,39.80598784611587,40.50587267924409,39.58727362718117,39.937217712402344,34914011
2023-09-26,39.84973383813189,39.8934760186444,39.14984893798828,39.14984893798828,49961526
2023-09-27,38.88738917993199,39.06236122427883,38.624932782068825,38.84364700317383,38076984
2023-09-28,39.14984704498954,39.631017681990244,39.10610486659208,39.54353332519531,28071106
2023-10-02,40.19967219909835,40.19967219909835,39.80598595624413,40.02470016479492,25354804
2023-10-03,39.980962748444725,40.15593480357054,39.587276458740234,39.587276458740234,22645603
2023-10-04,38.93113229906882,39.106104347651076,38.49370384627029,38.5811882019043,55574211
2023-10-05,38.88738969695151,39.67475890100932,38.7561598276181,39.49979019165039,45328957
2023-10-06,39.805989732894396,39.805989732894396,39.412303452688626,39.54353332519531,17740500
2023-10-11,40.28716182741086,41.030792236328125,40.11218977017654,41.030792236328125,79919349
2023-10-12,41.11827850341797,41.16202068542678,40.462135761342154,41.11827850341797,41438827
2023-10-13,40.94330643806817,41.29325056876777,40.59336564468314,41.11827850341797,42106719
2023-10-16,40.54961590087114,41.5557026688317,40.33090167629834,41.24950408935547,61976252
2023-10-17,41.55570554051529,42.34307813831399,41.511963360040795,42.16810607910156,106064588
2023-10-18,42.255588060780084,42.99921843623296,41.86190178404789,42.386817932128906,128648280
2023-10-19,42.7367610888973,43.13044738769531,42.16810606824636,43.13044738769531,101821663
2023-10-20,43.30541848364141,43.69910477368284,42.47430372406825,42.605533599853516,96533782
2023-10-23,42.56179285103881,43.04296351623495,42.430562970842374,42.51804733276367,46402001
2023-10-24,42.693016991110674,43.042961093729616,41.46821930657296,42.25558853149414,71294293
2023-10-25,42.38681889725199,43.04296159430755,41.99313261155579,42.9117317199707,54317686
2023-10-26,41.0745358510766,41.42447664045456,40.85582160622243,40.94330596923828,98752211
2023-10-27,41.07453537670683,41.07453537670683,40.549619192730354,40.768333435058594,42618202
2023-10-30,40.85581729957526,40.94330165336931,40.37464667907959,40.593360900878906,34448531
2023-10-31,40.59336040948342,40.68084476221845,40.33090067665005,40.41838836669922,44334958
2023-11-01,40.68085000870076,41.29325056876777,40.549620125359766,41.11827850341797,32799748
2023-11-02,41.90564681807113,42.25558757545834,41.643187078387946,42.21184539794922,52121795
2023-11-03,42.693013726300734,43.21792984008789,42.430557338064176,43.21792984008789,81214463
2023-11-06,43.742842616561006,43.83032696686851,43.04295780215884,43.21792984008789,60462667
2023-11-07,42.95547011453729,43.21792984008789,42.693013726300734,43.21792984008789,32520528
2023-11-08,43.0429615835691,43.43664786916709,42.299331191369724,42.43056106567383,57104782
2023-11-09,42.08061884852819,42.605535031999466,42.08061884852819,42.51804733276367,34493053
2023-11-10,42.25558996200618,42.51804637919838,42.12436342206728,42.47430419921875,22010914
2023-11-13,43.08670185254009,43.48038812068604,42.605531230279134,42.82424545288086,51951251
2023-11-14,42.64927625645169,42.780506133704996,42.168105602046914,42.47430419921875,41645659
2023-11-15,43.0867047307686,43.30541896798063,42.60553407636504,42.955474853515625,72702902
2023-11-16,42.9117302772446,42.9117302772446,42.43055964971072,42.693016052246094,30674199
2023-11-17,42.867992842017706,43.6991076564177,42.824250659641834,43.52413558959961,101492378
2023-11-20,43.917821879197355,44.792678875447045,43.655365447785364,44.005306243896484,94733226
2023-11-21,44.3552503773222,44.44273474202133,43.61161992812121,44.005306243896484,66428114
2023-11-22,43.61161756537331,44.00530385981983,43.08670473098755,43.74284744262695,62504761
2023-11-23,44.180274963378906,44.35524701683535,43.83033085646601,44.180274963378906,60047248
2023-11-24,44.18027831060934,44.792678875447045,44.005306243896484,44.005306243896484,86401652
2023-11-27,43.74284455270478,44.267757352411564,43.305416107177734,43.305416107177734,71685813
2023-11-28,43.30541800566691,43.39290236368191,42.736759666626355,42.9117317199707,80672376
2023-11-29,42.99921894207937,43.655361631913856,42.99921894207937,43.04296112060547,61999972
2023-11-30,43.130446911187356,43.56787538561586,42.7805061340332,42.7805061340332,87291668
2023-12-01,42.86798814327634,43.48038864135742,42.86798814327634,43.48038864135742,52316739
2023-12-04,43.611618038994266,43.91781997680664,43.56787585853948,43.91781997680664,43958233
2023-12-05,43.56787393754734,43.56787393754734,43.04296112060547,43.04296112060547,56578688
2023-12-06,43.130446911187356,43.217934608461704,42.7805061340332,42.7805061340332,36927692
2023-12-07,42.86798856488414,42.95547292090718,42.299330238791605,42.386817932128906,36067025
2023-12-08,42.69301843643132,42.9117326736439,42.47430419921875,42.47430419921875,33680342
2023-12-11,42.8679895409632,43.13044595232255,42.56179095059634,42.9117317199707,28661262
2023-12-12,43.26167489828918,43.65536117553711,43.042960670630805,43.65536117553711,48600982
2023-12-13,43.74284791767306,43.91781997680664,43.30541943849633,43.91781997680664,47899791
2023-12-14,44.09279251098633,44.180276872838434,43.74284838894894,44.09279251098633,51468459
2023-12-15,44.355247497558594,44.617703911930604,44.09279108318658,44.355247497558594,83947122
2023-12-18,43.917816661237495,44.267757415771484,43.655360261008454,44.267757415771484,54942293
2023-12-19,44.00530385981983,44.09279155709373,43.34916114818043,43.74284744262695,54201661
2023-12-20,43.742847920680006,43.917819979825616,43.349161621930996,43.61161804199219,55229209
2023-12-21,43.08669997731259,43.21792984008789,42.867985764229786,43.21792984008789,55517081
2023-12-22,43.26167678822094,43.74284744262695,43.130446910967294,43.74284744262695,33742229
2023-12-25,44.00530433771621,44.09279203594023,43.524133678084695,43.91781997680664,34041265
2023-12-26,44.18027354683874,44.61770199779754,43.9178171437263,44.44272994995117,55148904
2023-12-27,44.88016172313016,46.804847717285156,44.79267736138813,46.804847717285156,220103922
2023-12-28,47.50473066885828,47.94215913420194,45.929988861083984,45.929988861083984,154010012
2023-12-29,46.10496282726042,46.279934888119136,45.31759022205346,46.01747512817383,49054932
2024-01-02,45.92998788558025,46.19244429174929,44.88015892358985,45.40507507324219,64217881
2024-01-03,44.792673553543764,44.88015790784871,44.180273061466536,44.267757415771484,75978300
2024-01-04,44.18027354683874,44.53021764253147,43.9178171437263,44.44272994995117,56554331
2024-01-05,45.14261480402241,45.6675309475615,44.267757902104805,44.44272994995117,77391673
2024-01-08,44.61770342836285,44.61770342836285,43.83033085646601,44.180274963378906,63869803
2024-01-09,44.267762203176304,44.53022196910366,43.8303337097168,43.8303337097168,50477153
2024-01-10,44.09279347564414,44.18027783941022,43.8303337097168,43.8303337097168,40588805
2024-01-11,43.91782141079743,44.00530577456351,43.74284934595072,43.8303337097168,26875440
2024-01-12,43.8303337097168,43.8303337097168,43.39290521625729,43.8303337097168,30183922
2024-01-15,44.09278919157267,44.44272994995117,43.83032945114601,44.44272994995117,30013792
2024-01-16,44.18027354683874,44.44272994995117,43.74284509587994,44.44272994995117,49658808
2024-01-17,43.742848423548836,43.742848423548836,42.430562970842374,42.51804733276367,141437685
2024-01-18,42.51804445191154,42.78050419452121,41.5994453647205,42.08061599731445,91151420
2024-01-19,43.655361631913856,43.655361631913856,42.25558855787836,43.04296112060547,70235426
2024-01-22,43.742849812484494,44.005306243896484,43.48039338107251,44.005306243896484,73159697
2024-01-23,44.44273281689294,44.53022051511695,43.699105737218275,43.91781997680664,50692732
2024-01-24,44.35524510739063,44.44272946169558,44.00530101554244,44.267757415771484,60980878
2024-01-25,44.70518735364333,45.7550163269043,44.70518735364333,45.7550163269043,174170705
2024-01-26,44.44272795642495,44.70518434776462,43.56787109375,43.56787109375,181978031
2024-01-29,43.43664884556391,43.65536308277759,43.21793460835022,43.26167678833008,59567525
2024-01-30,43.43664407205713,43.65535828523503,43.39289855957031,43.39289855957031,38754522
2024-01-31,43.30541704138931,43.30541704138931,42.86798858642578,42.86798858642578,54713914
2024-02-01,42.474303255266996,42.99921941530005,42.255589022915146,42.9117317199707,64281001
2024-02-02,42.736760616410955,42.780506133704996,42.43056201923912,42.47430419921875,61988932
2024-02-05,41.99313164132074,42.211845868619285,41.861901770015905,42.08061599731445,59043982
2024-02-15,42.86798906918675,43.04296112060547,42.47430278782319,43.04296112060547,64345314
2024-02-16,43.08669944260907,43.08669944260907,42.73675537109375,42.73675537109375,37546293
2024-02-19,42.78050755726731,42.99922180175781,42.693019857082405,42.99922180175781,27779765
2024-02-20,42.86799001935775,43.436648364744364,42.824247839862096,43.08670425415039,33519790
2024-02-21,42.78050517227523,42.95547388826159,42.43056106567383,42.43056106567383,64118827
2024-02-22,42.51804733276367,42.73676157488142,42.34307860892107,42.51804733276367,44502835
2024-02-23,42.43056153926476,42.780505649772074,42.12436294555664,42.12436294555664,54152256
2024-02-26,41.993133544921875,42.21184778213501,41.86190366766823,41.993133544921875,42630523
2024-02-27,42.08061742875745,42.60553359451842,42.036875249272626,42.12436294555664,36863720
2024-02-29,42.34307246228151,42.78050088301866,42.124358251912945,42.73675537109375,66602301
2024-03-01,42.86798904242015,42.86798904242015,42.25558853149414,42.25558853149414,48011892
2024-03-04,42.430556811503344,42.82424305762958,42.38681463689243,42.73675537109375,52620867
2024-03-05,42.73676109433604,42.82424879258809,42.430562493739984,42.64927673339844,43833522
2024-03-06,42.47430278782319,43.04296112060547,42.38681843077098,43.04296112060547,50119208
2024-03-07,43.3929037994059,43.91781997680664,43.349161618951115,43.91781997680664,114381033
2024-03-08,45.40507507324219,46.3674163416334,44.61770251742082,45.40507507324219,284309520
2024-03-11,45.49256037904489,45.84250448611713,44.44273139514252,45.142616271972656,100314710
2024-03-12,45.142616288539664,45.929988861083984,44.88015987679634,45.929988861083984,85918981
2024-03-13,46.19244433180012,46.54238843187176,45.755015875367704,46.36741638183594,125263530
2024-03-14,46.36741924989125,46.36741924989125,45.492562282912175,46.01747512817383,75331524
2024-03-15,45.75501583569614,45.842503529295335,45.14261532975888,45.40507507324219,85406325
2024-03-18,45.0551323917217,45.492560861544234,44.61770392189916,45.317588806152344,69309594
2024-03-19,44.96764665617792,46.80484483826835,44.880158962502875,46.36741638183594,138908497
2024-03-20,46.89232725861641,47.50472773980087,46.192442424683094,46.279930114746094,128826380
2024-03-21,46.804847242127714,47.06730366200386,46.367418763229324,46.62987518310547,69351708
2024-03-22,46.629875676653654,46.629875676653654,45.49256228694298,45.842506408691406,91129106
2024-03-25,45.66753291693613,45.66753291693613,45.0551323917217,45.317588806152344,67294638
2024-03-26,45.31758689441069,45.58004329776951,44.44272999167182,45.2301025390625,79676002
2024-03-27,45.142614359287,45.230102051005396,44.70518591263766,45.05513000488281,51078804
2024-03-28,45.05513286590576,45.58004570029152,44.79267644871288,45.49256134033203,80341420
2024-03-29,45.49256037904489,45.49256037904489,44.70518780678953,45.142616271972656,60111000
2024-04-01,45.84250303844256,45.929987393790746,45.14261484640007,45.2301025390625,52090342
2024-04-02,45.492559436426426,46.10495994245655,45.405075080128235,45.58004379272461,52845773
2024-04-03,45.667532432581005,45.667532432581005,45.142616271972656,45.142616271972656,41363165
2024-04-08,45.142615336605125,45.66753148633707,45.142615336605125,45.58004379272461,35041836
2024-04-09,45.842506408691406,46.01747513225114,45.58004664872284,45.842506408691406,60645946
2024-04-10,46.10496045503299,46.892329682413155,45.84250404590627,46.542388916015625,102945209
2024-04-11,46.10496091468431,46.27993296828465,45.58004475388332,45.929988861083984,56020149
2024-04-12,46.017469891435816,46.27992962151349,45.929985539619324,46.104957580566406,39562643
2024-04-15,45.49256037904489,45.58004473715578,44.96764755575088,45.142616271972656,57663496
2024-04-16,44.61770633286973,44.61770633286973,43.8303337097168,43.8303337097168,85553804
2024-04-17,43.917821879197355,44.267762675308475,43.917821879197355,44.005306243896484,50186684
2024-04-18,43.83033227858263,44.00530433771621,43.6553635567635,43.91781997680664,37669436
2024-04-19,43.261676788001104,43.261676788001104,42.60553407636504,42.955474853515625,125240375
2024-04-22,42.56179189681895,42.95547485395308,42.255589962330355,42.7805061340332,83258570
2024-04-23,42.955474373090276,43.26167630415111,42.605533599853516,42.605533599853516,48839318
2024-04-24,43.086705198907964,43.91781997680664,42.95547532022917,43.91781997680664,46851297
2024-04-25,43.08670188441421,43.52413032994126,42.7367577930669,43.305416107177734,65600848
2024-04-26,43.480386742408136,44.180271565085285,43.480386742408136,43.56787109375,44383158
2024-04-29,44.00530481181974,44.180276872838434,43.655364027096844,44.09279251098633,41636808
2024-04-30,44.09279108318658,44.70518827094982,43.91781902783379,44.355247497558594,49586424
2024-05-02,43.917821879197355,44.530222444035054,43.742849812484494,44.005306243896484,60117129
2024-05-03,44.70518780354792,45.05513191059478,44.53021908733883,44.967647552490234,58495124
2024-05-06,45.58004329776951,45.75501534578013,45.05513049105188,45.2301025390625,42853986
2024-05-07,45.49256037904489,45.58004473715578,44.96764755575088,45.142616271972656,40079427
2024-05-08,45.40507507324219,45.40507507324219,44.96764661718905,45.40507507324219,36416598
2024-05-09,45.40507507324219,45.49255942952711,44.88015892358985,45.40507507324219,29014704
2024-05-10,45.05513333645622,45.75501823538489,44.96764897558305,45.66753387451172,52178902
2024-05-13,45.58004664872284,45.842506408691406,45.05513380341468,45.842506408691406,36249820
2024-05-14,45.75501584263526,45.84250353624772,45.317587386515775,45.58004379272461,44237062
2024-05-15,45.755017275974886,45.84250497232802,45.317588806152344,45.317588806152344,44199438
2024-05-16,45.58004379272461,45.75501584263526,45.405075080128235,45.58004379272461,41857613
2024-05-17,45.75501539580853,46.19244384765625,45.31758694396081,46.19244384765625,61246860
2024-05-20,46.36741448145332,46.454898834228516,45.92998604294904,46.454898834228516,55815584
2024-05-21,46.542388464055556,47.154788970947266,46.367416413898745,47.154788970947266,101866213
2024-05-22,47.67970182245428,48.29210232983856,47.50472977215673,48.117130279541016,152843001
2024-05-23,48.46707252753081,48.99198532104492,47.85467204355492,48.99198532104492,134041206
2024-05-24,48.11712930468687,48.55455775291129,47.76718521118164,47.76718521118164,72951290
2024-05-27,47.94216105279039,50.65421964884303,47.94216105279039,49.516902923583984,139490635
2024-05-28,49.954327548243256,50.129299595331915,49.25444269720286,49.3419303894043,78617613
2024-05-29,49.86684413993592,50.12930054689378,48.81701517479021,48.904502868652344,75822062
2024-05-30,48.11713171678129,49.3419327681342,47.85467530215263,48.8170166015625,74110267
2024-05-31,48.991987193714486,49.429415650801225,48.117130279541016,48.117130279541016,166673076
2024-06-03,48.81701514341694,48.991987193714486,47.76718617894591,48.117130279541016,72529904
2024-06-04,47.67970227657342,47.85467432853747,47.15478945799559,47.504730224609375,69360942
2024-06-05,47.06730413982573,47.15479183888224,46.54239129474458,46.804847717285156,67524397
2024-06-06,47.32975626640398,47.41724395751953,46.979815513884326,47.41724395751953,41626871
2024-06-07,47.242275237823186,48.20461654663086,47.154790877864095,48.20461654663086,52887635
2024-06-11,48.554560661096055,48.64204502105515,47.942160129439166,48.20461654663086,65133110
2024-06-12,48.117132187108325,48.117132187108325,47.41724729548599,48.02964782714844,45546856
2024-06-13,48.64204220104968,49.77935883846882,48.467073491275244,49.3419303894043,98989445
2024-06-14,49.86684463618663,49.86684463618663,49.07947207016321,49.25444412231445,49230772
2024-06-17,48.90450430578099,49.69187354979254,48.37958813912558,49.60438919067383,47878261
2024-06-18,49.604391095285905,49.86684752003371,49.166962608268065,49.69187545776367,47601340
2024-06-19,49.86684752003371,49.954331882511475,49.516903395493635,49.69187545776367,53101867
2024-06-20,49.779358893466366,50.30427169799805,49.254442751620466,50.30427169799805,58585544
2024-06-21,50.12930013423841,50.7417006369751,49.95432808526875,50.479244232177734,78368326
2024-06-24,50.30427600705155,50.30427600705155,49.516903395493635,49.69187545776367,68248302
2024-06-25,49.604386791380165,49.604386791380165,48.72952989325111,49.3419303894043,69308998
2024-06-26,49.429418561939976,49.604390622542475,49.07947444073496,49.516902923583984,40739678
2024-06-27,49.0794706501142,49.3419303894043,48.55455784616246,49.3419303894043,63763167
2024-06-28,49.079474936595986,49.166962636438384,48.64204644932752,48.72953414916992,86163793
2024-07-01,48.90450477599714,50.12930250200742,48.90450477599714,49.779361724853516,145350617
2024-07-02,49.410044698551694,49.410044698551694,47.932362528010806,48.67120361328125,237140005
2024-07-03,49.04062239438038,49.22533354646604,48.578846275702325,48.67120361328125,111388367
2024-07-04,49.22533506645171,50.241244672756125,49.13298124909327,49.871822357177734,110272226
2024-07-05,49.87182560145298,49.96417942481925,49.317695615110296,49.41004943847656,55145519
2024-07-08,49.87182382472314,51.25715226429878,49.502401498274004,51.07244110107422,120367805
2024-07-09,51.53421724759943,51.995993394124646,50.79537611777357,51.07244110107422,83403492
2024-07-10,50.98008668802912,51.164797849105234,50.05653440572088,50.518310546875,56944184
2024-07-11,50.98008668802912,50.98008668802912,50.05653440572088,50.518310546875,60341856
2024-07-12,49.59475616524561,49.59475616524561,48.76355773712347,48.94826889038086,96626512
2024-07-15,49.04062710141749,49.50240326441793,48.948273278046415,49.31769561767578,46152642
2024-07-16,49.59475616524561,49.6871099803382,48.85591507528827,48.94826889038086,52856418
2024-07-17,49.040622705473446,49.225333858730835,48.76355773712347,48.94826889038086,73601733
2024-07-18,48.48649246119559,48.85591476536691,47.840005190431874,48.67120361328125,80358251
2024-07-19,48.209430400774956,48.39414156399542,47.74765425426001,47.93236541748047,50035050
2024-07-22,47.56294489761071,47.655298721192594,46.03908214700194,46.362327575683594,86789525
2024-07-23,47.10116607043121,47.378231048583984,46.639389932485805,47.378231048583984,53903192
2024-07-26,45.669660164262226,46.824100494384766,45.392595189647274,46.824100494384766,89137435
2024-07-29,47.193522557138124,47.47059107402884,46.13143949365636,46.362327575683594,53032472
2024-07-30,46.131439207879886,46.177616119384766,45.43877496608911,46.177616119384766,55622666
2024-07-31,45.80819434649654,46.63939285613188,45.577306263050346,46.54703903198242,48317966
2024-08-01,49.594757378600534,49.871822353729016,48.57884777236638,49.77946853637695,176556343
2024-08-02,48.67120391634427,48.85591506958008,48.024716641555045,48.85591506958008,91788925
2024-08-05,47.56294067103388,47.56294067103388,45.62348236357984,46.13143539428711,114534832
2024-08-06,47.470588979587795,47.93236512326833,45.71583822437282,47.74765396118164,90813027
2024-08-07,48.20942780042351,48.94826889038086,47.74765167881615,48.94826889038086,66218876
2024-08-08,48.02471634871622,48.85591477167288,47.65529404449722,48.76355743408203,41796886
2024-08-09,50.056533511505435,50.241244669281855,49.410046220824114,49.77946853637695,91761372
2024-08-12,50.148888224722754,50.518310546875,50.05653440572088,50.518310546875,60391286
2024-08-13,50.61066436767578,50.70302170975331,50.14888822650525,50.61066436767578,40170440
2024-08-14,51.257152848342635,51.534217834800266,50.980087861885,51.441864013671875,95516407
2024-08-15,51.441862829183236,51.441862829183236,50.33359938579888,50.518310546875,36115991
2024-08-16,51.71892899980072,51.71892899980072,51.16479902688898,51.534217834472656,67870375
2024-08-19,51.626571661238685,51.71892547607422,51.16479554091659,51.71892547607422,42620464
2024-08-20,51.995990443653035,52.08834778156078,51.34950317058767,51.71892547607422,47491724
2024-08-21,51.626571661238685,51.71892547607422,51.07243820300885,51.71892547607422,34792241
2024-08-22,51.7189254700983,51.90363662282024,51.25714934982957,51.62657165527344,29967598
2024-08-23,50.98008757268345,51.34950637817383,50.610665244120646,51.34950637817383,31061518
2024-08-26,51.534216950801905,51.534216950801905,50.703022005687004,50.88772964477539,27550397
2024-08-27,50.33359849011457,50.42595230747301,49.687111199388546,49.871822357177734,38731939
2024-08-28,50.056534987236134,50.98008728027344,49.96417764408896,50.98008728027344,29669537
2024-08-29,50.51831025291378,50.61066407137826,50.14888793291117,50.42595291137695,23179361
2024-08-30,50.42595407964613,51.25715255737305,50.42595407964613,51.25715255737305,57216020
2024-09-02,51.349506377779825,51.349506377779825,50.61066524373231,51.164798736572266,35025097
2024-09-03,50.98008698739197,51.34950578864113,50.7953758252312,50.88772964477539,27823655
2024-09-04,48.948272990618925,49.96417913402541,48.30178566160002,49.225337982177734,85540468
2024-09-05,49.77946853637695,50.42595230398597,49.50240003817618,49.77946853637695,37686250
2024-09-06,50.14888793058344,50.33359909057617,49.50240063214506,50.33359909057617,24238268
2024-09-09,48.855915980429636,49.687110900878906,48.57884748387426,49.687110900878906,46344513
2024-09-10,49.68711414246659,49.68711414246659,48.855919167790155,49.225337982177734,34164771
2024-09-11,49.22533506645171,49.871822357177734,49.13298124909327,49.871822357177734,24058349
2024-09-12,50.88772993712626,51.16479844349538,50.70302229697673,50.98008728027344,35093409
2024-09-13,50.980086391380866,51.07244020984535,50.14888793291117,50.42595291137695,28598424
2024-09-16,50.42595290903637,50.6106640690291,50.14888793058344,50.33359909057617,24412438
2024-09-18,49.964175874362,50.05653321423788,49.22533477071633,49.687110900878906,57624338
2024-09-19,49.594757080078125,50.05653321020349,49.41004592341353,49.594757080078125,44892168
2024-09-20,49.964175874362,50.24124437091737,49.04062361403684,49.687110900878906,71046769
2024-09-23,49.687111199388546,49.871822357177734,49.31769240688246,49.871822357177734,30850375
2024-09-24,49.871822353729016,49.96417617108107,49.50240003817618,49.77946853637695,39787466
2024-09-25,50.14888793058344,50.6106640690291,49.96417677059071,50.33359909057617,49877625
2024-09-26,50.70302200317383,50.887729642253056,50.51831084102221,50.70302200317383,47416602
2024-09-27,51.16479814828702,51.16479814828702,50.79537582397461,50.79537582397461,39870008
2024-09-30,50.610663161204066,50.98008547456304,49.687110900878906,49.687110900878906,41080330
2024-10-01,49.50239974020968,50.05653321020349,49.50239974020968,49.594757080078125,24924409
2024-10-04,48.57884979248047,48.85591830220293,48.20943098463793,48.57884979248047,62671266
2024-10-07,48.94826888466187,49.22533385297948,48.30178160987265,48.85591506958008,43226644
2024-10-08,48.117073640372965,48.57884979248047,48.117073640372965,48.57884979248047,39630364
2024-10-09,48.30178422084899,48.48649538406944,47.74765425426001,47.93236541748047,42242680
2024-10-11,47.84000778198242,48.301783925675444,47.747653962472775,47.84000778198242,32068791
2024-10-14,48.11707364076172,48.57884979287296,48.02471981956845,48.48649597167969,27022971
2024-10-15,48.57884979248047,48.76356095793796,48.394142150095426,48.57884979248047,25228714
2024-10-16,47.470588979587795,47.93236512326833,47.37823163700826,47.74765396118164,58352616
2024-10-17,47.6552966186021,47.93236512326833,47.6552966186021,47.74765396118164,32312054
2024-10-18,47.56294129626586,47.7476524525163,46.63938903808594,46.63938903808594,78495841
2024-10-21,46.45467847485842,47.008811950683594,46.17761349848199,47.008811950683594,54363083
2024-10-22,46.547035519769814,47.00881165181883,46.547035519769814,46.824100494384766,50216365
2024-10-23,46.82410373973807,46.82410373973807,46.362327575683594,46.362327575683594,44712063
2024-10-24,46.131435391571536,46.269966114625966,46.039078053129685,46.08525848388672,49698655
2024-10-25,46.131435093620574,46.36232315362561,45.99290084838867,45.99290084838867,41806000
2024-10-28,45.9929040824007,46.17761524800722,45.48495101928711,45.48495101928711,49172879
2024-10-29,45.11552780906552,45.16170824187173,44.46904402664715,44.69993209838867,81420494
2024-10-30,44.79228562075461,44.9308198721096,44.33050948033446,44.46904373168945,54094334
2024-11-01,42.25251855981257,43.40695895762166,42.160164737216846,43.03753662109375,140986463
2024-11-04,43.03753604114679,43.12989338557046,42.48340606689453,42.48340606689453,59867354
2024-11-05,42.02162903981501,42.160163292032365,41.60602980623533,41.883094787597656,84205496
2024-11-06,41.55985347568436,42.89900501451534,41.55985347568436,42.344871520996094,78477326
2024-11-07,42.437226853453176,44.28433136482809,42.39104994528326,43.54549026489258,92748740
2024-11-08,43.77637771352413,44.14579649676346,43.08371353149414,43.08371353149414,62605606
2024-11-11,42.8990058880957,43.08371705636351,42.20634164939579,42.99135971069336,46286282
2024-11-12,42.437229155670266,43.360781461460384,42.252517989897754,42.57575988769531,70044482
2024-11-13,42.391051954385034,42.806647670683525,42.2063407898788,42.2986946105957,52919260
2024-11-14,42.11398255887001,42.11398255887001,41.559852600097656,41.559852600097656,78360986
2024-11-15,41.559852600097656,41.92927492132747,41.190430278867844,41.559852600097656,52740993
2024-11-18,41.46749878334689,42.29869372154592,41.421318350886644,41.65220642089844,69203736
2024-11-19,41.744564056396484,42.48340518101708,41.744564056396484,41.744564056396484,60137722
2024-11-20,41.467498779296875,41.467498779296875,41.467498779296875,41.467498779296875,61462099
2024-11-21,41.14425277204381,41.328963929976595,41.00572204589844,41.00572204589844,66276938
2024-11-22,41.32896777211643,41.74456703533324,41.051902770996094,41.051902770996094,50700692
2024-11-25,41.65220641683038,41.975451828658734,41.467498779296875,41.467498779296875,76975045
2024-11-26,41.37514202303513,42.2063404959892,41.19043085981507,41.92927551269531,41939444
2024-11-27,41.42131774740684,41.467498179194266,40.590122821317735,41.00572204589844,88688066
2024-11-28,40.5901260395736,40.72865677670261,39.71275061213289,40.543949127197266,83899732
2024-11-29,40.543944707848034,40.72865233721997,39.943634343172626,40.220699310302734,66068692
2024-12-02,40.59012282796056,41.1904296875,40.45158857872022,41.1904296875,38672952
2024-12-03,41.65220612120498,41.69838655333296,40.91336500709779,41.37514114379883,50530088
2024-12-04,40.86719159589166,41.051902770996094,40.636303507779274,41.051902770996094,51615273
2024-12-05,40.68247928703516,40.82101354527092,40.26688003540039,40.26688003540039,57277792
2024-12-06,39.851284309458286,40.590125466261696,39.851284309458286,40.17452621459961,43696126
2024-12-09,40.17452300911986,40.68247604370117,40.17452300911986,40.68247604370117,33159157
2024-12-10,40.45159149500187,40.59012575422958,40.17452649961901,40.35923767089844,32858676
2024-12-11,39.94363372270451,40.12834487227942,39.712745666503906,39.712745666503906,44150960
2024-12-12,39.8512831519981,39.98981388314689,38.927730852049805,39.250972747802734,71174029
2024-12-13,38.789195415479426,38.881549233430206,37.49622082573451,38.28124237060547,115254375
2024-12-16,38.14270812060697,38.419773097531646,37.58857816675762,38.28124237060547,85569382
2024-12-17,38.78919659784582,40.08217122700299,38.74301968746287,39.297149658203125,102163693
2024-12-18,39.80510415706016,40.49776840705359,39.71275033295672,40.35923767089844,88411619
2024-12-19,39.712745666503906,40.266875592156495,39.43568070367761,39.712745666503906,65229584
2024-12-20,39.343322437953404,39.71274472837643,38.92772676506758,39.11243438720703,67542850
2024-12-23,39.4818576027803,39.98981062171042,39.4818576027803,39.620391845703125,35330418
2024-12-24,41.00572144374151,41.51367447829332,40.359234162006366,40.63629913330078,133324087
2024-12-25,41.098075262203075,41.28278641743417,40.68247604370117,40.68247604370117,52528974
2024-12-26,40.91336766166416,40.91336766166416,40.17452649961901,40.35923767089844,26686974
2024-12-27,40.220703123679314,40.68247928703516,40.12834930023716,40.26688003540039,22648295
2024-12-30,39.89745682364573,40.26687559979348,39.80509948730469,39.80509948730469,25586120
2024-12-31,39.43568449110522,40.12834872623094,38.973908334354746,39.75892639160156,43445308
2025-01-02,39.62039650885329,40.35923767089844,39.57421607372901,40.35923767089844,65305876
2025-01-03,40.590120992378914,40.77483214198886,39.80509948730469,39.80509948730469,42345224
2025-01-06,40.266876208431235,40.405410453500686,40.035988148696944,40.08216857910156,30917178
2025-01-07,40.313055069545825,40.45158578615042,39.11243438720703,39.11243438720703,58823388
2025-01-08,39.15861921668219,39.62039537007197,39.11243878288524,39.43568420410156,37912494
2025-01-09,39.43568271473992,39.66657078271489,38.41977310180664,38.41977310180664,46690991
2025-01-10,38.09653091608987,38.41977279948232,37.68093169239079,38.14270782470703,40822034
2025-01-13,37.86564254329308,38.512129827914976,37.68093138724793,37.77328872680664,48487516
2025-01-14,38.05035517802193,39.020084381103516,37.91182092483639,39.020084381103516,37074886
2025-01-15,38.835372324454816,39.25097155137799,38.28124237060547,38.28124237060547,35977056
2025-01-16,38.69684160040265,39.02008348632672,38.37359619140625,38.37359619140625,37293479
2025-01-17,38.235065161429894,38.558307044792045,38.05035400390625,38.05035400390625,44131855
2025-01-20,38.373597641761094,39.48186111450195,38.32742073103699,39.48186111450195,47283878
2025-01-21,39.48186140347995,39.98981447130788,39.15861950297285,39.66657257080078,42221204
2025-01-22,36.66502818704057,37.450046257913876,36.66502818704057,37.12680435180664,147906733
2025-02-03,37.12680463256591,38.46595622512891,36.94209346064815,37.40386962890625,112180567
2025-02-04,37.81946830413482,37.81946830413482,37.034446716308594,37.034446716308594,58040732
2025-02-05,37.311515231466394,37.542403312049544,37.034446716308594,37.034446716308594,33884048
2025-02-06,37.21915788538962,37.26533479689175,36.89591598180221,37.034446716308594,32609083
2025-02-07,37.03444319652336,37.21915434804929,37.03444319652336,37.080623626708984,23131801
2025-02-10,37.08062743994454,37.219158175530836,36.84973935756151,37.12680435180664,30946715
2025-02-11,37.21915846060134,37.403869632537024,37.080627723954,37.31151580810547,29858425
2025-02-12,37.311515231466394,37.40386905447065,36.98826980480647,37.034446716308594,27984906
2025-02-13,37.172978938449035,38.558307346093095,37.126802029475364,38.23506546020508,63852185
2025-02-14,38.32741927815242,38.558307346093095,37.91182005124474,38.23506546020508,28541805
2025-02-17,38.327419871375675,38.97390717623022,38.28124296168729,38.7891960144043,32974664
2025-02-18,38.83537292337898,39.06626099488905,38.51213103249384,38.743019104003906,35961690
2025-02-19,38.97390776245005,39.66657198741158,38.9277308520671,39.297149658203125,54652494
2025-02-20,39.712745666503906,39.9898106293302,39.57421142355469,39.712745666503906,40006471
2025-02-21,40.03599195372247,40.26688003540039,39.89746121855924,40.26688003540039,34296687
2025-02-24,39.75892319072849,40.31305664806091,39.52803513094136,40.220699310302734,30194703
2025-02-25,39.758922885588404,40.17452209463004,39.620392164622636,39.989810943603516,35619504
2025-02-26,39.80510387204455,40.45159120535724,39.75892696032347,40.26688003540039,35139939
2025-02-27,40.636302666281296,40.77483692550901,40.08217267551558,40.35923767089844,69299467
2025-03-03,39.80510387204455,40.26688003540039,39.57421579036663,40.26688003540039,53120564
2025-03-04,39.66657313688132,40.497768117078316,39.62039622516024,40.26688003540039,44284021
2025-03-05,40.72865294937483,41.098075259815566,40.359234162006366,40.63629913330078,46383229
2025-03-06,40.9133641045952,41.05189835177853,40.54394531722673,40.63629913330078,30376684
2025-03-07,40.636299431000985,41.19042937764936,40.451588274427436,40.77483367919922,31779134
2025-03-10,41.1442533704857,41.83691758050422,41.00572264232541,41.60602951049805,58815717
2025-03-11,40.91336500842605,41.55985230444296,40.82101119031177,41.42131805419922,68052418
2025-03-12,41.28278732568755,41.513675394038074,40.7286538478029,41.37514114379883,43316994
2025-03-13,41.28279000422302,41.28279000422302,40.26688032372245,40.35923767089844,57573005
2025-03-14,40.22070108751155,41.606029507447005,40.17452417812817,41.467498779296875,68441495
2025-03-17,41.559851391153536,41.69838563835295,40.72865295410156,40.72865295410156,44201092
2025-03-18,40.82101089131346,41.55985200003292,40.77483398259455,41.09807586669922,42180476
2025-03-19,41.098075567001366,41.467497880203325,40.91336441040039,40.91336441040039,37314811
2025-03-20,41.28278791244374,41.698387145996094,41.28278791244374,41.698387145996094,43291329
2025-03-21,41.559852600097656,41.559852600097656,41.09807646009657,41.559852600097656,39145180
2025-03-24,41.55985230444296,41.83691728185811,41.1904299858412,41.42131805419922,36059208
2025-03-25,41.55985230444296,41.74456346374384,41.05189925866979,41.42131805419922,36461286
2025-03-26,41.3289639350551,41.375140843775895,40.91336471042332,41.14425277709961,28156495
2025-03-27,40.7286538478029,41.37514114379883,40.636300029691625,41.37514114379883,43278476
2025-03-28,41.190429685820405,41.190429685820405,40.72865355246783,41.14425277709961,37954776
2025-03-31,40.22070079811135,41.236610412597656,39.989812729783424,41.236610412597656,61875919
2025-04-01,43.591669538754196,44.33051067878614,41.79074183781402,42.43722915649414,143290199
2025-04-02,42.29869401978988,42.29869401978988,41.69838714736992,41.790740966796875,50515462
2025-04-07,37.6347541809082,37.6347541809082,37.6347541809082,37.6347541809082,13988062
2025-04-08,36.526491928308744,38.789195716378636,36.48031501897515,38.51213073730469,120858432
2025-04-09,37.45004209361027,38.32741741371949,36.66502411002801,36.849735260009766,84824195
2025-04-10,40.497764587402344,40.497764587402344,40.17452271045516,40.497764587402344,49531081
2025-04-11,39.43568191355347,40.91336410934336,38.881548447828074,40.72865295410156,69373050
2025-04-14,41.375140540366694,41.883093578715176,40.91336441040039,40.91336441040039,56357316
2025-04-15,41.0980761637152,41.51367539133353,41.00572234560994,41.28278732299805,31216544
2025-04-16,40.82101147971257,41.55985259908177,40.82101147971257,41.513675689697266,35850779
2025-04-17,41.42131714395413,41.42131714395413,40.68247604605918,40.72865295410156,20580050
2025-04-18,41.051898658619194,41.051898658619194,40.72865325379941,40.91336441040039,16088207
2025-04-21,40.9595406995217,40.9595406995217,40.31305694580078,40.31305694580078,14669270
2025-04-22,40.266877123833105,41.144252475383546,40.220700215450925,40.91336441040039,27738319
2025-04-23,41.51367569273477,41.83691758152234,41.19043028087485,41.65220642089844,33676880
2025-04-24,41.32896269243785,41.513673844839715,40.08216857910156,40.08216857910156,42017291
2025-04-25,40.728653843818336,41.282787321648776,40.59012311666498,41.236610412597656,54399065
2025-04-28,41.14425336746852,41.467498779296875,40.82101147871253,41.467498779296875,22973317
2025-04-29,41.28278761970237,41.65220641785079,41.23661071031786,41.513675689697266,27807473
2025-04-30,41.32896482283727,41.83691787582192,41.32896482283727,41.744564056396484,30303702
2025-05-02,41.74456086293146,42.34486768941797,41.69838395675128,42.160160064697266,31142562
2025-05-05,42.2525168111298,42.29869372051657,41.19043027987246,41.60602951049805,35331097
2025-05-06,41.5598531862552,42.29869431606303,41.19043085981507,41.92927551269531,43359102
2025-05-07,42.11397964385773,42.39104812713836,41.92927201910013,42.25251388549805,31781212
2025-05-08,41.92927521969811,42.252517110770135,41.836917877197266,41.836917877197266,20575779
2025-05-09,41.744564350557305,42.206340497083225,41.6983874405192,42.067806243896484,16829589
2025-05-12,42.25251856246442,42.89900588989258,42.11398430548963,42.89900588989258,33950716
2025-05-13,43.08371705636351,43.26842470155882,42.80664854242555,42.99135971069336,31348875
2025-05-14,43.31460570987002,43.4531364456021,43.22224836297608,43.406959533691406,27429275
2025-05-15,43.36077941282144,43.86873245239258,43.268422072762505,43.86873245239258,41621426
2025-05-16,43.961086571178534,44.14579772949219,43.68402159524421,44.14579772949219,28845625
2025-05-19,43.961086569593476,44.28433197739879,43.86873275197613,44.0996208190918,36863531
2025-05-20,44.28433198058889,44.33050888940088,43.637844688003995,44.19197463989258,28130117
2025-05-21,44.33051091923427,45.900550552238315,44.238157097381524,45.76201629638672,93231386
2025-05-22,45.66966247558594,45.99290437515048,45.16170940923917,45.66966247558594,70843171
2025-05-23,44.42286300531347,45.669660690043195,44.376686096191406,44.376686096191406,71578900
2025-05-26,44.14580069041465,45.06935302085459,43.49931335449219,43.49931335449219,78899680
2025-05-27,43.49931219404781,43.96108834694884,42.48340606689453,42.48340606689453,99624798
2025-05-28,42.85282578113148,43.82255493838121,42.62193771878287,43.45313262939453,98074934
2025-05-29,43.776377719363204,44.42286147088632,43.17606735229492,43.17606735229492,149032843
2025-06-02,43.22224456197195,43.36077880859375,42.39104965145786,43.36077880859375,77681104
2025-06-03,43.12989104962779,43.684020993868,43.03753371020624,43.63784408569336,77951822
2025-06-04,43.49931219432992,43.63784644943011,42.29869490139395,42.43722915649414,85197919
2025-06-05,42.16016329134167,42.529582092127924,41.652206715267944,41.836917877197266,74581058
2025-06-06,41.83691757948384,42.25251681009929,41.559852600097656,41.559852600097656,55682096
2025-06-09,41.55984971513864,42.252513877057616,41.421315473526,42.160160064697266,39208994
2025-06-10,42.344868616475935,42.94517897917718,42.2986917092848,42.85282516479492,47063212
2025-06-11,42.991356802031596,43.63784408569336,42.991356802031596,43.63784408569336,56558714
2025-06-12,43.637844087916754,43.77637833552,43.31460220760554,43.68402099609375,32543331
2025-06-13,43.22224516238823,44.099620516012365,43.22224516238823,43.82255554199219,44771416
2025-06-16,43.730198798004494,44.330509185791016,43.730198798004494,44.330509185791016,41131108
2025-06-17,44.5613966490093,45.069349688580445,43.86873245239258,43.86873245239258,71150250
2025-06-18,44.05344450357913,44.607574462890625,43.961087161645644,44.607574462890625,41498670
2025-06-19,44.69993120282145,44.74610811163012,43.961086569593476,44.0996208190918,51252856
2025-06-20,43.68402537718635,44.28433581290949,43.22224920296013,44.00727081298828,65459193
2025-06-23,42.94518336843937,43.59167070440673,42.66811837390266,43.406959533691406,74736166
2025-06-24,41.78488197990786,44.5869255065918,41.78488197990786,44.5869255065918,132396029
2025-06-25,44.68524546162946,44.68524546162946,43.06300735473633,43.06300735473633,95756039
2025-06-26,43.063007358753666,43.603752144265144,42.42394670333466,42.52226257324219,81421425
2025-06-27,43.11216323806003,43.55459213256836,42.86636982450094,43.55459213256836,49281090
2025-06-30,43.35795632495262,43.652911419409165,43.210482528234174,43.456275939941406,27543017
2025-07-01,43.5054349019536,43.84954418628487,42.81721258278117,43.21048355102539,48470565
2025-07-02,43.11216566746526,43.70207214355469,43.063007732085325,43.70207214355469,41467173
2025-07-03,43.80038593904506,44.19365690447143,43.505434590230216,43.65291213989258,37104217
2025-07-04,43.94786307222808,43.99702100481306,42.81721187022448,43.01384735107422,44258347
2025-07-07,43.3087976360836,43.3087976360836,42.374781937811925,42.718894958496094,39017710
2025-07-08,42.866371542439516,43.06300703126924,42.42394638071014,42.964691162109375,29366672
2025-07-09,42.76805637792161,43.2104852974504,42.71889844253176,43.16132736206055,23882092
2025-07-10,43.06300703126924,43.25964252009896,42.47310431529007,42.964691162109375,31645312
2025-07-11,42.964691488846135,42.964691488846135,42.473104638288426,42.52226257324219,20013050
2025-07-14,42.522262249774876,42.62057811893452,42.079833337536485,42.423946380615234,23205753
2025-07-15,42.276466400750294,42.81721115112305,42.17815053723153,42.81721115112305,21138204
2025-07-16,42.817210821257426,42.866368752638095,42.47310155108301,42.718894958496094,28319729
2025-07-17,42.768053219363665,42.86636908288243,42.423943946538216,42.81721115112305,24082595
2025-07-18,43.013846297289845,43.3087976360836,42.62057534522501,42.718894958496094,25754314
2025-07-21,42.866370829683326,42.96469044771839,42.620577410360575,42.7680549621582,16417888
2025-07-22,43.06300452872935,43.06300452872935,42.276466369628906,42.276466369628906,26349840
2025-07-23,42.6697405071419,43.16132736206055,42.57142088585214,43.16132736206055,24567877
2025-07-24,43.210483867041134,43.2596418008037,42.71889702839564,42.7680549621582,14994808
2025-07-25,42.66973909463308,43.01384838148095,42.57141947659802,42.7680549621582,17661776
2025-07-28,42.7680549621582,42.866370829683326,42.27646812351271,42.7680549621582,35776877
2025-07-29,42.57142083874973,42.62057877408519,42.079833984375,42.079833984375,35741812
2025-07-30,42.07983119163636,42.178150806292095,41.391608891085404,41.83403778076172,45900200
2025-07-31,41.53908671555294,41.53908671555294,40.85086441040039,40.85086441040039,42952609
2025-08-04,40.21180447887138,40.850865112089494,39.81853351188339,40.50675582885742,35962931
2025-08-05,40.65423034418733,40.949185449875046,40.60507241007603,40.703392028808594,27774547
2025-08-06,40.26096064226317,40.310118573348234,39.67105421771321,40.015167236328125,42323182
2025-08-07,39.81853452744684,40.11348588495556,39.720218658447266,39.720218658447266,52613355
2025-08-08,39.72021898127558,39.91685072087286,39.52358349116827,39.81853485107422,34741791
2025-08-11,39.720218658447266,39.9660120814562,39.6218990389377,39.720218658447266,24697504
2025-08-12,39.91684936362552,40.16264278027472,39.671055946976324,39.96601104736328,24073607
2025-08-13,40.1134851736183,40.310120658640486,39.720217954083864,40.064327239990234,29479379
2025-08-14,40.16264136044511,40.31011890542496,40.06432549746505,40.11348342895508,25526067
2025-08-15,40.408436211855474,40.900023045335516,40.31012034536343,40.50675582885742,33021625
2025-08-18,40.211805504465126,40.211805504465126,39.52358316993812,39.720218658447266,50417766
2025-08-19,39.62189935761093,40.35927963256836,39.42526386752027,40.35927963256836,32207923
2025-08-20,40.80170585243732,41.78487948743581,40.80170585243732,41.194976806640625,109360639
2025-08-21,41.2932947391641,41.34245267327539,40.703392028808594,40.703392028808594,46125182
2025-08-22,40.45759958349709,40.50675751879398,39.91685104370117,39.91685104370117,24604317
2025-08-25,40.16264238702814,40.21180407028454,39.86769104003906,39.86769104003906,21425973
2025-08-26,39.81853183615893,41.096656799316406,39.67105429211741,41.096656799316406,64111108
2025-08-27,40.5067568629563,40.60507273195826,40.211805505440424,40.260963439941406,30264987
2025-08-28,40.260964091799494,40.50675751879398,39.91685104370117,39.91685104370117,23816343
2025-08-29,40.16264414587949,40.21180583128884,39.7693769161749,39.81853485107422,23815284
2025-09-01,39.916849688596116,40.1134851736183,39.720217954083864,40.064327239990234,20806971
2025-09-02,40.2118034362793,40.31011930022226,39.966010025912084,40.2118034362793,20379773
2025-09-03,40.260961368250776,40.260961368250776,40.01516795788357,40.2118034362793,11803934
2025-09-04,40.45759690305775,41.98151529935733,40.45759690305775,41.29329299926758,67960253
2025-09-05,41.14581646207554,41.19497814583146,40.35927827860945,40.50675582885742,36383751
2025-09-08,40.9000244140625,40.94918609946363,40.55591511931475,40.9000244140625,16875937
2025-09-09,40.90002201379206,41.04749956032048,40.70339028576723,40.75254821777344,17589011
2025-09-10,40.75254749285911,40.80170542399089,40.408434473917204,40.555912017822266,22594413
2025-09-11,40.55591271058947,40.703390257013716,40.2118034362793,40.2118034362793,22260883
2025-09-12,40.31012208328629,40.60507344598881,40.211806212555466,40.45759963989258,25369434
2025-09-15,40.50675543758544,40.75254885195124,40.4084358215332,40.4084358215332,27414854
2025-09-16,40.50675718776386,40.80170854764483,40.35927963256836,40.35927963256836,20338285
2025-09-17,40.40843519271038,40.80170614977964,40.40843519271038,40.75254821777344,21981283
2025-09-18,40.99834093696189,41.39160813688971,40.949183005784626,41.096656799316406,38555370
2025-09-19,41.735724362451855,42.66974012861351,41.489930937173,42.52226257324219,107771839
2025-09-22,43.16132625553391,43.2104841896635,42.27646843916143,42.325626373291016,64904449
2025-09-23,42.81721431331146,43.702072152369034,42.62057882124199,43.16132736206055,84234256
2025-09-24,43.65291176984563,44.53776580878922,43.357956673021256,44.0953369140625,86102820
2025-09-25,44.09533689229638,44.48860785419486,43.30879871900927,43.55459213256836,58873725
2025-09-26,44.0953369140625,44.53776580878922,43.40711835616522,44.0953369140625,47396933
2025-09-30,44.78356170654297,46.50411569774228,44.488610343867954,44.78356170654297,132135580
2025-10-01,45.029354418644694,45.127674038314765,43.25964252019333,43.505435943603516,80189193
2025-10-02,43.70207176060575,43.80038763050411,42.620578439173656,43.06300735473633,61988144
2025-10-03,42.62057671309792,43.11216354370117,42.47310291422287,43.11216354370117,40817851
2025-10-07,43.11216323806003,43.603750065178204,42.76805395928125,43.55459213256836,29753422
2025-10-08,43.75122802274018,44.19365692138672,43.55459253995173,44.19365692138672,39893979
2025-10-09,44.83271621705458,45.52093851106182,44.73440035384345,44.88187789916992,71854411
2025-10-13,43.751229746748585,44.73440344892271,43.50543632120506,44.685245513916016,59392456
2025-10-14,45.22598811719635,45.57009739614499,44.0953369140625,44.0953369140625,46400125
2025-10-15,44.24281516771638,44.341131034551786,43.55459284833881,43.75122833251953,35642582
2025-10-16,44.144500732421875,44.53776796302648,43.898707306852735,44.144500732421875,31492824
2025-10-17,44.537765203087076,45.12767163820341,44.34112972471497,44.980194091796875,45710984
2025-10-20,45.2751485526855,45.471784044602,45.07851306076899,45.32430648803711,32982073
2025-10-21,45.42262579054661,45.520941660560005,44.685245513916016,44.685245513916016,25934845
2025-10-22,44.63608583670486,44.93103718574275,44.34113073715707,44.73440170288086,23685066
2025-10-23,44.73440137571087,44.73440137571087,44.29197248013483,44.636085510253906,15560798
2025-10-27,45.27514679754116,45.66841776612856,44.83271789550781,44.83271789550781,44433603
2025-10-28,45.225990295410156,45.47178372092869,45.02935480489332,45.225990295410156,44730201
2025-10-29,45.47178228183486,45.47178228183486,44.83271789550781,44.83271789550781,28686171
2025-10-30,44.8327168722939,45.42262331171161,44.04617870358012,45.07851028442383,55662596
2025-10-31,45.42262340042529,46.06168402290532,45.22598792023534,45.619258880615234,50233207
2025-11-03,46.20916194143734,47.683922428930025,46.01252645966968,46.79906463623047,96165770
2025-11-04,47.92971517088958,47.92971517088958,46.3566388398438,46.60243225097656,65151205
2025-11-05,46.30747985839844,46.30747985839844,44.980196861062886,46.30747985839844,48037302
2025-11-06,46.94654353440036,46.94654353440036,45.029354095458984,45.029354095458984,60365518
2025-11-07,44.73440377977159,44.83271965051212,44.1445010543083,44.24281692504883,33263691
2025-11-10,44.7344006524145,44.881878198725275,44.29197176399195,44.439449310302734,22981297
2025-11-11,44.83271860403462,45.225989578837186,44.43945137974202,44.488609313964844,28811087
2025-11-12,44.439452417039945,44.78356171514186,44.1445010543083,44.24281692504883,32938632
2025-11-13,44.24281693375411,44.39029449040399,43.70207214355469,43.70207214355469,39585981
2025-11-14,43.603751487831424,44.09533833098853,43.40711975097656,43.40711975097656,32870053
2025-11-17,43.30879902604445,43.60375037430442,43.06300561074282,43.11216354370117,24761430
2025-11-18,43.554591804420376,43.652911419409165,43.0630049810059,43.456275939941406,36974090
2025-11-19,43.55459420128577,44.43945203233061,43.25964284110749,43.60375213623047,36173559
2025-11-20,44.14449793882318,44.24281380262509,43.50543357258134,43.898704528808594,33997431
2025-11-21,43.456278707594414,44.24281692504883,43.456278707594414,44.24281692504883,35889116
2025-11-24,44.68524550493415,45.7667350769043,44.24281658894272,45.7667350769043,96809729
2025-11-25,45.2751450034801,45.32430293497813,44.29197137148049,44.341129302978516,48603850
2025-11-26,44.73440344892271,45.078512744479646,44.09533904230552,44.685245513916016,37353483
2025-11-27,44.537765914458795,45.17683029174805,44.439450048957305,45.17683029174805,31875985
2025-11-28,44.73440273958569,45.22598958287784,44.439451383712395,45.029354095458984,24598918
2025-12-01,45.02935276289786,45.81589093878715,45.02935276289786,45.71757507324219,40046416
2025-12-02,45.76673169180454,46.79906325242228,45.71757376044364,46.40579605102539,45599924
2025-12-03,46.848225991524096,47.48728661465698,46.55327089568294,46.700748443603516,48477991
2025-12-04,47.19233703613281,47.43813045819601,47.04485948269091,47.19233703613281,45884116
2025-12-05,47.2414943397041,48.470461433611646,47.19233640604978,48.07719421386719,82641984
2025-12-08,48.91289171544462,49.15868514115038,47.634766651876724,48.470462799072266,66401289
2025-12-09,48.86373099193071,49.06036647137605,47.88055734521383,48.765411376953125,43073174
2025-12-10,48.91288995521769,48.91288995521769,48.17550970463652,48.51961898803711,42078886
2025-12-11,48.71625590131058,48.76541383602332,47.192337422155475,47.83140182495117,41866258
2025-12-12,47.831400406777256,48.07719382356335,47.48728737297079,47.97887420654297,41253059
2025-12-15,47.58560526176884,48.02803039550781,47.38896978537943,48.02803039550781,43233765
2025-12-16,47.9297176930231,48.37214660644531,47.09402155140003,48.37214660644531,82993384
2025-12-17,48.61794040795092,50.04354302870775,48.47046285216192,49.55195617675781,121255998
2025-12-18,49.35532030001625,49.846907148122966,48.86373345190954,49.453636169433594,62599569
2025-12-19,49.453633794832875,49.84690475463867,49.25699831492997,49.84690475463867,68014965
2025-12-22,50.141856820700994,50.24017268681214,49.55195412301435,50.043540954589844,65719784
2025-12-23,50.14185745239258,50.14185745239258,48.81457449062145,49.15868377685547,45790969
2025-12-24,49.06036861774507,49.158684486514105,48.470462153600906,48.8145751953125,47697812
2025-12-26,49.011204159477906,49.256997568001886,48.716252819351084,49.10952377319336,40760795
2025-12-29,49.10952655212959,49.10952655212959,48.56878177287993,48.8145751953125,21458772
2025-12-30,48.66709518432617,49.15868200436987,48.51961763810914,48.66709518432617,26366450
2025-12-31,48.765412076493384,48.863731692881366,48.22466731314408,48.421302795410156,25770824
2026-01-02,48.51961864290124,48.568780326331535,47.58560666588361,47.880558013916016,29250355
2026-01-05,47.683921813964844,48.175508636789225,47.29065085550141,47.683921813964844,44471888
2026-01-06,48.028033562445806,48.37214660644531,47.536446714312234,48.37214660644531,48390300
2026-01-07,49.94522112637657,53.189693450927734,49.84690526068194,53.189693450927734,230965277
2026-01-08,56.0408977456656,57.41734234839465,51.223345386623755,51.91156768798828,644884888
2026-01-09,53.48464826407361,55.54931143673964,52.69810634066766,54.17286682128906,306881896
2026-01-12,56.04089900481928,56.434169971723726,53.87791618786463,54.369503021240234,187151237
2026-01-13,54.566137120922285,55.647626626718626,52.89474117972902,53.976234436035156,128953631
2026-01-14,54.17286677632149,54.467821872608816,52.796425912523304,53.09137725830078,154811585
2026-01-15,53.77960205078125,54.074553410189374,52.79642835241417,53.77960205078125,98309216
2026-01-16,53.877916026114974,58.007246164175186,52.89474236231539,57.51565933227539,304570619
2026-01-19,59.28537004457577,62.43152645874023,57.81060957704647,61.4483528137207,338651958
2026-01-20,61.35004022106743,67.54403001438874,59.9735955444338,66.6591796875,469623641
2026-01-21,69.70701088357816,70.69018449970474,65.97094814188941,67.24907684326172,438361845
2026-01-22,70.29691854842415,70.6901895230249,66.36422380445636,66.46253967285156,268253929
2026-01-23,66.85580845322745,68.23225306864491,61.84162431943933,63.70965576171875,268830260
2026-01-26,64.88946538093576,68.33057339356115,64.20124677881877,68.13394165039062,223044536
2026-01-27,69.90364715274727,74.91783142089844,68.42888663264281,74.91783142089844,499434330
2026-01-28,78.26062641202074,78.35894228356572,74.03298392742472,74.62288665771484,525499756
2026-01-29,69.1171082141061,70.69018449970474,67.24907684326172,67.24907684326172,277417422
2026-01-30,63.90628658426024,64.2995575403673,60.56349470887964,61.35003662109375,369865203
2026-02-02,61.25171863825688,61.3500382551573,57.81061080745021,59.67864227294922,192416866
2026-02-03,61.448354456905996,61.54667032383308,57.81061112295518,59.77695846557617,183445997
2026-02-04,59.5803226861066,60.858451452887515,58.79378450305597,60.7601318359375,102061867
2026-02-05,60.76013078810307,60.76013078810307,59.08873483387572,60.465179443359375,92170463
2026-02-06,60.07190990465594,61.54667041377689,58.89210449776712,60.85845184326172,120535637
2026-02-09,62.52984198839533,63.218068036837586,60.76013018693316,61.35003662109375,139921949
2026-02-10,61.74330382669101,62.52984198839533,60.76013018693316,61.35003662109375,91242137
2026-02-11,61.84162482277737,62.33321165364043,61.05508289298856,61.74330520629883,87219731
2026-02-23,64.10291984564034,64.10291984564034,62.0382566529501,62.824798583984375,140691976
2026-02-24,63.2180670669768,68.3305669148763,62.92311197916667,66.36421966552734,182119009
2026-02-25,68.1339357284836,68.1339357284836,64.20124119872455,64.39787292480469,148725670
2026-02-26,64.88946325810836,66.26590791833283,63.90628957237944,64.299560546875,174910983
2026-03-02,63.021432390678385,64.49619293414678,62.431529673495035,63.414703369140625,96568472
2026-03-03,63.414700442053956,64.00460313200867,61.055082181215454,61.546669006347656,114479134
2026-03-04,59.973594983418785,60.956768671671554,58.990421295166016,58.990421295166016,114266906
2026-03-05,61.448355202012486,62.923115726860786,60.26854603203186,61.055084228515625,75570495
2026-03-06,61.055083903484515,61.25171938918615,59.97359435789047,60.95676803588867,54687401
2026-03-09,57.31902426312965,58.69546890258789,56.23753472534811,58.69546890258789,111723835
2026-03-10,59.7769570895365,60.170228049211744,58.00724527201759,59.383689880371094,75467464
2026-03-11,61.153404235839844,61.74330694932464,60.26854641510267,61.153404235839844,55747854
2026-03-12,61.15340237113433,61.15340237113433,59.18705505213007,59.580322265625,64444916
2026-03-13,58.7937840501951,59.187055013946186,58.0072458732028,58.49883270263672,64162838
2026-03-16,59.48200607299805,59.97359290004761,59.08873511115445,59.48200607299805,58677753
2026-03-17,59.87527775624015,60.465180455603054,59.18705543997684,59.67864227294922,46464259
2026-03-18,60.26854634592686,60.465181833699425,59.383692276715294,60.0719108581543,65532503
2026-03-19,59.38369153155533,59.38369153155533,57.61397591431903,57.71229553222656,84931746
2026-03-20,57.51566068544567,58.007247528911016,56.72912248600311,56.82743835449219,80718669
2026-03-23,55.05772646064386,56.04090014744108,54.7627751047067,55.745948791503906,62921550
2026-03-24,56.53248626573951,56.53248626573951,54.7627744023053,55.549312591552734,52694700
2026-03-25,57.02407454861028,58.400519227573845,56.63080356876068,58.10556411743164,53911720
2026-03-26,58.400516064842435,58.49883192922544,57.12238732480444,57.220706939697266,34931899
2026-03-27,56.13921602353871,57.51566068544567,56.13921602353871,56.82743835449219,41464196
2026-03-30,55.35267507264124,56.53248418841446,54.86108825361155,56.040897369384766,60495316
2026-03-31,54.95940988724464,55.94258356143141,54.861090269520005,55.549312591552734,71434250
2026-04-01,56.5324856354056,57.51565929863005,55.84426332104651,56.43416976928711,61710505
2026-04-02,56.53248759262562,56.82743895170253,51.911570465387264,52.6981086730957,112129472
2026-04-07,53.77959948712963,57.90892957352988,53.77959948712963,57.31902313232422,163823438
2026-04-08,58.7937830519594,60.66181447229571,58.49883170940888,59.285369873046875,161175374
2026-04-09,59.58032400791369,59.58032400791369,57.8106121191607,58.990421295166016,76399426
2026-04-10,58.69546932659479,62.43152855288598,58.302198355191535,60.95676803588867,150810786
2026-04-13,60.4651821590984,60.4651821590984,57.61397694732716,59.08873748779297,123412684
2026-04-14,59.088736120640306,59.38369122231701,58.1055624497444,58.69546890258789,72941136
2026-04-15,59.08873686205122,62.33321301712545,59.08873686205122,61.055084228515625,143871383
2026-04-16,65.38104886409157,67.15076446533203,64.49619106347133,67.15076446533203,280417097
2026-04-17,67.15076204155388,73.54139064722663,66.46253599879277,71.77167510986328,494806022
2026-04-20,76.68754574288226,78.85052480188898,75.01615351556069,75.6060562133789,348790257
2026-04-21,76.68754704543174,77.17913388546657,72.7548523251532,74.91783142089844,315361026
2026-04-22,75.21278731198663,78.45726349055874,74.52456872914767,77.27745056152344,231383599
2026-04-23,78.1623059907645,78.1623059907645,70.39523257449716,72.36157989501953,230028648
2026-04-24,75.7043712027121,76.98249995069821,72.06663169078185,73.2464370727539,178977116
2026-04-27,74.72119882454848,75.11446979225006,69.51037537979704,71.47672271728516,185496761
2026-04-28,71.08346005489068,76.39259192536393,70.1002863750223,73.83634185791016,162722456
2026-04-29,74.03297899474839,74.03297899474839,71.18177390379297,73.2464370727539,119808582
2026-04-30,79.14548139503621,79.53875236801056,75.01615493135533,75.99932861328125,331616948
2026-05-04,78.65389663823683,81.01351503758796,78.06399391365409,79.83370208740234,240260266
2026-05-05,79.44043392624638,83.76639198574858,78.752207870584,81.70172882080078,171549816
2026-05-06,87.01087063493674,89.86207580566406,86.32265205970113,89.86207580566406,253983202
2026-05-07,95.76111665045796,97.13756128423847,91.43515101615628,94.87625885009766,323781992
2026-05-08,94.87625569551413,97.13755805446787,88.38731121032536,89.76375579833984,216239801
2026-05-11,93.10654179136588,94.67962563449248,90.45197593287418,93.40149688720703,177668192
2026-05-12,95.07288838826169,102.74164581298828,92.71327764313317,102.74164581298828,379946290
2026-05-13,100.28371701924833,100.28371701924833,92.90991429724477,96.74429321289062,349701662
2026-05-14,100.28371259901259,106.18275451660156,97.13755991003967,106.18275451660156,330599652
2026-05-15,110.11544855291193,116.01449043967507,106.18275396173651,108.14910125732422,408587830
2026-05-18,106.67434424323005,112.08179948136613,101.75847584492452,109.13227844238281,262569269
2026-05-19,110.60703834601208,118.47242773950627,109.6238646718253,111.09862518310547,272066263
2026-05-20,112.08179643419054,113.55655691358778,105.19958086367006,106.18275451660156,226050768
2026-05-21,110.60704116163582,116.0144965073158,109.62386746242129,114.04814910888672,197547226
2026-05-22,117.48924974809613,117.48924974809613,111.09862110071015,112.08179473876953,201475124
2026-05-25,113.06496917724608,122.8967056274414,111.09862188720703,122.8967056274414,338107213
2026-05-26,126.8294081413883,131.25368982073905,125.8462344348659,128.30416870117188,289873300
2026-05-27,137.15272410322982,141.08541870117188,136.16955045374428,141.08541870117188,278317004
2026-05-28,142.5601776552872,148.45921948929907,134.69478854327136,139.61065673828125,413829506
2026-05-29,146.49286955203152,146.49286955203152,135.6779597193312,142.06858825683594,359633947
2026-06-01,140.59382932480068,152.8834997203252,137.6443084298748,143.54335021972656,285766307
2026-06-02,144.52653498026172,147.47605610230787,131.253689931054,139.11907958984375,376100203
2026-06-03,139.11907947291817,139.11907947291817,128.30416870117188,128.30416870117188,373068043
2026-06-04,124.3714660949707,129.28733432006834,120.43877151489257,122.8967056274414,374384907
2026-06-05,124.86305671952977,130.76209876927132,122.89670936961592,129.28733825683594,374878386
2026-06-08,118.9640121459961,122.89670676239265,116.99766483779781,118.9640121459961,315497867
2026-06-09,122.40512372185202,129.2873395134421,116.50608161477481,125.35464477539062,372028410
2026-06-10,124.37147003688892,128.30416474161268,115.52290695126047,116.5060806274414,329115708
2026-06-11,116.99766375732422,123.87987927246093,114.53972964477538,122.8967056274414,348102661
2026-06-12,131.7452641747864,135.18637182114276,130.2705037549194,131.25367736816406,388715812
2026-06-15,137.15273217514633,141.0854270045412,134.6947979067745,139.11907958984375,325943462
2026-06-16,141.57700818650267,142.06859502048357,136.16955301271264,138.6274871826172,233154458
2026-06-17,136.16955708095006,139.6106650216239,133.71162283761163,137.64431762695312,169558863
2026-06-18,138.62749142990899,143.54335992033128,136.16955718469782,143.05177307128906,293666572
2026-06-22,157.3077850341797,157.3077850341797,157.3077850341797,157.3077850341797,63984566
2026-06-23,170.0890474207261,173.0385684742647,164.68159215590535,167.1395263671875,544359699
2026-06-24,169.10587130771594,182.37871585803086,162.7152424501569,175.00491333007812,562107679
2026-06-25,180.41237424535245,182.37872164857154,170.08905037845216,175.4965057373047,394896008
2026-06-26,172.0553886599657,173.03856230945124,159.27413121665396,161.240478515625,373687844
2026-06-29,161.73206534036777,164.18999946408155,157.30778391768294,161.240478515625,220963458
2026-06-30,166.1563524982487,170.58063407364588,161.73207092285156,161.73207092285156,297652602
2026-07-01,167.13953052046736,170.08905164729913,163.69842253916363,166.15635681152344,242973133
2026-07-02,161.24047999079494,165.17317462471675,155.3414380399122,162.71524047851562,81181266
2026-07-03,156.32460679756232,167.631103515625,155.8330199837335,167.631103515625,75047290
2026-07-06,168.6142881921975,168.6142881921975,161.24048550157661,163.2068328857422,53725623
2026-07-07,164.19000628071447,164.6815931258663,149.44240092615928,152.3919219970703,88711444
2026-07-08,156.0,163.0,149.0,163.0,81852504
2026-07-09,161.0,161.0,154.0,156.0,58308719
2026-07-10,156.0,156.0,156.0,156.0,0
2026-07-13,156.0,158.0,151.5,153.5,66627286
2026-07-14,150.5,151.0,140.0,151.0,85375932
2026-07-15,158.5,166.0,156.0,166.0,109012211
2026-07-16,161.5,168.0,159.0,160.0,86658780
2026-07-17,145.5,148.0,144.0,144.0,246895686
2026-07-20,141.0,141.0,130.0,130.0,293374867
2026-07-21,130.0,138.0,125.5,134.5,257680244
