date,open,high,low,close,volume
2021-07-22,280.9842048368045,284.62743601783274,274.608550270005,275.9747619628906,5425645
2021-07-23,277.7963668421695,281.4395978827226,276.4301552019621,276.88555908203125,3004883
2021-07-26,277.7963588548743,280.0733781897503,271.8761085841967,272.3315124511719,4297749
2021-07-27,273.2423338171554,273.69773770685066,265.0450638026407,265.95587158203125,6859069
2021-07-28,261.40183268507866,268.2328910305075,261.40183268507866,265.95587158203125,6138241
2021-07-29,269.59909261765654,270.05449649032147,264.134246145677,265.5004577636719,5074213
2021-07-30,260.94642107495036,265.0450559609443,259.58020944628566,261.4018249511719,6845664
2021-08-02,261.85722882739344,262.312632703615,258.6694016938426,261.4018249511719,5606790
2021-08-03,268.2328932787024,268.2328932787024,258.21400762143344,261.85723876953125,8161612
2021-08-04,262.7680265682946,263.2234304271651,260.0356034150714,260.9464111328125,5120891
2021-08-05,260.4910171987288,262.7680365798366,260.03561332250723,261.4018249511719,3493677
2021-08-06,260.9464117752878,261.85721949527135,259.5802001953125,259.5802001953125,5184945
2021-08-09,257.75860671590533,257.75860671590533,253.65997162678315,256.39239501953125,5407553
2021-08-10,257.75859816297356,257.75859816297356,252.7491554424917,253.20455932617188,5124460
2021-08-11,251.83832664489748,255.93696125575474,251.83832664489748,255.02615356445312,4479527
2021-08-12,253.6599331902337,255.4815485093736,250.47210638173883,251.83831787109375,5588362
2021-08-13,251.83835986060816,252.74916767203894,246.82891689773894,249.56134033203125,5019848
2021-08-16,253.20457912431397,255.48159872075564,250.47215560858396,254.11538696289062,6086921
2021-08-17,254.11538696289062,254.11538696289062,254.11538696289062,254.11538696289062,0
2021-08-18,233.16679833801498,245.46270371912124,231.8005866290032,243.18568420410156,13123851
2021-08-19,244.551905039961,248.19513639996043,242.73028935996132,245.00730895996094,10432306
2021-08-20,250.01673958782007,250.01673958782007,239.54244995117188,239.54244995117188,6871970
2021-08-23,242.73026371708622,247.73970630787036,241.36405210141783,245.9180908203125,5312768
2021-08-24,248.6505201538997,249.5613279200312,243.64107744017645,244.0964813232422,3979710
2021-08-25,245.91810236750422,253.2045646598747,243.64108290113842,252.74916076660156,5573452
2021-08-26,255.4815485093736,256.39235616894354,249.56129872216886,251.83831787109375,5760801
2021-08-27,253.20457912431397,255.02619480146728,250.01675168929563,254.11538696289062,5127582
2021-08-30,252.74920018286525,255.02622000433252,250.92758432569147,254.57081604003906,3369663
2021-08-31,250.92754354141996,253.20456299279402,240.45325406509934,246.37350463867188,13596682
2021-09-01,246.37351908403284,248.650538668913,244.5519034161287,247.73973083496094,6343603
2021-09-02,245.91810684630323,247.28431855100493,242.27487563376542,244.55189514160156,5148078
2021-09-03,247.28432691798488,247.73973083496094,243.64109558217663,247.73973083496094,5250975
2021-09-06,248.65052262607833,250.01673428885897,246.3735031881106,249.10592651367188,5350022
2021-09-07,250.01675583644464,250.47215976328698,244.55190871433658,247.28433227539062,5449144
2021-09-08,249.56133187059552,249.56133187059552,245.00729296784743,246.37350463867188,4119319
2021-09-09,244.5518692950813,247.73969626913265,243.1856577347736,245.46267700195312,3236036
2021-09-10,244.551905039961,245.9181167999608,243.18569327996124,245.00730895996094,4525576
2021-09-13,243.64107960767944,245.46269515614807,238.6316368493907,239.9978485107422,8035550
2021-09-14,240.9086562849765,242.73027183344513,239.08704073650787,239.9978485107422,4250034
2021-09-15,240.4532655228016,241.3640733467516,234.98841857910156,234.98841857910156,7072101
2021-09-16,235.4438163757324,238.1762397766113,234.53300857543945,236.81002807617188,4345266
2021-09-17,234.53300550580025,235.8992171883583,232.25598603487015,233.1667938232422,8292541
2021-09-22,223.14791107177734,231.34518127441405,223.14791107177734,227.7019500732422,8970073
2021-09-23,232.25597283001213,232.71137669830625,228.15733801536484,229.06814575195312,3836704
2021-09-24,238.6316436767578,243.18568267822263,235.8992202758789,236.81002807617188,8007932
2021-09-27,234.07761075515154,237.26543813897658,233.16680293120154,234.98841857910156,6111931
2021-09-28,234.0776240887028,234.98843196453433,228.61277683371364,229.97898864746094,5582900
2021-09-29,227.7019354898925,227.7019354898925,224.96951226401376,226.33572387695312,7186676
2021-09-30,225.88034348260788,230.434382665725,225.88034348260788,229.52357482910156,6903790
2021-10-01,229.52355637088897,229.97896025257725,223.60330590894145,225.8803253173828,6207548
2021-10-04,224.51412277221678,224.96952667236326,217.6830642700195,218.5938720703125,7434328
2021-10-05,216.7722490583147,224.96951898068798,215.86144128916214,223.1479034423828,8903015
2021-10-06,223.60329735254706,224.96950894533248,219.5046625741908,222.69248962402344,5889341
2021-10-07,225.88032000597335,229.06814710283183,224.0587045220542,226.33572387695312,3907186
2021-10-08,229.52354495111342,230.4343526691734,227.24652565596347,228.15733337402344,3262048
2021-10-12,224.96951293945312,226.33572455649434,218.5938587265941,224.96951293945312,4823574
2021-10-13,226.7911492090438,228.61276486534135,223.6033218105231,224.51412963867188,4124746
2021-10-14,221.78170173790804,222.69250954791997,214.4952392578125,214.4952392578125,9493873
2021-10-15,215.86144866943357,219.96008377075194,213.58442916870115,218.5938720703125,8452604
2021-10-18,221.32628581136885,232.25597893785618,220.41547805082823,227.2465362548828,11619726
2021-10-19,231.34519174936653,238.63165448163005,225.8803447001689,235.89923095703125,10739877
2021-10-20,234.9884101552907,235.4438140509405,229.52356340749324,231.8005828857422,8878035
2021-10-21,231.8005836396349,234.9884109195513,228.61275635971853,230.4343719482422,5544615
2021-10-22,226.79114538724303,228.61276101284338,221.326298510442,222.2371063232422,8722997
2021-10-25,221.78171852347776,224.05873822084408,219.50469882611145,220.87091064453125,5511221
2021-10-26,224.05870121680886,227.70193213090332,222.23708575976164,222.69248962402344,6503126
2021-10-27,224.05870121680886,226.3357205381179,220.4154703027144,222.69248962402344,5428240
2021-10-28,224.058737454556,231.34520046120824,222.23712170289295,229.97898864746094,9046939
2021-10-29,228.6127500572983,229.52355782645088,223.1479034423828,223.1479034423828,9703833
2021-11-01,224.51410451352018,236.35460495439548,223.14789292418843,234.53298950195312,11485773
2021-11-02,236.35463360377722,236.35463360377722,228.15736307416643,229.52357482910156,9387889
2021-11-03,229.52355166292384,229.52355166292384,224.05870519475897,224.96951293945312,7200313
2021-11-04,228.6127510747966,233.1667899408284,226.3357316417807,230.8897705078125,7958668
2021-11-05,234.07761365584744,239.542460667268,231.80059406775553,238.63165283203125,10637637
2021-11-08,239.54245688965784,240.45326471053107,234.0776099644185,236.35462951660156,6751550
2021-11-09,239.997837238742,242.2748565673828,239.08702950728565,242.2748565673828,7030050
2021-11-10,242.2748978524838,244.09651362581073,239.08707024916163,241.3640899658203,6120368
2021-11-11,238.63165448163005,239.542462323163,235.44382703626476,235.89923095703125,4487025
2021-11-12,237.7208251953125,239.997844593735,235.44380579688996,237.7208251953125,3726272
2021-11-15,238.6316436767578,239.99785537719725,236.35462417602537,236.81002807617188,4490883
2021-11-16,235.8992171883583,236.81002497673035,232.25598603487015,233.1667938232422,6463726
2021-11-17,234.07761892169202,239.08706212818737,231.80059928237594,238.17625427246094,6813010
2021-11-18,239.54245147705078,239.99785537719725,235.8992202758789,236.81002807617188,6024426
2021-11-19,238.6316329546815,238.6316329546815,236.81001743594348,237.7208251953125,3589329
2021-11-22,237.7208466400971,238.63165448163005,235.89923095703125,235.89923095703125,2280851
2021-11-23,234.98842019473804,235.44382410984412,232.25599670410156,232.25599670410156,4285585
2021-11-24,234.53300550580025,236.81002497673035,232.71138992905617,233.1667938232422,3196688
2021-11-25,237.7208466400971,239.08705840239654,234.9884231154983,235.89923095703125,4097542
2021-11-26,232.71140225728354,234.98842184884208,229.52357482910156,229.52357482910156,5776606
2021-11-29,228.6127510747966,232.71138605422522,227.70194330159023,230.8897705078125,3157124
2021-11-30,233.1667938232422,235.8992171883583,232.25598603487015,233.1667938232422,9761784
2021-12-01,233.16680293120154,236.35463031502655,233.16680293120154,234.98841857910156,2793210
2021-12-02,235.44383070528167,238.63165820032415,233.1668110659656,238.17625427246094,5643450
2021-12-03,240.45327391177702,240.90867783964023,237.2654464167345,238.17625427246094,4565537
2021-12-06,237.7208251953125,239.08703683436602,235.44380579688996,237.7208251953125,3633839
2021-12-07,239.54244995117188,241.36406554015417,236.81002656769843,239.54244995117188,3571998
2021-12-08,241.36405623278856,242.27486399215755,237.7208251953125,237.7208251953125,4135985
2021-12-09,240.9086736799616,245.00730895996094,239.0870579999619,245.00730895996094,7468533
2021-12-10,245.007302822662,248.6505340914005,243.64109109688508,246.82891845703125,7171934
2021-12-13,249.56132179542823,250.0167256673177,244.0964753327546,245.9180908203125,5764469
2021-12-14,243.64109719996117,247.28432855996058,242.2748854399614,245.00730895996094,4325261
2021-12-15,244.09648665668809,245.4626983357367,241.36406329859082,243.64108276367188,4282767
2021-12-16,248.19510682184892,248.19510682184892,241.81945270165463,242.2748565673828,5685104
2021-12-17,242.73028935996132,245.46271287996086,240.45326975996167,245.00730895996094,5677521
2021-12-20,245.00728584058356,245.91809359463778,239.99784319328538,240.4532470703125,3239403
2021-12-21,241.36404883592647,244.09647203029544,240.9086449701983,242.2748565673828,2258089
2021-12-22,242.73029639177628,244.09650819135476,241.81948852539062,241.81948852539062,1601355
2021-12-23,242.27485984519674,245.9180908203125,242.27485984519674,245.9180908203125,3818504
2021-12-24,246.82890852894667,248.1951201997711,245.91810074839705,246.37350463867188,2108407
2021-12-27,246.82891613082748,251.8383590781321,246.82891613082748,250.92755126953125,4520189
2021-12-28,251.83835298005525,253.65996855314785,250.92754519350893,252.74916076660156,3770984
2021-12-29,253.65996320985207,255.02617486089255,252.29375155881155,253.20455932617188,3610412
2021-12-30,253.204560768821,253.204560768821,250.47213745117188,250.47213745117188,2272848
2022-01-03,251.38296184133978,257.30321275426985,250.4721540085813,256.8478088378906,5888040
2022-01-04,260.49100296585647,271.4206953979903,260.0355991145176,270.5098876953125,15548338
2022-01-05,275.0639501364834,275.0639501364834,263.67885286262236,264.58966064453125,10172224
2022-01-06,262.3126510148196,265.9558822789143,258.66941975072484,265.0450744628906,7272144
2022-01-07,265.95584462304,266.86665231010517,256.84776775238794,257.7585754394531,6692949
2022-01-10,254.1153545076885,259.58020084118715,251.83833520206406,258.2139892578125,5729943
2022-01-11,254.57076680784857,265.0450559609443,254.57076680784857,261.4018249511719,7526835
2022-01-12,262.3126558344415,265.0450793327169,254.57078925599444,256.8478088378906,6709009
2022-01-13,258.2139973278941,258.2139973278941,251.38293919752653,252.2937469482422,6180022
2022-01-14,248.65054405591763,249.5613519096023,244.09650478749424,247.28433227539062,6667600
2022-01-17,246.3735031881106,249.56133040126542,245.918099300517,249.10592651367188,3393651
2022-01-18,250.01674423774662,252.29376376632356,249.56134033203125,249.56134033203125,2492696
2022-01-19,251.38294522372158,252.2937529962713,248.19511801979758,250.47213745117188,4741817
2022-01-20,249.56135645875142,250.92756826418255,245.00731710731435,248.1951446533203,5538212
2022-01-21,248.650548588464,250.92756826418255,245.91812497760176,248.1951446533203,4385695
2022-01-24,245.46271125008076,248.650538668913,245.00730733310473,247.73973083496094,2378221
2022-01-25,245.00730895996094,246.37352071996074,242.2748854399614,245.00730895996094,5697799
2022-01-26,243.1856735571107,246.37350073857095,242.73026967404493,244.0964813232422,4044914
2022-02-07,247.28432236562355,252.74916926873124,245.46270673125431,246.82891845703125,8686008
2022-02-08,246.82892463996066,248.19513639996043,245.00730895996094,245.00730895996094,9562776
2022-02-09,245.0072731485172,246.82888856226083,244.5518692950813,245.46267700195312,5081218
2022-02-10,245.91808085538904,246.82888856226083,244.09646544164542,245.46267700195312,5238991
2022-02-11,243.64110425816193,245.00731605774038,241.81948852539062,241.81948852539062,7143298
2022-02-14,240.4532561302185,240.4532561302185,232.71138992905617,233.1667938232422,7142153
2022-02-15,232.25598216762205,233.6221938274316,229.52355884800298,230.8897705078125,8154774
2022-02-16,234.0776054338053,236.35462494191626,233.6222015321831,235.44381713867188,4369497
2022-02-17,236.81001743594348,239.08703683436602,235.44380579688996,237.7208251953125,4778897
2022-02-18,235.44383070528167,238.63165820032415,234.98842677741845,238.17625427246094,2333536
2022-02-21,235.4438163757324,236.81002807617188,234.07760467529295,236.81002807617188,2174876
2022-02-22,234.53299481581158,234.9883986892403,233.16678319552528,234.0775909423828,4271945
2022-02-23,234.53301919473182,237.7208466400971,234.07761527396536,235.89923095703125,3158838
2022-02-24,232.71138605422522,234.07759771403477,229.52355884800298,230.8897705078125,6130739
2022-02-25,231.34518834978763,232.7114000920108,224.05872572459748,224.51412963867188,14130109
2022-03-01,226.79113412600512,233.6221923828125,225.42492247464364,233.6221923828125,8626670
2022-03-02,231.80059278899546,234.98842019473804,229.52357321346506,232.25599670410156,5681260
2022-03-03,232.71138992905617,234.98840939998627,231.80058214068413,233.1667938232422,6209627
2022-03-04,230.4343711987928,234.07760236399113,229.06815951184345,231.8005828857422,3171154
2022-03-07,227.24653230118847,227.70193617353553,224.05870519475897,224.96951293945312,8601256
2022-03-08,220.4154900228901,227.70195250298568,213.12902754279457,214.4952392578125,13041761
2022-03-09,215.4060440221435,221.3262947035132,215.4060440221435,219.9600830078125,6350583
2022-03-10,229.52356340749324,234.9884101552907,227.2465439292443,231.8005828857422,9832666
2022-03-11,234.53301757346583,240.45326850250476,231.80059406775553,238.63165283203125,10775338
2022-03-14,239.9978358592802,239.9978358592802,233.16677791262137,234.53298950195312,4342888
2022-03-15,234.53299217148285,234.53299217148285,227.24653027877656,229.06814575195312,6369525
2022-03-16,229.06817256207447,231.34519217004737,224.96953726772324,226.79115295410156,7822678
2022-03-17,232.25598384688774,238.63163830542976,230.43436828730432,237.2654266357422,8182081
2022-03-18,236.81002497673035,239.08704444766045,231.80058214068413,233.1667938232422,10297139
2022-03-21,237.7208251953125,241.36405623278856,236.81001743594348,237.7208251953125,5578053
2022-03-22,239.99786458488637,240.45326850250476,237.2654410791761,238.63165283203125,3944770
2022-03-23,242.2748572308084,242.2748572308084,238.63162629500678,240.9086456298828,3060714
2022-03-24,241.36407390544383,243.6410934705895,239.08705434029812,242.73028564453125,4664658
2022-03-25,245.0072890893737,245.91809685550518,242.2748657909792,244.0964813232422,4838490
2022-03-28,240.45328207915685,241.81949390915204,235.44383870250775,241.3640899658203,2708029
2022-03-29,239.997837238742,244.5518758960236,239.997837238742,242.2748565673828,3124763
2022-03-30,245.0072890893737,245.91809685550518,241.36405802484768,244.0964813232422,4674913
2022-03-31,245.00729904316879,245.462702944736,242.27487563376542,244.55189514160156,3503336
2022-04-01,241.81947173219817,244.55189514160153,239.54245222436205,244.55189514160156,4892578
2022-04-06,243.64107960767944,245.00729126903093,239.54244462362502,239.9978485107422,5970828
2022-04-07,235.89920967657446,240.45324847341954,235.89920967657446,237.7208251953125,6654945
2022-04-08,236.81001743594348,241.36405623278856,235.89920967657446,237.7208251953125,4173598
2022-04-11,239.54242984977313,239.54242984977313,228.15733337402344,228.15733337402344,5472520
2022-04-12,225.42491613499357,230.88976258675098,224.96951226401376,226.33572387695312,5738549
2022-04-13,230.43437574054397,234.0776069775486,227.70195231279047,232.71139526367188,3778360
2022-04-14,234.5330070224204,234.5330070224204,229.97896805111125,230.4343719482422,2687244
2022-04-15,230.43436341677497,230.88976729704527,226.79113237461252,227.2465362548828,2204279
2022-04-18,224.51413417006984,227.70196163293087,223.6033263235381,225.42494201660156,2327584
2022-04-19,229.52357732599432,230.43438517252605,225.42494201660156,225.42494201660156,1874868
2022-04-20,225.88032391916707,229.5235549501214,225.88032391916707,228.6127471923828,4663273
2022-04-21,231.345179742504,231.8005836396349,228.61275635971853,230.4343719482422,3007639
2022-04-22,225.88034677893165,227.24655855380425,223.60332715414404,224.05873107910156,5823134
2022-04-25,217.22765190656796,220.41547908339388,214.9506324945494,215.40603637695312,7374069
2022-04-26,218.59388078962053,229.52357482910156,217.68307295299712,229.52357482910156,8487324
2022-04-27,222.23709567323021,227.24653840356942,222.23709567323021,223.1479034423828,7040354
2022-04-28,224.96953355274624,227.2465531231182,221.78170615422556,224.51412963867188,5022354
2022-04-29,229.06816177368162,229.5235656738281,224.96952667236326,227.7019500732422,5162064
2022-05-03,227.70196973663016,227.70196973663016,219.0492948866382,220.87091064453125,3752988
2022-05-04,221.32630008681681,224.05872354467877,219.04928053859854,219.5046844482422,3061828
2022-05-05,223.14791572539144,223.14791572539144,218.5938766289549,219.5046844482422,2971792
2022-05-06,214.03983613364716,215.8614517603165,210.85200878697583,213.1290283203125,7663635
2022-05-09,209.4857940673828,211.30740966796873,207.66417846679687,209.4857940673828,5075197
2022-05-10,204.4763579715956,208.1195892940294,202.1993383950745,206.2979736328125,5421293
2022-05-11,205.84255592294986,206.75336369252045,202.19932484466756,203.56553649902344,4135782
2022-05-12,202.19933244019953,202.19933244019953,198.10069732316845,199.01150512695312,4688068
2022-05-13,199.01150888986717,201.74393235288596,197.6452971583578,201.2885284423828,4935635
2022-05-16,205.3871574230793,207.2087730099802,201.74392624927745,203.11013793945312,2888742
2022-05-17,205.8425705295139,205.8425705295139,202.65474310980903,204.9317626953125,4393790
2022-05-18,208.57499080509336,212.21822208553166,207.66418298498377,210.3966064453125,5048360
2022-05-19,203.11013333432308,204.02094110712272,200.83311390232396,202.19932556152344,4430469
2022-05-20,204.0209540562914,206.75337754811673,202.65474231037874,206.2979736328125,4368825
2022-05-23,209.48580186631943,209.48580186631943,204.9317626953125,204.9317626953125,2814966
2022-05-24,204.47635116577146,207.2087745666504,200.37771606445312,200.37771606445312,2506749
2022-05-25,203.11012799552316,204.02093574438203,200.37770474894663,202.65472412109375,4505551
2022-05-26,204.47635422434126,205.8425659452166,202.65473859650749,204.0209503173828,2667918
2022-05-27,205.84254722512824,212.673605208263,204.9317394940436,210.85198974609375,5419829
2022-05-30,214.49522265548225,217.6830497437803,212.21820330669794,217.22764587402344,5241412
2022-05-31,215.86144792071042,219.9600830078125,215.4060440221435,219.9600830078125,7719352
2022-06-01,220.8708908049463,220.8708908049463,218.1384674135449,219.9600830078125,2433464
2022-06-02,216.77224802416424,218.59386355377907,215.40603637695312,215.40603637695312,2733008
2022-06-06,215.86144413010348,218.13846358295265,210.85200133383523,217.6830596923828,3480827
2022-06-07,213.5844122759774,214.95062386836105,209.94118136295432,212.21820068359375,5461195
2022-06-08,213.12902298461654,214.03983077514908,212.218215194084,213.5844268798828,2547311
2022-06-09,213.5844215555394,214.9506332072806,211.30740213597073,214.03982543945312,3503804
2022-06-10,214.95064238858123,217.68306580877504,211.76281506502175,215.8614501953125,3178462
2022-06-13,211.30740035207648,213.58441975242212,206.29795767131606,207.66416931152344,4606352
2022-06-14,203.1101551014172,208.11959838867188,203.1101551014172,208.11959838867188,4450039
2022-06-15,205.8425705295139,207.20878228081597,203.11014702690971,204.9317626953125,4602648
2022-06-16,208.57499778663717,211.3074213384272,205.84257423484718,207.2087860107422,6179689
2022-06-17,199.4669097362636,207.66417999939773,199.4669097362636,206.7533721923828,7204965
2022-06-20,204.93175506591797,206.2979667663574,200.37771606445312,200.37771606445312,4482545
2022-06-21,206.29795561759704,211.76280212402344,203.56553236438384,211.76280212402344,4675560
2022-06-22,209.9412049552463,210.85201278585473,206.2979736328125,206.2979736328125,3793161
2022-06-23,210.39660488030847,214.9506439469818,207.66418144030447,213.1290283203125,7481808
2022-06-24,218.13846358295265,219.50467525466217,214.03982856782412,217.6830596923828,7573675
2022-06-27,217.68305578897164,219.04926743618276,215.40603637695312,215.40603637695312,6077910
2022-06-28,216.3168494984255,217.68306117946818,213.12902224265923,214.9506378173828,5687285
2022-06-29,212.15301513671875,213.08555586259445,209.82166332202954,212.15301513671875,6688257
2022-06-30,208.42286661462376,209.8216777999568,205.62524424395767,206.5577850341797,6214337
2022-07-01,205.62524424395767,211.68675938040084,204.22643305862462,206.5577850341797,8243287
2022-07-04,203.2938692275792,206.55776162343483,199.56370648945847,204.22640991210938,7078357
2022-07-05,207.02403996266474,209.3553917640461,202.8276067201783,205.62522888183594,6841010
2022-07-06,206.09149742579515,207.49030849429604,196.29981994628906,196.29981994628906,7179289
2022-07-07,200.96250304485338,208.42282798387347,198.63115150140962,206.0914764404297,7589572
2022-07-08,206.55777078146463,214.01809658847012,205.1589596926511,212.15301513671875,7086233
2022-07-11,211.68673001291447,214.48435199546398,211.68673001291447,214.01808166503906,3580265
2022-07-12,214.9506302870713,217.28198202554282,214.01808959168272,215.41690063476562,5310206
2022-07-13,222.87722026530287,226.60738294756734,221.0121389241706,223.34349060058594,11264037
2022-07-14,223.34349060058594,227.53992361813346,222.4109499300198,223.34349060058594,9033953
2022-07-15,224.74231031768176,230.337554557956,222.877228904257,228.47247314453125,8157340
2022-07-18,230.337554557956,231.73636561802456,228.00620279117507,228.47247314453125,6417910
2022-07-19,229.40501403808594,231.27009545302974,228.47247333061406,229.40501403808594,4020371
2022-07-20,231.73636636389307,234.0677181381777,231.27009600903614,232.20263671875,5619108
2022-07-21,235.00025903320312,235.00025903320312,230.33755548095704,233.1351776123047,5897761
2022-07-22,231.73635089012885,233.6014321850192,229.4049992715159,231.27008056640625,6043083
2022-07-25,228.47245176395256,234.06769548062078,228.00618145423022,233.60142517089844,5085149
2022-07-26,233.13517742846383,235.00025884789156,230.33755529932228,232.20263671875,3538189
2022-07-27,232.2026226614404,236.86532592773438,230.8038116815522,236.86532592773438,5016556
2022-07-28,241.52806126252383,247.12330592497614,240.59552048544847,244.32568359375,11552644
2022-07-29,245.7244942835135,245.7244942835135,239.196708856627,240.59552001953125,8031735
2022-08-01,241.994308265081,243.393119295515,238.730415860735,241.061767578125,5192623
2022-08-02,239.662956547691,242.460578608559,235.00025311291103,241.061767578125,10633808
2022-08-03,240.59549088911575,246.19073486328125,238.73040956439394,246.19073486328125,8164692
2022-08-04,246.65700449157947,247.58954515128298,241.06176053335838,243.3931121826172,11656117
2022-08-05,247.1232674734933,247.1232674734933,244.32564557756697,244.7919158935547,5289534
2022-08-08,244.79193155616804,247.1232832852744,242.92685017288295,246.65701293945312,3141830
2022-08-09,245.72447993440448,249.92091317806603,243.39312813237026,247.123291015625,6410161
2022-08-10,248.5221032815821,253.6510772705078,247.1232921936933,253.6510772705078,8013322
2022-08-11,253.18481459311388,254.1173553466797,248.5221108252849,254.1173553466797,8242612
2022-08-12,250.3871992304084,252.2522807889217,247.12330650301016,248.98838806152344,7320848
2022-08-15,249.92091469869126,255.98242942086102,249.92091469869126,255.5161590576172,6645298
2022-08-16,255.51616647702838,255.51616647702838,252.718544216331,254.1173553466797,3567962
2022-08-17,255.51616647702838,256.91497760737707,252.718544216331,254.1173553466797,5063045
2022-08-18,252.718544216331,254.1173553466797,251.3197330859823,254.1173553466797,3214449
2022-08-19,254.1173553466797,255.51616647702838,252.25227383954808,254.1173553466797,2910680
2022-08-22,253.1847758822971,255.51612740975838,250.38715404934354,251.7859649658203,2534000
2022-08-23,251.31970897473786,251.31970897473786,246.1907353221922,248.05581665039062,6318459
2022-08-24,249.9209288407801,252.71855117855003,248.0558472822668,248.98838806152344,4086267
2022-08-25,250.85343910331156,251.78597976912312,248.05581710587686,249.9208984375,3130759
2022-08-26,251.31970943621735,252.2522501020289,249.4546281045942,249.9208984375,5206334
2022-08-29,246.19072684151786,246.6569971575056,243.39310494559152,244.7919158935547,6279501
2022-08-30,246.6570051944617,248.988356850364,244.7919238697399,246.19073486328125,5593105
2022-08-31,243.8594133210273,245.72449487606383,241.99433176599075,245.2582244873047,4828766
2022-09-01,246.19074135638297,246.19074135638297,237.33160483030102,241.061767578125,7411790
2022-09-02,238.73042279411766,240.5955042221967,236.86534136603862,237.79788208007812,5186787
2022-09-05,239.6629712726272,241.99432313325588,237.79788978412427,238.26416015625,3206306
2022-09-06,241.5280377138008,241.5280377138008,238.7304156553398,240.1292266845703,4041862
2022-09-07,237.79788243631447,240.1292342249058,235.9328010054414,239.6629638671875,4311268
2022-09-08,240.59549177938433,250.85343910331156,239.66295111357275,249.9208984375,7725265
2022-09-12,252.71850557680483,254.58358679877387,250.38715404934354,251.7859649658203,5072030
2022-09-13,254.58363296905858,254.58363296905858,249.92092906852636,250.8534698486328,5416697
2022-09-14,244.7919247755364,252.2522501020289,244.3256544426306,249.9208984375,5847757
2022-09-15,247.58955482017532,252.71852864884184,247.58955482017532,252.25225830078125,4573145
2022-09-16,251.78598674348714,252.25225708930842,246.65701293945312,246.65701293945312,6856982
2022-09-19,248.98838828841994,253.18482179889892,246.19076594810062,250.8534698486328,3588861
2022-09-20,252.25226601463402,254.11734746391042,250.38718456535761,252.71853637695312,4374422
2022-09-21,251.31974000966505,252.71855117855003,248.0558472822668,248.98838806152344,3420568
2022-09-22,245.72445099442095,251.7859649658203,244.32564007794414,251.7859649658203,3910477
2022-09-23,249.92092111097267,252.25227298700787,247.58956923493747,248.52210998535156,2552816
2022-09-26,244.3256757446992,248.0558387331679,241.0617831297891,242.92686462402344,5848435
2022-09-27,241.99433165106154,245.72449475936307,241.52806126252383,244.32568359375,4950709
2022-09-28,244.32566651843842,246.1907479422433,235.00025939941406,235.00025939941406,6943098
2022-09-29,236.86534858930227,238.7304300742574,232.6689152481532,235.46653747558594,6424983
2022-09-30,228.4724598157076,237.3315960126432,227.5399191633986,235.9327850341797,6074617
2022-10-03,232.66890761965794,237.33161117917015,231.73636690775552,235.00025939941406,2758861
2022-10-04,238.730415860735,241.994308265081,237.33160483030102,241.061767578125,3844626
2022-10-05,247.1232692739738,252.71851310659204,243.85937703827977,251.3197021484375,7642321
2022-10-06,253.65107088756733,261.1113965019075,253.18480053667105,259.71258544921875,11359968
2022-10-07,260.6451332231001,262.0439443137429,255.5161592240767,256.4486999511719,5540612
2022-10-11,248.9883646685595,250.8534460518446,241.52803913541914,246.65701293945312,11169930
2022-10-12,247.5895625563229,256.4486994462855,246.19075146843406,253.6510772705078,8868688
2022-10-13,252.2522501020289,254.58360176655782,246.6570061071595,249.9208984375,7344658
2022-10-14,255.04987163113472,255.51614196318434,248.05581665039062,248.05581665039062,5897695
2022-10-17,246.1907583907996,253.18481402690185,246.1907583907996,250.38719177246094,8285987
2022-10-18,255.0498961002455,257.38124798416,250.8534627091994,254.1173553466797,7639403
2022-10-19,253.65106110074626,254.58360176655782,248.9883577716884,249.9208984375,4353310
2022-10-20,247.1232987168594,248.9883802166093,242.4605949674847,247.58956909179688,7240593
2022-10-21,251.7860103992934,253.65109195780667,247.5895768926385,248.98838806152344,5848809
2022-10-24,254.11735477838215,254.11735477838215,248.05583989376018,250.38719177246094,6919482
2022-10-25,249.92092007616813,249.92092007616813,235.93280887787512,241.99432373046875,11902400
2022-10-26,237.79788225889206,241.0617747604847,235.46653047204018,238.7304229736328,7441402
2022-10-27,241.52806079480075,243.39314234533975,239.196708856627,240.59552001953125,5806732
2022-10-28,244.791953508244,246.657035058783,238.73043846899225,240.59552001953125,7232875
2022-10-31,245.2582004584155,245.2582004584155,238.7304156553398,240.1292266845703,7506288
2022-11-01,241.99430119306192,244.3256528423207,239.6629495438031,243.3931121826172,7038739
2022-11-02,246.1907583907996,252.7185436511617,245.2582176393193,250.38719177246094,8670563
2022-11-03,248.0558472822668,249.45465845115177,246.19076572375351,248.98838806152344,3995598
2022-11-04,249.45462087089805,252.71851310659204,247.1232692739738,251.3197021484375,3863239
2022-11-07,253.6510774381868,254.5836181640625,247.58956271999486,254.5836181640625,5456668
2022-11-08,254.58361833112954,257.3812405105925,253.18480724139806,255.5161590576172,6364760
2022-11-09,256.91497014734864,257.8475108738363,254.58361833112954,255.5161590576172,5204749
2022-11-10,253.6510771015913,255.0498881885486,251.3197252899958,252.71853637695312,3569518
2022-11-11,260.6451120527964,265.7740856352307,258.3137604244172,264.3752746582031,13038628
2022-11-14,265.30784620295054,268.1054684827708,263.4427646830704,266.2403869628906,6883328
2022-11-15,268.57173234854946,273.23443603515625,264.8415693992641,273.23443603515625,10584892
2022-11-16,272.76815721852324,274.16696828118233,268.10545367632625,269.0379943847656,9200343
2022-11-17,267.63920645517845,272.76818079491187,267.63920645517845,272.3019104003906,4242747
2022-11-18,272.7681656664956,276.0320582471203,270.9030841918529,273.23443603515625,4185501
2022-11-21,272.76814293414606,276.9645759023637,269.97052095533434,273.70068359375,5515962
2022-11-22,271.36933194474017,274.16695392355194,268.57170996592845,273.70068359375,5787619
2022-11-23,277.43084670323407,277.43084670323407,274.16695438907834,275.5657653808594,4672679
2022-11-24,276.03204466965025,281.6272888183594,276.03204466965025,281.6272888183594,6906855
2022-11-25,278.8296667440048,283.4923702012624,278.8296667440048,281.6272888183594,6978610
2022-11-28,276.49832861578096,276.96459898444164,272.3018952978349,273.23443603515625,7848122
2022-11-29,275.0995031779245,278.8296659328794,273.234421800447,277.8971252441406,6435263
2022-11-30,280.6947481269078,281.6272888183594,276.96458536110174,281.6272888183594,8181265
2022-12-01,282.55981495341314,285.8237072053503,281.6272743100026,284.4248962402344,7282288
2022-12-02,278.8296523797707,285.8237072053503,278.8296523797707,284.4248962402344,4354675
2022-12-05,283.9586483285447,284.8911890455514,282.09356689453125,282.09356689453125,2960255
2022-12-06,280.6947326660156,283.95862490631816,277.8971107457563,280.6947326660156,5617960
2022-12-07,278.82967295104254,278.82967295104254,271.8356176094612,274.63323974609375,6713723
2022-12-08,272.30188796556666,276.49832117051545,269.50426582893414,274.63323974609375,4980293
2022-12-09,276.03205081441,276.9645915266209,272.30188796556666,274.63323974609375,4343552
2022-12-12,270.4367912851363,274.16695392355194,270.4367912851363,273.70068359375,2716143
2022-12-13,273.7007138495993,277.8971472817056,268.57173965480274,271.83563232421875,7062679
2022-12-14,273.234413727891,275.5657653808594,270.9030620749227,275.5657653808594,6866648
2022-12-15,273.7006840584847,276.03203571145303,272.30187306670365,275.5657653808594,4275855
2022-12-16,270.43678309909257,273.7006753089092,269.9705127834045,271.36932373046875,6685173
2022-12-19,268.57171672952586,271.36933877879176,268.10544638798154,270.4367980957031,2776657
2022-12-20,271.83559188573184,272.30186219771423,262.9764559580665,263.90899658203125,4435897
2022-12-21,262.5101933554998,266.7066262865823,262.5101933554998,264.3752746582031,4127728
2022-12-22,264.84153057850676,268.1054226807067,262.97644937724965,267.1728820800781,3485621
2022-12-23,262.0439453125,264.3752971391237,258.78005275522685,262.0439453125,5070128
2022-12-26,262.5102310721756,264.37531264284826,260.64514950150294,262.97650146484375,1897459
2022-12-27,263.90901205573283,266.70663409165934,262.97647137709066,264.841552734375,1516931
2022-12-28,262.9765091347483,264.84159075981745,259.24634588461004,263.4427795410156,3531444
2022-12-29,261.11140458185054,263.4427564084742,259.7125934858763,262.0439453125,3206167
2022-12-30,264.84153057850676,269.03796328133524,264.84153057850676,267.1728820800781,4026590
2023-01-03,264.84157582298053,268.5717388627408,264.37530544301046,266.2403869628906,4589158
2023-01-04,266.70663409165934,268.5717154489437,262.97647137709066,264.841552734375,5347370
2023-01-05,265.3078296599739,266.7066407126627,258.31377439652994,259.71258544921875,6515157
2023-01-06,259.24632162206314,259.7125919846928,253.18480690787823,253.6510772705078,8409973
2023-01-09,256.44867159031304,263.90899658203125,256.44867159031304,263.90899658203125,7305951
2023-01-10,262.5101933554998,266.7066262865823,262.04392302982393,264.3752746582031,4190126
2023-01-11,265.7740938413393,267.1729048615569,264.84155316119427,266.7066345214844,4937253
2023-01-12,265.77410756465764,266.24037792880614,257.3812410099842,258.31378173828125,6880576
2023-01-13,259.71260057054127,262.04395246076155,257.847519058365,258.7800598144531,6049946
2023-01-16,262.04392254627834,265.3078148199864,261.11138189664746,262.51019287109375,5910488
2023-01-17,262.97647180090416,268.10544554170195,262.51020146083164,266.7066345214844,5410461
2023-01-30,275.0995089896217,275.0995089896217,264.84156119678835,269.0379943847656,16308214
2023-01-31,269.03800209335805,271.8356242988349,267.1729206230401,269.5042724609375,9340160
2023-02-01,272.30188796556666,274.63323974609375,269.50426582893414,274.63323974609375,6778489
2023-02-02,275.5657735222938,278.8296659328794,273.70069214481634,277.8971252441406,8757140
2023-02-03,279.29595972570417,281.62731164328096,277.89714857515804,281.1610412597656,8898606
2023-02-06,277.8971097284696,280.2284613201514,276.9645690917969,276.9645690917969,4707300
2023-02-07,279.76220620645057,280.228476550128,275.0995027696764,276.03204345703125,4334191
2023-02-08,277.89712483174094,278.36339517541836,275.0995027696764,276.03204345703125,6434441
2023-02-09,274.1669919784755,275.5658031620391,270.43682882230576,272.3019104003906,8649462
2023-02-10,274.63323201289796,275.099502355874,271.3693396120655,274.1669616699219,4847984
2023-02-13,275.099502355874,275.5657726988501,271.8356099550416,274.1669616699219,5057295
2023-02-14,275.099502355874,276.0320430418261,273.70069132694584,274.1669616699219,3633393
2023-02-15,274.1669767724776,274.1669767724776,271.83562492917423,273.23443603515625,4672549
2023-02-16,274.6332480644303,280.6947628773973,274.16697769420205,278.8296813964844,6294069
2023-02-17,276.49832117051545,277.8971322388317,272.76815832167205,274.63323974609375,4527456
2023-02-20,274.63324745307534,276.4983289298365,273.2344363455045,275.0995178222656,2894524
2023-02-21,275.0994955110951,278.36338783071824,274.63322517972034,277.43084716796875,2832638
2023-02-22,275.0995015111463,275.5657718526906,270.4367980957031,270.4367980957031,6506557
2023-02-23,271.8356091203361,273.70069048651334,269.5042574126145,270.4367980957031,7839880
2023-02-24,271.83558508322085,273.70066628447796,266.7066117797639,267.1728820800781,8552790
2023-03-01,262.97649482371276,271.3693616797887,262.97649482371276,269.9705505371094,6760142
2023-03-02,271.3693616797887,271.3693616797887,266.7066578708576,269.9705505371094,4559023
2023-03-03,272.301879035102,272.301879035102,268.57171630859375,268.57171630859375,3904004
2023-03-06,271.8356091203361,273.234420144969,269.9705277541588,270.4367980957031,6869404
2023-03-07,272.76817435648906,286.29001547843467,271.36936320594293,281.1610412597656,17364119
2023-03-08,282.0935661788762,282.5598365361966,276.4983218910307,278.3634033203125,6784662
2023-03-09,278.82965769501504,280.69473901738974,275.0994950502657,275.5657653808594,3970170
2023-03-10,272.3018794618804,272.3018794618804,269.5042574126145,270.4367980957031,6474886
2023-03-13,270.43682882230576,272.3019104003906,267.17293606065726,272.3019104003906,4124355
2023-03-14,267.63919035259045,268.5717310855263,264.8415681537829,265.77410888671875,7906747
2023-03-15,269.03800209335805,271.8356242988349,268.1054613581991,269.5042724609375,4553407
2023-03-16,269.5042335816495,270.9030444825923,265.307800878821,267.1728820800781,3952222
2023-03-17,267.6391523803924,269.03796328133524,266.7066117797639,267.1728820800781,5029009
2023-03-20,268.1054382324219,269.50424921450406,266.24035692297895,268.1054382324219,2846026
2023-03-21,270.43681382319215,274.1669767724776,269.5042730858708,273.23443603515625,3446521
2023-03-22,276.4983289298365,277.89714003740727,274.16697708388506,275.0995178222656,3939280
2023-03-23,271.8356176094612,275.5657804583046,271.3693472533558,274.63323974609375,3751662
2023-03-24,276.9645624398788,281.16099520411944,275.0994812113275,280.22845458984375,6974042
2023-03-27,279.7622375488281,280.69477834065754,276.96461517333984,279.7622375488281,5249267
2023-03-28,283.02610689351707,283.49237725083754,277.89713296299203,278.3634033203125,6330215
2023-03-29,279.7621983562024,279.7621983562024,274.63322471967206,275.5657653808594,5279559
2023-03-30,277.43084670323407,277.8971170338277,274.16695438907834,275.5657653808594,3708073
2023-03-31,276.9645701056699,280.6947326660156,276.9645701056699,280.6947326660156,6126101
2023-04-06,275.0995101021992,276.49832117051545,273.2344286777775,274.63323974609375,7433278
2023-04-07,274.1669616699219,276.49831338480215,272.7681506409937,274.1669616699219,3628003
2023-04-10,274.16697708388506,276.0320585606462,274.16697708388506,275.0995178222656,2560007
2023-04-11,276.4983295453432,279.76222213694086,274.6332480644303,278.8296813964844,5443239
2023-04-12,281.6272958215557,282.0935661788762,276.96459224835115,278.3634033203125,4200460
2023-04-13,279.7621842827059,280.6947248969816,277.43083274701667,280.22845458984375,4972576
2023-04-14,283.02608020582335,301.67689273997973,283.02608020582335,293.2840270996094,21236434
2023-04-17,294.21658979846586,294.21658979846586,287.2225345734627,289.0876159667969,7726543
2023-04-18,291.88522978991995,291.88522978991995,286.28998576838796,286.7562561035156,5263244
2023-04-19,287.22252598839,289.55387766037364,283.95863364761277,284.89117431640625,6237353
2023-04-20,289.0876229863377,289.55389334599306,284.42491938978384,285.82373046875,5342084
2023-04-21,285.3574671981358,287.6888190543297,280.69476348574796,282.5598449707031,7219844
2023-04-24,279.76221510201447,282.09356689453125,277.89713366800106,282.09356689453125,3290742
2023-04-25,283.4923535485059,285.35743482185137,275.5657581367878,276.9645690917969,7131432
2023-04-26,276.96458372777823,276.96458372777823,270.4367989261134,274.1669616699219,9896004
2023-04-27,275.0994950502657,278.82965769501504,274.16695438907834,275.5657653808594,5536886
2023-04-28,278.8296967569987,279.7622375488281,275.5658039855957,279.7622375488281,7383326
2023-05-02,281.62728799909553,282.5598286878343,275.0995031779245,277.8971252441406,9648194
2023-05-03,279.7622143922739,280.2284847495943,276.96459224835115,278.3634033203125,3013501
2023-05-04,279.29593748795355,284.8911816446405,278.829667141563,283.49237060546875,5665304
2023-05-05,280.69476348574796,283.0261153419419,278.82968200079284,282.5598449707031,3949886
2023-05-08,283.49236331321606,285.82371498519973,281.6272819756291,284.89117431640625,4068301
2023-05-09,284.8911816446405,286.28999268381216,282.5598299126876,283.49237060546875,3139744
2023-05-10,286.29001547843467,286.29001547843467,279.7622301092195,281.1610412597656,3308589
2023-05-11,279.76219100181504,281.1610019568241,276.49829877346053,276.9645690917969,3465093
2023-05-12,276.0320361738445,277.8971174993435,273.2344141855961,277.43084716796875,4834059
2023-05-15,275.0994812113275,282.09353581839514,275.0994812113275,280.22845458984375,4156945
2023-05-16,280.22845458984375,281.6272655112573,277.8971030541545,280.22845458984375,3825260
2023-05-17,282.55981495341314,285.357436883645,281.6272743100026,284.4248962402344,6317047
2023-05-18,286.29000082840537,288.6213526266823,285.35746010909463,285.82373046875,7670543
2023-05-19,288.15508226702696,288.6213526266823,284.42491938978384,285.82373046875,6340880
2023-05-22,284.89117431640625,285.82371498519973,281.6272819756291,284.89117431640625,3580478
2023-05-23,284.42491868704803,284.8911890455514,281.16102617752455,282.09356689453125,3704405
2023-05-24,281.6272743100026,284.4248962402344,280.69473366659196,284.4248962402344,3178766
2023-05-25,284.4249120935217,288.1550748750761,282.55983070274453,287.2225341796875,6968511
2023-05-26,291.88520956939124,298.41299380896226,290.02012835808523,296.54791259765625,14377215
2023-05-29,302.14317899725137,302.14317899725137,293.2840425760357,294.2165832519531,7364522
2023-05-30,292.81781005859375,294.21662125314117,290.95272846586386,292.81781005859375,4986738
2023-05-31,298.41303194115324,298.41303194115324,291.41897650503245,295.1491394042969,10391549
2023-06-01,295.1491394042969,296.08168012911295,290.9527061426244,295.1491394042969,4039271
2023-06-02,291.41895354740205,295.1491161528088,289.55387224469865,293.75030517578125,9237870
2023-06-05,297.4804764868508,298.413017165493,294.6828544509243,297.9467468261719,7566450
2023-06-06,297.01424383815333,297.9467846351334,294.2166214472131,294.6828918457031,5661114
2023-06-07,297.4804931826425,307.2721708579332,296.5479524516624,306.3396301269531,13081816
2023-06-08,308.67095806415267,308.67095806415267,301.21063279372,303.0757141113281,9425060
2023-06-09,305.87333561097137,306.3396059396466,301.21063232421875,301.21063232421875,7395981
2023-06-12,304.9408127920968,319.86146418253577,303.54200172424316,313.33367919921875,16110012
2023-06-13,318.92893995279474,324.5241845133701,312.4011546321235,319.8614807128906,17939329
2023-06-14,323.5916150663122,332.4507515018452,322.6590743888877,329.1868591308594,18987883
2023-06-15,337.5797736090583,347.8377225308805,333.8496103647593,345.04010009765625,22353717
2023-06-16,349.70276577155005,359.02817285879144,345.9726029366535,346.4388732910156,26551004
2023-06-19,342.24241099757614,352.50035792120923,338.978518794602,350.16900634765625,13244021
2023-06-20,345.9725948013264,349.2364872051125,343.64124308433634,344.1075134277344,12521966
2023-06-21,343.6412265903347,344.5737672323709,336.1809014540452,339.4447937011719,14971700
2023-06-26,324.0578995627918,333.8495771035381,322.6590884855424,324.524169921875,17890023
2023-06-27,322.6590726548347,329.6531276979308,321.7265319824219,321.7265319824219,9300932
2023-06-28,326.3892357905935,326.3892357905935,322.65907309584384,323.59161376953125,5470564
2023-06-29,326.38921342012026,331.05191646897913,324.52413220057673,325.9229431152344,7624476
2023-06-30,326.7290040391277,331.0470084977946,325.7694474927573,330.5672302246094,7763518
2023-07-03,332.96610755657326,351.197681169181,331.04699454471984,347.8392333984375,14633528
2023-07-04,349.7583353733822,355.515674227265,343.5212182816758,352.1572265625,10611053
2023-07-05,349.27857979529546,354.55614075374086,348.3190232573963,351.19769287109375,7850777
2023-07-06,344.48079659844524,346.39990967141705,338.2436791112868,339.6830139160156,11427482
2023-07-07,332.9661026877918,337.7638851472701,332.48632444184403,333.9256591796875,7899739
2023-07-10,338.2436827299756,340.162795823479,332.0065651760895,334.40545654296875,5278772
2023-07-11,338.72345386658986,346.879684342131,337.7638973400556,344.9605712890625,7932830
2023-07-12,347.35947420314653,353.1168135545799,344.960582806716,348.31903076171875,7376081
2023-07-13,353.116794766363,367.989920632881,352.1572382588457,355.51568603515625,14361457
2023-07-14,355.0359344482422,357.4348258972168,346.3999252319336,353.1168212890625,10016643
2023-07-17,352.15722291861005,355.5156705486241,349.7583317543144,353.5965576171875,5869269
2023-07-18,355.03589969327123,361.2730168500449,348.3190042936688,350.7178955078125,7820536
2023-07-19,352.1572411801635,355.9954672420726,341.1223412521747,342.5616760253906,8453497
2023-07-20,343.5212133549373,344.4807698168226,342.0818786621094,342.0818786621094,3197927
2023-07-21,335.84478428698714,347.3594626053981,332.0065581808501,344.9605712890625,7058998
2023-07-24,342.5616762789993,347.35945885993766,338.7234502142486,346.39990234375,6338027
2023-07-25,348.31900795737465,355.5156816755022,348.31900795737465,349.278564453125,9002331
2023-07-26,347.8392485937365,353.11680960688284,345.9201354980469,345.9201354980469,4024071
2023-07-27,343.5212288275257,349.27856785815464,343.0414505749733,344.0010070800781,4099534
2023-07-28,340.6425894493946,353.59660341437154,337.7639196793997,351.677490234375,7688409
2023-07-31,359.3539038787299,372.7876946779348,347.83922605084,350.7178955078125,23324811
2023-08-01,361.75281892302854,366.55060166736575,347.3594706900168,357.434814453125,16759870
2023-08-02,359.8336935703774,366.55058918369116,343.52123279518696,346.39990234375,24843115
2023-08-04,335.84476961634465,348.7987821586894,335.84476961634465,346.8796691894531,10019147
2023-08-07,351.6774671887761,355.9954715608075,348.31901934386286,348.7987976074219,8897380
2023-08-08,350.23813996334843,350.71791823727085,343.0414658545125,345.9201354980469,4985950
2023-08-09,343.5212516731316,345.44036481097027,340.6425819663735,343.0414733886719,4141453
2023-08-10,339.6830099656606,342.56167954164073,331.04700123772005,337.28411865234375,7980504
2023-08-11,337.76389344800424,344.4807890563452,337.76389344800424,342.5616760253906,7236258
2023-08-14,337.2841415514109,339.2032547323578,333.92569348475394,336.3245849609375,4784995
2023-08-15,341.602123016314,346.879683905611,335.84478386435364,337.28411865234375,8198314
2023-08-16,334.885231061663,337.76390066964285,334.4054527936663,335.84478759765625,5676866
2023-08-17,333.44588093373966,335.8447721634788,329.60765496615704,333.9256591796875,7921856
2023-08-18,332.0065726731218,333.44590752575095,321.4514504205081,327.6885681152344,9476800
2023-08-21,328.6481208912485,331.0470122846153,325.289672940535,329.1278991699219,3920291
2023-08-22,332.4863207903031,335.364990234375,330.5672078275885,335.364990234375,4700450
2023-08-23,335.36499391753097,336.32455040942665,330.5672114580527,333.9256591796875,3813531
2023-08-24,337.76389344800424,343.04145428312927,336.3245586747883,342.5616760253906,8312355
2023-08-25,337.76391212916064,337.76391212916064,331.52679443359375,331.52679443359375,4557248
2023-08-28,331.0469930607037,331.5267713115163,325.2896540509523,328.6481018066406,4438982
2023-08-29,327.68854561237373,332.486328125,326.7289891098485,332.486328125,5011776
2023-08-30,335.8447758838384,336.324554135101,332.00654987373736,332.486328125,4179046
2023-08-31,328.6481134050843,333.9256743502755,328.6481134050843,332.0065612792969,5413397
2023-09-01,334.88523088576477,334.88523088576477,329.127891672829,332.0065612792969,3536166
2023-09-04,333.4458960825308,336.80434395674337,329.127891672829,332.0065612792969,3935391
2023-09-05,333.92567826959294,334.8852348163446,332.0065651760895,334.40545654296875,3527950
2023-09-06,335.84477963654894,335.84477963654894,331.0469970703125,331.0469970703125,6801750
2023-09-07,329.6076774485952,332.48634712063534,327.6885643339018,329.1278991699219,4349426
2023-09-08,328.16835021972656,330.08746337890625,326.2492370605469,326.2492370605469,3528912
2023-09-11,326.24921749799677,326.72899575902323,316.6536522774675,318.0929870605469,6398224
2023-09-12,316.65365990660246,320.49188608728855,316.65365990660246,319.05255126953125,4932578
2023-09-13,319.5323218436263,320.9716566267057,315.21431749438807,318.0929870605469,4998593
2023-09-14,320.9716607720189,325.76944344424635,320.0121042375734,324.3301086425781,5786983
2023-09-15,322.8907890319824,328.6481285095215,320.4918975830078,326.2492370605469,5635141
2023-09-18,322.4109835949319,323.3705400937264,317.1334228515625,317.1334228515625,5095564
2023-09-19,318.5727575997542,319.5323140985486,314.73453160457643,317.1334228515625,4361492
2023-09-20,316.1738663527681,320.49187059734305,313.29519685638473,317.1334228515625,3775074
2023-09-21,316.1738697697566,316.1738697697566,308.017639441857,311.8558654785156,7913989
2023-09-22,308.0176508655287,315.6941032235481,307.05809432077626,315.2143249511719,3977354
2023-09-25,317.61321658719703,323.8503341334713,316.6536600416164,322.8907775878906,6966017
2023-09-26,317.13345341587507,319.53234489405867,313.29522705078125,313.29522705078125,7013332
2023-09-27,309.936767578125,311.8558806900638,308.0176544661861,309.936767578125,7920100
2023-09-28,312.815433449297,317.1334378987505,309.93676381632804,311.3760986328125,4544858
2023-10-02,312.81542641288655,324.809882947123,312.81542641288655,321.93121337890625,6158668
2023-10-03,324.3301124062616,328.64811686137455,320.9716644967293,322.8907775878906,7922427
2023-10-04,318.57276160437783,321.93120939237576,313.774979050095,319.5323181152344,5865565
2023-10-05,324.3301086425781,327.68855651313737,322.89077384090984,324.3301086425781,5336610
2023-10-06,325.2896459960937,326.24920247395835,323.8503112792969,323.8503112792969,3083791
2023-10-11,323.8503494150001,327.68857577843715,322.41101452871123,324.8099060058594,7963276
2023-10-12,325.28964969090055,325.7694279352824,321.45142373584565,322.4109802246094,5555567
2023-10-13,320.4918859473102,320.4918859473102,314.73454667879565,315.2143249511719,7195284
2023-10-16,311.8558654785156,314.73453500600965,311.3760872239333,311.8558654785156,5044846
2023-10-17,313.77496660627065,315.21430131547373,308.4974060058594,308.4974060058594,4118960
2023-10-18,307.05810162401576,308.4974364753783,304.6592102050781,304.6592102050781,5481594
2023-10-19,300.8209839347779,305.6187667726532,297.9423142320528,304.6592102050781,4410769
2023-10-20,299.3816605354976,299.8614388376378,295.0636558162356,296.50299072265625,11328173
2023-10-23,296.50294881645044,299.3816182224354,295.54339234778877,296.98272705078125,3917083
2023-10-24,297.46250895710733,297.46250895710733,291.70517007406653,295.54339599609375,7126725
2023-10-25,295.5434226677578,296.9827575184124,290.7456398322422,293.14453125,7667448
2023-10-26,287.8669585157561,290.7456281009136,285.9478454589844,285.9478454589844,8388052
2023-10-27,284.98829645706434,289.30630094883804,282.58940507274565,283.0691833496094,7685565
2023-10-30,281.1500702421544,284.98829645706434,281.1500702421544,283.0691833496094,4986029
2023-10-31,283.06916386248116,286.42761156932414,277.7916031802993,278.75115966796875,8191015
2023-11-01,278.27140037191043,279.7107352014203,273.47361760687744,275.3927307128906,9573190
2023-11-02,278.7511900833104,287.387199414635,278.7511900833104,286.4276428222656,10026299
2023-11-03,288.34672200052364,293.62428263614055,286.42760904211747,291.7051696777344,9049467
2023-11-06,296.50295247660057,299.86140015837435,295.06361775584037,295.54339599609375,9878341
2023-11-07,293.6242980957031,295.0636328902899,292.6647415659786,293.6242980957031,4147832
2023-11-08,286.9073945612607,290.74562057545813,286.427616309486,288.8265075683594,6778704
2023-11-09,287.86695871921563,291.22540657093987,287.86695871921563,289.78607177734375,4823784
2023-11-10,287.8669550234246,292.184959348776,287.8669550234246,291.22540283203125,4910800
2023-11-13,289.3062895454827,292.1849590931989,287.3871765136719,287.3871765136719,3678656
2023-11-14,283.5489504500502,288.82651128752997,283.5489504500502,287.3871765136719,6207623
2023-11-15,292.6647302027044,296.5029561725759,289.3062824790668,294.10406494140625,8474277
2023-11-16,292.18495563444543,297.46251640945184,291.70517738217217,292.66473388671875,5183819
2023-11-17,291.70517738217217,295.5434034003586,291.70517738217217,292.66473388671875,4026571
2023-11-20,291.2254067713918,295.54341115515217,290.74562850652956,293.6242980957031,3857768
2023-11-21,295.543430297655,298.4221000732815,294.10409540984176,297.94232177734375,5825043
2023-11-22,294.5838508916095,297.94229870307737,294.5838508916095,295.0636291503906,2995001
2023-11-23,296.50297177734376,301.30075449218754,295.543415234375,299.8614196777344,4564683
2023-11-24,304.6592025395253,308.4974287132516,302.7400894526622,303.69964599609375,6982483
2023-11-27,303.21985232015106,304.65918706217707,300.820961083441,301.780517578125,4145463
2023-11-28,300.82096141773263,307.5378568879851,297.94229193048164,305.6187438964844,6222287
2023-11-29,309.45697363242743,309.45697363242743,303.2198563344095,304.1794128417969,5783194
2023-11-30,307.0580938981043,307.0580938981043,302.26031118094636,303.69964599609375,7897593
2023-12-01,303.21989046911676,307.05811693075117,300.8209989305953,306.5783386230469,3816371
2023-12-04,306.57831577057027,308.497428858336,304.17942441086313,307.5378723144531,3830489
2023-12-05,301.7805481448458,303.6996613285968,297.462543481406,297.94232177734375,7934731
2023-12-06,298.42208094443043,302.74008533108616,296.9827461488785,297.4625244140625,4347959
2023-12-07,296.5029451916072,300.34117101933026,296.5029451916072,298.42205810546875,3274255
2023-12-08,300.82097622070313,301.30075449218754,298.9018631347656,299.8614196777344,3006150
2023-12-11,297.94232177734375,301.30076984890803,296.02320859359276,297.94232177734375,4603790
2023-12-12,294.5838465896556,296.5029595967543,287.86695106481,288.8265075683594,9662222
2023-12-13,287.86696632309713,290.7456359863281,287.86696632309713,290.7456359863281,6397971
2023-12-14,292.6647529664484,295.5434226677578,291.7051963993453,293.14453125,4912096
2023-12-15,301.30074302990215,304.1794125492961,297.9422952572759,300.3411865234375,12618433
2023-12-18,298.4220885236411,300.34120163311786,294.5838623046875,294.5838623046875,5689265
2023-12-19,294.5838428339682,294.5838428339682,289.78606037738894,290.2658386230469,5498557
2023-12-20,291.7051963993453,294.5838661006547,291.2254181157938,293.14453125,4692701
2023-12-21,292.184959348776,292.66473760714837,290.26584631528647,291.22540283203125,2305314
2023-12-22,293.14453125,296.0232009513093,292.6647529664484,293.14453125,2958062
2023-12-25,294.10406494140625,295.54339968010805,292.18495195647046,294.10406494140625,1816011
2023-12-26,296.02320859359276,298.9018783692193,294.58387370577947,297.94232177734375,4795026
2023-12-27,299.38163001697285,300.8209647766698,298.9018517637405,300.3411865234375,4706224
2023-12-28,301.30074302990215,301.7805212831345,299.38163001697285,300.3411865234375,4537485
2023-12-29,299.3816490355861,300.82098388671875,297.9423141844535,300.82098388671875,3771677
2024-01-02,298.42208094443043,299.86141573998236,296.50296788369457,297.4625244140625,3109841
2024-01-03,295.5434149380388,296.0231932090421,290.7456322280057,292.1849670410156,4579539
2024-01-04,291.7051696777344,293.144504396539,291.2253914381329,291.7051696777344,2509212
2024-01-05,292.1849670410156,295.5434149380388,291.7051887700123,292.1849670410156,3784034
2024-01-08,293.6242980957031,296.5029676848767,293.14451983084086,293.6242980957031,2569327
2024-01-09,294.58385011831115,295.0636283758328,283.5489501953125,283.5489501953125,12261247
2024-01-10,278.75117875456397,281.62984841468,275.872509094448,279.23095703125,12612037
2024-01-11,278.27141563233255,283.0691986604762,278.27141563233255,281.15008544921875,6607509
2024-01-12,280.6702653147293,282.5893782399582,279.2309306208076,281.62982177734375,4568518
2024-01-15,284.9882849678775,285.9478414829209,281.1500589077041,283.5489501953125,4568498
2024-01-16,280.6702956758015,280.6702956758015,276.83206941014953,277.7916259765625,12306065
2024-01-17,272.51408023185934,274.4331934729288,268.1960754394531,268.1960754394531,17044138
2024-01-18,268.1960409006057,270.11515389452774,265.3173714097226,265.7971496582031,10672844
2024-01-19,267.7162632992393,274.4331587942023,267.7162632992393,273.4736022949219,8213576
2024-01-22,276.352287371134,280.670291861308,275.872509094448,279.23095703125,11402735
2024-01-23,281.15004354603656,282.109600008651,279.2309306208076,281.62982177734375,7415838
2024-01-24,283.0691676156331,283.0691676156331,277.31182861328125,277.31182861328125,5680329
2024-01-25,274.4331817626953,276.8320732116699,272.5140686035156,272.5140686035156,9033993
2024-01-26,270.11515847911005,278.27138884171194,270.11515847911005,275.87249755859375,5448236
2024-01-29,277.79163732951815,281.15008544921875,276.3523024210751,281.15008544921875,4539149
2024-01-30,277.3118360826186,279.23094913509345,274.43316650390625,274.43316650390625,8196904
2024-01-31,270.5949247087751,272.51403764997207,268.6758117675781,268.6758117675781,12591570
2024-02-01,270.5949327970806,273.4736022949219,270.1151545474404,273.4736022949219,6348860
2024-02-02,275.3927230301437,277.3118360826186,274.43316650390625,274.43316650390625,5138944
2024-02-05,272.03427150560464,276.832054071841,271.07471499235737,275.87249755859375,5900421
2024-02-15,281.6298443034998,281.6298443034998,270.5949441008073,272.99383544921875,17232417
2024-02-16,274.43319299086085,280.6703110133804,274.43319299086085,279.71075439453125,7861288
2024-02-19,281.15004719773384,283.069160147889,279.23093424757866,280.19049072265625,5481542
2024-02-20,278.751175005008,281.62984462640225,278.751175005008,280.6702880859375,4283504
2024-02-21,277.311843924506,279.710735307936,276.83206564782,279.23095703125,5206800
2024-02-22,279.2309306208076,282.109600008651,279.2309306208076,281.62982177734375,4508796
2024-02-23,282.1096228966346,283.06917943709936,280.1905098157051,280.6702880859375,9056901
2024-02-26,279.7107354115632,283.0691833496094,279.2309571346994,283.0691833496094,3448207
2024-02-27,281.62983286504516,282.10961111524114,275.87249386269326,277.31182861328125,7324920
2024-02-29,276.35229865237693,282.58941650390625,275.39274205983395,282.58941650390625,8800844
2024-03-01,283.06915647126544,283.5489347025727,279.2309306208076,281.62982177734375,5104529
2024-03-04,283.06915647126544,284.9882693964944,281.62982177734375,281.62982177734375,15229456
2024-03-05,280.19049439947287,282.10960737481173,277.31182493646463,278.75115966796875,9729251
2024-03-06,278.27140058097194,284.5085181802006,277.31184402724443,283.0691833496094,8247652
2024-03-07,284.50850299873736,287.86695075757575,284.0287247474747,284.98828125,9722159
2024-03-08,284.5085258483887,301.78054428100586,284.5085258483887,299.38165283203125,34679985
2024-03-11,299.86140015837435,300.34117839862773,291.70517007406653,295.54339599609375,12692967
2024-03-12,297.4625283203125,304.65920239257815,296.50297177734376,299.8614196777344,11740932
2024-03-13,303.69963056749305,304.65918706217707,299.86140458875695,301.780517578125,12757407
2024-03-14,303.6996613285968,303.6996613285968,296.9827651854682,297.94232177734375,9178712
2024-03-15,294.58386220396943,296.02319703558493,289.3063011547126,290.7456359863281,12754217
2024-03-18,291.7051850362541,294.1040763605654,290.74562850652956,293.6242980957031,5915661
2024-03-19,291.2253929615021,308.9771879196167,291.2253929615021,307.0580749511719,20195502
2024-03-20,307.05810546875,310.41655349731445,301.78054428100586,303.2198791503906,13513844
2024-03-21,304.17942141922265,324.3301086425781,304.17942141922265,324.3301086425781,34760173
2024-03-22,333.9256451995679,350.23810487885714,333.4458669737065,343.5212097167969,63351844
2024-03-25,347.3594700590093,350.2381397003823,336.3245697670795,338.2436828613281,20721428
2024-03-26,335.8447834220342,337.76389647016015,325.2896616573417,329.607666015625,22050628
2024-03-27,334.8852423783801,337.7639120836384,323.85034184155666,327.6885681152344,13322434
2024-03-28,325.2896540509523,332.96610606395416,324.8098758001397,328.6481018066406,9056096
2024-03-29,332.4863393683183,339.2032351131328,327.208778425964,328.1683349609375,9454000
2024-04-01,329.60765766776734,332.0065489171688,319.53231442028095,320.9716491699219,12150199
2024-04-02,320.9716607720189,325.76944344424635,315.6940998325686,324.3301086425781,8812613
2024-04-03,318.57275390625,321.4514233692583,317.61319741858057,318.57275390625,5893050
2024-04-08,322.41099539202844,327.6885563285051,319.05254752336145,320.49188232421875,10654070
2024-04-09,321.4514388581236,323.8503301928857,316.65365618859937,320.49188232421875,5531984
2024-04-10,320.97167587280273,322.4110107421875,314.73455810546875,314.73455810546875,6572451
2024-04-11,310.4165650846812,310.8963433923856,302.74011216141247,306.5783386230469,14121531
2024-04-12,304.1794128417969,308.9771953787337,303.2198563344095,304.1794128417969,8179651
2024-04-15,299.3816219181209,300.8209566388811,295.06361775584037,295.54339599609375,9393926
2024-04-16,292.66476471676356,293.6243213223923,280.67030714640435,281.15008544921875,16149891
2024-04-17,285.46804088522714,288.8264884250533,282.5893715653761,288.3467102050781,9850265
2024-04-18,287.8669812841323,299.8614388376378,286.42764637771165,296.50299072265625,13827593
2024-04-19,292.6647606726667,298.4221002268831,283.06919474897273,286.4276428222656,13722446
2024-04-22,288.34675216674805,290.74564361572266,282.10963439941406,287.8669738769531,7663871
2024-04-23,290.7456397305016,292.1849745806526,283.0691871963629,285.46807861328125,7696142
2024-04-24,287.8669437609221,292.66472615693743,286.42760904211747,291.7051696777344,6477064
2024-04-25,290.74562850652956,298.42208074432574,288.8265154470805,293.6242980957031,9839162
2024-04-26,296.502975609189,306.09854116288443,291.70519283234125,302.26031494140625,13462374
2024-04-29,307.53789137605565,310.416561186128,304.17944326430467,308.0176696777344,11108134
2024-04-30,307.0580940425117,312.81543330580877,305.138980954746,307.5378723144531,9168151
2024-05-02,296.98272705078125,300.8209529254279,292.6647229418038,296.98272705078125,12183392
2024-05-03,306.578308571386,320.01209987028864,306.0985303107109,314.2547607421875,21683530
2024-05-06,322.4109948199728,322.4109948199728,306.57831203863486,308.9772033691406,13319894
2024-05-07,309.4569818227569,313.29520795389186,307.05809049079755,312.8154296875,6464447
2024-05-08,311.8558960911641,313.29523099620025,307.05811307437693,308.0176696777344,5413599
2024-05-09,307.0580979102167,313.295215524018,307.0580979102167,309.936767578125,4567244
2024-05-10,308.49743264894875,310.41654576029526,305.13898470409237,306.0985412597656,6605839
2024-05-13,303.21986772437793,305.1389808112411,300.820976365799,303.69964599609375,7082093
2024-05-14,305.1389923095703,307.05810546875,302.2603225708008,303.2198791503906,3941317
2024-05-15,306.0985412597656,310.89632403813187,304.65920642625576,306.0985412597656,6397231
2024-05-16,308.9771879196167,310.89630088806155,306.0985184669495,307.0580749511719,4572912
2024-05-17,307.05810925387595,312.81544880238613,306.09855266245756,309.4570007324219,6769579
2024-05-20,309.4569814430093,310.8963162404186,304.17942051917504,305.13897705078125,7917556
2024-05-21,305.6187438964844,309.45696987948577,305.1389656486092,305.6187438964844,3505355
2024-05-22,308.01764335341124,315.6940955242128,306.0985303107109,314.2547607421875,8572037
2024-05-23,314.25477602413105,321.45145028422564,312.3356628881058,316.17388916015625,11081177
2024-05-24,313.7750015258789,319.05256271362305,311.8558883666992,314.73455810546875,7841722
2024-05-27,318.5727697824467,334.4054526180201,317.6132132469574,332.0065612792969,18024622
2024-05-28,338.72344539141415,339.6830018939394,332.00654987373736,332.486328125,14465139
2024-05-29,329.60768125207323,336.80435551521896,326.72901154681495,327.6885681152344,10582351
2024-05-30,321.9312479654948,322.4110262784091,316.6536865234375,316.6536865234375,9667565
2024-05-31,318.5727610426683,320.97165231557995,310.89630896935097,311.8558654785156,20471487
2024-06-03,319.052540131068,326.2492139686109,315.2143140843785,323.37054443359375,9056672
2024-06-04,328.1683385885842,331.0470082253262,320.491886223939,322.8907775878906,11383907
2024-06-05,323.85033072763787,332.9661178147862,322.89077419214857,332.0065612792969,13179253
2024-06-06,337.28411440641986,337.76389266304346,329.6076623004416,331.0469970703125,10257557
2024-06-07,329.12788404381797,331.0469970703125,325.2896579908288,331.0469970703125,7913632
2024-06-11,321.4514128787227,329.1278645295579,318.5727435096595,326.7289733886719,11064870
2024-06-12,328.6480981250142,337.2841065428978,328.6480981250142,330.0874328613281,10540277
2024-06-13,333.9256859419201,339.6830253547118,327.688568244729,339.2032470703125,14755006
2024-06-14,342.5616950611077,343.041473345507,335.8447990795173,339.2032470703125,9740263
2024-06-17,344.001033782959,347.83926010131836,334.88524627685547,337.763916015625,15084073
2024-06-18,337.6954802151384,343.55994586286874,335.7406583325616,340.1390075683594,11058221
2024-06-19,349.9131100522075,362.61945203734354,348.4469936693072,358.7098083496094,27262125
2024-06-20,360.17593986707385,362.61946727458457,355.77759053355464,361.1533508300781,15658314
2024-06-21,358.70981368819355,378.7467378860354,354.80016994227316,374.348388671875,27328765
2024-06-24,369.4613251097174,373.3709687616721,364.0855650882797,367.9952087402344,14788504
2024-06-25,366.5291246517684,382.6564061364462,361.1533641568758,378.258056640625,19342112
2024-06-26,378.2580445921266,383.6338049157874,374.83710620434255,376.30322265625,13606956
2024-06-27,374.34837943369484,378.74672853931264,372.3935576089758,377.7693176269531,8110428
2024-06-28,379.2354400831653,387.0547275075605,378.25802915511593,378.7467346191406,14517508
2024-07-01,379.72413328515125,387.0547150088028,376.3031951474472,381.678955078125,8171543
2024-07-02,375.32579960835506,379.7241488225155,373.3709777353949,374.348388671875,10480225
2024-07-03,374.3483980804564,377.2806309635931,368.48393231418294,370.9274597167969,10079137
2024-07-04,373.3709716796875,379.2354372034522,370.9274443781189,373.3709716796875,8370304
2024-07-05,376.3032346424822,383.6338171355176,375.32582364341084,378.258056640625,11011210
2024-07-08,376.7919092890042,394.87401129120025,376.30320382948537,392.919189453125,19276224
2024-07-09,390.96435546875,403.6706970214844,387.05471191406247,400.73846435546875,18394935
2024-07-10,403.18199457084665,412.9561035301399,400.73846733102334,411.00128173828125,16984440
2024-07-11,411.00130234116233,425.1737610425817,407.0916585614604,424.19635009765625,14686355
2024-07-12,413.93352360296024,418.33187273215344,410.5125853913655,412.4674072265625,11593686
2024-07-15,411.49001508965546,414.4222479762801,402.6933164297816,405.62554931640625,9957443
2024-07-16,398.78365767045455,408.0690614642519,398.78365767045455,403.1820068359375,9149976
2024-07-17,400.7385008874601,405.62555577633157,397.8062679541372,401.7159118652344,8138419
2024-07-18,389.9869536783449,395.8514191471922,387.05472094392127,392.43048095703125,12596981
2024-07-19,387.0547361445606,393.89661279358063,384.6112087699106,389.9869689941406,9753619
2024-07-22,385.5886181444528,387.054734563253,363.5968718624498,365.06298828125,16977855
2024-07-23,371.4161644912348,382.1676850422968,369.95004805245355,380.7015686035156,10284203
2024-07-26,362.61945720554627,381.19026498696235,360.66463533381824,379.2354431152344,15418212
2024-07-29,388.52086500688034,395.85144736550075,384.1225155917081,387.05474853515625,12455583
2024-07-30,387.0547421264649,390.9643859863281,380.21286537170414,390.9643859863281,9070732
2024-07-31,393.8966148385668,408.5577791625829,390.9643819737636,405.1368408203125,17954450
2024-08-01,413.44483026468527,417.3544740496941,405.62554269466756,414.4222412109375,21610324
2024-08-02,383.63377380371094,395.8514099121094,380.21283569335935,381.19024658203125,21524543
2024-08-05,343.07122802734375,351.867926181891,343.07122802734375,343.07122802734375,22193364
2024-08-06,361.6420469718708,368.4839235362035,339.1615954033491,364.57427978515625,22656609
2024-08-07,366.52911039209175,380.2128638467298,365.0629939505234,370.9274597167969,15060540
2024-08-08,371.41614999948195,377.76932098631517,365.06297901264867,368.4839172363281,13918520
2024-08-09,374.83709090694305,388.52084389963454,374.83709090694305,378.7467346191406,14785272
2024-08-12,394.8740237434406,397.80625659302063,386.0773251947006,389.9869689941406,13303160
2024-08-13,396.34014323476856,396.8288487134798,387.0547391392561,390.4756774902344,6194292
2024-08-14,395.85143408740356,403.18201620013326,393.40790671649364,399.7610778808594,8988188
2024-08-15,404.1594271484972,404.1594271484972,396.82884503576753,399.7610778808594,7223463
2024-08-16,406.6029667541058,407.5803777318801,399.7610899096858,401.7159118652344,8601345
2024-08-19,397.8062593250251,401.227197673029,394.8740264553075,395.36273193359375,6549779
2024-08-20,398.78365804541926,402.6933017517469,392.9191924859278,393.40789794921875,5535444
2024-08-21,389.9869750213623,397.8062627410889,388.0321530914307,390.9643859863281,11392681
2024-08-22,390.96436761504975,394.3853058316814,390.4756621555309,392.919189453125,4367333
2024-08-23,390.96436761504975,393.8966003721626,387.543429398418,392.919189453125,4590172
2024-08-26,395.85144120228443,398.7836741000791,385.0999205770372,386.07733154296875,6359095
2024-08-27,382.16768730163574,390.9643859863281,381.67898181915285,390.9643859863281,3095579
2024-08-28,390.96438899617664,391.4530944824219,385.5886286474792,391.4530944824219,3109258
2024-08-29,385.0999052611537,390.96437082350633,383.6337888705656,388.5208435058594,3811373
2024-08-30,393.8966158412127,396.34014323476856,390.4756774902344,390.4756774902344,9353162
2024-09-02,395.8514067791261,395.8514067791261,383.14506532695657,385.5885925292969,6586239
2024-09-03,385.58861091759553,388.03213823646496,383.1450835987261,383.6337890625,5984980
2024-09-04,364.085568253712,370.4387392433741,355.77757542107696,363.59686279296875,12529472
2024-09-05,366.52910806299224,372.39357379200015,360.17593685656703,360.6646423339844,7722618
2024-09-06,362.13076737527047,368.48393873273136,360.6646509081641,367.017822265625,7390351
2024-09-09,350.89052414466596,357.73240066002154,350.4018186792834,354.31146240234375,9215501
2024-09-10,358.2211149468978,363.108169721071,357.2437039920631,360.6646423339844,7282460
2024-09-11,356.75500186873074,360.6646457248264,352.3566525306231,356.26629638671875,8409792
2024-09-12,368.4839286902263,380.70156558313835,367.5065177387934,380.2128601074219,8894805
2024-09-13,383.6338049157874,383.6338049157874,373.3709897524351,376.30322265625,4663800
2024-09-16,376.3031951864715,380.21283877282445,372.39355160011854,376.7919006347656,3624545
2024-09-18,372.3935791818719,376.3032230577971,367.9952298214561,371.4161682128906,6556263
2024-09-19,373.85970367782414,382.6564025878906,373.85970367782414,382.6564025878906,7207787
2024-09-20,386.07734463319605,388.5208721308745,378.258056640625,378.258056640625,9136601
2024-09-23,383.63377687109875,384.61118776758565,380.2128387333947,381.678955078125,5020496
2024-09-24,381.6789640335352,388.0321350097656,378.25802581556496,388.0321350097656,3850774
2024-09-25,386.0773191979183,392.4304902733271,386.0773191979183,389.0095520019531,8606574
2024-09-26,385.0999265728575,389.98698147860443,385.0999265728575,387.05474853515625,7370610
2024-09-27,389.0095640563965,394.87402984619143,388.5208585739136,390.9643859863281,8232728
2024-09-30,380.7015755010497,386.07733587397854,371.9048767089844,371.9048767089844,8344665
2024-10-01,370.9274593596341,379.2354525205218,370.9274593596341,375.81451416015625,5868987
2024-10-04,363.59685678951075,367.99520586357744,357.7323913574219,357.7323913574219,16627056
2024-10-07,363.1081603594275,368.97262593723786,355.2888729223469,364.0855712890625,15414148
2024-10-08,362.6194515527855,373.3709716796875,361.64204063215806,373.3709716796875,10171348
2024-10-09,378.2580232032786,378.74672865961355,370.4387359019188,372.88226318359375,9331512
2024-10-11,372.3935791818719,377.769339511269,369.95005175941867,371.4161682128906,5817406
2024-10-14,367.99521441059727,380.2128510112147,367.99521441059727,378.7467346191406,6546725
2024-10-15,379.2354158906446,391.45305171186385,378.7467104577958,389.49822998046875,11524844
2024-10-16,384.1225039131537,387.0547367674526,378.25803820455593,380.2128601074219,9403088
2024-10-17,385.58860786593686,385.58860786593686,376.79190958762655,383.14508056640625,6769479
2024-10-18,388.03213485793685,395.85142221023784,386.0773130198616,392.919189453125,12959796
2024-10-21,393.8966188812256,394.87402984619143,388.5208585739136,390.9643859863281,5116616
2024-10-22,390.96438262901734,395.36273193359375,387.0547388027271,395.36273193359375,6272355
2024-10-23,390.96434627901505,392.43046257756134,388.03211368192245,389.49822998046875,3487185
2024-10-24,386.07732246912724,389.4982607694866,384.6112060546875,384.6112060546875,5396460
2024-10-25,384.12249118178636,392.919189453125,384.12249118178636,392.919189453125,6453110
2024-10-28,394.8739990234375,403.6706970214844,392.4304718017578,395.8514099121094,8652651
2024-10-29,392.43047783762364,396.8288269042969,387.5434233190978,396.8288269042969,8256951
2024-10-30,397.80625628480817,398.2949617593595,389.98696869198636,394.8740234375,11943686
2024-11-01,372.3935515614997,387.0547150088028,372.3935515614997,381.678955078125,13189106
2024-11-04,379.2354547814478,386.07733154296875,379.2354547814478,386.07733154296875,8698905
2024-11-05,383.14505935343476,393.8965788761077,382.1676484877372,389.49822998046875,5569740
2024-11-06,387.05472990656017,393.8966064453125,386.0773189724527,393.8966064453125,7211207
2024-11-07,393.89661279358063,393.89661279358063,388.0321470944206,389.9869689941406,6116649
2024-11-08,390.9643859863281,393.8966188812256,389.0095640563965,390.9643859863281,6679657
2024-11-11,390.96436155704487,392.91918336483013,387.54342339342077,391.9417724609375,6098507
2024-11-12,390.9643677680258,399.7610660428064,386.56601863063554,388.0321350097656,12544916
2024-11-13,383.14508964024776,388.03214435504685,382.6563841687679,384.6112060546875,6205958
2024-11-14,386.07732581601965,386.5660312917361,377.280627253123,380.2128601074219,6985748
2024-11-15,383.1450745577639,384.61119091449007,377.2806091308594,377.2806091308594,5062478
2024-11-18,377.7693176269531,380.2128449078519,374.8370848898746,377.7693176269531,4209054
2024-11-19,376.30321030764236,379.2354431152344,373.37097750005034,379.2354431152344,5048593
2024-11-20,377.7693176269531,377.7693176269531,377.7693176269531,377.7693176269531,6252197
2024-11-21,371.41614378280843,373.85967104453744,367.506500164042,372.3935546875,9970868
2024-11-22,377.2805970477574,385.0998840332031,377.2805970477574,385.0998840332031,6811218
2024-11-25,388.03214435504685,390.96437718392633,384.6112060546875,384.6112060546875,9755212
2024-11-26,382.1676728673135,384.1224947234123,378.7467346191406,378.7467346191406,3536692
2024-11-27,377.2806091308594,384.122485462248,377.2806091308594,377.2806091308594,2711116
2024-11-28,377.2806275685628,379.2354494730631,369.9500454266866,375.3258056640625,5038111
2024-11-29,367.9952056163878,377.280609210958,366.0403838070046,372.3935546875,6334609
2024-12-02,377.28062425218184,382.16767897047436,377.28062425218184,379.7241516113281,2840583
2024-12-03,382.1676940917969,385.09992703879277,381.19028310946493,382.1676940917969,4794785
2024-12-04,384.1225096111056,386.07733154296875,381.19027671331094,386.07733154296875,3312822
2024-12-05,387.5434575379275,389.4982795179423,382.6564025878906,382.6564025878906,4924741
2024-12-06,380.2128594955406,390.4756744690706,380.2128594955406,389.9869689941406,6341198
2024-12-09,389.9869445800781,397.31752624511716,389.00953369140626,395.8514099121094,7631308
2024-12-10,395.3627228464737,395.3627228464737,389.49825724182887,393.8966064453125,7292463
2024-12-11,393.8966148385668,408.5577791625829,392.43049840616516,405.1368408203125,12553245
2024-12-12,402.69329819347644,411.4899964549844,402.69329819347644,407.5803527832031,8575396
2024-12-13,411.97870782081117,422.7302280723626,409.04647502493356,413.44482421875,14190436
2024-12-16,416.3770446777344,419.7979828382322,411.9786956142372,416.3770446777344,8747143
2024-12-17,409.0464843095272,415.3996555114673,406.60295692416565,410.0238952636719,8338235
2024-12-18,405.13681632735614,415.8883361816406,405.13681632735614,415.8883361816406,6226938
2024-12-19,405.6255279211294,410.02387701906935,403.6707060998228,407.0916442871094,7012984
2024-12-20,398.7836546666414,408.06905839049705,397.8062437483408,402.69329833984375,8318027
2024-12-23,410.5126037597656,415.3996585664295,407.5803708757673,410.5126037597656,4464278
2024-12-24,411.4899871503424,417.8431579733287,410.51257625449836,415.8883361816406,5490650
2024-12-25,415.3996737327802,417.35449572681676,410.0239132491795,412.9561462402344,1990180
2024-12-26,413.44482400484173,418.3318786621094,412.956118539115,418.3318786621094,2472540
2024-12-27,416.3770476127969,423.2189239820213,415.8883421578523,421.7528076171875,3045217
2024-12-30,421.26412026215473,428.1059969253452,419.79800383432826,424.68505859375,4956839
2024-12-31,420.2867156592534,423.70765404252637,418.33189372595456,420.7754211425781,3638189
2025-01-02,420.77540017546505,426.6398656831371,403.1820036524491,407.5803527832031,11192962
2025-01-03,410.0238616132506,412.46738879807333,403.181985495747,404.6481018066406,9296991
2025-01-06,412.46741656049323,412.46741656049323,405.6255399824756,409.0464782714844,5850642
2025-01-07,415.399639694779,424.19633794713906,413.9335233193857,422.24151611328125,7409053
2025-01-08,430.5495153052784,435.9252754282728,415.88835133347555,418.3318786621094,11336057
2025-01-09,418.33187599410553,420.28669784454524,407.5803558166869,408.0690612792969,5111761
2025-01-10,410.5126037597656,411.001309240432,406.6029599144345,410.5126037597656,3864851
2025-01-13,404.1594340133667,406.11425594329836,390.9643859863281,390.9643859863281,8744187
2025-01-14,400.73846435546875,403.18199157714844,393.89658813476564,400.73846435546875,10130114
2025-01-15,395.36273837238366,397.3175603173645,389.498272537441,391.4530944824219,7451745
2025-01-16,399.2723688743163,414.91094390978526,396.3401360551659,409.0464782714844,9382557
2025-01-17,411.489996308964,416.37705089695646,405.1368253445738,412.4674072265625,6489319
2025-01-20,415.399670210041,421.75284163678276,415.399670210041,417.3544921875,4669776
2025-01-21,415.3996369168428,418.82057510321675,409.04646599929106,411.97869873046875,6449745
2025-01-22,414.4222315848215,428.105984514509,414.4222315848215,427.6172790527344,9474389
2025-02-03,390.9643799440006,397.80625659302063,385.58861971977063,389.9869689941406,20139532
2025-02-04,392.4304841471559,398.7836551233863,387.5434295500556,388.0321350097656,9534874
2025-02-05,393.89659116770866,400.7384674410932,393.89659116770866,396.3401184082031,6548251
2025-02-06,404.15941457039446,408.0690582421758,402.20459273450376,407.5803527832031,8811916
2025-02-07,408.55778220303085,409.04648768413495,399.761083543157,405.62554931640625,4812142
2025-02-10,395.85143741188006,400.24978671645647,394.8740264553075,395.36273193359375,5268719
2025-02-11,395.85142221023784,398.78365496735074,392.919189453125,392.919189453125,6778905
2025-02-12,393.8965942687227,397.31753243234687,391.9417724609375,391.9417724609375,3916708
2025-02-13,391.94176635742184,396.8288208007812,391.45306091308595,395.8514099121094,5636862
2025-02-14,392.91918336483013,396.82882698040055,390.96436155704487,391.9417724609375,4860464
2025-02-17,390.9643614820659,399.2723541635598,390.9643614820659,396.8288269042969,4526789
2025-02-18,392.91921489744846,394.3853313709464,381.6789886006309,382.1676940917969,20018112
2025-02-19,377.28061504753265,385.09990240603076,377.28061504753265,383.14508056640625,7986505
2025-02-20,383.63377380371094,385.5885955810547,381.19024658203125,381.19024658203125,7510785
2025-02-21,377.7693442142371,387.05474853515625,377.7693442142371,387.05474853515625,8569868
2025-02-24,382.6563961448621,387.0547455258375,380.7015741977619,386.5660400390625,6950019
2025-02-25,380.7015592851712,388.0321412996482,380.7015592851712,384.12249755859375,7103863
2025-02-26,383.1450923451206,389.9869689941406,382.1676813952606,389.9869689941406,8789809
2025-02-27,385.099902100824,397.8062440483131,385.099902100824,392.919189453125,19590848
2025-03-03,388.03212280273436,390.96435546875,381.19024658203125,381.19024658203125,11721984
2025-03-04,376.3032077006157,378.2580295588007,364.5742765515056,368.9726257324219,19452498
2025-03-05,370.4387176392731,374.3483610972073,368.9726013425477,369.95001220703125,10116547
2025-03-06,372.88227527921794,378.7467409454704,371.9048643348425,374.83709716796875,8270692
2025-03-07,372.8822540283203,372.8822540283203,366.5290832519531,366.5290832519531,8921265
2025-03-10,366.52911677658955,372.393582645015,366.52911677658955,367.017822265625,5451626
2025-03-11,363.5968536500506,365.0629699954137,357.2436828201438,362.1307373046875,9403893
2025-03-12,363.1081597703503,380.7015564752394,363.1081597703503,378.7467346191406,13031685
2025-03-13,383.6337953859621,389.00955557608387,379.2354461394989,379.7241516113281,11384379
2025-03-14,376.30318282617446,377.28059369065807,368.48389591030593,369.95001220703125,9108047
2025-03-17,376.3031861745767,387.0547057795646,374.34836442821523,385.0998840332031,11902227
2025-03-18,384.1225092315674,390.9643859863281,383.6338037490845,390.9643859863281,8162071
2025-03-19,389.00953680177656,390.96435859475037,381.678955078125,381.678955078125,6964005
2025-03-20,382.16767869728795,391.94178812688614,382.16767869728795,384.6112060546875,7133147
2025-03-21,383.6338101011334,389.00957049745506,381.19028264825994,387.05474853515625,8097221
2025-03-24,390.9643679249043,396.8288334437779,383.14508056640625,383.14508056640625,10078008
2025-03-25,383.63378602631235,386.5660187857491,381.67896418668784,383.14508056640625,4649203
2025-03-26,387.54344161949064,391.45308541893064,385.0999142448406,389.9869689941406,9411426
2025-03-27,386.077313325843,386.077313325843,372.8822659083775,383.14508056640625,5016744
2025-03-28,374.34837967466075,377.7693178701211,366.52909237075136,367.9952087402344,9435073
2025-03-31,356.7550053066678,361.1533546871609,351.8679504394531,351.8679504394531,8691223
2025-04-01,356.75498037004087,363.10815125334295,354.31145310723235,362.61944580078125,6160920
2025-04-02,356.7550014965589,365.0629946820952,355.77759053355464,361.1533508300781,3389999
2025-04-07,325.47784423828125,325.47784423828125,325.47784423828125,325.47784423828125,2196910
2025-04-08,293.7120021132172,303.974817494877,293.22329661885243,298.1103515625,28156853
2025-04-09,286.38139356861353,297.6216189134567,268.78799737668504,274.16375732421875,16901587
2025-04-10,301.5312805175781,301.5312805175781,301.5312805175781,301.5312805175781,3270591
2025-04-11,299.57643737792966,327.4326477050781,293.71197204589845,327.4326477050781,22014107
2025-04-14,341.6051055908203,342.09381103515625,320.590771484375,322.54559326171875,17476535
2025-04-15,322.05689085990684,324.98912355362376,316.68113092142585,323.0343017578125,7198521
2025-04-16,317.6585728590277,320.10210034255863,313.2602233886719,313.2602233886719,7262799
2025-04-17,306.4183166310451,309.35054932607903,300.0651457918049,308.3731384277344,11970974
2025-04-18,308.86183780198553,312.7714813184664,307.8844269228653,312.28277587890625,2443456
2025-04-21,309.3505586477426,311.79408596723505,302.5086821531638,304.95220947265625,3215675
2025-04-22,301.53128952518585,309.8392829156691,301.53128952518585,302.9974060058594,4505507
2025-04-23,309.35057264684,324.011737227259,307.3957507027842,322.0569152832031,7128300
2025-04-24,324.50042434855953,326.94395164034086,317.16984247321557,319.1246643066406,5268652
2025-04-25,326.45523990048224,331.83099983896324,322.05689085990684,323.0343017578125,8015088
2025-04-28,335.25196863025997,336.2293796175202,327.9213862258082,332.8084411621094,6256932
2025-04-29,331.34232168758615,332.3197326660156,324.50044483857994,332.3197326660156,7308691
2025-04-30,329.876196545282,330.8536074980088,325.4778472580116,325.966552734375,7771275
2025-05-02,331.831020118153,347.95830091918253,329.3874927240576,346.00347900390625,12799777
2025-05-05,355.7775820939901,355.7775820939901,344.5373562860755,349.9131164550781,10719987
2025-05-06,346.9808594430057,354.8001464163693,345.02603769966487,350.8905029296875,7370329
2025-05-07,351.8679410784904,359.6872286580124,351.37923560477026,355.28887939453125,7607451
2025-05-08,354.8001644995905,366.52909555742815,354.31145903884726,363.59686279296875,9611005
2025-05-09,368.97263511616916,369.46134059314426,362.13075843851834,365.55169677734375,9755813
2025-05-12,366.5290832519531,367.0177886962891,359.68720703125,361.64202880859375,4638215
2025-05-13,367.50651284922725,369.46133472608483,359.1985198725825,359.6872253417969,6316275
2025-05-14,361.1533354892526,366.52909555742815,361.1533354892526,363.59686279296875,9096626
2025-05-15,365.5516754438681,367.50649723768555,359.68721006241566,362.1307373046875,4578850
2025-05-16,358.7098021802876,363.59685670590466,355.77756946491746,362.61944580078125,4282212
2025-05-19,358.7098146548941,360.6646365331224,353.8227599593233,354.8001708984375,3935670
2025-05-20,352.84533382473177,360.1759155523924,352.84533382473177,357.2436828613281,4213227
2025-05-21,360.66460899443734,370.4387176392731,358.2210818332284,369.95001220703125,6185556
2025-05-22,367.9952178228469,374.83709438263423,364.085574074397,369.4613342285156,6923417
2025-05-23,369.4613375376506,371.9048649023176,363.5968718624498,365.06298828125,5281106
2025-05-26,365.5516754438681,367.9952026861399,361.15332640777876,362.1307373046875,6179396
2025-05-27,359.6872223107993,364.08557149666507,356.7549895202221,359.1985168457031,4513583
2025-05-28,362.6194396972656,365.0629669189453,358.7097961425781,361.64202880859375,4201968
2025-05-29,364.57428582339367,372.88227893196967,364.08558034641857,365.55169677734375,13005295
2025-06-02,372.3935644033004,372.3935644033004,357.73240045041456,359.1985168457031,5906314
2025-06-03,366.04040491156894,377.2806309635931,364.5742884700006,370.9274597167969,14118434
2025-06-04,373.37098344739115,380.2128601074219,370.43875059309227,380.2128601074219,10651570
2025-06-05,386.0773191979183,389.4982574692923,381.1902645245269,389.0095520019531,11147342
2025-06-06,386.0773375540069,389.98698147860443,383.6338101011334,387.05474853515625,7562289
2025-06-09,388.5208435058594,389.0095489693888,384.12249433409494,388.5208435058594,3767191
2025-06-10,389.0095457769745,394.3853058316814,389.0095457769745,392.919189453125,6805847
2025-06-11,392.919189453125,394.87401129120025,387.543429398418,392.919189453125,6391497
2025-06-12,396.34014323476856,396.34014323476856,389.9869720115232,390.4756774902344,4715311
2025-06-13,386.0773191979183,393.4079012080054,384.6112027959009,389.0095520019531,6256987
2025-06-16,389.00956705119575,391.9417999686671,387.5434505924601,391.4530944824219,4977272
2025-06-17,392.9452819824219,396.4270756202408,390.9556856179539,392.9452819824219,6977658
2025-06-18,392.9452968030684,399.90888434135064,391.9504985833138,398.41668701171875,5519023
2025-06-19,398.41667435901,405.8776607702274,398.41667435901,401.8984680175781,9073025
2025-06-20,399.9088774108887,403.88807022094727,396.42708370208743,397.9192810058594,19669788
2025-06-23,393.9400881958008,400.9036756134033,393.9400881958008,397.9192810058594,6099946
2025-06-24,399.90886836429297,415.82563924446384,399.90886836429297,414.8308410644531,11116100
2025-06-25,417.8152339714618,426.27101846850326,417.8152339714618,421.2970275878906,11108825
2025-06-26,420.3022420974005,422.2918385096959,415.82565016973587,417.81524658203125,7336581
2025-06-27,418.8100390164357,424.2814290748452,417.3178417277786,421.79443359375,7345295
2025-06-30,418.3126405064765,422.7892323787218,410.8516540527344,410.8516540527344,5198117
2025-07-01,414.8308406366366,430.2502124109001,414.8308406366366,425.77362060546875,10078725
2025-07-02,419.3074228555415,432.23979888667327,418.81002377742107,427.26580810546875,6626261
2025-07-03,429.255415706593,457.60716390505854,428.75801661539185,456.61236572265625,22317749
2025-07-04,449.1513821791768,459.0993640657587,448.1565839905186,454.6227722167969,14577748
2025-07-07,449.6487760416666,456.1149641927083,445.6695833333333,447.6591796875,8986785
2025-07-08,447.65916995431894,452.63316073158916,444.1773764102298,449.1513671875,10717852
2025-07-09,439.70080782938953,449.6487899069776,437.711211413872,448.65399169921875,11825025
2025-07-10,455.61755737937176,482.9745067853384,455.61755737937176,479.9901123046875,22619776
2025-07-11,468.54994021587487,488.9433027942728,468.54994021587487,480.4875183105469,13587750
2025-07-14,476.01094090661337,479.9901337250595,470.04215167894426,470.53955078125,6912679
2025-07-15,480.487517939888,493.41989419913966,477.50312341852225,491.4302978515625,15644025
2025-07-16,497.3990783691406,510.33145440673826,492.92248666381835,497.3990783691406,23245466
2025-07-17,491.43030592434866,500.383489635521,487.45111316382764,496.404296875,9166864
2025-07-18,496.40428278535194,506.3522644042969,496.40428278535194,506.3522644042969,7238844
2025-07-21,510.33144863091627,514.3106412128337,508.34185233995754,512.321044921875,9627700
2025-07-22,512.3210783543875,530.2274461415311,505.3574908816094,510.33148193359375,13326683
2025-07-23,514.3106494610126,524.2586310753455,514.3106494610126,517.2950439453125,10567662
2025-07-24,512.3210862796739,516.300279182817,505.3574986991735,515.3054809570312,9134695
2025-07-25,509.33667794970984,515.305467144433,505.35748515322774,514.3106689453125,8134464
2025-07-28,521.2742643977491,526.2482554702467,517.295071539751,519.28466796875,7048224
2025-07-29,517.2950520833333,526.2482356770834,513.315859375,522.26904296875,7290167
2025-07-30,525.2534456073113,530.2274365695018,517.2950600678066,527.2430419921875,7441150
2025-07-31,577.9777734073592,578.9725716404183,558.0818087461764,564.0505981445312,14290496
2025-08-04,575.9881691635157,590.9101424579073,574.9933709438897,589.9153442382812,11241547
2025-08-05,596.8789209293413,632.6916561851019,596.8789209293413,628.7124633789062,20244945
2025-08-06,603.8424791713843,628.712433008756,601.8528828643946,617.7696533203125,20094089
2025-08-07,619.75927734375,629.7072593235855,614.7852863538322,619.75927734375,14701639
2025-08-08,622.7436820468872,633.6864624023438,622.7436820468872,633.6864624023438,11940640
2025-08-11,631.6968189586293,639.6552040793679,624.733231977983,634.6812133789062,9087647
2025-08-12,638.6604614257812,645.6240490114205,632.6916720666618,638.6604614257812,8669434
2025-08-13,661.5407877604166,677.4575585937499,658.5563932291666,671.48876953125,23398116
2025-08-14,663.5303760130014,671.4887613324977,659.5511833532532,666.5147705078125,11571094
2025-08-15,666.5148080542206,691.3847635786318,665.5200098332441,682.4315795898438,14052732
2025-08-18,686.4107389228288,691.3847297845886,677.4575553716616,684.421142578125,12090726
2025-08-19,679.4471440163755,687.4055293050008,656.5667863115781,657.5615844726562,12791048
2025-08-20,624.7332347656251,653.5823809570313,620.7540421875,621.7488403320312,23360715
2025-08-21,616.7748627839264,651.592798586245,615.780064618146,644.6292114257812,17291029
2025-08-22,664.5252134024379,668.5044062970633,654.5772311658744,660.5460205078125,9862231
2025-08-25,676.4627743331638,681.4367653209076,663.5303977650298,672.4835815429688,9498974
2025-08-26,671.4887855696852,681.436767578125,668.5043909671533,681.436767578125,10083437
2025-08-27,686.410753885905,726.2026816474067,683.4263593037923,716.2546997070312,15231644
2025-08-28,713.2702748630884,713.2702748630884,701.332697041112,705.3118896484375,8589429
2025-08-29,705.3119172902383,714.2651010076038,701.3327245269646,707.301513671875,10833614
2025-09-01,702.3275096804597,720.2338767827944,674.4731608546058,684.421142578125,13704967
2025-09-02,694.3691441890967,700.3379333941606,674.4731801722171,681.436767578125,11127649
2025-09-03,679.4471631218405,683.4263558780445,671.4887776094324,676.4627685546875,11506701
2025-09-04,685.4159212899104,701.3326915956268,681.4367287134813,687.405517578125,9965095
2025-09-05,716.2547213972108,722.2235107421875,707.3015373797456,722.2235107421875,14205816
2025-09-08,741.1246770012806,741.1246770012806,722.2235107421875,722.2235107421875,11029416
2025-09-09,725.2078544460998,793.8489270891463,724.2130562918527,779.9217529296875,20739103
2025-09-10,802.8021124289454,839.6096442255638,801.8073142722801,832.6460571289062,22858768
2025-09-11,820.708517907759,848.5628676064465,820.708517907759,826.6773071289062,25892416
2025-09-12,829.6616626589101,849.5576257922173,829.6616626589101,832.6460571289062,19279803
2025-09-15,837.620095430949,843.5888847095545,824.6877186606375,831.6513061523438,11977009
2025-09-16,828.6668589407142,836.625244140625,816.7292811408479,836.625244140625,14964160
2025-09-17,835.6304990047473,848.5628757750588,826.6773150868394,831.6513061523438,10046309
2025-09-18,832.6460849094818,894.3235726805545,832.6460849094818,887.3599853515625,21414831
2025-09-19,889.3495875178156,904.2715604627455,880.3964037508578,883.3807983398438,19564182
2025-09-22,875.4224305746968,910.2403681543723,875.4224305746968,902.281982421875,14261438
2025-09-23,908.2507614699616,912.2299542912978,885.3704027472792,888.3547973632812,16298095
2025-09-24,883.380778816814,888.3547696885303,861.4952189812623,886.3651733398438,15633116
2025-09-25,881.3912077338447,898.3027771824625,878.4068131252651,879.401611328125,11493170
2025-09-26,862.4900328438238,864.4796292286999,832.646087070681,843.5888671875,18652130
2025-09-30,847.5680817865376,883.380817636673,846.5732835684782,849.5576782226562,16138286
2025-10-01,865.474440074268,873.4328257301235,855.526458004449,866.46923828125,9681582
2025-10-02,888.3547501873383,905.2663187799304,888.3547501873383,889.3495483398438,17801201
2025-10-03,895.3183896981986,939.0895109723327,890.3443986443198,937.0999145507812,17752218
2025-10-07,937.0998665018284,989.8241689695534,936.10506834206,981.8657836914062,25013368
2025-10-08,957.9906661007383,979.8762264893325,956.9958679012567,975.8970336914062,11682890
2025-10-09,994.7982039656844,999.7721949855128,980.8710291101648,993.8034057617188,14545045
2025-10-13,962.9646048240292,1039.5640620259405,962.9646048240292,1024.64208984375,23036958
2025-10-14,1044.5380764622842,1054.4860581428775,984.8501863787251,986.8397827148438,19658119
2025-10-15,994.7981810922106,1009.7201538085938,981.8658047380119,1009.7201538085938,12815338
2025-10-16,999.7721879168255,1019.6681518554688,994.7981969321646,1019.6681518554688,7584072
2025-10-17,999.7721949855128,1044.5381141639687,990.8190111498217,993.8034057617188,12240453
2025-10-20,992.8085847300262,1014.6941447140548,980.8710065569197,1009.7201538085938,11890513
2025-10-21,1009.7201618867762,1024.6421347225414,994.798189051011,1014.6941528320312,7639845
2025-10-22,999.7721799962661,1014.6941528320312,994.798189051011,1014.6941528320312,5599702
2025-10-23,999.7721639198832,1014.6941365157023,994.7981730546102,1004.7461547851562,5140862
2025-10-27,1029.6161447685456,1069.4080730687792,1029.6161447685456,1064.43408203125,13894647
2025-10-28,1054.4861078306685,1074.3820721293605,1049.5121167559955,1069.4080810546875,8604771
2025-10-29,1069.4080568709464,1079.3560387953273,1029.6161291734227,1054.486083984375,12152233
2025-10-30,1064.434045168433,1064.434045168433,999.7721639198832,1004.7461547851562,21746938
2025-10-31,994.798209798995,1009.7201829459799,984.8502277010051,989.82421875,18521789
2025-11-03,986.8397801691251,999.772156320535,976.8917985141944,977.8865966796875,14781907
2025-11-04,974.9022135416666,1004.7461588541667,969.92822265625,969.92822265625,17580080
2025-11-05,925.1623156447939,966.9438395771394,925.1623156447939,961.9698486328125,16538385
2025-11-06,974.9021939704754,988.8293681700536,971.9177994991372,972.91259765625,9760798
2025-11-07,955.0062338082901,966.9438117308938,951.0270411674222,959.980224609375,9119881
2025-11-10,974.9022492760311,988.8294242656887,962.9646707134674,976.891845703125,10503689
2025-11-11,987.8346097969714,992.8086007828575,966.94384765625,966.94384765625,10930686
2025-11-12,959.9802522550818,975.8970232769277,949.0374721775628,961.9698486328125,13794867
2025-11-13,959.9802499026496,967.9386353940705,953.0166625976562,953.0166625976562,10534466
2025-11-14,933.1206892762423,940.084276509647,917.2039184570312,917.2039184570312,17956984
2025-11-17,926.1570797049843,941.0790519880935,911.235107421875,911.235107421875,10205990
2025-11-18,901.2871821006316,925.1623392423702,893.3287963867188,893.3287963867188,12776058
2025-11-19,885.370355729822,906.2611169324358,884.3755575773166,889.3495483398438,11496641
2025-11-20,934.1155026993662,959.9802557027565,929.1415117371757,949.0374755859375,15713499
2025-11-21,902.2819383674494,908.2507273753928,890.3443603515625,890.3443603515625,16093630
2025-11-24,899.2975776219555,904.2715686486256,888.3547973632812,888.3547973632812,18570764
2025-11-25,908.2507520067822,921.1831285413805,894.323577277215,905.266357421875,10214403
2025-11-26,923.1727203207672,945.0582805007854,911.2351420407573,940.0842895507812,11021726
2025-11-27,950.0322912908663,954.0114841339694,933.1207217076781,937.0999145507812,8485835
2025-11-28,941.0790912153383,941.0790912153383,923.1727237292114,927.1519165039062,7920998
2025-12-01,931.1311258470902,972.9126507248443,927.1519330015898,967.9386596679688,16772623
2025-12-02,982.8606095270634,992.8085914048677,968.9334348981373,983.8554077148438,19606844
2025-12-03,991.8137817382812,999.7721671484179,978.8814054468091,991.8137817382812,12394746
2025-12-04,993.8034057617188,999.7721949855128,985.8450201299933,993.8034057617188,6602493
2025-12-05,992.8085749219947,999.7721621208464,967.9386206403816,973.9074096679688,9363660
2025-12-08,979.8761986955559,987.8345840656721,964.9542261265881,973.9074096679688,5590132
2025-12-09,970.9230265592817,974.902219291082,960.9750447297808,965.9490356445312,7569165
2025-12-10,967.938651660257,972.912642675983,959.9802660350957,962.9646606445312,6126655
2025-12-11,964.9542443008019,970.9230334408069,940.0842895507812,940.0842895507812,11239205
2025-12-12,940.0842535673683,943.0686480231377,924.167483136598,933.1206665039062,9026719
2025-12-15,912.2299275760279,928.1466983952388,911.2351293998272,917.2039184570312,6527359
2025-12-16,903.2767587337854,910.2403460808521,894.3235750018426,896.3131713867188,10227812
2025-12-17,895.3183429160814,902.2819300276509,885.370361328125,885.370361328125,12462736
2025-12-18,884.3755769911572,891.33916421156,881.3911824681275,886.3651733398438,6069232
2025-12-19,894.3235909119658,918.1987479552218,890.3443980714231,906.2611694335938,12394315
2025-12-22,906.2611401008534,952.0218562859678,904.2715437449788,948.0426635742188,13468014
2025-12-23,956.9958305803867,959.9802250624462,938.0946655273438,938.0946655273438,5730016
2025-12-24,947.0478929769306,955.0062786321989,943.0687001492964,950.0322875976562,4891620
2025-12-26,955.0062312042364,956.9958275192453,947.0478459442011,951.0270385742188,3106463
2025-12-29,955.0062532484408,968.9334277749805,955.0062532484408,956.995849609375,6073574
2025-12-30,958.98543209588,964.9542210923273,952.021844933358,956.0010375976562,4433797
2025-12-31,954.0114688417746,968.9334417642216,945.0582850883064,957.9906616210938,8863603
2026-01-02,964.9542635050252,992.808613379397,963.9594652952262,989.82421875,13024209
2026-01-05,1004.7461547851562,1019.6681273809754,994.7981730546102,1004.7461547851562,12466679
2026-01-06,999.77216796875,1044.5380859375,977.8866080729166,1044.5380859375,16032166
2026-01-07,1074.3819971177186,1079.3559878451154,982.8605677336166,1024.64208984375,18172207
2026-01-08,1029.6161091115216,1034.5900999767946,1004.7461547851562,1004.7461547851562,9003951
2026-01-09,994.7981810922106,1024.642126524977,989.8241901867495,1009.7201538085938,7391100
2026-01-12,1034.590112188981,1059.4600668089086,1029.6161212649956,1049.5120849609375,11344658
2026-01-13,1064.4340156629248,1074.3819971177186,1019.6680991163532,1024.64208984375,11474459
2026-01-14,1034.5901201356132,1064.4340659087559,1034.5901201356132,1054.486083984375,8593128
2026-01-15,1049.51206860702,1054.486059453499,1019.6681235281475,1039.5640869140625,8172566
2026-01-16,1069.4080403645833,1129.0959309895834,1054.4860677083334,1119.14794921875,22782095
2026-01-19,1139.0439044407435,1153.9658769880023,1104.22596849714,1114.1739501953125,12008197
2026-01-20,1099.2519936350595,1134.0699300850388,1094.278002713634,1124.1219482421875,7198430
2026-01-21,1124.1219563085076,1178.8358568367978,1109.1999834371559,1129.095947265625,18083264
2026-01-22,1193.7577654367471,1238.523681640625,1188.7837747474273,1238.523681640625,19318986
2026-01-23,1273.3416418650793,1278.3156326536148,1238.523706345331,1253.4456787109375,17512693
2026-01-26,1213.653824472815,1233.5497888084349,1198.7318512211,1223.601806640625,11798393
2026-01-27,1223.6017177734375,1253.445662109375,1213.653736328125,1243.4976806640625,8618449
2026-01-28,1243.4977293014526,1273.3416748046875,1228.5757565498352,1273.3416748046875,10930051
2026-01-29,1303.185578000498,1308.159568756225,1233.5497074203188,1248.4716796875,12829784
2026-01-30,1243.497754706711,1248.4717457255379,1208.6798175749232,1213.65380859375,10202205
2026-02-02,1178.8357988073471,1193.757770944149,1153.9658452460105,1168.8878173828125,12433041
2026-02-03,1198.7318275985403,1213.6538005561986,1168.8878816832241,1208.6798095703125,11004255
2026-02-04,1213.653792452221,1213.653792452221,1188.7838376888558,1203.705810546875,7111184
2026-02-05,1168.8878996475883,1173.8618907099185,1124.1219800866168,1144.0179443359375,14283127
2026-02-06,1129.0959867280105,1163.9139246447332,1109.2000222041688,1153.9659423828125,10257879
2026-02-09,1193.7577793961864,1203.7057608911546,1173.86181640625,1173.86181640625,8765470
2026-02-10,1198.7317785593025,1203.7057693417062,1163.9138430824762,1178.8358154296875,7916235
2026-02-11,1193.757789248512,1258.419669499473,1183.809807671441,1253.4456787109375,14422679
2026-02-23,1313.133643139368,1372.821536009339,1288.2636877768798,1298.211669921875,21053140
2026-02-24,1347.9515856801388,1377.7955322265625,1328.0556213158561,1377.7955322265625,13399510
2026-02-25,1417.5874185063699,1472.3013188697737,1372.8215000272214,1427.535400390625,13893910
2026-02-26,1442.4573650226728,1447.431355936544,1407.6394286255736,1422.5614013671875,16681606
2026-03-02,1347.9515299479167,1437.4833658854166,1347.9515299479167,1417.58740234375,14087742
2026-03-03,1402.6654125612174,1427.5353666846431,1333.029541015625,1333.029541015625,16095323
2026-03-04,1288.2636057333168,1313.1335595119522,1243.497688931773,1248.4716796875,16961184
2026-03-05,1328.0555419921875,1357.8994867560568,1303.1855880222963,1328.0555419921875,13120905
2026-03-06,1333.0295077237217,1338.0034984241834,1303.1855635209517,1313.133544921875,10254707
2026-03-09,1203.7058265560963,1223.6017906314037,1188.7838534996158,1213.65380859375,21625496
2026-03-10,1273.3416908914728,1318.1076097118762,1268.367699911428,1283.2896728515625,11474848
2026-03-11,1342.977499825614,1407.6393794468472,1318.1075461251396,1392.7174072265625,13726816
2026-03-12,1382.7694991731296,1402.6654631900092,1357.89954415203,1362.87353515625,7368490
2026-03-13,1347.9515856801388,1397.691496590845,1333.0296124069268,1377.7955322265625,7461038
2026-03-16,1387.7434737261603,1387.7434737261603,1342.9775552188648,1352.925537109375,5929443
2026-03-17,1377.7954987419976,1462.353345235189,1377.7954987419976,1432.5093994140625,12515796
2026-03-18,1457.37939453125,1482.2493500693258,1442.4574212084044,1457.37939453125,10696722
2026-03-19,1442.457405431164,1472.3013517504296,1437.483414377953,1447.431396484375,7980699
2026-03-20,1442.4573167703918,1522.0411687301375,1402.665390790519,1467.3272705078125,15113545
2026-03-23,1397.6914144745954,1417.5873776699634,1377.7954512792276,1402.6654052734375,12888516
2026-03-24,1447.4313309201082,1462.3533034038205,1402.6654134689709,1407.639404296875,12355449
2026-03-25,1477.275253985005,1546.9111245432207,1477.275253985005,1541.9371337890625,15224832
2026-03-26,1527.015226559277,1556.8591723552238,1507.1192626953125,1507.1192626953125,12323637
2026-03-27,1452.4053542787665,1512.0932455504967,1432.5093905215233,1502.145263671875,10081583
2026-03-30,1472.301277751473,1487.2232501611163,1442.4573329321863,1477.2752685546875,11069480
2026-03-31,1457.3793812627378,1462.353372325068,1357.8995600161345,1372.821533203125,18001261
2026-04-01,1457.3792890128443,1487.2232334977489,1442.4573167703918,1467.3272705078125,11380012
2026-04-02,1472.3013105059003,1502.1452559891281,1412.613419539445,1422.5614013671875,9316602
2026-04-07,1487.2232988313478,1507.1192626953125,1482.2493078653567,1507.1192626953125,9471155
2026-04-08,1621.5210525466873,1656.3389892578125,1606.5990796704907,1656.3389892578125,11931374
2026-04-09,1676.234920049511,1696.1308834922352,1626.4950114427004,1636.4429931640625,14632032
2026-04-10,1681.2089351247298,1740.89682631259,1666.2869623277647,1725.974853515625,10973678
2026-04-13,1721.0008706279184,1750.8448163613505,1701.1049068056304,1730.9488525390625,6680545
2026-04-14,1795.6107516043528,1810.532724609375,1740.8968505859375,1740.8968505859375,9707370
2026-04-15,1775.7147216796875,1825.4546298499868,1775.7147216796875,1775.7147216796875,9811750
2026-04-16,1825.4546063844427,1835.402587890625,1775.7146988535317,1835.402587890625,9212364
2026-04-17,1855.2986662491508,1860.272657311481,1820.4807288128397,1830.4287109375,8436351
2026-04-20,1850.3246492084704,1969.7004330283717,1850.3246492084704,1890.1165771484375,9692483
2026-04-21,1939.856429561492,2024.414273926993,1919.9604661813742,2004.518310546875,8888821
2026-04-22,2029.3882647720225,2034.362255617052,1984.6223471667572,2004.518310546875,10117948
2026-04-23,2089.0762236624055,2103.9981966885653,1924.934520374645,1969.700439453125,15088821
2026-04-24,1994.570423686935,2079.128272072666,1979.6484504423945,2064.206298828125,10846873
2026-04-27,2059.232218223043,2069.180199953589,1984.6223552439474,2009.4923095703125,13935817
2026-04-28,2019.4402217371323,2148.763979779412,2019.4402217371323,2113.946044921875,13898931
2026-04-29,2029.3882659136834,2158.7120279572027,2024.414275065856,2153.738037109375,11741236
2026-04-30,2208.451936435479,2268.139826609411,2138.816064565892,2153.738037109375,13424815
2026-05-04,2238.2958489495354,2248.243830500422,2138.816033440667,2208.451904296875,11783423
2026-05-05,2173.6340005006855,2183.581982196341,2133.842073718064,2153.738037109375,9420938
2026-05-06,2203.477896988122,2258.191795107466,2138.816017392534,2198.50390625,14353798
2026-05-07,2263.165901585629,2357.671730443051,2238.2959466231496,2268.139892578125,14784421
2026-05-08,2218.3998524058948,2238.2958152077417,2158.7119640003552,2188.555908203125,10393004
2026-05-11,2203.478074649395,2258.191977180192,2193.530092371068,2233.322021484375,8790271
2026-05-12,2213.425977007403,2248.2439137243737,2178.6080402904327,2183.58203125,11944561
2026-05-13,2148.7640462615473,2173.6340005006855,2128.868082870237,2153.738037109375,6913371
2026-05-14,2198.5039379712875,2238.295864450406,2143.7900390625,2143.7900390625,6872103
2026-05-15,2173.634102621423,2183.58208478445,2064.206298828125,2064.206298828125,10469059
2026-05-18,1974.6743735134012,2029.3882730314047,1974.6743735134012,2009.4923095703125,8419378
2026-05-19,2009.4923863821803,2014.4663774375815,1900.0645831633485,1905.03857421875,13603182
2026-05-20,1870.22063683094,1949.804493717363,1870.22063683094,1905.03857421875,9789768
2026-05-21,2004.5183349008043,2049.284253049954,1979.648380373499,2019.4403076171875,10651255
2026-05-22,2113.9462418658636,2113.9462418658636,2039.3363745058919,2084.102294921875,7818792
2026-05-25,2193.5300431563865,2288.035872680131,2173.6340790461245,2278.087890625,10142736
2026-05-26,2337.775634765625,2397.4635233128324,2278.0877462184176,2337.775634765625,10816822
2026-05-27,2477.047412690662,2571.553237672836,2477.047412690662,2506.891357421875,12553894
2026-05-28,2472.0734531290864,2506.8913890886506,2357.6716635476596,2377.567626953125,10222545
2026-05-29,2457.151448068443,2511.8653467096433,2432.281494140625,2432.281494140625,16536758
2026-06-01,2437.255566809788,2506.8914401472107,2397.4636391884037,2407.41162109375,8049328
2026-06-02,2417.3595032772773,2442.229457014698,2317.8796883275954,2347.7236328125,10988523
2026-06-03,2407.411556453666,2447.203483006619,2397.463574815428,2442.2294921875,9586099
2026-06-04,2427.3074701997425,2452.1774237878544,2392.4895351763853,2412.385498046875,7468543
2026-06-05,2367.6197456691575,2367.6197456691575,2263.1659333602242,2288.035888671875,10553680
2026-06-08,2079.128310785061,2248.2440107053767,2079.128310785061,2243.27001953125,13577277
2026-06-09,2253.2177795031057,2422.333462732919,2203.4778726708073,2402.4375,14588560
2026-06-10,2357.6715920188212,2397.4635176225142,2178.6079268022017,2188.555908203125,15899110
2026-06-11,2158.7121423791955,2218.4000357168693,2069.180302372685,2148.76416015625,13885654
2026-06-12,2248.243946635158,2268.1399107646725,2158.712108052342,2203.47802734375,9226158
2026-06-15,2297.9837210124433,2307.9317024886877,2188.5559247737556,2198.50390625,8753968
2026-06-16,2253.2178380307596,2258.1918288431893,2208.45192071889,2218.39990234375,8686389
2026-06-17,2220.0,2220.0,2140.0,2155.0,9738528
2026-06-18,2190.0,2210.0,2150.0,2150.0,10417286
2026-06-22,2170.0,2195.0,2135.0,2150.0,13464755
2026-06-23,2170.0,2170.0,2080.0,2080.0,12891436
2026-06-24,2030.0,2050.0,1970.0,2000.0,20264727
2026-06-25,2060.0,2060.0,1960.0,1980.0,12022420
2026-06-26,1925.0,1935.0,1790.0,1810.0,23031042
2026-06-29,1860.0,1970.0,1850.0,1905.0,15526992
2026-06-30,2010.0,2030.0,1950.0,1950.0,13304651
2026-07-01,2020.0,2020.0,1965.0,1990.0,7908636
2026-07-02,1955.0,2010.0,1920.0,1970.0,6297745
2026-07-03,1920.0,2075.0,1885.0,2075.0,14301078
2026-07-06,2120.0,2135.0,1995.0,1995.0,8145268
2026-07-07,2015.0,2025.0,1890.0,1890.0,7758597
2026-07-08,1925.0,1950.0,1840.0,1885.0,9971797
2026-07-09,1890.0,1935.0,1870.0,1880.0,7841958
2026-07-10,1880.0,1880.0,1880.0,1880.0,0
2026-07-13,1970.0,1980.0,1885.0,1890.0,8806668
2026-07-14,1900.0,1905.0,1780.0,1855.0,9524870
2026-07-15,1930.0,1930.0,1865.0,1890.0,8404556
2026-07-16,1865.0,1935.0,1820.0,1905.0,8268310
2026-07-17,1820.0,1825.0,1735.0,1740.0,11858468
2026-07-20,1695.0,1785.0,1665.0,1705.0,10772125
2026-07-21,1735.0,1855.0,1720.0,1835.0,10098929
