date,open,high,low,close,volume
2021-07-22,90.33524643565735,93.23591948634359,89.9208645712736,91.5783920288086,59259611
2021-07-23,92.82153762195985,92.82153762195985,91.16401016442485,91.5783920288086,21521533
2021-07-26,91.99278051202948,91.99278051202948,89.92087104103783,91.16401672363281,33363024
2021-07-27,91.99277602396738,92.82153977193106,91.16401227600372,92.40715789794922,27586534
2021-07-28,91.5783920288086,91.99277389319235,90.33524643565735,91.5783920288086,32678903
2021-07-29,91.9927749633789,92.40715683258333,91.1640112249701,91.9927749633789,20815906
2021-07-30,91.16401672363281,92.40716240622781,90.74963482943448,91.16401672363281,28280514
2021-08-02,91.99277914941838,93.65030670166016,91.1640153732975,93.65030670166016,24048289
2021-08-03,93.2359216459129,93.65030351989472,91.57839414998556,92.40715789794922,21627785
2021-08-04,92.821533203125,93.23591504778182,91.99276951381138,92.821533203125,21197328
2021-08-05,91.99276951381138,92.821533203125,91.99276951381138,92.821533203125,19911790
2021-08-06,92.40716000027128,93.65030565049913,91.99277811686198,93.23592376708984,41254699
2021-08-09,92.821533203125,93.23591504778182,91.99276951381138,92.821533203125,23189411
2021-08-10,92.4071513584682,92.821533203125,89.92086029052734,89.92086029052734,42815166
2021-08-11,88.67772331587766,90.33525085449219,87.84895954657038,90.33525085449219,46678699
2021-08-12,90.33525085449219,90.74963273914582,89.50648708518493,90.33525085449219,18499146
2021-08-13,90.74963273914582,91.16401462379946,89.50648708518493,90.33525085449219,46504498
2021-08-16,89.92087349115417,90.33525539664335,88.26334586919741,89.09210968017578,34806631
2021-08-17,89.09210968017578,89.09210968017578,89.09210968017578,89.09210968017578,0
2021-08-18,87.43457352112387,89.09210098123997,86.60580979106582,88.67771911621094,31829261
2021-08-19,87.84895443221897,87.84895443221897,84.94828140851364,85.36266326904297,51471834
2021-08-20,86.19143019680772,87.84895770059248,84.53390269302295,86.6058120727539,30316791
2021-08-23,87.43458205821902,89.50649158566497,87.43458205821902,89.09210968017578,22499882
2021-08-24,89.92086896983855,90.33525085449219,89.0921052005313,90.33525085449219,17889785
2021-08-25,90.33524213518416,90.33524213518416,89.09209660121373,89.92086029052734,14045849
2021-08-26,89.92087349115417,90.33525539664335,88.67772777468659,89.09210968017578,12987155
2021-08-27,89.09209551634612,89.92085919556794,88.2633318371243,89.50647735595703,13808230
2021-08-30,89.92086896983855,90.33525085449219,89.0921052005313,90.33525085449219,13911174
2021-08-31,89.92086561735687,91.9927749633789,89.50648374815245,91.9927749633789,30458896
2021-09-01,91.9927749633789,92.82153870178773,91.1640112249701,91.9927749633789,22232171
2021-09-02,91.99277602396738,93.65030351989472,91.57839414998556,92.40715789794922,29565666
2021-09-03,92.82154188368057,93.65030565049913,92.40716000027128,93.23592376708984,23894007
2021-09-06,93.23592057099214,93.65030244019655,91.5783930941745,91.9927749633789,18270142
2021-09-07,90.74962397984096,91.16400582449778,89.50647844587054,89.92086029052734,23133531
2021-09-08,89.92087349115417,90.74963730213254,88.67772777468659,89.09210968017578,28436166
2021-09-09,88.26333725118191,89.09210098123997,87.8489553861529,88.67771911621094,20347345
2021-09-10,88.67771367673521,89.92085919556794,88.67771367673521,89.50647735595703,13206233
2021-09-13,89.09210760268807,89.50648949851453,88.26334381103516,88.26334381103516,15297618
2021-09-14,89.09210968017578,89.50649158566497,88.26334586919741,89.09210968017578,19165417
2021-09-15,89.50647844587054,91.57838766915458,89.09209660121373,89.92086029052734,63262671
2021-09-16,89.92087349115417,90.74963730213254,89.09210968017578,89.09210968017578,22861780
2021-09-17,89.09209660121373,90.74962397984096,88.67771475655692,89.92086029052734,38649036
2021-09-22,88.26333725118191,89.09210098123997,87.8489553861529,88.67771911621094,38460147
2021-09-23,88.67772570686161,89.50648949851453,87.8489619152087,88.26334381103516,18878589
2021-09-24,89.09210968017578,89.50649158566497,88.67772777468659,89.09210968017578,15280177
2021-09-27,88.67772777468659,89.92087349115417,88.67772777468659,89.09210968017578,13850268
2021-09-28,88.67772570686161,89.09210760268807,87.8489619152087,88.26334381103516,22169547
2021-09-29,87.02019500732422,87.43457688831148,86.60581312633697,87.02019500732422,32073278
2021-09-30,87.02019500732422,87.84895876929873,86.1914312453497,87.02019500732422,22552355
2021-10-01,86.60580885063096,87.02019071116031,85.36266326904297,85.36266326904297,34131219
2021-10-04,86.60580885063096,87.02019071116031,84.94828140851364,85.36266326904297,25219519
2021-10-05,84.53389630998885,84.94827815464565,83.70513262067523,84.11951446533203,41574679
2021-10-06,85.7770451295723,86.60580885063096,85.36266326904297,85.36266326904297,38805074
2021-10-07,86.60580979106582,88.67771911621094,86.1914279260368,88.67771911621094,38220702
2021-10-08,89.09209551634612,89.50647735595703,88.2633318371243,89.50647735595703,27430627
2021-10-12,88.263340650286,88.67772253127326,86.60581312633697,87.02019500732422,38628919
2021-10-13,87.84895216232228,88.26333401214455,86.60580661285545,87.4345703125,18684819
2021-10-14,88.67772570686161,89.09210760268807,88.26334381103516,88.26334381103516,17684751
2021-10-15,89.5064805958369,91.16400801427832,89.09209874122655,90.74962615966797,49011891
2021-10-18,91.57840111311091,91.99278301860011,88.67772777468659,89.09210968017578,42099090
2021-10-19,89.92086471129801,90.33524657632704,88.26333725118191,88.67771911621094,26270635
2021-10-20,89.09210968017578,89.92087349115417,88.26334586919741,89.09210968017578,29381245
2021-10-21,89.50647735595703,89.92085919556794,88.67771367673521,89.50647735595703,30517157
2021-10-22,89.50649158566497,89.92087349115417,88.67772777468659,89.09210968017578,14667653
2021-10-25,89.09209551634612,90.33524103517885,88.67771367673521,89.50647735595703,21027449
2021-10-26,89.92086896983855,90.74963273914582,89.50648708518493,90.33525085449219,18026359
2021-10-27,90.33524103517885,90.33524103517885,89.09209551634612,89.50647735595703,15831617
2021-10-28,89.50647844587054,90.33524213518416,89.09209660121373,89.92086029052734,14181424
2021-10-29,89.92086471129801,89.92086471129801,88.67771911621094,88.67771911621094,20664910
2021-11-01,89.50648949851453,89.50648949851453,88.26334381103516,88.26334381103516,18124077
2021-11-02,88.67772777468659,89.92087349115417,88.67772777468659,89.09210968017578,20172294
2021-11-03,89.09210968017578,89.92087349115417,89.09210968017578,89.09210968017578,12249306
2021-11-04,89.92085919556794,89.92085919556794,89.09209551634612,89.50647735595703,11307246
2021-11-05,89.50648708518493,90.33525085449219,89.0921052005313,90.33525085449219,17621370
2021-11-08,89.09210968017578,89.50649158566497,88.67772777468659,89.09210968017578,19912872
2021-11-09,89.09209551634612,89.50647735595703,88.67771367673521,89.50647735595703,23901115
2021-11-10,89.50648708518493,90.74963273914582,89.0921052005313,90.33525085449219,22839265
2021-11-11,89.92087349115417,90.33525539664335,89.09210968017578,89.09210968017578,18674012
2021-11-12,89.92086896983855,90.74963273914582,89.50648708518493,90.33525085449219,26633641
2021-11-15,90.33524103517885,91.16400471440068,89.50647735595703,89.50647735595703,25735186
2021-11-16,89.92085919556794,90.33524103517885,89.50647735595703,89.50647735595703,15746287
2021-11-17,89.92086471129801,89.92086471129801,88.26333725118191,88.67771911621094,31800650
2021-11-18,88.67771911621094,89.09210098123997,88.26333725118191,88.67771911621094,30441523
2021-11-19,89.09210760268807,89.50648949851453,88.26334381103516,88.26334381103516,20714969
2021-11-22,88.67772570686161,89.09210760268807,88.26334381103516,88.26334381103516,17750562
2021-11-23,88.26333510200932,88.67771695694833,87.84895324707031,87.84895324707031,22288461
2021-11-24,87.84895216232228,88.26333401214455,86.60580661285545,87.4345703125,29810172
2021-11-25,88.263340650286,88.263340650286,87.02019500732422,87.02019500732422,17457242
2021-11-26,87.0201918007671,87.0201918007671,85.77704620361328,85.77704620361328,24109403
2021-11-29,85.36266433789534,87.43457366648504,84.94828247217741,85.77704620361328,27800208
2021-11-30,86.19142806933122,87.43457366648504,85.36266433789534,85.77704620361328,49334401
2021-12-01,85.7770429132109,87.84895216232228,85.7770429132109,87.4345703125,22443321
2021-12-02,87.02019500732422,88.67772253127326,87.02019500732422,87.02019500732422,27037026
2021-12-03,87.43457688831148,87.84895876929873,87.02019500732422,87.02019500732422,18091990
2021-12-06,87.43458001938224,88.67772570686161,87.02019812355579,88.26334381103516,22698693
2021-12-07,87.84895324707031,89.09209881188735,87.0201895371923,87.84895324707031,25236546
2021-12-08,88.263340650286,88.67772253127326,87.02019500732422,87.02019500732422,35111410
2021-12-09,87.0201895371923,87.84895324707031,87.0201895371923,87.84895324707031,15077799
2021-12-10,87.43457688831148,87.84895876929873,86.60581312633697,87.02019500732422,20356210
2021-12-13,87.0201939487001,87.84895770059248,86.6058120727539,86.6058120727539,17305354
2021-12-14,86.6058120727539,87.43457582464629,86.19143019680772,86.6058120727539,22026866
2021-12-15,86.1914312453497,87.02019500732422,85.77704936436244,87.02019500732422,22944995
2021-12-16,87.43457366648504,87.84895553220298,85.77704620361328,85.77704620361328,33943652
2021-12-17,85.77704620361328,86.19142806933122,85.36266433789534,85.77704620361328,31642630
2021-12-20,85.7770451295723,86.19142699010163,85.36266326904297,85.36266326904297,17983356
2021-12-21,85.77704832086152,86.6058120727539,85.36266644491533,86.6058120727539,13187322
2021-12-22,86.60580993504915,86.60580993504915,85.77704620361328,85.77704620361328,11494283
2021-12-23,86.1914291381836,86.60581100904025,85.77704726732695,86.1914291381836,13822871
2021-12-24,86.60581100904025,87.0201928798969,86.1914291381836,86.1914291381836,11585049
2021-12-27,86.6058120727539,87.0201939487001,86.19143019680772,86.6058120727539,8809417
2021-12-28,86.60580661285545,87.4345703125,86.60580661285545,87.4345703125,15514907
2021-12-29,87.02019500732422,87.43457688831148,86.60581312633697,87.02019500732422,13358175
2021-12-30,86.60581100904025,87.0201928798969,86.1914291381836,86.1914291381836,16940701
2022-01-03,86.60580885063096,87.02019071116031,85.36266326904297,85.36266326904297,21800309
2022-01-04,86.19142806933122,86.19142806933122,85.36266433789534,85.77704620361328,18097232
2022-01-05,86.19143200795585,91.99277839310673,85.77705012330222,90.33525085449219,142256949
2022-01-06,89.50648284626898,89.92086471129801,87.8489553861529,88.67771911621094,49111058
2022-01-07,89.50648949851453,89.92087139434098,87.8489619152087,88.26334381103516,38575103
2022-01-10,87.84895770059248,88.26333957653867,86.19143019680772,86.6058120727539,34566857
2022-01-11,86.6058120727539,87.0201939487001,86.19143019680772,86.6058120727539,26075278
2022-01-12,87.0201939487001,87.43457582464629,86.19143019680772,86.6058120727539,18805639
2022-01-13,87.02018846267772,87.4345703125,86.60580661285545,87.4345703125,19590729
2022-01-14,87.0201918007671,87.43457366648504,85.36266433789534,85.77704620361328,38360049
2022-01-17,85.77704620361328,86.60580993504915,85.77704620361328,85.77704620361328,16094235
2022-01-18,86.60580993504915,86.60580993504915,85.77704620361328,85.77704620361328,14778734
2022-01-19,85.77704620361328,86.60580993504915,85.36266433789534,85.77704620361328,23938918
2022-01-20,85.7770451295723,86.19142699010163,85.36266326904297,85.36266326904297,28843468
2022-01-21,84.9482869166954,85.36266880409391,84.53390502929688,84.53390502929688,32900646
2022-01-24,85.36266326904297,86.60580885063096,84.94828140851364,85.36266326904297,41645390
2022-01-25,85.36266326904297,85.7770451295723,84.53389954798429,85.36266326904297,28944982
2022-01-26,85.36266880409391,85.77705069149242,84.53390502929688,84.53390502929688,33050112
2022-02-07,84.94828140851364,86.60580885063096,84.94828140851364,85.36266326904297,33556371
2022-02-08,86.19142476303318,87.84895216232228,85.36266106338863,87.4345703125,42889717
2022-02-09,87.8489619152087,88.26334381103516,87.43458001938224,88.26334381103516,22694894
2022-02-10,88.26334381103516,88.67772570686161,87.43458001938224,88.26334381103516,20096356
2022-02-11,87.4345713921313,87.84895324707031,86.60580768225329,87.84895324707031,16613415
2022-02-14,87.0201928798969,87.0201928798969,85.77704726732695,86.1914291381836,22322581
2022-02-15,86.1914291381836,87.0201928798969,86.1914291381836,86.1914291381836,13442567
2022-02-16,87.02018846267772,87.84895216232228,86.60580661285545,87.4345703125,13415034
2022-02-17,87.84895324707031,88.26333510200932,87.0201895371923,87.84895324707031,25431607
2022-02-18,87.02018846267772,87.84895216232228,87.02018846267772,87.4345703125,11303877
2022-02-21,87.0201895371923,88.67771695694833,86.60580768225329,87.84895324707031,23424745
2022-02-22,87.0201939487001,87.43457582464629,86.19143019680772,86.6058120727539,25922027
2022-02-23,86.60581312633697,87.43457688831148,86.60581312633697,87.02019500732422,14519774
2022-02-24,86.19143364138719,86.60581553389386,84.94828796386719,84.94828796386719,47297284
2022-02-25,85.36266326904297,85.7770451295723,84.94828140851364,85.36266326904297,29597295
2022-03-01,86.19143019680772,87.43457582464629,85.77704832086152,86.6058120727539,28845483
2022-03-02,86.19143019680772,87.0201939487001,86.19143019680772,86.6058120727539,13781632
2022-03-03,87.0201939487001,87.43457582464629,86.6058120727539,86.6058120727539,13799475
2022-03-04,86.1914312453497,87.02019500732422,85.77704936436244,87.02019500732422,18406414
2022-03-07,86.19143364138719,86.19143364138719,84.94828796386719,84.94828796386719,43631775
2022-03-08,84.11951446533203,84.94827815464565,82.87636893136161,84.11951446533203,60192113
2022-03-09,84.53389630998885,84.94827815464565,84.11951446533203,84.11951446533203,29168018
2022-03-10,85.36266326904297,86.19142699010163,84.94828140851364,85.36266326904297,25008712
2022-03-11,85.36266433789534,86.19142806933122,84.94828247217741,85.77704620361328,23629440
2022-03-14,85.36266985637386,86.19143364138719,84.94828796386719,84.94828796386719,25796152
2022-03-15,84.5339029142172,85.36266666827815,83.70513916015625,83.70513916015625,31099190
2022-03-16,84.11951446533203,84.94827815464565,82.87636893136161,84.11951446533203,35941142
2022-03-17,85.77704726732695,86.60581100904025,85.36266539647029,86.1914291381836,43536754
2022-03-18,87.0201895371923,87.84895324707031,85.77704397237525,87.84895324707031,82056684
2022-03-21,87.84895770059248,88.26333957653867,86.6058120727539,86.6058120727539,21118636
2022-03-22,86.1914291381836,86.60581100904025,85.77704726732695,86.1914291381836,21010720
2022-03-23,86.60580661285545,87.4345703125,86.19142476303318,87.4345703125,19285529
2022-03-24,87.02019812355579,89.50648949851453,86.60581622772933,88.26334381103516,50161697
2022-03-25,88.26333510200932,88.67771695694833,87.84895324707031,87.84895324707031,20559680
2022-03-28,87.4345713921313,88.26333510200932,86.60580768225329,87.84895324707031,19827138
2022-03-29,87.84895216232228,88.26333401214455,86.60580661285545,87.4345703125,15281994
2022-03-30,87.84895216232228,87.84895216232228,87.02018846267772,87.4345703125,19929601
2022-03-31,87.84895324707031,88.26333510200932,87.4345713921313,87.84895324707031,20008814
2022-04-01,87.0201939487001,87.43457582464629,86.6058120727539,86.6058120727539,23307788
2022-04-06,86.60581312633697,87.02019500732422,86.1914312453497,87.02019500732422,31289599
2022-04-07,86.60580885063096,87.02019071116031,85.36266326904297,85.36266326904297,34459124
2022-04-08,85.36266326904297,85.7770451295723,84.94828140851364,85.36266326904297,24825800
2022-04-11,85.36266880409391,85.77705069149242,84.11952314189837,84.53390502929688,28845321
2022-04-12,84.53390502929688,85.36266880409391,84.11952314189837,84.53390502929688,17640348
2022-04-13,85.36266539647029,86.60581100904025,84.94828352561365,86.1914291381836,15837431
2022-04-14,86.1914291381836,86.60581100904025,85.77704726732695,86.1914291381836,8896584
2022-04-15,85.7770451295723,86.19142699010163,85.36266326904297,85.36266326904297,11699116
2022-04-18,84.53390607136052,85.36266985637386,84.53390607136052,84.94828796386719,11383276
2022-04-19,85.36266880409391,85.77705069149242,84.53390502929688,84.53390502929688,17643855
2022-04-20,84.94828140851364,85.36266326904297,84.53389954798429,85.36266326904297,19489328
2022-04-21,85.7770451295723,86.19142699010163,85.36266326904297,85.36266326904297,18357634
2022-04-22,84.94828247217741,85.77704620361328,84.53390060645947,85.77704620361328,16603902
2022-04-25,84.948275931439,84.948275931439,83.2907485961914,83.2907485961914,40565427
2022-04-26,83.70513916015625,84.11952103718673,83.29075728312577,83.70513916015625,20545513
2022-04-27,82.7934981823177,83.2907551574707,82.62774164195638,82.87637329101562,29697752
2022-04-28,82.87636893136161,84.11951446533203,82.87636893136161,84.11951446533203,27751372
2022-04-29,84.11952314189837,84.53390502929688,84.11952314189837,84.53390502929688,14137983
2022-05-03,84.53390607136052,85.36266985637386,84.11952417885384,84.94828796386719,17216495
2022-05-04,85.77704726732695,86.60581100904025,85.36266539647029,86.1914291381836,29912716
2022-05-05,87.0201939487001,87.43457582464629,86.19143019680772,86.6058120727539,34766562
2022-05-06,85.77704726732695,86.1914291381836,84.94828352561365,86.1914291381836,27316318
2022-05-09,85.77704726732695,86.1914291381836,85.36266539647029,86.1914291381836,24282777
2022-05-10,85.36266539647029,86.1914291381836,84.94828352561365,86.1914291381836,17584435
2022-05-11,85.7770451295723,86.19142699010163,85.36266326904297,85.36266326904297,19605349
2022-05-12,85.36266880409391,85.36266880409391,84.53390502929688,84.53390502929688,22154008
2022-05-13,86.1914291381836,86.1914291381836,85.36266539647029,86.1914291381836,19656439
2022-05-16,86.19143019680772,86.6058120727539,85.77704832086152,86.6058120727539,22467860
2022-05-17,86.60581312633697,87.02019500732422,86.1914312453497,87.02019500732422,25153620
2022-05-18,87.43457352112387,88.67771911621094,87.02019165609485,88.67771911621094,55743416
2022-05-19,87.43458205821902,89.09210968017578,87.02020015272983,89.09210968017578,37286039
2022-05-20,89.09210098123997,90.33524657632704,88.67771911621094,88.67771911621094,45964633
2022-05-23,89.50647735595703,90.33524103517885,88.67771367673521,89.50647735595703,34196330
2022-05-24,89.50647735595703,90.33524103517885,89.50647735595703,89.50647735595703,37199729
2022-05-25,89.92086245044726,91.16400801427832,89.5064805958369,90.74962615966797,75541746
2022-05-26,91.16401462379946,91.5783965084531,89.92086896983855,90.33525085449219,39995538
2022-05-27,91.16401672363281,91.99278051202948,90.74963482943448,91.16401672363281,51671206
2022-05-30,91.5783920288086,91.99277389319235,90.33524643565735,91.5783920288086,43770168
2022-05-31,91.99277914941838,93.65030670166016,91.1640153732975,93.65030670166016,89526207
2022-06-01,93.23591290603038,96.13658575199578,92.82153107089248,94.89344024658203,71080756
2022-06-02,94.89343914232755,96.13658463327508,94.06467548169587,94.47905731201172,36440162
2022-06-06,95.30782427106585,96.13658796037947,94.47906058175224,95.72220611572266,35782678
2022-06-07,95.3078275840188,95.72220944307975,94.06468200683594,94.06468200683594,37688003
2022-06-08,94.89343914232755,95.3078209726434,94.06467548169587,94.47905731201172,18570005
2022-06-09,94.47906058175224,95.72220611572266,94.06467873709543,95.72220611572266,29571170
2022-06-10,95.3078209726434,95.3078209726434,94.47905731201172,94.47905731201172,24037427
2022-06-13,93.2359216459129,93.2359216459129,91.99277602396738,92.40715789794922,45251873
2022-06-14,91.16401227600372,93.2359216459129,91.16401227600372,92.40715789794922,31839349
2022-06-15,93.23591504778182,93.23591504778182,92.4071513584682,92.821533203125,24548371
2022-06-16,94.06468539387656,94.06468539387656,91.57839414998556,92.40715789794922,31543119
2022-06-17,91.16400801427832,91.99277172349905,90.74962615966797,90.74962615966797,49546955
2022-06-20,91.16401462379946,91.5783965084531,89.92086896983855,90.33525085449219,33359214
2022-06-21,91.57838766915458,93.23591504778182,91.57838766915458,92.821533203125,38500252
2022-06-22,92.4071535781094,92.4071535781094,90.74962615966797,90.74962615966797,31181855
2022-06-23,91.57838655401159,91.57838655401159,89.09209551634612,89.50647735595703,45758826
2022-06-24,90.33525293523616,91.57839861783116,89.92087104103783,91.16401672363281,29542926
2022-06-27,91.9927749633789,92.82153870178773,91.9927749633789,91.9927749633789,25944301
2022-06-28,92.4071513584682,92.821533203125,91.16400582449778,92.821533203125,27617500
2022-06-29,92.40715683258333,93.23592057099214,91.5783930941745,91.9927749633789,33501065
2022-06-30,91.5783965084531,91.99277839310673,90.33525085449219,90.33525085449219,44339108
2022-07-01,89.92086252176537,90.33524437670438,87.4345713921313,87.84895324707031,62417854
2022-07-04,87.58749206542969,88.89476806640626,86.71597473144531,87.1517333984375,70346389
2022-07-05,88.89476958484185,89.76628693371285,88.02325223597084,89.33052825927734,45133868
2022-07-06,89.7662950961744,90.20205381023351,87.5875015258789,87.5875015258789,45606608
2022-07-07,88.02326324020608,90.20205688476562,87.58750451129416,90.20205688476562,40971306
2022-07-08,90.20205149931066,90.63781020220588,88.45901668772977,88.894775390625,34112553
2022-07-11,88.89477946970723,88.89477946970723,87.58750330103506,88.02326202392578,18375028
2022-07-12,87.15174281181982,88.02326023993801,86.89028492372422,87.5875015258789,26056813
2022-07-13,89.76628693371285,90.20204560814835,89.33052825927734,89.33052825927734,31813542
2022-07-14,89.33052971249535,92.38084048316593,89.33052971249535,91.50932312011719,46066645
2022-07-15,91.50932312011719,92.38084048316593,91.07356443859283,91.50932312011719,24630202
2022-07-18,91.50932312011719,91.94508180164156,90.63780575706846,91.50932312011719,17000378
2022-07-19,91.07356845415555,91.50932715489314,90.20205105268037,90.63780975341797,20445793
2022-07-20,90.63781561367755,91.50933307150136,89.76629815585372,90.20205688476562,35017029
2022-07-21,90.63780754776363,91.94508361816406,90.20204885763015,91.94508361816406,23154380
2022-07-22,91.94508541754956,92.81660281487231,91.50932671888819,92.38084411621094,28741668
2022-07-25,92.38084191610648,94.12387666924056,91.94508322782295,93.68811798095703,39068310
2022-07-26,94.1238784790039,94.55963717566597,93.2523610856798,94.1238784790039,22725130
2022-07-27,94.55963717566597,95.43115456899008,93.68811978234186,94.1238784790039,30666386
2022-07-28,94.99539768201414,94.99539768201414,94.12388027208742,94.55963897705078,21777281
2022-07-29,94.99539184570312,95.43115052389443,94.55963316751183,94.99539184570312,21866952
2022-08-01,94.55963316751183,94.99539184570312,94.12387448932053,94.99539184570312,14697891
2022-08-02,94.1238784790039,94.1238784790039,92.81660238901775,94.1238784790039,40353392
2022-08-03,93.68812156712404,94.55963897705078,93.25236286216068,94.55963897705078,30936472
2022-08-04,94.1238784790039,94.55963717566597,92.81660238901775,94.1238784790039,38651714
2022-08-05,94.55963717566597,94.99539587232802,94.1238784790039,94.1238784790039,24868879
2022-08-08,93.2523610856798,94.1238784790039,92.81660238901775,94.1238784790039,22571210
2022-08-09,94.12387448932053,94.99539184570312,93.25235713293793,94.99539184570312,25759491
2022-08-10,94.995395452326,96.73843023126776,94.12387806285511,95.86691284179688,56343332
2022-08-11,97.17419207412584,98.4814682006836,96.30267465642068,98.4814682006836,62046990
2022-08-12,98.48146640353733,99.35298380533854,97.60994900173611,98.04570770263672,48405887
2022-08-15,98.48146459034511,98.48146459034511,97.17418851171222,97.60994720458984,29323346
2022-08-16,97.6099512598536,97.6099512598536,96.30267512690914,96.73843383789062,28765617
2022-08-17,96.7384315999349,98.04570770263672,96.7384315999349,98.04570770263672,30500758
2022-08-18,98.04570589746749,98.04570589746749,96.73842981883458,97.60994720458984,25764909
2022-08-19,97.17419254887211,97.6099512598536,96.73843383789062,96.73843383789062,17611604
2022-08-22,96.30267153653232,96.73843023126776,95.86691284179688,95.86691284179688,10185000
2022-08-23,95.86691284179688,96.30267153653232,95.43115414706143,95.86691284179688,17881145
2022-08-24,96.30267741582166,96.73843613716022,94.99540125180597,95.43115997314453,24541358
2022-08-25,95.43115997314453,96.30267741582166,95.43115997314453,95.43115997314453,14108637
2022-08-26,95.86691463694852,96.30267333984375,95.43115593405331,96.30267333984375,17056269
2022-08-29,94.55963717566597,94.99539587232802,94.1238784790039,94.1238784790039,26838820
2022-08-30,94.55963897705078,94.99539768201414,94.12388027208742,94.55963897705078,21797499
2022-08-31,94.12387448932053,95.43115052389443,93.68811581112924,94.99539184570312,28991269
2022-09-01,94.12387666924056,94.55963535752407,93.25235929267352,93.68811798095703,37415613
2022-09-02,94.12387666924056,94.12387666924056,93.25235929267352,93.68811798095703,17074664
2022-09-05,94.1238784790039,94.55963717566597,93.68811978234186,94.1238784790039,21079281
2022-09-06,94.55963897705078,94.55963897705078,93.68812156712404,94.55963897705078,16384324
2022-09-07,93.68812021219506,94.12387891085643,92.38084411621094,92.38084411621094,31588795
2022-09-08,93.25236511230469,93.25236511230469,92.38084768134857,93.25236511230469,15056746
2022-09-12,94.55963897705078,94.99539768201414,93.68812156712404,94.55963897705078,18427897
2022-09-13,94.995395452326,96.30267153653232,94.55963675759055,95.86691284179688,32733009
2022-09-14,93.68811798095703,94.55963535752407,93.25235929267352,93.68811798095703,26434615
2022-09-15,93.68811978234186,94.55963717566597,93.68811978234186,94.1238784790039,17100232
2022-09-16,93.68811798095703,94.12387666924056,93.25235929267352,93.68811798095703,37103124
2022-09-19,93.68812382778275,94.1238825432608,92.81660639682663,93.25236511230469,17131612
2022-09-20,93.68812156712404,94.55963897705078,93.25236286216068,94.55963897705078,25688754
2022-09-21,94.55964125873886,94.55964125873886,92.81660639682663,93.25236511230469,25799149
2022-09-22,92.81660639682663,93.68812382778275,92.38084768134857,93.25236511230469,24048970
2022-09-23,93.25236332136701,93.6881220284762,92.38084590714863,92.81660461425781,15318321
2022-09-26,91.94508585563072,92.38084455636832,90.20205105268037,90.63780975341797,40675073
2022-09-27,90.63781561367755,91.07357434258945,89.76629815585372,90.20205688476562,21273277
2022-09-28,90.20205381023351,90.6378125242926,87.5875015258789,87.5875015258789,48743869
2022-09-29,88.45901489257812,89.33053228068235,88.02325619852601,88.45901489257812,40253163
2022-09-30,87.15174057904412,88.894775390625,87.15174057904412,88.894775390625,27852050
2022-10-03,88.02326202392578,88.89477946970723,87.58750330103506,88.02326202392578,20873153
2022-10-04,89.33052825927734,89.76628693371285,88.89476958484185,89.33052825927734,17249740
2022-10-05,91.94508896587051,93.68812382778275,91.50933025039245,93.25236511230469,52299029
2022-10-06,94.12387666924056,94.55963535752407,92.81660060438999,93.68811798095703,27153696
2022-10-07,93.25235929267352,94.12387666924056,92.81660060438999,93.68811798095703,21917087
2022-10-11,91.50932715489314,91.94508585563072,90.63780975341797,90.63780975341797,37540410
2022-10-12,90.6378138273665,91.07357254769038,89.33053766639487,89.76629638671875,37752638
2022-10-13,90.20205688476562,91.07357434258945,89.33053942694181,90.20205688476562,29359558
2022-10-14,91.07356443859283,91.94508180164156,91.07356443859283,91.50932312011719,25035354
2022-10-17,90.63780575706846,91.94508180164156,90.63780575706846,91.50932312011719,28280778
2022-10-18,91.94509180041328,92.38085052932519,89.76629815585372,90.20205688476562,38498822
2022-10-19,90.6378138273665,91.50933126801425,89.76629638671875,89.76629638671875,54005985
2022-10-20,89.76628693371285,90.20204560814835,88.02325223597084,89.33052825927734,57596655
2022-10-21,89.33053942694181,90.20205688476562,88.89478069802989,90.20205688476562,24049235
2022-10-24,91.07357254769038,91.07357254769038,89.33053766639487,89.76629638671875,29054365
2022-10-25,89.76629815585372,90.20205688476562,88.45902196911798,90.20205688476562,36701674
2022-10-26,90.63780975341797,91.07356845415555,89.7662923519428,90.63780975341797,28275416
2022-10-27,91.50932715489314,91.50932715489314,90.63780975341797,90.63780975341797,31261879
2022-10-28,91.07356845415555,91.07356845415555,89.7662923519428,90.63780975341797,22200068
2022-10-31,88.45901091040635,89.76628693371285,88.45901091040635,89.33052825927734,43562953
2022-11-01,88.45901489257812,88.89477358663024,87.5874975044739,88.45901489257812,46692717
2022-11-02,88.45901668772977,88.894775390625,88.02325798483456,88.894775390625,28465028
2022-11-03,88.02326202392578,88.4590207468165,87.58750330103506,88.02326202392578,39227107
2022-11-04,87.15174281181982,88.02326023993801,86.71598409776071,87.5875015258789,48440518
2022-11-07,87.58749206542969,88.02325073242187,86.97743259130046,87.1517333984375,40465357
2022-11-08,87.1517333984375,87.58749206542969,87.1517333984375,87.1517333984375,29917422
2022-11-09,87.15173488709985,89.33052825927734,87.15173488709985,89.33052825927734,40267209
2022-11-10,88.02326023993801,88.4590189539971,87.5875015258789,87.5875015258789,38942597
2022-11-11,88.45900939941407,89.33052673339844,87.1517333984375,87.1517333984375,88699853
2022-11-14,86.71598011636969,88.45901489257812,86.71598011636969,88.45901489257812,66938705
2022-11-15,88.45901489257812,89.33053228068235,88.02325619852601,88.45901489257812,46831926
2022-11-16,88.45901489257812,89.33053228068235,88.02325619852601,88.45901489257812,46656901
2022-11-17,88.45901489257812,88.89477358663024,88.02325619852601,88.45901489257812,26166790
2022-11-18,88.4590189539971,89.33053638211531,87.5875015258789,87.5875015258789,43152213
2022-11-21,88.02325073242187,88.45900939941407,87.1517333984375,87.1517333984375,30138717
2022-11-22,87.15174281181982,87.5875015258789,87.15174281181982,87.5875015258789,28386414
2022-11-23,88.02326023993801,88.4590189539971,87.5875015258789,87.5875015258789,31531556
2022-11-24,87.58750330103506,88.02326202392578,87.15174457814435,88.02326202392578,42058555
2022-11-25,87.5875015258789,88.02326023993801,87.15174281181982,87.5875015258789,34893350
2022-11-28,87.58749206542969,87.58749206542969,86.80312513501384,87.1517333984375,46570604
2022-11-29,87.1517333984375,87.58749206542969,86.89027553858236,87.1517333984375,33933430
2022-11-30,87.5875015258789,88.4590189539971,87.15174281181982,87.5875015258789,73098376
2022-12-01,88.45902022574711,89.76629638671875,88.45902022574711,89.76629638671875,66190485
2022-12-02,89.76629016749666,92.38084230829755,89.76629016749666,91.94508361816406,77556958
2022-12-05,92.81660099843101,93.2523596885645,91.94508361816406,91.94508361816406,45869305
2022-12-06,90.6378138273665,91.07357254769038,89.33053766639487,89.76629638671875,54823509
2022-12-07,89.33053409352021,90.63781020220588,88.894775390625,88.894775390625,44543745
2022-12-08,88.89477358663024,89.33053228068235,88.45901489257812,88.45901489257812,30784065
2022-12-09,89.33053409352021,89.76629279641544,88.894775390625,88.894775390625,32429484
2022-12-12,88.894775390625,88.894775390625,88.02325798483456,88.894775390625,19377505
2022-12-13,88.89477946970723,89.33053819259796,88.02326202392578,88.02326202392578,34609744
2022-12-14,88.45901091040635,89.33052825927734,88.02325223597084,89.33052825927734,24686884
2022-12-15,88.45901489257812,89.33053228068235,88.45901489257812,88.45901489257812,24472461
2022-12-16,87.5875015258789,88.4590189539971,87.15174281181982,87.5875015258789,71935875
2022-12-19,87.5874975044739,88.89477358663024,87.5874975044739,88.45901489257812,29443100
2022-12-20,88.02325073242187,88.45900939941407,87.1517333984375,87.1517333984375,44517003
2022-12-21,88.02325073242187,88.02325073242187,87.1517333984375,87.1517333984375,27849028
2022-12-22,88.02326202392578,88.02326202392578,87.58750330103506,88.02326202392578,21205805
2022-12-23,87.15174457814435,88.02326202392578,87.15174457814435,88.02326202392578,15377369
2022-12-26,88.4590207468165,88.4590207468165,87.58750330103506,88.02326202392578,8716525
2022-12-27,88.02326023993801,88.4590189539971,87.5875015258789,87.5875015258789,8826169
2022-12-28,87.5875015258789,87.5875015258789,87.15174281181982,87.5875015258789,22673422
2022-12-29,87.15173955557283,87.15173955557283,86.71598085779497,86.8902816772461,37212398
2022-12-30,87.15174086513667,87.58749956946235,86.97744004306647,87.06459045410156,18093658
2023-01-03,87.06457947473216,87.06457947473216,85.40869527728154,86.36736297607422,46594672
2023-01-04,85.40870682693944,86.01876635890035,85.40870682693944,85.49585723876953,41500261
2023-01-05,85.49585707670396,86.19307366832354,85.40870666503906,85.40870666503906,35686123
2023-01-06,85.6701585543944,86.10591723137678,85.6701585543944,85.75730895996094,20091590
2023-01-09,86.45451337611914,86.8031216254481,86.1930621759844,86.36736297607422,33250703
2023-01-10,86.62882232666016,86.9774305820306,86.36736447284497,86.62882232666016,19385954
2023-01-11,86.97742907468725,86.97742907468725,86.36736297607422,86.36736297607422,19900837
2023-01-12,86.36736878610976,86.71597705889003,85.93161010742188,85.93161010742188,18537275
2023-01-13,86.28021838020214,86.71597705889003,85.93161010742188,85.93161010742188,17809439
2023-01-16,85.93161594707024,86.45452506720106,85.49585723876953,85.49585723876953,26829826
2023-01-17,85.58300765059963,85.84446553524015,85.49585723876953,85.49585723876953,27871039
2023-01-30,86.80313336367166,86.89028377550177,85.40870682693944,85.49585723876953,81832690
2023-01-31,85.67016264278811,88.02325695112857,85.58300558391251,86.8902816772461,78717445
2023-02-01,87.58749206542969,88.02325073242187,86.97743259130046,87.1517333984375,39899084
2023-02-02,87.58749206542969,88.02325073242187,87.1517333984375,87.1517333984375,49473623
2023-02-03,87.15174705094407,87.58750578619878,86.71598831568934,86.80313873291016,43062963
2023-02-06,87.5874975044739,88.89477358663024,87.5874975044739,88.45901489257812,50209500
2023-02-07,88.89477766805621,88.89477766805621,87.5875015258789,87.5875015258789,31198971
2023-02-08,87.5875015258789,88.02326023993801,87.5875015258789,87.5875015258789,24332505
2023-02-09,87.58750330103506,88.4590207468165,87.15174457814435,88.02326202392578,29215985
2023-02-10,88.45901489257812,88.89477358663024,87.5874975044739,88.45901489257812,25426136
2023-02-13,88.4590207468165,88.89477946970723,88.02326202392578,88.02326202392578,18330530
2023-02-14,88.45901668772977,88.894775390625,88.45901668772977,88.894775390625,18342029
2023-02-15,88.89476958484185,89.33052825927734,88.45901091040635,89.33052825927734,36053227
2023-02-16,89.76629815585372,90.20205688476562,89.33053942694181,90.20205688476562,39617729
2023-02-17,89.76629815585372,90.20205688476562,89.33053942694181,90.20205688476562,28586479
2023-02-20,90.20205510704263,90.6378138273665,89.33053766639487,89.76629638671875,21971615
2023-02-21,89.33052825927734,89.76628693371285,89.33052825927734,89.33052825927734,13794962
2023-02-22,88.894775390625,89.33053409352021,88.45901668772977,88.894775390625,21960210
2023-02-23,88.89477894607099,89.76629638671875,88.89477894607099,89.76629638671875,20815057
2023-02-24,89.76629691548867,90.20205563837939,88.02326202392578,88.02326202392578,53866924
2023-03-01,87.15174057904412,89.76629279641544,87.15174057904412,88.894775390625,44807719
2023-03-02,89.33052825927734,89.76628693371285,88.45901091040635,89.33052825927734,27825685
2023-03-03,90.20204560814835,90.63780428258384,89.33052825927734,89.33052825927734,29133932
2023-03-06,89.76629815585372,90.63781561367755,89.33053942694181,90.20205688476562,37825717
2023-03-07,90.20204707554409,92.38084048316593,90.20204707554409,91.50932312011719,72281357
2023-03-08,91.07356845415555,91.50932715489314,90.63780975341797,90.63780975341797,31270865
2023-03-09,90.63780428258384,91.07356295701935,88.89476958484185,89.33052825927734,61494331
2023-03-10,88.894775390625,89.33053409352021,88.45901668772977,88.894775390625,27734890
2023-03-13,88.89477894607099,90.20205510704263,88.45902022574711,89.76629638671875,23591966
2023-03-14,88.894775390625,89.33053409352021,88.45901668772977,88.894775390625,29415418
2023-03-15,89.33052825927734,89.76628693371285,88.89476958484185,89.33052825927734,20481113
2023-03-16,89.33053409352021,89.76629279641544,88.894775390625,88.894775390625,27614054
2023-03-17,89.76629815585372,91.07357434258945,89.33053942694181,90.20205688476562,62309325
2023-03-20,90.20204560814835,90.63780428258384,89.33052825927734,89.33052825927734,21366539
2023-03-21,89.76629815585372,90.63781561367755,89.76629815585372,90.20205688476562,21054992
2023-03-22,90.20205688476562,91.07357434258945,89.76629815585372,90.20205688476562,21545922
2023-03-23,89.76629815585372,91.07357434258945,89.76629815585372,90.20205688476562,31525774
2023-03-24,91.0735662378971,92.38084230829755,90.63780754776363,91.94508361816406,68833626
2023-03-27,91.50933307150136,91.94509180041328,90.20205688476562,90.20205688476562,32246406
2023-03-28,90.6378138273665,90.6378138273665,89.76629638671875,89.76629638671875,24056022
2023-03-29,89.76629815585372,90.63781561367755,89.76629815585372,90.20205688476562,21090350
2023-03-30,90.6378115421277,91.07357025146484,90.20205283279054,91.07357025146484,19398433
2023-03-31,91.07356845415555,91.50932715489314,90.63780975341797,90.63780975341797,18283580
2023-04-06,91.07357434258945,91.94509180041328,89.76629815585372,90.20205688476562,39046856
2023-04-07,90.6378138273665,90.6378138273665,89.76629638671875,89.76629638671875,11565207
2023-04-10,89.76629638671875,90.6378138273665,89.76629638671875,89.76629638671875,12404976
2023-04-11,90.20205688476562,90.63781561367755,89.76629815585372,90.20205688476562,29073959
2023-04-12,90.20204560814835,90.20204560814835,89.33052825927734,89.33052825927734,20279457
2023-04-13,89.33053766639487,90.20205510704263,89.33053766639487,89.76629638671875,22784420
2023-04-14,90.6378115421277,91.07357025146484,89.76629412345339,91.07357025146484,25584829
2023-04-17,91.07356845415555,91.07356845415555,90.20205105268037,90.63780975341797,15274691
2023-04-18,90.6378115421277,91.07357025146484,90.20205283279054,91.07357025146484,16042798
2023-04-19,91.07356845415555,91.07356845415555,90.20205105268037,90.63780975341797,18734037
2023-04-20,90.20205283279054,91.07357025146484,90.20205283279054,91.07357025146484,19680444
2023-04-21,91.50932715489314,91.94508585563072,90.63780975341797,90.63780975341797,32735172
2023-04-24,90.63781561367755,91.07357434258945,90.20205688476562,90.20205688476562,18393606
2023-04-25,90.20205510704263,90.6378138273665,89.76629638671875,89.76629638671875,26878363
2023-04-26,89.76629815585372,91.07357434258945,89.76629815585372,90.20205688476562,33983572
2023-04-27,90.20205688476562,90.63781561367755,89.76629815585372,90.20205688476562,16606395
2023-04-28,90.6378115421277,91.07357025146484,90.20205283279054,91.07357025146484,19404553
2023-05-02,91.07356802022682,92.38084411621094,90.63780932156544,92.38084411621094,49934354
2023-05-03,91.94508361816406,92.38084230829755,91.50932492803058,91.94508361816406,26855259
2023-05-04,91.94508180164156,91.94508180164156,91.50932312011719,91.50932312011719,12735443
2023-05-05,91.50932312011719,91.94508180164156,91.07356443859283,91.50932312011719,12524881
2023-05-08,91.94508180164156,92.38084048316593,91.50932312011719,91.50932312011719,10197144
2023-05-09,91.50932849293024,93.25236332136701,91.07356978582105,92.81660461425781,40552496
2023-05-10,92.81660461425781,93.25236332136701,92.38084590714863,92.81660461425781,17406967
2023-05-11,92.8165991646903,93.25235784621466,91.50932312011719,91.50932312011719,21740140
2023-05-12,90.20204560814835,90.63780428258384,88.89476958484185,89.33052825927734,70640476
2023-05-15,89.33053409352021,89.76629279641544,88.894775390625,88.894775390625,28080940
2023-05-16,89.33053409352021,89.76629279641544,88.894775390625,88.894775390625,41848030
2023-05-17,88.89476958484185,89.76628693371285,88.89476958484185,89.33052825927734,38707801
2023-05-18,89.76629638671875,90.20205510704263,89.33053766639487,89.76629638671875,27646823
2023-05-19,89.76629638671875,89.76629638671875,88.89477894607099,89.76629638671875,33026440
2023-05-22,89.33053766639487,89.76629638671875,89.33053766639487,89.76629638671875,18055020
2023-05-23,89.76628693371285,89.76628693371285,89.33052825927734,89.33052825927734,21793465
2023-05-24,89.33053766639487,89.76629638671875,89.33053766639487,89.76629638671875,15681903
2023-05-25,89.33052825927734,90.20204560814835,89.33052825927734,89.33052825927734,25782108
2023-05-26,89.33052825927734,89.76628693371285,88.89476958484185,89.33052825927734,34841283
2023-05-29,90.20204885763015,92.38084230829755,89.76629016749666,91.94508361816406,77950453
2023-05-30,92.81660639682663,94.1238825432608,92.38084768134857,93.25236511230469,88126662
2023-05-31,93.6881220284762,93.6881220284762,91.94508720003944,92.81660461425781,58697772
2023-06-01,92.81660238901775,94.1238784790039,92.38084369235568,94.1238784790039,46264650
2023-06-02,94.55963717566597,94.99539587232802,93.68811978234186,94.1238784790039,53639503
2023-06-05,94.55963535752407,94.55963535752407,93.25235929267352,93.68811798095703,24441405
2023-06-06,93.25236511230469,93.68812382778275,92.38084768134857,93.25236511230469,36177082
2023-06-07,93.68811978234186,94.1238784790039,93.2523610856798,94.1238784790039,22331554
2023-06-08,94.1238825432608,94.1238825432608,93.25236511230469,93.25236511230469,17253275
2023-06-09,93.68811978234186,94.1238784790039,93.2523610856798,94.1238784790039,16636034
2023-06-12,94.12387982536764,97.6099494485294,93.68812112247242,96.30267333984375,97931538
2023-06-13,96.7384315999349,98.48146640353733,96.7384315999349,98.04570770263672,69701479
2023-06-14,98.04570770263672,98.48146640353733,97.1741903008355,98.04570770263672,35568685
2023-06-15,98.04570407610838,98.48146276089108,96.73842802176027,97.17418670654297,34887268
2023-06-16,97.17419254887211,98.0457099708351,96.73843383789062,96.73843383789062,46995134
2023-06-19,97.1741903008355,98.48146640353733,96.7384315999349,98.04570770263672,25047682
2023-06-20,98.48146640353733,98.91722510443793,97.1741903008355,98.04570770263672,29739937
2023-06-21,98.04570949183102,98.4814682006836,97.60995078297843,98.4814682006836,34763025
2023-06-26,98.91722070603144,101.09601411365328,98.48146202450708,100.6602554321289,99919960
2023-06-27,101.09601633172286,101.53177502280788,99.35298156738281,99.35298156738281,66946025
2023-06-28,99.78873626045558,101.09601228133492,99.78873626045558,100.22449493408203,44666321
2023-06-29,101.09602045379908,101.09602045379908,98.4814682006836,98.4814682006836,39560094
2023-06-30,98.4814682006836,98.4814682006836,96.73843336527327,98.4814682006836,48200965
2023-07-03,99.35297758682914,100.22449493408203,98.9172189132027,100.22449493408203,87520052
2023-07-04,102.32583562677557,102.78264739296654,100.04177679582075,100.49858856201172,79691146
2023-07-05,100.4985862063922,100.9553979618758,98.2145274289742,99.1281509399414,50544581
2023-07-06,98.2145304024502,98.2145304024502,95.9304715558816,96.38728332519531,69069457
2023-07-07,95.9304715558816,96.84409509450903,95.47365978656786,96.38728332519531,30487502
2023-07-10,96.38728690261475,96.84409868888307,95.47366333007812,95.47366333007812,24605713
2023-07-11,95.93046569824219,96.38727743966238,95.47365395682198,95.93046569824219,23641103
2023-07-12,95.93046463367551,98.21452331542969,95.93046463367551,98.21452331542969,37582438
2023-07-13,99.12815628764785,99.58496806777526,97.75772094726562,97.75772094726562,29761053
2023-07-14,98.21453146738548,100.04177856445312,97.30090791885166,100.04177856445312,43171954
2023-07-17,100.4985868013822,101.41221031775841,100.04177504319411,100.95539855957031,41250219
2023-07-18,100.95540087563651,103.69627148764475,100.49858910696848,102.32583618164062,52327726
2023-07-19,103.23945673929381,103.69626849477741,98.67133918445779,99.1281509399414,54580337
2023-07-20,99.5849644696271,100.49858799687138,98.21452917876067,98.67134094238281,32928924
2023-07-21,97.75771157907886,99.12814678813136,97.30089984272801,98.21452331542969,24874943
2023-07-24,98.67134094238281,99.12815270600495,97.75771741513853,98.67134094238281,19757373
2023-07-25,99.12815380096436,102.32583618164062,99.12815380096436,102.32583618164062,60570621
2023-07-26,102.3258302970852,102.7826420394829,101.4122068122898,101.8690185546875,30040003
2023-07-27,102.32583383413461,103.23945735051082,100.95539855957031,100.95539855957031,31329930
2023-07-28,100.95540211298693,101.41221388725384,100.04177856445312,100.04177856445312,22140011
2023-07-31,100.9553979618758,101.4122097173594,99.1281509399414,99.1281509399414,30316038
2023-08-01,100.04177504319411,101.41221031775841,99.584963285006,100.95539855957031,23966725
2023-08-02,100.49858799687138,100.95539976049352,98.67134094238281,98.67134094238281,33642403
2023-08-04,99.58496155609956,101.4122085571289,99.58496155609956,101.4122085571289,38960707
2023-08-07,102.32583743578766,102.78264921005457,100.04177856445312,100.04177856445312,45334600
2023-08-08,100.95539855957031,101.41221031775841,100.04177504319411,100.95539855957031,29163604
2023-08-09,100.95539855957031,101.8690220759465,100.4985868013822,100.95539855957031,20348974
2023-08-10,101.41221209439364,101.41221209439364,100.04177679582075,100.49858856201172,22241741
2023-08-11,100.4985862063922,100.9553979618758,99.1281509399414,99.1281509399414,22550572
2023-08-14,100.04177679582075,100.95540032820269,99.5849650296298,100.49858856201172,29995115
2023-08-15,98.67134450752044,99.58496806777526,97.75772094726562,97.75772094726562,63923173
2023-08-16,97.30090686382276,97.30090686382276,95.9304715558816,96.38728332519531,43637112
2023-08-17,96.38727981495745,97.75771507299002,96.38727981495745,97.3009033203125,24569578
2023-08-18,97.30090508371029,97.75771684466669,96.38728156179752,96.8440933227539,17125216
2023-08-21,97.30090508371029,97.75771684466669,96.38728156179752,96.8440933227539,10711817
2023-08-22,97.3009033203125,97.75771507299002,96.84409156763498,97.3009033203125,13146421
2023-08-23,97.3009033203125,98.21452682566755,96.84409156763498,97.3009033203125,16513876
2023-08-24,99.58496679018621,100.95540211298693,99.1281550159193,100.04177856445312,50697365
2023-08-25,99.12815270600495,99.5849644696271,98.67134094238281,98.67134094238281,21088268
2023-08-28,99.12815270600495,99.5849644696271,98.67134094238281,98.67134094238281,16737977
2023-08-29,98.67134036657946,99.12815212753584,95.93046980084114,96.8440933227539,64075629
2023-08-30,97.30090508371029,97.75771684466669,96.8440933227539,96.8440933227539,20719271
2023-08-31,96.84409156763498,97.75771507299002,96.38727981495745,97.3009033203125,56712590
2023-09-01,97.30089984272801,98.21452331542969,97.30089984272801,98.21452331542969,14016360
2023-09-04,98.21452682566755,98.67133857834507,96.38727981495745,97.3009033203125,21196486
2023-09-05,97.30090916713822,97.75772094726562,96.8440973870108,97.75772094726562,13373644
2023-09-06,97.30090508371029,97.75771684466669,96.8440933227539,96.8440933227539,16988014
2023-09-07,96.84409509450903,96.84409509450903,96.38728332519531,96.38728332519531,14559702
2023-09-08,96.38728156179752,96.8440933227539,95.93046980084114,96.8440933227539,12030780
2023-09-11,96.84408918108258,96.84408918108258,95.93046569824219,95.93046569824219,17772579
2023-09-12,96.84408810637719,98.21452331542969,96.38727637002634,98.21452331542969,29770627
2023-09-13,97.75771684466669,98.21452860562307,96.38728156179752,96.8440933227539,18281220
2023-09-14,97.3009033203125,97.75771507299002,96.84409156763498,97.3009033203125,15804957
2023-09-15,97.30090508371029,97.75771684466669,96.8440933227539,96.8440933227539,35465752
2023-09-18,96.84409156763498,97.3009033203125,96.38727981495745,97.3009033203125,19079463
2023-09-19,97.3009033203125,98.21452682566755,97.3009033203125,97.3009033203125,13714612
2023-09-20,97.30090508371029,97.75771684466669,96.8440933227539,96.8440933227539,18615029
2023-09-21,96.84408918108258,97.30090092250279,95.93046569824219,95.93046569824219,22188851
2023-09-22,95.93046569824219,96.38727743966238,95.93046569824219,95.93046569824219,15051487
2023-09-25,96.38728332519531,96.84409509450903,95.9304715558816,96.38728332519531,16313538
2023-09-26,95.93046921950119,96.3872809776893,95.016845703125,95.016845703125,30099451
2023-09-27,95.016845703125,95.4736574613131,94.56003394493689,95.016845703125,16064926
2023-09-28,95.4736574613131,95.4736574613131,94.1032221867488,95.016845703125,21103053
2023-10-02,95.0168515438098,95.93047511634644,95.0168515438098,95.47366333007812,13885858
2023-10-03,95.016845703125,95.4736574613131,94.56003394493689,95.016845703125,17439779
2023-10-04,94.10321807861328,94.56002981685897,93.64640634036759,94.10321807861328,27359567
2023-10-05,94.1032315314104,95.01685513851147,94.1032315314104,94.56004333496094,16616231
2023-10-06,95.9304715558816,96.84409509450903,95.47365978656786,96.38728332519531,28044586
2023-10-11,97.30090508371029,97.30090508371029,96.38728156179752,96.8440933227539,28530118
2023-10-12,97.30090916713822,97.75772094726562,96.8440973870108,97.75772094726562,27974396
2023-10-13,97.75771157907886,98.21452331542969,96.84408810637719,98.21452331542969,26550436
2023-10-16,97.75772094726562,98.21453272739303,97.30090916713822,97.75772094726562,17125445
2023-10-17,98.21452682566755,98.67133857834507,97.3009033203125,97.3009033203125,15540479
2023-10-18,96.84409509450903,97.30090686382276,95.9304715558816,96.38728332519531,26924552
2023-10-19,95.93047874561255,96.38729054916308,94.1032315314104,94.56004333496094,36902352
2023-10-20,94.1032315314104,95.47366694206201,94.1032315314104,94.56004333496094,32000342
2023-10-23,93.18960343545942,93.18960343545942,91.36235630927393,91.81916809082031,82749215
2023-10-24,91.17963177762083,91.17963177762083,88.8955729351994,89.80919647216797,110028656
2023-10-25,89.80919677884592,90.9055422387942,89.80919677884592,90.44873046875,40481603
2023-10-26,89.8091985477326,90.1746423946502,89.53510869214983,89.9919204711914,37967556
2023-10-27,89.9919243400224,90.35737517304561,89.71783447265625,89.71783447265625,33142928
2023-10-30,89.80919750031728,89.99191942164506,85.88061345821966,86.3374252319336,134995332
2023-10-31,86.8855909647624,88.53011600576869,86.8855909647624,88.16466522216797,56204082
2023-11-01,88.07330883162935,88.16466978966413,87.3424072265625,87.3424072265625,26230059
2023-11-02,87.89058123334172,88.98693365701078,87.70785931459407,88.6214828491211,25008686
2023-11-03,87.52513885498047,87.89058269856808,86.97695914881001,87.52513885498047,42627707
2023-11-06,87.89058196139507,89.26101727453779,87.89058196139507,88.07331085205078,38328942
2023-11-07,88.07330706311602,88.43875785831118,87.25104451652543,87.7992172241211,27742358
2023-11-08,87.4337694660782,88.98693365701078,87.4337694660782,88.6214828491211,19441199
2023-11-09,88.98693669128124,89.90056025696094,88.89557572879221,89.4437484741211,30810327
2023-11-10,89.4437398351925,89.53510078885745,88.62147731142012,88.80419921875,16271698
2023-11-13,89.35237713858524,89.90054982027597,89.07828731254297,89.2610092163086,18203271
2023-11-14,89.90055425052415,92.27597396850587,89.71782536735992,91.36235046386719,46678644
2023-11-15,91.81916809082031,92.73279165391305,91.17963438481324,91.81916809082031,51077691
2023-11-16,92.2759780883789,92.73278986109365,91.81916631566416,92.2759780883789,30695116
2023-11-17,92.732784587581,94.5600315745284,92.27597284084413,93.64640808105469,46873557
2023-11-20,93.64641340652314,93.64641340652314,92.2759780883789,92.2759780883789,29812892
2023-11-21,93.18959633431784,93.64640808105469,92.27597284084413,93.64640808105469,36969965
2023-11-22,94.1032215941186,95.01684510474111,93.1895980834961,93.1895980834961,28364466
2023-11-23,93.64641161387777,94.1032233778479,92.27597632196736,92.7327880859375,22618693
2023-11-24,93.18959984990764,93.64641161387777,92.27597632196736,92.7327880859375,20946560
2023-11-27,93.64641161387777,94.1032233778479,92.7327880859375,92.7327880859375,23065767
2023-11-28,93.18959633431784,94.10321982779155,93.18959633431784,93.64640808105469,26026370
2023-11-29,93.64640983880734,94.1032215941186,92.73278632818483,93.1895980834961,31821148
2023-11-30,93.18959984990764,93.64641161387777,92.27597632196736,92.7327880859375,40730573
2023-12-01,92.27597987236668,92.73279165391305,91.81916809082031,91.81916809082031,26482926
2023-12-04,92.2759780883789,92.73278986109365,91.81916631566416,92.2759780883789,14718271
2023-12-05,92.2759780883789,93.1896016338084,91.81916631566416,92.2759780883789,21884962
2023-12-06,92.73278986109365,93.1896016338084,92.2759780883789,92.2759780883789,15330669
2023-12-07,92.2759780883789,92.73278986109365,91.81916631566416,92.2759780883789,13982251
2023-12-08,92.27597632196736,93.18959984990764,92.27597632196736,92.7327880859375,16070568
2023-12-11,92.73278986109365,93.1896016338084,91.81916631566416,92.2759780883789,24953090
2023-12-12,92.2759780883789,92.73278986109365,91.81916631566416,92.2759780883789,19973869
2023-12-13,91.81916631566416,92.73278986109365,91.81916631566416,92.2759780883789,15105897
2023-12-14,92.73278632818483,93.1895980834961,92.27597457287358,93.1895980834961,32650955
2023-12-15,92.7327880859375,93.18959984990764,92.27597632196736,92.7327880859375,40775463
2023-12-18,92.73278632818483,93.1895980834961,92.27597457287358,93.1895980834961,27764780
2023-12-19,93.18959633431784,93.64640808105469,92.732784587581,93.64640808105469,32860763
2023-12-20,93.64641618500485,95.47366333007812,93.64641618500485,95.47366333007812,54287637
2023-12-21,94.1032315314104,94.56004333496094,93.64641972785986,94.56004333496094,34805864
2023-12-22,94.56004333496094,95.01685513851147,94.1032315314104,94.56004333496094,23776427
2023-12-25,94.56004333496094,95.01685513851147,94.1032315314104,94.56004333496094,11295535
2023-12-26,95.016845703125,95.016845703125,94.56003394493689,95.016845703125,9920950
2023-12-27,95.01685513851147,95.01685513851147,94.1032315314104,94.56004333496094,18875621
2023-12-28,94.56003394493689,95.016845703125,94.1032221867488,95.016845703125,23057092
2023-12-29,95.0168515438098,95.93047511634644,94.56003975754149,95.47366333007812,25969421
2024-01-02,95.47365395682198,95.93046569824219,95.01684221540178,95.93046569824219,19921105
2024-01-03,95.47366333007812,95.93047511634644,95.0168515438098,95.47366333007812,18957682
2024-01-04,95.4736574613131,95.93046921950119,95.016845703125,95.016845703125,15488559
2024-01-05,95.016845703125,95.4736574613131,95.016845703125,95.016845703125,13349572
2024-01-08,94.56003514181803,95.01684690578817,92.7327880859375,92.7327880859375,34642006
2024-01-09,93.1896016338084,93.64641340652314,92.2759780883789,92.2759780883789,25228043
2024-01-10,92.27597396850587,92.7327857208252,91.36235046386719,91.36235046386719,22800432
2024-01-11,91.36235630927393,93.18960343545942,91.08826645218828,91.81916809082031,34453180
2024-01-12,91.36235630927393,92.73279165391305,91.36235630927393,91.81916809082031,29241441
2024-01-15,92.27597396850587,92.7327857208252,91.36235046386719,91.36235046386719,22480585
2024-01-16,91.17962855109712,91.81916221618653,90.72281679877779,91.36235046386719,25892269
2024-01-17,91.17962721302237,91.36234912311096,89.9919138862643,90.0832748413086,47592663
2024-01-18,90.44872592549937,91.36234941969634,90.3573649701585,91.27098846435547,18106511
2024-01-19,91.36235630927393,92.27597987236668,91.36235630927393,91.81916809082031,16417094
2024-01-22,91.81916116679483,92.27597291389331,91.27098846435547,91.27098846435547,22982811
2024-01-23,91.3623545429494,92.73278986109365,91.27099358248536,92.2759780883789,18993909
2024-01-24,92.27597987236668,92.73279165391305,91.81916809082031,91.81916809082031,13198166
2024-01-25,92.27597457287358,93.1895980834961,91.81916281756233,93.1895980834961,24228872
2024-01-26,93.18959633431784,94.5600315745284,93.18959633431784,93.64640808105469,25615989
2024-01-29,93.64640808105469,94.10321982779155,93.18959633431784,93.64640808105469,16386992
2024-01-30,93.64640983880734,94.1032215941186,93.1895980834961,93.1895980834961,17551728
2024-01-31,93.18959633431784,93.64640808105469,92.732784587581,93.64640808105469,18545562
2024-02-01,93.64640634036759,94.10321807861328,93.18959460212189,94.10321807861328,14397907
2024-02-02,93.64640983880734,94.1032215941186,92.73278632818483,93.1895980834961,16516773
2024-02-05,92.7327880859375,93.18959984990764,92.27597632196736,92.7327880859375,17438135
2024-02-15,92.73278986109365,93.1896016338084,92.2759780883789,92.2759780883789,27953440
2024-02-16,92.27597632196736,92.7327880859375,91.81916455799723,92.7327880859375,32615887
2024-02-19,92.7327828638762,94.10321807861328,92.2759711256305,94.10321807861328,24938217
2024-02-20,94.56004333496094,95.47366694206201,94.1032315314104,94.56004333496094,39410270
2024-02-21,94.56002981685897,95.01684155510468,94.10321807861328,94.10321807861328,18479374
2024-02-22,94.56004333496094,95.01685513851147,94.1032315314104,94.56004333496094,19601423
2024-02-23,94.56002981685897,95.01684155510468,94.10321807861328,94.10321807861328,17252304
2024-02-26,94.1032315314104,95.01685513851147,94.1032315314104,94.56004333496094,19894677
2024-02-27,95.01685513851147,95.47366694206201,94.1032315314104,94.56004333496094,28688693
2024-02-29,94.10321807861328,94.56002981685897,94.10321807861328,94.10321807861328,38390662
2024-03-01,94.1032215941186,94.56003334942986,93.1895980834961,93.1895980834961,28121335
2024-03-04,93.64640929889232,97.75771507299002,93.64640929889232,97.3009033203125,106351735
2024-03-05,97.75771507299002,99.1281503310226,97.3009033203125,97.3009033203125,75461014
2024-03-06,96.84409156763498,98.21452682566755,96.38727981495745,97.3009033203125,40347458
2024-03-07,98.67133505178053,99.12814678813136,97.75771157907886,98.21452331542969,47505374
2024-03-08,98.21452440534318,99.12814788818359,95.47365395682198,95.93046569824219,68582080
2024-03-11,95.93047259605093,101.86902566152075,95.93047259605093,100.04177856445312,139480002
2024-03-12,101.869022625835,108.72119903564453,101.869022625835,108.72119903564453,347034486
2024-03-13,111.00526019844277,112.83250727989862,107.80757780589504,110.09163665771484,338406505
2024-03-14,110.54845428466797,111.00526607923271,106.89395992815003,110.54845428466797,191622484
2024-03-15,116.94381066524622,121.5119282693574,116.03018714442398,120.59830474853516,403022484
2024-03-18,121.51192939982694,125.16642351711496,120.14149410584393,124.25279998779297,239249130
2024-03-19,121.51192939982694,124.25279998779297,118.77105881186093,124.25279998779297,171242442
2024-03-20,124.70960476087488,129.73453389043394,123.79598128277323,126.08003997802734,204806549
2024-03-21,128.8209100020559,132.47540390282344,126.99366305167214,130.19134521484375,183957559
2024-03-22,131.56178519652062,135.6730909839119,129.73453817990227,132.93222045898438,236266998
2024-03-25,134.30265572144813,134.75946747560272,130.64816168821145,132.93222045898438,145490405
2024-03-26,133.38902132276078,134.30264475647832,126.99365728673801,129.73452758789062,180436950
2024-03-27,130.64816623263889,137.0435310132576,130.64816623263889,135.673095703125,146369404
2024-03-28,137.5003483027124,143.43890155166676,137.0435365143313,142.06846618652344,196277222
2024-03-29,143.4389005856152,143.8957123709197,137.5003473766566,138.41397094726562,123239000
2024-04-01,137.95716274933164,141.15484532961418,137.04353915496523,137.50035095214844,77891382
2024-04-02,138.87077897749606,145.7229555717804,137.9571554315915,145.26614379882812,178365027
2024-04-03,142.5252731611144,145.26614379882812,141.6116496152098,145.26614379882812,141177640
2024-04-08,145.26614737208885,146.17977094046677,142.98208845114408,144.35252380371094,108228836
2024-04-09,144.8093355878999,147.55020629303365,142.06846488276614,144.35252380371094,101725664
2024-04-10,145.2661209847163,146.1797443871359,140.69800397261832,141.15481567382812,97698334
2024-04-11,139.7844039916992,140.24121576944987,134.3026626586914,137.0435333251953,171910054
2024-04-12,137.95716274933164,140.24122173524773,135.67310376341558,137.50035095214844,117153973
2024-04-15,135.67309695727204,137.04353228007275,132.01860276313676,133.3890380859375,111843413
2024-04-16,130.19135820104722,130.64816998420878,125.62324036943153,128.8209228515625,175513013
2024-04-17,130.64817315319698,134.7594793013745,128.8209259762292,133.84585571289062,105075694
2024-04-18,132.0185958243705,135.6730898264292,132.0185958243705,135.21627807617188,74990020
2024-04-19,133.38903339092548,134.75946866548978,127.90729229266826,130.64816284179688,132498553
2024-04-22,129.27772756723257,132.93222163273737,129.27772756723257,130.64816284179688,71191312
2024-04-23,132.93221807479858,133.8458415667216,131.10497109095255,131.56178283691406,67495791
2024-04-24,134.75948309287048,143.43890742766553,133.84585947868152,142.52528381347656,191980597
2024-04-25,139.78440630317914,141.15484165909265,137.9571591619611,138.41397094726562,108275889
2024-04-26,142.98206846175654,144.35250362273186,140.69800986013104,141.61163330078125,99130006
2024-04-29,143.43889090841878,147.09338494430204,142.52526739944796,144.809326171875,98183957
2024-04-30,145.7229664631379,147.09340188442133,142.52528381347656,142.52528381347656,72258292
2024-05-02,140.2412167833997,141.61165212655996,138.87078144023945,140.69802856445312,67014593
2024-05-03,143.89571923475998,145.26615465604343,142.52528381347656,142.52528381347656,67145053
2024-05-06,147.55019563134036,153.94556014786906,147.09338388015976,153.0319366455078,177370587
2024-05-07,154.8591766357422,156.2296118272089,152.11830625280868,154.8591766357422,124701709
2024-05-08,153.94555317476434,156.68642355769785,153.48874144427543,154.8591766357422,75120589
2024-05-09,154.8591883595039,159.884117775299,154.8591883595039,155.77281188964844,113944686
2024-05-10,156.68642355769785,157.14323528818676,152.57511798329762,154.8591766357422,84399408
2024-05-13,156.2296118272089,158.05685874916458,154.40236490525328,154.8591766357422,77795848
2024-05-14,155.3159873430119,159.88410461780637,153.4887404330941,157.1432342529297,124475075
2024-05-15,153.48875306428704,158.9704942451544,151.2046942389256,155.77281188964844,155589110
2024-05-16,159.88411416812818,163.53860820625684,155.77280837523347,156.68643188476562,149892909
2024-05-17,158.05686474968405,158.05686474968405,152.57512377570657,155.3159942626953,87995690
2024-05-20,155.3159954014109,155.77280715259153,151.66150139196594,153.0319366455078,73840961
2024-05-21,151.6614990234375,153.94555774366998,151.204687279391,151.6614990234375,46498585
2024-05-22,151.66150371844952,155.77280954214243,151.66150371844952,154.40237426757812,55204400
2024-05-23,158.51368126841638,158.97049302999685,154.85918717577277,158.05686950683594,83577643
2024-05-24,157.14325055209073,160.79774475097656,156.22962700236928,160.79774475097656,69225558
2024-05-27,163.5386139740815,169.02035522460938,163.08180220320418,169.02035522460938,113997157
2024-05-28,169.47715759277344,169.9339693383065,167.6499106106411,169.47715759277344,67804130
2024-05-29,169.47715987525157,169.9339716269369,164.90904235839844,164.90904235839844,75213627
2024-05-30,161.71135886735348,163.9954176084178,160.79773537092777,161.25454711914062,78702491
2024-05-31,161.71135152772416,163.53859843764195,157.1432342529297,157.1432342529297,147141860
2024-06-03,161.71135886735348,163.9954176084178,159.42730012628917,161.25454711914062,89188697
2024-06-04,159.88410815858003,161.25454337136787,155.31599078262062,156.2296142578125,101915226
2024-06-05,156.2296213003305,162.62498591496393,153.94556250939002,160.34092712402344,117365054
2024-06-06,165.822661021058,167.19309623610806,162.1681671142578,162.1681671142578,121092025
2024-06-07,162.1681671142578,164.45222580600793,161.2545436375578,162.1681671142578,55448022
2024-06-11,163.53860710334249,165.82266586176908,162.16817184828656,164.90904235839844,83420531
2024-06-12,168.10671549479167,171.76120930989583,166.7362803141276,171.3043975830078,124760086
2024-06-13,174.50210213661194,178.15659642219543,171.76123142242432,175.4157257080078,146691778
2024-06-14,175.87253146701389,181.3542727075442,174.50209615688132,180.8974609375,123524930
2024-06-17,180.4406421661377,182.72470092773438,178.15658340454104,182.72470092773438,90030798
2024-06-18,183.18151029111155,183.63832203747344,179.98382806657844,181.35426330566406,90319019
2024-06-19,182.72470558805418,190.03369381157634,182.26789382408404,185.465576171875,173889577
2024-06-20,187.292810900458,198.71310424804688,185.92237569874732,198.71310424804688,177537123
2024-06-21,192.77456312359504,198.71311601602807,192.77456312359504,193.6881866455078,163458287
2024-06-24,191.40411832494644,191.86093006319211,187.29281268073518,188.20643615722656,104052744
2024-06-25,185.46557834137107,193.68819018901806,183.63833126411618,192.77456665039062,116945868
2024-06-26,193.23136662074498,196.88586055210658,191.86093139648438,191.86093139648438,107811774
2024-06-27,190.03369829963236,195.97225137149587,189.57688652487363,194.14500427246094,84781047
2024-06-28,195.51544189453125,197.3426890150409,194.14500655414903,195.51544189453125,75725075
2024-07-01,196.42905835752134,198.2563054120099,195.9722465938992,197.34268188476562,73503014
2024-07-02,198.65455176020018,199.59160153265395,190.2211038081162,191.62667846679688,142637509
2024-07-03,192.09519935946162,194.90634861838055,190.22109985351562,190.22109985351562,75817371
2024-07-04,194.90635357481062,201.46570201242443,194.43782868640963,200.99717712402344,110905158
2024-07-05,200.52865223562245,201.93422690082542,199.1230775704195,200.99717712402344,43052441
2024-07-08,203.33978796952607,212.24176025390625,202.87126311245345,212.24176025390625,114405840
2024-07-09,212.24176776488446,219.73816574333512,206.61946928104646,211.30471801757812,137762761
2024-07-10,211.30471777862618,211.7732426517495,206.61946904739278,209.4306182861328,70302456
2024-07-11,212.24176776488446,214.5843921331503,209.89914339661863,211.30471801757812,65419255
2024-07-12,205.21388965182834,207.08798910070348,200.52864102964048,202.40274047851562,137754131
2024-07-15,202.87127685546875,205.2139012995273,200.99717730022192,202.87127685546875,52526510
2024-07-16,202.87127266467456,203.80832242294096,199.123073631609,199.5915985107422,82245845
2024-07-17,199.5915907373968,203.80831448536998,198.1860161547391,198.654541015625,75060648
2024-07-18,193.03225693048216,195.84340630325616,190.22110755770814,191.1581573486328,132207113
2024-07-19,187.87848308039648,191.1581573486328,187.40995818493414,191.1581573486328,90412154
2024-07-22,190.22108653675426,191.15813622412745,178.97649028827618,180.38206481933594,158438644
2024-07-23,186.00438707223898,188.81553649902344,184.59881235884674,188.81553649902344,83955746
2024-07-26,178.039444287618,181.78764311472577,176.6338697274526,179.91354370117188,101861581
2024-07-29,183.66175043768214,184.59880018481317,179.91355144915804,180.85060119628906,58864802
2024-07-30,178.5079697589485,184.59879287408322,177.1023951939174,183.6617431640625,55246089
2024-07-31,182.25618389399364,189.28405730892914,181.78765899966461,185.53585815429688,76997270
2024-08-01,192.09518771701389,192.56371256510417,187.8784640842014,189.7525634765625,70033754
2024-08-02,180.38207946450078,182.25617899140468,173.82273112033712,174.75978088378906,170805688
2024-08-05,158.829936844962,161.64108616965157,157.4243621826172,157.4243621826172,229394141
2024-08-06,162.57812404347888,163.9836986029326,149.92795300839552,156.95582580566406,309246386
2024-08-07,158.36140840144452,163.98370692457272,157.4243586475898,159.76698303222656,170623130
2024-08-08,153.20762634277344,156.0187754499803,150.86500208676773,153.20762634277344,171908756
2024-08-09,159.29845792957158,161.17255743462536,157.4243584245178,157.89288330078125,137129939
2024-08-12,161.1725470803001,167.73189492659137,160.7040222341364,164.92074584960938,110929344
2024-08-13,168.66895306834857,171.4801022861544,166.79485358981137,169.6060028076172,111247858
2024-08-14,174.29124824955778,175.2282979713296,171.94862394512825,173.82272338867188,98234123
2024-08-15,173.8227266343259,174.2912515039602,169.6060028076172,169.6060028076172,83391282
2024-08-16,174.2912595997686,175.22830938256305,171.48011025138524,172.4171600341797,72396121
2024-08-19,173.35420251530124,176.16535174527908,172.88567764363825,175.22830200195312,57256994
2024-08-20,177.57093017414493,178.97650481932286,174.2912560020631,174.75978088378906,80711041
2024-08-21,173.35419823753088,174.29124795773373,170.07452421682083,171.94862365722656,71607014
2024-08-22,172.41714792065633,173.3541976376164,167.7318993358559,168.20042419433594,72229297
2024-08-23,164.92074652777777,169.60599500868057,163.98369683159723,168.6689453125,49085475
2024-08-26,170.54306030273438,173.35420964838383,169.13748562990963,170.54306030273438,42223023
2024-08-27,170.07453144950549,170.54305632953168,167.73190704937457,169.13748168945312,27898074
2024-08-28,169.60599964069868,174.29124824955778,168.20042505804096,173.82272338867188,59781576
2024-08-29,169.13748210297044,173.82273091468707,168.6689572217988,172.88568115234375,57658983
2024-08-30,173.35420603351542,174.29125579585875,171.94863139000043,172.88568115234375,50920206
2024-09-02,173.82272689068904,175.22830150166496,170.54305279841188,171.4801025390625,35772515
2024-09-03,172.41715252850506,175.2283017545133,171.48010278650233,173.3542022705078,50713412
2024-09-04,163.98370046801554,169.60599876977608,161.17255131713526,168.20042419433594,124980705
2024-09-05,168.6689522879464,169.60600202287947,163.98370361328125,163.98370361328125,75390366
2024-09-06,164.45223246890492,166.79485686304886,163.98370759007614,165.3892822265625,38390840
2024-09-09,161.1725616455078,163.04666119952535,159.76698697999467,161.1725616455078,66946358
2024-09-10,162.5781282052486,163.0466530703934,156.9558298235109,158.3614044189453,89950703
2024-09-11,159.29845039120116,161.17254980756823,158.82992553710938,158.82992553710938,29053719
2024-09-12,163.51517531703894,166.32632446289062,163.046650459397,166.32632446289062,52398341
2024-09-13,167.73189492659137,168.20041977275503,163.98369615728205,164.92074584960938,34996605
2024-09-16,165.85780385054278,170.5430525468858,163.98370437200558,169.6060028076172,53785495
2024-09-18,167.73191026709546,168.20043515610968,162.57813648793888,163.04666137695312,76540029
2024-09-19,163.51518271124735,165.3892822265625,162.10960807476098,165.3892822265625,41446153
2024-09-20,168.6689525539592,170.54305202678097,165.85780334472656,165.85780334472656,81520029
2024-09-23,166.7948459201389,169.13747016059028,166.32632107204861,168.6689453125,30529852
2024-09-24,167.73190357646004,172.41715227971312,166.79485383580942,171.4801025390625,56746047
2024-09-25,174.75978108616027,178.976505026577,174.29125620389175,176.63388061523438,117055770
2024-09-26,179.9135471635884,180.85059688839874,176.63387312675215,177.5709228515625,65079925
2024-09-27,179.91355121073298,181.78765070251146,178.03945171895452,178.97650146484375,67106252
2024-09-30,178.03944742838542,178.9764971516927,175.6968231201172,175.6968231201172,61700675
2024-10-01,177.10240148860504,178.039451231931,173.8227273869642,175.22830200195312,33579126
2024-10-04,176.16535996899162,184.130283159079,176.16535996899162,181.78765869140625,114048146
2024-10-07,186.47289637312105,186.47289637312105,182.72469745104826,185.06732177734375,83512089
2024-10-08,184.59880805261355,185.0673329461481,181.78765869140625,181.78765869140625,53834729
2024-10-09,185.53585063991835,187.40995014133165,184.59880088921167,186.472900390625,83114046
2024-10-11,187.40994262695312,189.28404205322266,186.47289291381836,187.40994262695312,69936130
2024-10-14,187.40995014133165,187.40995014133165,184.13027601385835,186.472900390625,36211894
2024-10-15,188.34700078549594,194.43782419398212,187.87847590792006,193.96929931640625,126315098
2024-10-16,191.15814983088796,194.4378239701434,190.68962495385148,192.09519958496094,96069107
2024-10-17,194.43781296983897,195.84338752142818,191.15813901613086,195.37486267089844,65050499
2024-10-18,196.7804447771555,197.71749451418958,193.96929556605326,194.4378204345703,101109312
2024-10-21,196.7804412841797,200.06011530558268,195.84339156377882,196.7804412841797,58640655
2024-10-22,197.71749552220035,202.40274423125723,195.84339603857762,201.93421936035156,87878376
2024-10-23,200.99716589185925,203.3397902029532,199.59159130520288,202.40274047851562,51043274
2024-10-24,201.46570949689718,201.9342344027039,196.7804604388298,198.18603515625,78486941
2024-10-25,199.1230664429841,202.40274047851562,198.6545415807653,202.40274047851562,49063789
2024-10-28,204.7453568924305,207.55650595731512,200.52863329510356,201.46568298339844,93823853
2024-10-29,199.59159424993473,199.59159424993473,193.96929582035912,196.31192016601562,85568817
2024-10-30,196.31193553302305,201.9342344027039,195.84341062721631,198.18603515625,67172212
2024-11-01,189.28405805734488,195.374881707705,188.81553316116333,194.90635681152344,87793218
2024-11-04,195.84340703375986,200.52865600585938,194.90635723933997,200.52865600585938,57179294
2024-11-05,198.65455641701956,201.93423069748923,197.71750662259967,200.52865600585938,43137748
2024-11-06,201.46569423988217,203.3397937211834,199.12306988825563,200.06011962890625,66841891
2024-11-07,198.65454917239703,205.2138974941271,198.65454917239703,203.3397979736328,75949925
2024-11-08,205.6824301623423,206.15095506020643,203.8083305708859,204.27685546875,53938151
2024-11-11,205.68241507790304,206.15093994140625,203.80831562389025,206.15093994140625,41304740
2024-11-12,203.80833028632904,204.74538008074896,200.52865600585938,200.52865600585938,67724865
2024-11-13,199.1230775704195,202.8712766776274,199.1230775704195,200.99717712402344,54978607
2024-11-14,201.46570949689718,201.9342344027039,195.84341062721631,198.18603515625,71008649
2024-11-15,198.65454809216487,200.99717248004416,193.03224956125453,193.96929931640625,99347209
2024-11-18,192.09518771701389,194.90633680555555,189.28403862847222,189.7525634765625,59712102
2024-11-19,190.6896209716797,192.09519557343654,188.34699663541826,190.6896209716797,59058419
2024-11-20,193.03224182128906,193.03224182128906,193.03224182128906,193.03224182128906,44351353
2024-11-21,192.09518771701389,192.09518771701389,189.28403862847222,189.7525634765625,49115813
2024-11-22,192.5637242359481,193.96929886540758,190.22109985351562,190.22109985351562,36997322
2024-11-25,193.0322536731276,197.2489776611328,192.56372878557147,197.2489776611328,80172067
2024-11-26,193.969287109375,193.969287109375,189.28403862847222,189.7525634765625,92584940
2024-11-27,187.8784786156419,188.34700349997019,184.13027954101562,184.13027954101562,92029898
2024-11-28,183.66174691046595,186.47289609787106,180.85059772306087,183.19322204589844,56842531
2024-11-29,181.31912258762839,186.47289609787106,180.38207285849336,183.19322204589844,48382854
2024-12-02,186.0043674391143,186.94141714913505,183.19321830905213,183.6617431640625,46054629
2024-12-03,186.00437907832875,187.4099537313136,184.13027954101562,184.13027954101562,50430915
2024-12-04,185.06732599059148,188.81552499799585,184.59880111466592,188.3470001220703,48810602
2024-12-05,190.22109939345162,190.68962426880498,186.472900390625,186.472900390625,45629278
2024-12-06,186.94143283728397,188.81553241460009,185.06733325996782,185.53585815429688,46385653
2024-12-09,186.00437504695012,186.4728999211238,182.72470092773438,182.72470092773438,39186123
2024-12-10,180.85059340794882,182.72469282150269,179.91354370117188,179.91354370117188,55981201
2024-12-11,178.0394514780196,181.78765045650422,177.10240173339844,177.10240173339844,62875365
2024-12-12,178.50798014430848,180.8506045556511,176.63388061523438,176.63388061523438,47067315
2024-12-13,176.63388041069297,177.57093017414493,173.82273112033712,174.75978088378906,52081754
2024-12-16,176.1653589940333,177.57093366685805,170.0745354117928,170.54306030273438,71398289
2024-12-17,169.60600305776126,174.29125176101434,169.60600305776126,171.4801025390625,54107138
2024-12-18,171.48010650882875,173.82273091468707,171.0115816276571,172.88568115234375,46803571
2024-12-19,169.6060028076172,170.5430525468858,167.73190332907998,169.6060028076172,62303203
2024-12-20,169.6060028076172,172.417152025423,168.66895306834857,169.6060028076172,55158347
2024-12-23,173.35419852778597,175.6968228322155,172.41714880601415,173.82272338867188,50507684
2024-12-24,175.6968228322155,175.6968228322155,173.82272338867188,173.82272338867188,32584682
2024-12-25,174.75978088378906,176.165355528967,174.2912560020631,174.75978088378906,21198608
2024-12-26,175.6968231201172,177.10239770507812,175.22829825846352,175.6968231201172,35581123
2024-12-27,175.69683064724103,176.165355528967,173.82273112033712,174.75978088378906,20870917
2024-12-30,173.82272714150918,175.2283017545133,172.88567739950645,173.3542022705078,23909208
2024-12-31,172.88568492557692,173.35420981697413,171.48011025138524,172.4171600341797,21179875
2025-01-02,172.41714067851026,174.29124003371146,170.07451648450876,171.01156616210938,38301022
2025-01-03,171.4801022861544,172.417152025423,169.13747793798288,169.6060028076172,46698161
2025-01-06,173.35420603351542,175.69683043937374,171.94863139000043,172.88568115234375,66600965
2025-01-07,175.22829485441508,179.9135433799342,174.7597700018632,178.03944396972656,80605094
2025-01-08,178.03945906618807,178.03945906618807,175.22830971251142,176.1653594970703,40650155
2025-01-09,176.16535124231558,176.16535124231558,171.4801025390625,171.4801025390625,44873514
2025-01-10,171.01158898724012,172.41716369124484,169.6060142832354,170.0745391845703,39132489
2025-01-13,168.66896381878644,169.13748871828307,160.70404052734375,160.70404052734375,148207264
2025-01-14,160.70403322586017,163.5151824951172,160.23550834765066,163.5151824951172,62025042
2025-01-15,163.51517821194832,164.45222794382195,160.23550415039062,160.23550415039062,57853514
2025-01-16,163.98369956772333,164.9207492795389,162.1096001440922,162.578125,41090927
2025-01-17,162.1096001440922,164.45222442363112,161.17255043227667,162.578125,44467947
2025-01-20,163.51518660984684,166.79486083984375,163.51518660984684,166.79486083984375,33266229
2025-01-21,167.2633819580078,168.6689565963104,165.85780731970524,167.2633819580078,31745824
2025-01-22,169.13747016059028,169.60599500868057,167.26337076822918,168.6689453125,43634401
2025-02-03,153.6761666381467,157.42436582444296,153.20764173985967,155.0817413330078,155112848
2025-02-04,156.48730441006745,158.36140386408024,154.6132049560547,154.6132049560547,62817481
2025-02-05,156.4873052228961,160.70402901632744,156.4873052228961,160.23550415039062,50787569
2025-02-06,161.64107901512543,163.04665361525696,160.2355044149939,162.10960388183594,40235011
2025-02-07,163.98371149984638,166.79486083984375,163.04666171984726,166.79486083984375,50334024
2025-02-10,164.92076093301006,165.38928582202428,163.04666137695312,163.04666137695312,35975740
2025-02-11,166.79485333831616,170.543052289739,164.92075386260476,167.73190307617188,69282654
2025-02-12,170.07452715857553,170.07452715857553,165.85780334472656,165.85780334472656,41760435
2025-02-13,165.85779622395833,169.60599500868057,165.85779622395833,168.6689453125,40054109
2025-02-14,168.668960399842,169.13748528984155,166.32633594984418,166.79486083984375,26170902
2025-02-17,168.20041712930757,171.01156616210938,167.7318922905073,171.01156616210938,46052153
2025-02-18,171.48009879712512,172.417148517328,169.6059993567194,171.94862365722656,26614265
2025-02-19,171.9486274093878,172.88567715003842,170.54305279841188,171.4801025390625,33998620
2025-02-20,171.48011008461754,171.94863497555912,170.0745354117928,170.54306030273438,23201907
2025-02-21,170.07452792808658,172.41715227971312,169.60600305776126,171.4801025390625,34837198
2025-02-24,169.60601068579632,172.4171600341797,169.13748579439908,172.4171600341797,26499357
2025-02-25,170.0745233240262,170.54304818166813,166.32632446289062,166.32632446289062,62236037
2025-02-26,163.98370800916507,169.6060065694793,163.51518312913888,169.13748168945312,44189198
2025-02-27,168.66896004512392,170.0745347121666,163.04666137695312,163.04666137695312,78529299
2025-03-03,161.17254602768844,163.9836950863109,159.29844665527344,159.29844665527344,67754390
2025-03-04,155.08173426295306,161.1725576630086,154.61320938602572,159.76698303222656,68513242
2025-03-05,160.70402557636888,163.98369956772333,160.70402557636888,162.578125,44481318
2025-03-06,164.45222442363112,164.9207492795389,162.578125,162.578125,28371666
2025-03-07,160.23551186849903,163.51518608802974,160.23551186849903,161.1725616455078,31346422
2025-03-10,162.57813631102096,163.04666119952535,159.29846209149028,161.1725616455078,35538548
2025-03-11,155.55025891946403,158.82993305330814,154.61320916693714,157.89288330078125,65518436
2025-03-12,158.36140840144452,160.70403278608126,158.36140840144452,159.76698303222656,39457767
2025-03-13,161.64108616965157,163.04666083199638,157.4243621826172,157.4243621826172,33203563
2025-03-14,157.8928721259622,159.7669714983772,157.42434728285846,159.29844665527344,32460048
2025-03-17,161.1725612822033,161.64108616965157,157.4243621826172,157.4243621826172,49505421
2025-03-18,158.36140036511776,158.829925218269,156.4873009525128,156.95582580566406,38491878
2025-03-19,156.48731203777035,156.95583692411097,153.20763783338595,153.67616271972656,76827146
2025-03-20,154.61319751050098,156.48729687426464,154.14467266956007,155.5502471923828,36080294
2025-03-21,156.48730441006745,156.48730441006745,154.6132049560547,154.6132049560547,44208163
2025-03-24,156.01877926317462,156.4873041258268,152.73910522460938,152.73910522460938,40731359
2025-03-25,155.08172981955786,156.01877954656428,153.67615522904828,154.6132049560547,32238564
2025-03-26,155.5502471923828,156.48729687426464,154.61319751050098,155.5502471923828,18157417
2025-03-27,153.2076336156542,153.67615848909657,149.92795950155764,150.396484375,64776987
2025-03-28,148.05386312905844,148.52238801237826,143.3686142958604,144.3056640625,106024520
2025-03-31,135.87221537550835,140.08893930095516,135.87221537550835,136.80926513671875,126784939
2025-04-01,139.15189015237908,143.3686140963906,138.68336526971115,142.4315643310547,59980318
2025-04-02,143.3686028396656,144.7741773773094,142.4315531479031,143.83712768554688,38028390
2025-04-07,129.78138732910156,129.78138732910156,129.78138732910156,129.78138732910156,26126364
2025-04-08,119.00531744384766,122.28499154663086,117.13121795654297,117.13121795654297,301202019
2025-04-09,111.5089138454861,114.78858778211806,105.4180908203125,105.4180908203125,358282270
2025-04-10,115.72564697265625,115.72564697265625,115.72564697265625,115.72564697265625,35122259
2025-04-11,111.04039228361336,126.5017127281671,109.63481769774484,126.03318786621094,293820443
2025-04-14,132.59253651312542,135.87221056115325,127.43876300908167,129.78138732910156,210223406
2025-04-15,130.2499047282776,131.18695440258176,127.43875570536514,130.7184295654297,84519852
2025-04-16,129.31285824495203,130.71843279109282,127.43875885009766,127.43875885009766,59628853
2025-04-17,126.03318786621094,126.97023759012329,123.69056355643006,126.03318786621094,63502645
2025-04-18,126.50171286945412,127.9072874568925,125.09613828201574,126.9702377319336,25953939
2025-04-21,126.50172055422605,128.37582011799236,126.03319566328447,127.90729522705078,31715258
2025-04-22,126.03319139191599,127.43876601710464,123.22204214153868,123.69056701660156,43756112
2025-04-23,127.43877427354991,130.71844861147216,127.43877427354991,130.2499237060547,64790108
2025-04-24,130.24991968175868,130.24991968175868,126.97024544516762,127.90729522705078,43373263
2025-04-25,131.65549842230706,132.12402332772453,129.78139880063722,130.2499237060547,53501504
2025-04-28,131.18697745339912,134.4666518897341,131.18697745339912,133.52960205078125,46661370
2025-04-29,132.59253335165812,134.46663276298898,132.1240084988254,133.99810791015625,37793068
2025-04-30,133.9981192329326,134.93516901777826,132.59254455566406,132.59254455566406,41225512
2025-05-02,135.4036943855932,138.6833686440678,134.93516949152541,138.21484375,58858234
2025-05-05,139.62042600397479,139.62042600397479,133.0610771313048,133.52960205078125,65835101
2025-05-06,133.52959097248234,137.27779001732395,133.06106609187714,136.80926513671875,52642201
2025-05-07,137.27779762004982,138.68337233970905,134.4666481807314,135.87222290039062,42941757
2025-05-08,136.34074025611355,137.27779001732395,135.40369049490315,136.80926513671875,28650766
2025-05-09,137.2777825180365,138.21483222805725,136.3407328080158,137.74630737304688,29653062
2025-05-12,139.62040770287607,143.3686065673828,139.15188284481275,143.3686065673828,58159600
2025-05-13,149.45943817911268,151.33353771740877,147.11681375624258,148.05386352539062,91396561
2025-05-14,151.33353063665285,152.73910522460938,149.45943118604416,152.73910522460938,68720158
2025-05-15,152.73910082395548,152.73910082395548,148.52237718157633,149.4594268798828,68371776
2025-05-16,148.52238840996463,149.45943817911268,147.11681375624258,148.05386352539062,34064080
2025-05-19,147.11681336241884,148.05386312905844,144.3056640625,144.3056640625,51994460
2025-05-20,147.11681336241884,148.52238801237826,143.83713917918018,144.3056640625,40404578
2025-05-21,145.2427215576172,146.6482962823683,144.77419664936681,145.2427215576172,28794921
2025-05-22,143.83713142544616,144.3056562835095,141.9630319931928,143.3686065673828,36180030
2025-05-23,146.1797635957792,146.1797635957792,143.3686142958604,144.3056640625,22240124
2025-05-26,142.90008170931947,145.2427059996362,141.49450713512945,143.3686065673828,28674499
2025-05-27,143.83713897905852,145.24271362706236,142.4315643310547,142.4315643310547,27178660
2025-05-28,144.30566386172646,144.30566386172646,141.96303944838675,142.4315643310547,31301270
2025-05-29,144.77417403001053,148.05384787535056,144.30564919496194,146.17974853515625,88695221
2025-06-02,144.30566006019467,144.77418493051997,141.49451083824283,142.90008544921875,54596606
2025-06-03,143.8371427932588,145.24271747853496,141.96304321289062,141.96304321289062,37496603
2025-06-04,143.83712435991336,146.17974853515625,143.36859952486478,146.17974853515625,39430089
2025-06-05,146.64829246790848,147.11681736397207,145.71124267578125,145.71124267578125,34135967
2025-06-06,145.71123085769952,145.71123085769952,143.3686065673828,143.3686065673828,23622232
2025-06-09,145.2427100517989,145.71123492293373,144.30566030952923,144.77418518066406,18242233
2025-06-10,145.71124267578125,146.17976757184485,145.24271777971765,145.71124267578125,31625938
2025-06-11,146.64827337020483,147.58532304030197,145.71122370010767,146.17974853515625,26921144
2025-06-12,145.71124282110304,148.05386730375744,144.30566813151043,147.58534240722656,32770167
2025-06-13,147.11680978403305,148.52238439980408,146.1797600401857,146.64828491210938,37075939
2025-06-16,146.17977137411793,147.1168211906187,144.77419664936681,145.2427215576172,21564832
2025-06-17,146.6482962823683,147.1168211906187,144.77419664936681,145.2427215576172,25153697
2025-06-18,145.24269886505908,146.64827337020483,144.30564919496194,146.17974853515625,34125837
2025-06-19,145.71123871245942,146.1797635957792,144.3056640625,144.3056640625,20289055
2025-06-20,144.77419288365405,145.71124267578125,143.36861819546323,145.71124267578125,58365008
2025-06-23,143.36859952486478,146.17974853515625,142.43154985476764,146.17974853515625,48485749
2025-06-24,148.05386000778816,151.8020589953271,147.5853351343458,150.396484375,66177329
2025-06-25,151.33353810251495,151.80206298828125,149.92796344521605,151.80206298828125,48074338
2025-06-26,151.80205549930503,153.67615494991372,151.33353063665285,152.73910522460938,64983063
2025-06-27,152.7391055020419,155.08172981955786,152.2705806385387,154.6132049560547,74726884
2025-06-30,155.5502541109642,156.0187789727442,150.86500549316406,150.86500549316406,59551541
2025-07-01,151.33354214671155,155.55026623129484,150.86501724842452,155.0817413330078,101734619
2025-07-02,155.37303783275465,157.31520080566406,155.37303783275465,157.31520080566406,64904578
2025-07-03,159.2573699951172,159.74291075729744,158.28628847075672,159.2573699951172,45499276
2025-07-04,159.25736061238354,159.74290134595788,155.85857547736316,156.3441162109375,27434055
2025-07-07,156.3441162109375,157.31519767808618,154.88749401021448,156.3441162109375,23838993
2025-07-08,155.8585845659364,156.34412532782406,153.9164215183858,154.40196228027344,30285544
2025-07-09,154.88749401021448,156.82965694451184,154.40195327664014,156.3441162109375,28926202
2025-07-10,156.3441253756591,157.80074766176773,155.3730438515867,156.8296661376953,29653356
2025-07-11,156.8296661376953,157.80074766176773,155.8585846136229,156.8296661376953,20131944
2025-07-14,156.82966304790938,157.80074455284998,155.85858154296875,155.85858154296875,18584525
2025-07-15,155.37304088381902,158.28628540039062,155.37304088381902,158.28628540039062,20264333
2025-07-16,158.28627619816706,159.25735764723558,157.8007354736328,157.8007354736328,23986877
2025-07-17,158.28628847075672,159.2573699951172,157.8007477085765,159.2573699951172,20425825
2025-07-18,160.22844850476775,161.19953001085725,159.742907751723,160.7139892578125,34053809
2025-07-21,161.1995207815459,161.68506150679156,159.74289860580907,160.2284393310547,16688671
2025-07-22,160.22844526502823,161.19952675148295,156.82966006243672,157.31520080566406,37854645
2025-07-23,158.7718202522002,161.19952392578125,158.7718202522002,161.19952392578125,50337916
2025-07-24,163.1416962722252,168.9681854248047,162.65615550951026,168.9681854248047,124903778
2025-07-25,170.42480158327643,170.42480158327643,167.99709785701893,169.45372009277344,55406174
2025-07-28,170.91033935546875,172.85250230269,170.42479861866343,170.91033935546875,54693143
2025-07-29,169.93926690549267,170.4248076680798,166.0549408047957,166.5404815673828,48559908
2025-07-30,166.5404815673828,166.5404815673828,166.5404815673828,166.5404815673828,0
2025-07-31,172.85250854492188,173.8235900536012,170.9103455275632,172.85250854492188,88011311
2025-08-04,174.30912174648708,175.76574393378363,173.3380402882894,174.79466247558594,43591055
2025-08-05,176.73683178909425,179.65007626913427,176.73683178909425,179.16453552246094,50872232
2025-08-06,180.13561404648647,183.04885847850514,178.67899183047714,180.62115478515625,67331558
2025-08-07,184.50548422060774,189.36089170009743,184.50548422060774,188.87535095214844,116627300
2025-08-08,191.3030546918933,191.3030546918933,187.90426945625052,188.87535095214844,63362046
2025-08-11,188.3898133557252,192.27413940429688,186.93319108751083,192.27413940429688,50587400
2025-08-12,192.75967705431322,193.24521780256086,189.84643256482738,191.3030548095703,37740908
2025-08-13,192.27413333152944,193.2452148130018,187.9042666649038,192.75967407226562,99654169
2025-08-14,191.7885956728369,194.216299415531,191.30305492429807,193.7307586669922,76141475
2025-08-15,199.07170724177706,201.9849517379982,196.15846274555594,201.0138702392578,152202911
2025-08-18,201.49940508887883,203.92710876464844,200.04278288341706,203.92710876464844,71303659
2025-08-19,203.92711786123422,205.86928088848407,201.98495483398438,201.98495483398438,48799892
2025-08-20,200.04279158061877,200.5283323368824,194.21630250545513,194.70184326171875,120493896
2025-08-21,195.18737822597467,200.04278564453125,195.18737822597467,200.04278564453125,66575736
2025-08-22,201.9849452642747,201.9849452642747,196.15845645857445,196.6439971923828,52817040
2025-08-25,201.01386417251035,201.98494564194277,200.04278270307793,201.49940490722656,51151687
2025-08-26,201.01387637197686,202.95603942871094,200.0427948436098,202.95603942871094,40946610
2025-08-27,203.92711786123422,203.92711786123422,201.4994140771719,201.98495483398438,39112918
2025-08-28,201.49940787009822,201.49940787009822,198.10062267710862,200.04278564453125,45436240
2025-08-29,200.0427854945677,201.01386697755106,196.64400030412602,197.61508178710938,52960909
2025-09-01,197.1295407388913,198.58616296109986,191.30305185005707,192.75967407226562,67997565
2025-09-02,194.21629629447418,197.6150814796275,192.27413333152944,192.75967407226562,34829147
2025-09-03,192.7596802366642,195.1873840179824,191.3030579678733,194.70184326171875,33636295
2025-09-04,197.12954711914062,199.07171014494497,196.15846560623845,197.12954711914062,41160693
2025-09-05,199.5572417840725,200.52832325260812,197.12953811273343,199.0717010498047,37057097
2025-09-08,200.0427854945677,201.49940771904272,196.15845956263436,197.61508178710938,44569167
2025-09-09,198.5861604989293,201.98494564194277,198.1006197642131,201.49940490722656,63494345
2025-09-10,204.8981902349563,204.8981902349563,202.9560272943406,203.92710876464844,84148890
2025-09-11,205.86927806080638,210.2391448120971,202.95603355994592,208.29698181152344,129973733
2025-09-12,210.72467960050736,212.18130180972744,210.23913886410065,211.21022033691406,71479522
2025-09-15,212.18130479035554,212.18130479035554,206.8403566148546,209.75360107421875,55330938
2025-09-16,210.72468867821925,210.72468867821925,207.32590337695765,209.26806640625,49662786
2025-09-17,207.81144095366855,208.2969817035603,204.89819645431805,205.86927795410156,55894730
2025-09-18,205.38373132750044,209.7535979514898,201.98494617550872,208.7825164794922,78891977
2025-09-19,210.2391509653252,210.7246917296793,207.8114471435547,207.8114471435547,56361409
2025-09-22,209.2680603309914,211.6957640471282,207.81143810130934,209.75360107421875,33805955
2025-09-23,211.69576432586257,215.58009027679583,211.2102235819959,214.6090087890625,103442188
2025-09-24,215.5800964629169,216.55117797851562,212.66685191612072,216.55117797851562,64385629
2025-09-25,216.5511692876401,224.31982110064962,216.06562854932702,223.34873962402344,123630302
2025-09-26,223.34874528958747,223.83428604021702,212.1813080251081,213.1523895263672,116991800
2025-09-30,217.5222529658565,217.5222529658565,209.2680603309914,209.75360107421875,87033036
2025-10-01,212.66685485839844,215.5800994454998,209.7536102712971,212.66685485839844,57644055
2025-10-02,215.09455577232885,219.46442259388857,214.60901501437777,218.9788818359375,71706441
2025-10-03,219.46441044081126,221.40657336506624,218.00778824762003,219.949951171875,51488648
2025-10-07,223.34874259564756,224.805364829967,218.4933351479161,221.89212036132812,64479912
2025-10-08,218.4933319091797,218.97887264675563,215.58008748372396,218.4933319091797,48654405
2025-10-09,220.43550712637116,220.43550712637116,214.60901795122479,215.0945587158203,54969959
2025-10-13,203.92711800588688,209.75360709176937,203.92711800588688,206.84036254882812,105751618
2025-10-14,209.7536004816444,211.2102227072114,199.07170416081993,200.04278564453125,103962992
2025-10-15,201.49941709947933,201.98495786357446,197.12955022262315,200.52833557128906,63725983
2025-10-16,208.78252585372584,218.97888176751243,205.3837405491303,216.55117797851562,150705656
2025-10-17,217.5222475165563,223.3487362893212,216.06562532336508,219.949951171875,117393949
2025-10-20,223.3487431108327,232.57401728280186,222.37766161904645,231.60293579101562,149270185
2025-10-21,234.51617412487332,238.40049999029566,231.11738899262878,232.08847045898438,117969555
2025-10-22,231.11739225092623,235.97279965115578,229.66077003085738,235.4872589111328,69466417
2025-10-23,233.05955192533995,233.54509265851775,231.11738899262878,232.08847045898438,47487658
2025-10-27,241.79928570296653,241.79928570296653,235.97279689084687,239.37158203125,78976148
2025-10-28,240.82820751953125,242.77037048339844,239.37158529663085,242.77037048339844,72210529
2025-10-29,246.65469700739934,255.39443036592922,245.68361552311825,252.48118591308594,122095968
2025-10-30,254.90889585655154,257.336599626614,249.0824068084018,254.42335510253906,105395242
2025-10-31,253.45226724865367,254.42334873236499,249.5679413138084,250.05348205566406,60671044
2025-11-03,247.62577489166563,249.0823970969107,242.77036754084867,244.22698974609375,92588580
2025-11-04,244.71252991723233,247.6257743210089,236.94387817382812,236.94387817382812,91077032
2025-11-05,232.0884799107849,241.31375421686212,230.14631689897917,239.8571319580078,111699424
2025-11-06,242.28483883027107,243.25592034862888,238.88605351601876,240.82821655273438,64418664
2025-11-07,238.88604110967916,243.25590771534402,236.94387817382812,236.94387817382812,48667340
2025-11-10,237.91496903719548,242.7703765685668,236.94388753092122,242.2848358154297,50699016
2025-11-11,243.74144864033977,244.71253010902637,239.37158203125,239.37158203125,49323677
2025-11-12,240.82821059511951,244.71253657246015,237.91496611211403,243.741455078125,63578429
2025-11-13,248.59686569940476,248.59686569940476,239.85713213966005,244.71253967285156,89314039
2025-11-14,239.37158785618192,239.8571286023405,234.0306396484375,234.0306396484375,107025603
2025-11-17,234.03063938981396,235.001720881058,228.20415044234971,229.17523193359375,82230187
2025-11-18,224.8053618389627,230.14630996040674,223.34873962402344,223.34873962402344,74877047
2025-11-19,219.94995137177182,223.34873649230693,219.94995137177182,222.37765502929688,69017030
2025-11-20,230.14630733433538,231.11738879988107,225.77644073937964,229.6607666015625,77074387
2025-11-21,219.46441338433158,222.86319854736328,218.4933319091797,218.4933319091797,92224538
2025-11-24,219.94995377280495,220.43549450961027,213.63792419433594,213.63792419433594,96559056
2025-11-25,218.49334403260116,219.46442556163493,212.66685485839844,212.66685485839844,71531864
2025-11-26,214.60901208280993,221.40658260126997,214.60901208280993,220.4355010986328,67295295
2025-11-27,222.37766123850108,225.29090570887445,219.4644167681277,224.31982421875,62010923
2025-11-28,222.86320789954615,222.86320789954615,218.49334107798643,218.9788818359375,55419918
2025-12-01,218.49333788897542,219.4644193907042,215.58009338378906,215.58009338378906,50775578
2025-12-02,214.1234711311959,218.49333788897542,214.1234711311959,215.58009338378906,48093660
2025-12-03,218.49333809335852,223.34874560654427,218.49333809335852,220.4355010986328,51488715
2025-12-04,223.34874259564756,223.34874259564756,220.92103887178183,221.89212036132812,25112739
2025-12-05,222.37766123850108,224.80536496381222,221.89212049343885,224.31982421875,34284096
2025-12-08,224.80536806172339,225.29090881347656,222.37766430295747,225.29090881347656,29235914
2025-12-09,226.26198438279172,229.6607695559238,225.29090290475398,228.2041473388672,53342004
2025-12-10,229.17523180289746,229.17523180289746,225.2909058401365,226.74752807617188,35301661
2025-12-11,227.23306841554896,227.71860916002663,219.46441650390625,219.46441650390625,56426793
2025-12-12,220.4355010986328,221.89212335258856,218.49333809335852,220.4355010986328,28800768
2025-12-15,214.60901795122479,216.55118100960692,214.12347718662926,215.0945587158203,41393524
2025-12-16,213.63793329361383,214.12347405109932,208.78252571875896,211.69577026367188,59731441
2025-12-17,211.69577329428586,213.15239558759515,209.7536102365401,210.23915100097656,41170423
2025-12-18,208.29697884453668,210.72468256067347,207.32589735808196,209.75360107421875,47662851
2025-12-19,212.66685489284265,215.0945587158203,211.6957733636516,215.0945587158203,40816061
2025-12-22,218.00778804506575,218.97886950629098,216.5511658532279,217.52224731445312,39334152
2025-12-23,218.97886950629098,219.4644102369036,217.03670658384053,217.52224731445312,29072621
2025-12-24,218.97886950629098,220.92103242874146,217.52224731445312,217.52224731445312,35691897
2025-12-26,218.9788818359375,220.9210448677418,218.00780032003533,218.9788818359375,28309367
2025-12-29,220.43549825825215,226.26198719899892,219.94995751318993,224.31982421875,56570767
2025-12-30,223.83428948385674,224.31983024195623,221.40658569335938,221.40658569335938,35182695
2025-12-31,221.8921265178027,224.80537106727056,221.40658575955803,223.83428955078125,40505358
2026-01-02,225.29090881347656,226.7475310687361,222.37766430295747,225.29090881347656,57704460
2026-01-05,227.71861267089844,229.17523492678905,226.74753116697138,227.71861267089844,63164221
2026-01-06,230.14631342483779,232.08847640732589,225.7764467142396,229.17523193359375,63939915
2026-01-07,230.6318542992294,234.5161802663743,228.2041505697638,231.60293579101562,82446725
2026-01-08,230.6318569806666,230.6318569806666,221.89212345297818,222.8632049560547,85561505
2026-01-09,223.3487487925366,225.2909118255152,220.43550424306875,223.83428955078125,36453268
2026-01-12,226.26198706428644,226.26198706428644,221.89212036132812,221.89212036132812,31525354
2026-01-13,223.3487362893212,223.83427702038495,219.46441044081126,219.949951171875,42839849
2026-01-14,221.40658289537248,227.71861267089844,220.92104214340895,227.71861267089844,63677855
2026-01-15,227.23306882151698,227.23306882151698,224.31982434944626,226.74752807617188,34263022
2026-01-16,228.204153422862,228.204153422862,224.3198274071537,227.71861267089844,47340006
2026-01-19,226.74753096836065,226.74753096836065,222.37766420451644,222.8632049560547,51232322
2026-01-20,221.89212008824018,221.89212008824018,217.03671264648438,217.03671264648438,73125523
2026-01-21,214.609017916466,218.49334403260116,212.66685485839844,212.66685485839844,72461575
2026-01-22,217.03671264648438,219.46441636736228,215.58009041395763,217.03671264648438,46717048
2026-01-23,218.97888483258455,219.94996636177564,215.0945587158203,215.0945587158203,32682740
2026-01-26,216.06562512261527,218.49332877567838,213.6379214695522,217.52224731445312,38021744
2026-01-27,219.46442259388857,220.43550410979074,217.52225956208426,218.9788818359375,35936182
2026-01-28,220.43550410979074,224.80537093135047,217.52225956208426,218.9788818359375,77656661
2026-01-29,219.94995096751623,220.92103242874146,215.58008439200265,217.52224731445312,54347878
2026-01-30,217.03671866695896,217.03671866695896,212.18131109051694,214.12347412109375,68997336
2026-02-02,213.15238931295755,213.63793006310098,207.32590031123664,208.29698181152344,61482988
2026-02-03,212.1813140587223,213.6379363520316,208.29698794323082,210.23915100097656,40387110
2026-02-04,208.29698797774643,212.66685485839844,207.81144721322954,212.66685485839844,26990407
2026-02-05,211.21022943554235,213.63793322215776,208.7825256489269,209.26806640625,41975910
2026-02-06,208.7825164794922,210.23913868748863,204.41264985550282,208.7825164794922,54938386
2026-02-09,212.6668456751913,214.12346790584328,211.2102234445393,212.18130493164062,30183295
2026-02-10,213.6379273013292,215.58009027679583,211.69576432586257,214.6090087890625,46182261
2026-02-11,216.06563433676564,220.4355010986328,214.12347133149134,220.4355010986328,65872532
2026-02-23,222.86320185087442,224.31982408519386,220.43549812700869,221.89212036132812,81100478
2026-02-24,222.86320505471065,225.77644956522974,221.4065827994511,225.29090881347656,66757493
2026-02-25,228.20414514135396,239.85712276559332,227.71860440701064,239.37158203125,162158621
2026-02-26,246.16916477533033,246.16916477533033,234.51618656111353,235.97280883789062,117910827
2026-03-02,227.23306312720646,234.03063339169555,225.77644092767306,232.08847045898438,72894162
2026-03-03,232.0884696593972,233.0595511224072,221.40657356628685,222.37765502929688,84561556
2026-03-04,218.00779692478443,218.4933376751737,210.23914491855604,210.7246856689453,117264053
2026-03-05,218.00778804506575,221.40657315935408,215.58008439200265,217.52224731445312,54395081
2026-03-06,214.60901494731817,217.03671873631498,212.66685191612072,216.55117797851562,36562334
2026-03-09,201.9849549064727,206.3548217193531,200.04279187852583,204.41265869140625,89078875
2026-03-10,209.75360384192274,210.23914459155682,203.4415740966797,203.4415740966797,66168862
2026-03-11,206.35482491967886,213.63793638743223,206.35482491967886,212.66685485839844,53568046
2026-03-12,210.7246855622405,212.18130781267075,206.8403595610932,208.29698181152344,42953811
2026-03-13,205.38373731066298,209.7536040619537,203.92711506023275,208.29698181152344,35894769
2026-03-16,209.7536102365401,211.21023252984943,207.81144717879437,210.23915100097656,37886518
2026-03-17,209.2680632033438,210.2391447031273,205.86927795410156,205.86927795410156,106419159
2026-03-18,206.35481244041807,207.3258939107259,203.92710876464844,203.92710876464844,72625994
2026-03-19,201.49940472114378,201.49940472114378,199.0717010498047,199.0717010498047,83275296
2026-03-20,197.6150878755917,199.07171014494497,194.70184333688522,197.12954711914062,89100557
2026-03-23,190.81751095518774,191.7885924358757,189.36088873415576,190.33197021484375,73041333
2026-03-24,192.7596707466321,193.73075221135068,188.38980415539865,189.3608856201172,53882508
2026-03-25,194.21629333496094,195.18737480163574,191.30304893493653,194.21629333496094,40930016
2026-03-26,196.6440062867733,200.04279158061877,194.70184326171875,194.70184326171875,40681455
2026-03-27,191.30305492429807,194.70184016406986,190.81751417575924,193.7307586669922,28552049
2026-03-30,188.8753570477987,189.84643857503676,187.41873475694166,188.3898162841797,44238703
2026-03-31,185.47655916341145,186.9331813557943,182.07777404785156,182.07777404785156,85781264
2026-04-01,189.36089181657974,191.78859555781796,188.8753510683321,191.3030548095703,44327183
2026-04-02,192.2741392461747,193.24522075751904,185.96210942243667,187.41873168945312,36299062
2026-04-07,189.36089158058167,189.84643232822418,184.01994335651398,186.44764709472656,35130860
2026-04-08,190.81752021732757,196.1584686203571,190.81752021732757,195.6729278564453,65536699
2026-04-09,195.18737480163574,195.67291553497313,192.27413040161133,194.21629333496094,40511384
2026-04-10,194.70184326171875,196.6440062867733,193.7307617491915,194.70184326171875,55780853
2026-04-13,194.21629333496094,196.64399700164793,192.75967113494872,194.21629333496094,36786764
2026-04-14,198.1006197642131,201.98494564194277,197.61507902949688,201.49940490722656,56963436
2026-04-15,205.3837307849562,205.3837307849562,200.52832343779414,201.49940490722656,69041187
2026-04-16,201.499410988628,204.8981962342193,200.04278874051744,201.0138702392578,44353061
2026-04-17,201.49940787009822,203.44157083752086,197.61508193525296,200.04278564453125,47524705
2026-04-20,200.04278270307793,203.4415678460914,198.5861604989293,201.49940490722656,38137175
2026-04-21,203.92711187425948,206.84035632960604,203.44157113170172,204.898193359375,55956369
2026-04-22,206.84035688719598,217.0367125083958,206.35481614332932,214.6090087890625,135835479
2026-04-23,222.86319854736328,226.26198371039496,211.6957615831163,218.4933319091797,169098376
2026-04-24,220.43550712637116,220.43550712637116,211.6957733636516,215.0945587158203,75559985
2026-04-27,217.5222596285636,223.34874872575728,213.63793356376783,221.40658569335938,106041417
2026-04-28,223.34874865749723,227.23307472110588,218.49334107798643,218.9788818359375,101695092
2026-04-29,219.46441338433158,219.46441338433158,215.58008748372396,218.4933319091797,42650013
2026-04-30,218.00779703266255,223.34874528958747,213.1523895263672,213.1523895263672,71802349
2026-05-04,217.52225060096154,222.86319871839586,217.036709863013,220.92103576660156,55806920
2026-05-05,220.92104232883653,233.05956113811328,220.43550157646547,232.5740203857422,155860044
2026-05-06,239.37159138634092,245.68362117948985,237.91496912638345,244.71253967285156,233432260
2026-05-07,247.62578117776906,250.5390256622134,242.77037370369513,246.16915893554688,125546014
2026-05-08,246.65469641113282,248.596859375,238.40050381469726,242.77037048339844,98286050
2026-05-11,249.08240645272392,250.53902871268136,243.74145816621325,244.71253967285156,61755068
2026-05-12,246.65469641113282,246.65469641113282,238.88604455566406,242.77037048339844,81122139
2026-05-13,239.37158835361677,243.741455078125,235.48726237627614,243.741455078125,70431323
2026-05-14,247.62578390858656,247.62578390858656,236.943887347824,237.42942810058594,71191228
2026-05-15,241.79929196762606,252.48118839993083,239.8571289799343,241.31375122070312,134968302
2026-05-18,243.74145495531783,243.74145495531783,234.03064001685897,241.31375122070312,60689919
2026-05-19,243.74145165268254,246.65469609474647,236.9438812878667,237.9149627685547,68744554
2026-05-20,239.37158466974893,239.37158466974893,232.5740143140157,233.05955505371094,61055296
2026-05-21,237.91496292268388,241.7992888479522,236.9438814413668,240.34266662597656,50459560
2026-05-22,241.79928900146484,244.22699270629883,237.9149630737305,242.77037048339844,55061095
2026-05-25,247.62578153062142,255.8799742483088,247.62578153062142,253.4522705078125,119013627
2026-05-26,254.90888647131018,255.87996794358185,249.56793837381608,251.51010131835938,54322447
2026-05-27,255.39442755959251,261.2209164012562,253.45226461237127,256.3655090332031,76194767
2026-05-28,257.33660273678856,261.7064695757152,251.9956543781005,255.39443969726562,71820253
2026-05-29,261.22091801521276,280.6425476074219,260.2498365356023,280.6425476074219,282852094
2026-06-01,293.26661341600567,295.6943171694494,284.5268799036081,285.0124206542969,194094294
2026-06-02,288.89674096558224,293.26660763564985,284.52687429551463,292.78106689453125,110375105
2026-06-03,297.1509340156629,304.91958588535346,290.3533636296837,300.0641784667969,146416447
2026-06-04,300.06419034053033,300.06419034053033,284.5268859863281,284.5268859863281,105281727
2026-06-05,282.0991633034758,284.04132621778547,269.96064508904055,276.2726745605469,89253266
2026-06-08,250.05347398747318,264.13415504696195,250.05347398747318,261.7064514160156,112878529
2026-06-09,262.6775573730469,269.4751281738281,260.7353942871094,269.4751281738281,71791661
2026-06-10,263.1630918553574,266.0763364146418,254.9088989373849,255.39443969726562,82371415
2026-06-11,252.4811888940099,254.9088926333754,244.22699618016728,251.02456665039062,88135941
2026-06-12,258.79322495707623,261.22092875592307,252.48119508007437,252.96673583984375,58714860
2026-06-15,263.16309814453126,264.6197204589844,257.33660888671875,259.7643127441406,53635501
2026-06-16,262.19199822294667,263.16307969784646,257.8221315858976,261.2209167480469,54847841
2026-06-17,258.3076665541705,264.1341552734375,256.36550364774814,264.1341552734375,40918113
2026-06-18,262.677545075088,263.64862657259295,260.7353820800781,260.7353820800781,67328101
2026-06-22,262.19200432633556,267.53295256261276,260.7353820800781,260.7353820800781,63638370
2026-06-23,262.19200707584446,262.6775478296886,251.51011049127302,251.9956512451172,87176477
2026-06-24,247.62578129768372,253.45227026939392,247.62578129768372,248.59686279296875,59641357
2026-06-25,252.966726506798,254.90888947422064,250.05348205566406,250.05348205566406,41360011
2026-06-26,248.11132167762435,248.11132167762435,240.8282104737802,241.31375122070312,76100217
2026-06-29,242.77036717165316,244.71253010902637,238.8860412969067,239.37158203125,47188706
2026-06-30,244.22699582529256,248.1113218026332,241.79929208945467,243.741455078125,51218467
2026-07-01,247.62578718123896,248.11132794041788,240.82821655273438,240.82821655273438,63616512
2026-07-02,239.0,243.0,238.0,239.0,64828330
2026-07-03,237.0,241.0,236.0,240.5,49052306
2026-07-06,243.5,247.5,240.5,242.0,42276658
2026-07-07,243.0,243.0,236.0,237.0,49448509
2026-07-08,240.0,240.5,234.0,237.5,36721523
2026-07-09,238.0,240.0,234.5,237.5,38817358
2026-07-10,237.5,237.5,237.5,237.5,0
2026-07-13,242.0,242.5,236.5,236.5,36758505
2026-07-14,236.0,237.0,230.0,235.5,46603460
2026-07-15,236.0,241.0,235.5,239.0,35204710
2026-07-16,240.5,244.0,238.0,242.5,37128310
2026-07-17,238.0,241.5,233.0,234.0,67239137
2026-07-20,235.5,238.5,230.5,234.5,47619834
2026-07-21,238.0,247.0,236.5,246.0,50049475
