date,open,high,low,close,volume
2021-07-22,537.9046996450667,542.4709534620876,536.0781981182582,539.731201171875,26058172
2021-07-23,540.6444027110043,540.6444027110043,532.4251465887086,534.2516479492188,15271451
2021-07-26,539.7312450540477,539.7312450540477,529.6854858398438,529.6854858398438,21619179
2021-07-27,530.5987366774987,533.3384891904634,529.6854858398438,529.6854858398438,17785992
2021-07-28,526.0324036593264,528.7721557617188,523.2926515569342,528.7721557617188,36158305
2021-07-29,534.2515498532644,534.2515498532644,526.945545752707,532.425048828125,23224896
2021-07-30,530.5987366774987,531.5119875151536,527.8589841645339,529.6854858398438,18999281
2021-08-02,532.4252373129635,538.8179931640625,529.6854848053496,538.8179931640625,23482491
2021-08-03,542.4708862304688,542.4708862304688,538.8178836295901,542.4708862304688,22747702
2021-08-04,546.1238032603424,546.1238032603424,542.470801231845,544.2973022460938,20313271
2021-08-05,546.1238032603424,546.1238032603424,541.5575507247207,544.2973022460938,15116242
2021-08-06,544.297454988896,544.297454988896,536.9914488816624,539.731201171875,13687213
2021-08-09,538.8179018677783,543.3841552734375,532.4251470998555,543.3841552734375,17390951
2021-08-10,544.297454988896,544.297454988896,537.9046996450667,539.731201171875,17190865
2021-08-11,538.8179931640625,538.8179931640625,534.2517389847061,538.8179931640625,19969687
2021-08-12,535.1649169921875,536.991418415369,533.338415569006,535.1649169921875,15444622
2021-08-13,534.251696903406,534.251696903406,528.7721923197813,530.5986938476562,22524428
2021-08-16,531.5117559563624,535.1647577155127,527.8587541972122,533.3382568359375,19315705
2021-08-17,533.3382568359375,533.3382568359375,533.3382568359375,533.3382568359375,0
2021-08-18,518.7263073007404,525.1190610878974,516.8998062186955,524.205810546875,43716164
2021-08-19,523.2926196267225,523.2926196267225,510.5071105957031,510.5071105957031,38868947
2021-08-20,511.4204163482224,514.1601685786593,503.20115965691167,504.1144104003906,45614061
2021-08-23,511.4201565260601,522.37915988019,510.50690624654925,516.899658203125,33685159
2021-08-24,524.2059571592957,525.1192079557405,521.4662047699615,522.3794555664062,24844800
2021-08-25,528.7721438676883,534.2516479492188,524.2058904664129,534.2516479492188,27504657
2021-08-26,548.8636407820063,550.6901420824455,539.7311342798098,542.4708862304688,43822008
2021-08-27,544.2975397635381,547.9505433861123,541.5577870466076,547.0372924804688,27105651
2021-08-30,549.7769105517175,552.5166625976562,547.0371585057787,552.5166625976562,36575609
2021-08-31,551.6033943499339,560.7359008789062,546.1238904325504,560.7359008789062,52721470
2021-09-01,560.7358824588346,560.7358824588346,555.2563787214518,559.8226318359375,30092045
2021-09-02,559.8227051384563,561.6492066234105,554.3432006835938,554.3432006835938,24112463
2021-09-03,557.0827065744708,566.2152099609375,557.0827065744708,566.2152099609375,51562454
2021-09-06,568.9551641158937,582.6539240865814,567.1286627864687,576.2611694335938,55589014
2021-09-07,579.0008339185393,579.0008339185393,568.955078125,568.955078125,26526056
2021-09-08,568.0417531742225,572.6080052093852,558.9092491038974,565.302001953125,37817737
2021-09-09,558.9092491038974,566.2152523601575,557.0827482898324,565.302001953125,18735512
2021-09-10,561.6491159518815,568.9551207122312,560.7358653568377,568.0418701171875,16304725
2021-09-13,565.3021112209414,566.215361804497,559.8226077196075,561.6491088867188,15198774
2021-09-14,564.3888849504231,564.3888849504231,558.9093812130403,559.8226318359375,14441901
2021-09-15,557.082952911025,559.8227051384563,554.3432006835938,554.3432006835938,23433501
2021-09-16,553.1963735961914,556.8660012817382,549.5267459106445,550.4441528320312,22467022
2021-09-17,550.4441528320312,559.6182220458984,549.5267459106445,550.4441528320312,40717715
2021-09-22,537.6005859375,540.3528073672142,534.8483645077858,537.6005859375,40642293
2021-09-23,539.4352416992188,544.0222760674094,539.4352416992188,539.4352416992188,21696296
2021-09-24,542.1875261287626,548.609375,541.2701191471572,548.609375,16736973
2021-09-27,550.444116940926,552.2789306640625,544.0222689099486,552.2789306640625,19464241
2021-09-28,545.8570430254696,546.7744498204703,543.1048226404672,544.9396362304688,16707080
2021-09-29,532.095947265625,534.8481676825162,529.3437268487338,532.095947265625,49310524
2021-09-30,532.095947265625,536.682981293777,527.508913237473,532.095947265625,30465107
2021-10-01,531.1785871658591,531.1785871658591,523.8393320754845,526.591552734375,36704493
2021-10-04,526.5915888006036,527.5089957497337,522.0045540549538,524.7567749023438,20957803
2021-10-05,515.582705411044,524.7567749023438,513.7478915127841,524.7567749023438,33824024
2021-10-06,525.6741080743419,526.5915148947159,518.3348535113494,523.8392944335938,32508846
2021-10-07,527.508913237473,533.9307608768858,524.7566928205819,532.095947265625,27933054
2021-10-08,533.9308205247962,534.8482274329144,525.6741583517323,527.5089721679688,18279079
2021-10-12,522.9219376273777,527.5089721679688,517.4174961786686,527.5089721679688,26522907
2021-10-13,524.7567012539678,527.5089217150901,522.9218876132197,523.8392944335938,18914374
2021-10-14,531.1785744871769,531.1785744871769,525.6741333007812,525.6741333007812,13916927
2021-10-15,543.1048974609375,550.4441528320312,537.6004559326171,550.4441528320312,53150216
2021-10-18,554.1138398768538,554.1138398768538,541.2701416015625,541.2701416015625,19158568
2021-10-19,548.6093389892578,550.4441528320312,544.0223043823243,550.4441528320312,17386359
2021-10-20,553.1964099080268,554.1138168896321,547.6919680183946,548.609375,16372520
2021-10-21,552.2789777717335,553.1963847115536,545.8571291929924,546.7745361328125,16169014
2021-10-22,550.4441528320312,552.2789666748047,544.939711303711,550.4441528320312,13995403
2021-10-25,547.6919053384868,547.6919053384868,541.2700572021896,544.0222778320312,16785568
2021-10-26,545.8572270515964,550.4442625730384,544.0224128430197,549.52685546875,19998808
2021-10-27,548.6094483644616,549.52685546875,544.939819947308,549.52685546875,14961858
2021-10-28,548.6093987985819,548.6093987985819,542.1875496487658,545.857177734375,16570044
2021-10-29,545.8571766998808,546.7745837195445,540.3527345818989,541.2701416015625,25763960
2021-11-01,542.1875486212261,544.0223626605534,541.2701416015625,541.2701416015625,16089351
2021-11-02,544.9395496265308,547.6917695741396,541.2699230297192,543.104736328125,15192404
2021-11-03,547.6917695741396,547.6917695741396,543.104736328125,543.104736328125,10224009
2021-11-04,543.1047949717845,544.9396084683108,536.6829477339425,538.5177612304688,17932145
2021-11-05,548.6093389892578,550.4441528320312,545.8571182250977,550.4441528320312,33270827
2021-11-08,550.444116940926,552.2789306640625,548.6093032177897,552.2789306640625,19752355
2021-11-09,560.53564453125,566.0400862124079,559.6182375843904,560.53564453125,39538660
2021-11-10,560.5355960621554,561.4530029296875,557.7833754595589,561.4530029296875,16027674
2021-11-11,550.4441667311263,555.9486083984375,550.4441667311263,555.9486083984375,18463848
2021-11-12,559.6182725919003,560.5356795961494,552.2790165579082,554.1138305664062,15821327
2021-11-15,558.7007319801733,560.5355455498947,556.8659184104519,557.7833251953125,15551452
2021-11-16,561.4529777151639,561.4529777151639,557.7833504098361,559.6181640625,20917108
2021-11-17,564.2051981941598,564.2051981941598,557.7833504098361,559.6181640625,19717852
2021-11-18,562.3704833984375,563.2878903860369,556.8660414728411,562.3704833984375,20030651
2021-11-19,570.6269631987636,571.5443698920093,566.0399297325357,566.9573364257812,35554348
2021-11-22,566.9575433498476,566.9575433498476,564.205322265625,564.205322265625,20312168
2021-11-23,564.205223532284,564.205223532284,560.5355960621554,561.4530029296875,19431694
2021-11-24,561.4530739855411,561.4530739855411,552.279004149176,553.1964111328125,20391940
2021-11-25,555.0312251000855,556.8660390673585,551.3615971655395,553.1964111328125,11888265
2021-11-26,548.6093500124529,551.3615708319132,543.1049083735319,546.7745361328125,26588102
2021-11-29,544.9396847086451,548.6093122151007,542.1874640788035,544.0222778320312,23379558
2021-11-30,547.6919430726326,550.4441638920931,542.1875014337118,546.7745361328125,62021697
2021-12-01,546.7745251464844,553.1963735961914,544.939711303711,550.4441528320312,21403404
2021-12-02,555.031251984883,564.205322265625,552.2790309006606,564.205322265625,45125742
2021-12-03,563.2877659044768,563.2877659044768,555.9485116255911,557.7833251953125,23045832
2021-12-06,553.1963735961914,558.7008151245117,550.4441528320312,550.4441528320312,23589363
2021-12-07,552.2789324740012,556.865966796875,547.6918981511275,556.865966796875,18606530
2021-12-08,563.2878130028811,563.2878130028811,552.2789306640625,552.2789306640625,20801543
2021-12-09,555.9485116255911,557.7833251953125,552.2788844861483,557.7833251953125,11039070
2021-12-10,555.03125,557.7834710743801,552.2790289256199,555.03125,10497451
2021-12-13,558.700704108062,559.6181108471558,551.3614501953125,551.3614501953125,17711657
2021-12-14,548.6094483644616,550.4442625730384,547.6920412601733,549.52685546875,22579034
2021-12-15,547.6919320678711,551.361559753418,546.7745251464844,550.4441528320312,21827730
2021-12-16,557.5868530273438,557.5868530273438,553.9003283792291,557.5868530273438,21809022
2021-12-17,553.9002673480617,559.4300537109375,552.0570052271031,559.4300537109375,24105733
2021-12-20,559.4301175018617,559.4301175018617,551.1354370117188,551.1354370117188,21381070
2021-12-21,550.2136840820312,552.9785769668656,548.3704221588084,550.2136840820312,17001461
2021-12-22,551.1353755696615,553.900268758138,551.1353755696615,552.9786376953125,9831802
2021-12-23,559.4300539123736,560.3516849731848,554.8218986083178,558.5084228515625,16654439
2021-12-24,558.5084844930283,561.2733779806175,556.6652221679688,556.6652221679688,11059689
2021-12-27,556.6651607299401,562.1949470948072,556.6651607299401,558.5084228515625,16259872
2021-12-28,562.1950058355565,566.8031616210938,562.1950058355565,566.8031616210938,33892718
2021-12-29,566.8031003877715,570.4896246179358,565.8814693302303,567.7247314453125,24518766
2021-12-30,570.4896862495236,571.4113174066312,566.8031616210938,566.8031616210938,19681276
2022-01-03,570.4896217019735,582.4708253887678,569.5679906491432,581.5491943359375,69089158
2022-01-04,594.4520843319776,604.5900268554688,593.5304531934785,604.5900268554688,79434666
2022-01-05,616.5712333796574,616.5712333796574,595.3737171349159,599.0602416992188,69593809
2022-01-06,588.00048828125,595.37353515625,586.1572265625,593.5302734375,53210211
2022-01-07,592.6088282828828,595.3737217274374,582.470885652849,584.3141479492188,38249908
2022-01-10,578.784298910138,594.4520267468774,577.862667860918,592.6087646484375,38289770
2022-01-11,595.3735957226263,599.9817504882812,588.9221790507092,599.9817504882812,33196585
2022-01-12,605.5115961248225,608.2764892578125,599.0601788145124,608.2764892578125,38860063
2022-01-13,606.4331662268935,610.1196900337438,603.6682733717556,609.1980590820312,38137411
2022-01-14,620.257568359375,620.257568359375,609.197998046875,619.3359375,95200777
2022-01-17,631.3172610996409,634.0821542139458,624.8658438329292,629.4739990234375,59614236
2022-01-18,624.8657851665762,627.6306780212956,610.1196899414062,610.1196899414062,43593330
2022-01-19,600.9033811610044,608.2764287826118,599.9817502083034,602.7466430664062,40381333
2022-01-20,599.0601195351503,605.5115362070673,595.3735957226263,599.9817504882812,46474584
2022-01-21,593.5304573999366,595.3737196899986,587.0790393847199,590.7655639648438,49577684
2022-01-24,588.9222385938099,603.6683353348129,587.0789765011845,601.8250732421875,47134502
2022-01-25,592.6088262549056,594.4520885449675,588.0006705297509,590.7655639648438,52318736
2022-01-26,585.2357175815031,590.7655038893598,585.2357175815031,586.1573486328125,29957189
2022-02-07,593.5303972379429,593.5303972379429,581.5491935669907,585.2357177734375,56836469
2022-02-08,594.4520923590204,594.4520923590204,578.7843627929688,578.7843627929688,39718217
2022-02-09,585.2357181591257,587.0789802635638,580.6275628980302,583.3924560546875,30048791
2022-02-10,588.922239330039,598.1385498046875,587.0789772351093,598.1385498046875,34587133
2022-02-11,595.3737171349159,599.0602416992188,591.687192570613,599.0602416992188,26723278
2022-02-14,589.84375,590.765380859375,585.235595703125,587.078857421875,27826382
2022-02-15,583.3924560546875,588.9222423680021,583.3924560546875,583.3924560546875,21970460
2022-02-16,594.4520871188987,595.3737182617188,589.8439314047987,595.3737182617188,25191741
2022-02-17,593.5303343780281,595.3735962860344,590.7654415160187,594.4519653320312,18135080
2022-02-18,588.00048828125,588.922119140625,586.1572265625,587.078857421875,20804191
2022-02-21,583.3924562478367,586.1573494054094,582.4708251953125,582.4708251953125,23797502
2022-02-22,578.784240820001,580.6275027334405,576.0193479498417,577.8626098632812,34086593
2022-02-23,575.0978390625,579.7059948242188,574.1762079101562,576.0194702148438,31953054
2022-02-24,569.5680584433853,570.489689605915,556.6652221679688,556.6652221679688,73663161
2022-02-25,552.9786975178498,561.2733779806175,552.9786975178498,556.6652221679688,89012516
2022-03-01,552.05706635532,562.1950091431473,552.05706635532,556.6652221679688,66720867
2022-03-02,553.900146484375,557.586669921875,552.978515625,553.900146484375,40693457
2022-03-03,555.7435304762121,559.4300547248105,553.9002683519128,554.8218994140625,33792420
2022-03-04,548.3705444335938,550.2138067678243,545.6056509322478,548.3705444335938,55917115
2022-03-07,534.5459598965115,535.4675908618503,529.9378050698175,530.8594360351562,86496560
2022-03-08,517.0350337460452,525.3297134318105,517.0350337460452,518.8782958984375,79029914
2022-03-09,522.5648191210249,528.0946055667501,522.5648191210249,523.4864501953125,52155415
2022-03-10,539.1541135615751,542.8406374149874,536.3892206715157,540.9973754882812,45630467
2022-03-11,535.4676526409646,536.3892837126358,529.0162351392663,529.9378662109375,38943098
2022-03-14,529.0162357783818,531.7811289967357,527.1729736328125,527.1729736328125,33919577
2022-03-15,517.95654296875,518.878173828125,514.27001953125,514.27001953125,74092231
2022-03-16,522.374250514533,523.3004459941686,514.0384911978117,516.8170776367188,43438327
2022-03-17,535.3409943990281,539.9719718592273,532.5624079229086,539.0457763671875,60959900
2022-03-18,539.0458856211677,539.0458856211677,533.4887115425989,538.1196899414062,46242430
2022-03-21,539.9721450545276,545.5293197892225,539.9721450545276,542.750732421875,21400273
2022-03-22,534.4148117772097,542.750571406317,534.4148117772097,539.9719848632812,20246949
2022-03-23,546.4555053710938,546.4555053710938,542.7507222838321,546.4555053710938,25902069
2022-03-24,543.6768700717467,548.3078485221024,541.8244786916046,547.3816528320312,20060758
2022-03-25,552.9388555316224,553.8650512695312,551.0864640558045,553.8650512695312,26122381
2022-03-28,538.1196674712717,542.7506456767043,537.1934718301851,540.8982543945312,26391576
2022-03-29,542.7506489000822,545.5292358398438,540.8982576069079,545.5292358398438,14892032
2022-03-30,554.7911506144206,555.7173461914062,552.9387594604492,555.7173461914062,41230239
2022-03-31,557.5696982634527,557.5696982634527,550.1601341669284,552.938720703125,22700114
2022-04-01,541.824453253495,545.5292358398438,540.8982576069079,545.5292358398438,29732696
2022-04-06,535.3411254882812,537.1935169259569,532.5625383317677,535.3411254882812,37645873
2022-04-07,528.8577239235383,530.7101152507661,524.2267456054688,524.2267456054688,42904743
2022-04-08,525.1530151367188,527.9316025183945,524.2268193428268,525.1530151367188,28024587
2022-04-11,521.4480550348973,524.2266414738043,516.8170776367188,516.8170776367188,36820094
2022-04-12,513.1124041846667,522.3743609389026,511.2600128338196,515.8909912109375,30671407
2022-04-13,522.3743225417212,533.4886698298429,521.4481269343777,530.7100830078125,35865970
2022-04-14,534.4148654371863,535.3410610445299,530.7100830078125,530.7100830078125,19056590
2022-04-15,520.5217895507812,524.2265709710715,519.5955941957087,520.5217895507812,28253360
2022-04-18,517.7433728440773,524.2267424503538,516.8171771860377,519.5957641601562,15800959
2022-04-19,524.2267327502766,527.0053196729813,521.4481458275719,523.300537109375,16614705
2022-04-20,527.9314575195312,527.9314575195312,520.5218932034676,527.9314575195312,27606307
2022-04-21,528.8577109547844,528.8577109547844,523.300537109375,523.300537109375,18383650
2022-04-22,516.8170776367188,517.7432731163544,515.8908821570831,516.8170776367188,29283846
2022-04-25,509.4075846279779,511.2599758448069,505.7028021943199,506.6289978027344,43389591
2022-04-26,509.40754090473325,510.333736433651,503.8503677312271,505.7027587890625,35825421
2022-04-27,490.88370725682483,492.7360986049638,487.1789245605469,487.1789245605469,55941533
2022-04-28,490.8836189456803,492.7360099605697,484.40025039356755,491.809814453125,45380836
2022-04-29,506.62891090137805,506.62891090137805,495.5145655068323,498.29315185546875,36664644
2022-05-03,498.2931830052377,500.1455740201271,490.8836189456803,491.809814453125,26317509
2022-05-04,493.6621834401334,497.3669653045997,490.8835970417837,494.58837890625,16569622
2022-05-05,502.92430368120824,503.8504994522602,499.21952059700044,501.99810791015625,20374772
2022-05-06,489.0312194824219,491.80980595675385,487.1788284995339,489.0312194824219,32467268
2022-05-09,484.40029085599457,485.3264864408053,481.6217041015625,481.6217041015625,23709774
2022-05-10,468.65497050045997,480.69551322082754,467.72877490658556,479.7693176269531,41679907
2022-05-11,479.7693864525852,487.17895226652473,479.7693864525852,482.5479736328125,27157254
2022-05-12,477.9169733330755,479.7693647025835,467.72882080078125,467.72882080078125,32532963
2022-05-13,469.58119760054194,476.0645671926599,468.6550019445251,473.2859802246094,29074177
2022-05-16,482.54789968637317,485.3264864408053,479.7693129319411,481.6217041015625,21163106
2022-05-17,482.54784661059114,493.6621924058447,481.6216511276533,490.88360595703125,24496974
2022-05-18,501.0717382041052,501.0717382041052,494.5883700572868,498.29315185546875,30568176
2022-05-19,484.40028615198827,488.10506845525396,481.62169942453903,483.4740905761719,29019751
2022-05-20,485.3264330594045,492.73599692290685,484.40023757646674,490.88360595703125,22651205
2022-05-23,493.6621969396418,494.58839243108577,489.0312194824219,489.0312194824219,17054170
2022-05-24,490.88365994966944,491.80985553448016,481.6217041015625,481.6217041015625,17802308
2022-05-25,483.4739947137032,489.9573624589061,481.62160392935954,485.3263854980469,22176476
2022-05-26,484.4002741357232,486.2526652414047,475.1383186073155,476.06451416015625,28327403
2022-05-27,485.3264330594045,490.88360595703125,483.4740420935289,490.88360595703125,27866643
2022-05-30,498.2932373270038,506.6289978027344,497.3670417185893,506.6289978027344,34476433
2022-05-31,501.9981523786272,518.669677734375,500.145760672433,518.669677734375,72405873
2022-06-01,509.4074881576232,514.0384653226926,507.55509729159553,508.4812927246094,29155176
2022-06-02,503.8503508391203,504.77654633698637,500.14556884765625,500.14556884765625,21420890
2022-06-06,501.07176434552224,503.8503508391203,498.29317785192416,500.14556884765625,17615003
2022-06-07,495.5146179199219,498.2932045624635,492.7360312773803,495.5146179199219,19497532
2022-06-08,499.21945510191074,504.77662899914907,498.29325945237105,503.8504333496094,18835521
2022-06-09,498.2931604297236,501.9979422916547,497.3669649642409,501.0717468261719,16338602
2022-06-10,490.88360595703125,493.6621924058447,489.9574104740935,490.88360595703125,21357130
2022-06-13,479.76932235836057,480.695517961369,476.9907355493353,477.91693115234375,32854092
2022-06-14,469.58113249840096,476.0645011916727,469.58113249840096,475.1383056640625,36304444
2022-06-15,470.5073980844794,476.9907677431238,470.5073980844794,471.43359375,35680283
2022-06-16,479.58175839401605,480.5129851093442,472.13194467139056,473.06317138671875,26909199
2022-06-17,465.1478069556688,468.40710089830105,464.6821935352927,466.5446472167969,43566737
2022-06-20,465.6133996434958,467.47585324206983,460.95726564706086,463.7509460449219,34209693
2022-06-21,466.54465434763694,470.2695617675781,464.6822006376663,470.2695617675781,33223685
2022-06-22,466.5445812753768,468.4070346936418,460.4916076660156,460.4916076660156,31034893
2022-06-23,458.1635696929711,459.5604098444741,451.64498231929065,452.110595703125,43548940
2022-06-24,455.8354893024755,458.62916952291965,452.11058234188323,453.04180908203125,27911980
2022-06-27,461.8884857698094,471.2007536280717,461.4228723768963,464.216552734375,37909718
2022-06-28,461.8884687107412,465.613375716473,461.8884687107412,463.2853088378906,15274062
2022-06-29,461.88852568896385,464.21659285473487,457.2323913574219,457.2323913574219,30533789
2022-06-30,451.1793741498675,453.0418277067297,443.2639465332031,443.2639465332031,46311432
2022-07-01,439.07335873974984,441.40142532903803,421.3800526611597,422.311279296875,61744377
2022-07-04,412.5334569064054,420.4488844091242,409.7397766113281,409.7397766113281,52445919
2022-07-05,418.58644220326516,420.44889578370237,403.22120016465806,415.3271484375,50084244
2022-07-06,411.6022603049207,416.7240078879005,405.0836724720374,405.5492858886719,40549763
2022-07-07,411.6022396900615,427.4330950627562,408.3429459368597,426.0362548828125,48151202
2022-07-08,437.6766150921775,438.1422285124883,429.7611869468934,434.8829345703125,37897895
2022-07-11,435.8141059380073,438.1421727432317,429.295518883379,430.22674560546875,21941710
2022-07-12,426.5018531875695,426.5018531875695,418.58642578125,418.58642578125,23036423
2022-07-13,438.1422119140625,440.47027892742096,433.95169129001727,438.1422119140625,44035695
2022-07-14,433.95160207648024,444.66070813630756,431.15792223478616,442.3326416015625,31936258
2022-07-15,447.92004332566626,460.0259904425762,444.1951365204632,458.629150390625,51846909
2022-07-18,461.42291259765625,464.21659319865114,454.90432452866816,461.42291259765625,39179575
2022-07-19,453.9730973253425,459.0948450900387,453.0418704590341,457.2323913574219,19874865
2022-07-20,467.47586312342173,468.4070899423927,457.69798152422663,460.957275390625,35436652
2022-07-21,461.88851301303646,466.5446472167969,460.0260593315323,466.5446472167969,22285593
2022-07-22,470.2695581879815,470.2695581879815,465.6134239484965,468.4071044921875,25216400
2022-07-25,465.6134100409003,468.4070905011457,463.7509564007367,465.1477966308594,15245346
2022-07-26,465.14779607599434,465.14779607599434,457.2323681147412,460.957275390625,18024265
2022-07-27,460.0260160529756,467.475830078125,457.23233579354456,467.475830078125,17166365
2022-07-28,473.9944619428136,473.9944619428136,464.6821935352927,466.5446472167969,33844011
2022-07-29,473.06324944936455,474.9257031873542,469.3383419733853,473.9944763183594,29045617
2022-08-01,471.20077151343935,473.063225155785,465.61341058640255,469.33831787109375,24117969
2022-08-02,460.02605841411804,461.888512091908,454.9043108001957,458.1636047363281,39838155
2022-08-03,460.0260593315323,466.5446472167969,459.09483249078016,466.5446472167969,27603474
2022-08-04,464.68217651367183,468.4070837402343,460.95726928710934,465.6134033203125,26027618
2022-08-05,473.994383168775,480.5129699707031,472.13192979679553,480.5129699707031,32784279
2022-08-08,474.92563247680664,479.58176612854004,473.99440574645996,476.7880859375,19333128
2022-08-09,472.1319788315717,475.85688596239277,469.3382984834559,474.9256591796875,21164373
2022-08-10,465.6134033203125,468.4070837402343,465.14778991699217,465.6134033203125,20861380
2022-08-11,477.71931647512235,478.6505432128906,474.92563626181754,478.6505432128906,23740033
2022-08-12,479.5817604286297,482.3754405864664,478.65053370935084,481.4442138671875,19535923
2022-08-15,484.237935812022,487.962843010576,483.3067090123835,487.0316162109375,21273166
2022-08-16,489.8252697172619,489.8252697172619,487.0315894717262,488.89404296875,20720414
2022-08-17,487.96278963324244,490.7564697265625,485.1691095399223,490.7564697265625,27143102
2022-08-18,484.2378845214844,485.16911122248723,483.3066578204815,484.2378845214844,17831084
2022-08-19,483.306640625,487.0315472964836,481.4441872892582,483.306640625,14022812
2022-08-22,475.8568592071533,478.65053939819336,474.92563247680664,476.7880859375,11494000
2022-08-23,468.40709104992095,471.20077151343935,467.47586422874815,469.33831787109375,19191108
2022-08-24,469.3383313400845,473.06323873167247,468.4071044921875,468.4071044921875,14363212
2022-08-25,470.26949124073417,474.9256248173751,469.338264525406,473.06317138671875,9357138
2022-08-26,477.7193126678467,479.58176612854004,475.8568592071533,476.7880859375,12914846
2022-08-29,462.81971255563565,467.4758464847668,461.8884857698094,464.216552734375,26590824
2022-08-30,463.28532895734236,465.6133959370275,461.88848876953125,461.88848876953125,24214535
2022-08-31,458.1636126527692,470.2695617675781,458.1636126527692,470.2695617675781,39357089
2022-09-01,460.9572132355576,461.4228265822602,456.3010797685318,456.7666931152344,39168672
2022-09-02,454.4387307707796,455.8355711317554,451.6450500488281,451.6450500488281,29982959
2022-09-05,451.64500609346874,454.4386865435314,450.71377927678117,452.57623291015625,15903415
2022-09-06,454.90429016612546,457.69797055609143,453.0418365728148,455.3699035644531,16700285
2022-09-07,444.19518984840033,445.12641666149966,439.53905578290346,440.0046691894531,34678562
2022-09-08,440.47018837376646,442.3326416015625,439.5389617598684,442.3326416015625,27931552
2022-09-12,451.6449689718092,457.23232941269754,451.6449689718092,453.04180908203125,21597212
2022-09-13,460.95727173841993,460.95727173841993,457.2323644920489,459.0948181152344,16507036
2022-09-14,445.59205131530763,449.3169587453206,443.26398417154945,446.9888916015625,22645714
2022-09-15,445.8181111354768,449.5644818172875,445.8181111354768,446.2864074707031,23104850
2022-09-16,440.6668273796469,442.07171630859375,439.26193845070014,442.07171630859375,39087513
2022-09-19,442.07172663359876,443.0083192747717,436.92046710714794,437.3887634277344,17182380
2022-09-20,440.666851447987,447.69129647638215,440.1985551127607,446.2864074707031,19842582
2022-09-21,443.47661342742333,445.34979870061204,438.7936502444516,441.1351318359375,24154633
2022-09-22,432.7058205332515,438.32537664407295,429.89604247784075,435.04730224609375,29702508
2022-09-23,429.4277324969952,431.30091780777815,426.149658203125,426.149658203125,29757787
2022-09-26,414.9105850681079,425.21310523909926,414.9105850681079,418.18865966796875,32342267
2022-09-27,420.5300679206848,422.87154936790466,417.720290184021,419.5934753417969,24961404
2022-09-28,418.65693434623824,420.530119734812,410.22760009765625,410.22760009765625,34402652
2022-09-29,414.91058868758984,415.3788850630837,404.6080684267242,407.4178466796875,41094780
2022-09-30,397.58357755832765,400.39335549160205,395.2420959472656,395.2420959472656,48266800
2022-10-03,391.96403207024224,397.5835880855862,390.0908467317942,390.55914306640625,36044395
2022-10-04,402.26651406454874,404.60799552010485,399.9250326089926,401.7982177734375,40375000
2022-10-05,416.31539512377105,422.4032467959972,413.9739137113764,416.78369140625,46496536
2022-10-06,421.9349629810274,422.40325927734375,418.656888906813,422.40325927734375,30331834
2022-10-07,420.06182338766854,420.06182338766854,409.29100740336935,410.22760009765625,31941781
2022-10-11,382.1297830888076,386.34444981405176,375.5736348495388,376.04193115234375,95793819
2022-10-12,371.8272664388021,374.6370442708333,370.42237752278646,372.2955627441406,53570085
2022-10-13,375.1053921470159,377.446873995624,369.9541320800781,369.9541320800781,38046284
2022-10-14,388.2176719221097,389.6225609640473,383.0664121016715,385.8761901855469,54504366
2022-10-17,374.63704837059197,377.9151225438346,370.890677886886,371.8272705078125,41512192
2022-10-18,380.72491046427507,381.1932067871094,374.1687619445951,381.1932067871094,40093216
2022-10-19,378.38343133938446,379.32002399121467,370.4223937988281,370.4223937988281,46385177
2022-10-20,366.20771077473955,372.2955627441406,361.5247477213542,372.2955627441406,52938069
2022-10-21,370.4223816544774,373.2321595178489,364.8028259277344,364.8028259277344,35923505
2022-10-24,369.9541372846263,372.2956191661746,362.4613952636719,362.4613952636719,46714078
2022-10-25,355.9051628832547,358.246644218013,347.475830078125,347.475830078125,76416687
2022-10-26,347.0075542368787,354.96859124366273,346.53925794236204,352.1588134765625,58850484
2022-10-27,360.11986489302143,364.3345317123156,358.24667964000184,361.05645751953125,45684455
2022-10-28,355.4369812011719,357.7784632907712,351.2223134398932,355.4369812011719,40184472
2022-10-31,361.52477792593146,365.2711486816406,356.84181448129505,365.2711486816406,38409054
2022-11-01,363.8662171345561,368.08088374229226,361.52473568581377,366.6759948730469,41426496
2022-11-02,366.20776112230516,369.9541320800781,363.8662792736971,369.9541320800781,22535650
2022-11-03,360.58811227480567,362.46129727363586,359.18322352568305,359.6515197753906,39731333
2022-11-04,356.84184960170563,360.1199243355796,354.50036764893855,357.7784423828125,28397417
2022-11-07,365.2711486816406,368.0809267484225,362.46137061485877,365.2711486816406,35387706
2022-11-08,369.9540993444304,374.16876629898724,369.01750668786224,373.7004699707031,31838223
2022-11-09,377.9151420318823,390.55914306640625,377.9151420318823,390.55914306640625,52260831
2022-11-10,383.06644923672354,385.4079312002732,380.25667088046396,381.66156005859375,32044942
2022-11-11,413.5056457519531,413.973942066508,407.41779366273977,413.5056457519531,80016195
2022-11-14,421.4666542310393,421.4666542310393,413.50561742889744,416.78369140625,61933190
2022-11-15,435.51562309265137,456.1206633249918,432.7058448791504,449.56451416015625,113379796
2022-11-16,460.3353030539636,462.67678475820554,450.96937623699586,456.1206359863281,85726375
2022-11-17,451.90592453160235,454.2474060058594,444.88148010883134,454.2474060058594,45144984
2022-11-18,460.3353030539636,462.67678475820554,455.18404330463136,456.1206359863281,35859717
2022-11-21,456.58891210912174,458.4620973895694,450.03276362755486,451.4376525878906,29710180
2022-11-22,445.818084654643,459.8669738769531,445.818084654643,459.8669738769531,37343127
2022-11-23,463.1451011905825,464.5499902740727,457.52554485662193,460.8036193847656,33475337
2022-11-24,462.6767415692729,464.5499267578125,460.80355638073337,464.5499267578125,27396552
2022-11-25,462.67672545651357,466.423095703125,462.67672545651357,466.423095703125,39949969
2022-11-28,455.18397380658166,458.93034396136835,450.03271484375,450.03271484375,38926919
2022-11-29,443.47663478342173,457.0572286680249,443.00833844257335,456.1206359863281,38182197
2022-11-30,452.3742409842355,458.9303894042969,451.9059446685168,458.9303894042969,57111603
2022-12-01,473.9158630677188,475.78904829723547,466.89141845703125,466.89141845703125,41746878
2022-12-02,458.93036911088194,465.4865172410374,458.93036911088194,461.2718505859375,28319679
2022-12-05,460.335255878347,465.95481139263,457.9937744140625,457.9937744140625,28360444
2022-12-06,457.0572106269613,457.99380327168865,447.6912841796875,447.6912841796875,40561068
2022-12-07,446.7546548622533,454.7156916889391,444.8814697265625,444.8814697265625,36563503
2022-12-08,444.8814675259312,444.8814675259312,437.38872702023133,441.6033935546875,27238567
2022-12-09,447.69131637684154,453.7791690053969,445.8181309526707,450.9693908691406,25915337
2022-12-12,446.2863585783306,447.69124743009866,443.47658087479437,444.8814697265625,20973334
2022-12-13,443.00828239950624,445.81806008914367,441.13509727308127,441.6033935546875,33272826
2022-12-14,442.0716782648283,450.03271484375,442.0716782648283,450.03271484375,30636639
2022-12-15,448.38424228505465,453.565152647592,446.97126673163535,452.6231689453125,24222008
2022-12-16,439.43542004239026,443.6743469238281,438.49343629095966,443.6743469238281,47601400
2022-12-19,439.4354248046875,442.2613760896051,438.0224491622287,439.4354248046875,21075559
2022-12-20,438.0224899542136,439.9064576529414,428.6026514605746,430.9576110839844,31139235
2022-12-21,433.3125281905297,436.13847946133745,430.48657691972187,432.37054443359375,36182644
2022-12-22,439.43544348692285,441.79040299114,437.0804839827057,440.8484191894531,14047382
2022-12-23,430.9576208093664,431.899604679988,428.6026611328125,428.6026611328125,24927413
2022-12-26,427.66069573927814,430.4866474732381,427.18970378361814,430.0156555175781,8793306
2022-12-27,431.4285865967331,435.66751375761805,430.4866027832031,430.4866027832031,10264001
2022-12-28,424.8346862792969,425.77667006262124,420.12476736267496,424.8346862792969,32578949
2022-12-29,418.24078834431054,423.4216990107378,416.8278127080122,420.124755859375,23020759
2022-12-30,428.60260009765625,430.01557570237384,422.4797058105469,422.4797058105469,21683478
2023-01-03,420.12477189289285,427.18965034400657,417.29882051244743,426.7186584472656,14885824
2023-01-04,423.4217529296875,428.60266425585723,422.47976905220213,423.4217529296875,19188422
2023-01-05,432.3705890950876,432.8415810222064,428.60265367813696,431.89959716796875,23549581
2023-01-06,428.60265367813696,432.8415810222064,428.60265367813696,431.89959716796875,20886011
2023-01-09,440.848388671875,453.09417724609375,440.37739680363586,453.09417724609375,46666263
2023-01-10,457.8041076660156,458.7460914266453,454.97815638412663,457.8041076660156,32646014
2023-01-11,458.7460419110592,459.6880255700142,454.0361236162845,456.3910827636719,21051115
2023-01-12,459.2170691808718,459.68806104669835,455.9201261200861,458.27508544921875,20963689
2023-01-13,477.585799621582,479.4697672729492,470.04992901611325,470.9919128417969,77606949
2023-01-16,476.64382710976173,478.52779480584775,473.81787556563273,475.70184326171875,34373918
2023-01-17,474.7597631981548,474.7597631981548,470.52083674102846,473.8177795410156,27770329
2023-01-30,510.55517814172566,511.4971618652344,503.0193083536559,511.4971618652344,124428936
2023-01-31,505.84533410784843,506.78731797024665,490.7735923094768,491.715576171875,72530854
2023-02-01,501.1352794719192,502.07726307994915,491.71544339161994,499.2513122558594,33710990
2023-02-02,506.7873274061415,510.5552629258898,505.84534352620443,508.6712951660156,43077053
2023-02-03,508.6712691528771,510.55523681640625,504.9033338258188,510.55523681640625,31635865
2023-02-06,501.13542378356703,502.07740766285946,495.4835205078125,495.4835205078125,30870136
2023-02-07,493.5995461225054,497.3674815890894,491.71557838921336,492.6575622558594,23481767
2023-02-08,506.7873274061415,508.6712951660156,503.01939188639324,508.6712951660156,35096191
2023-02-09,508.6712951660156,508.6712951660156,504.9033596462674,508.6712951660156,18861972
2023-02-10,512.4392416857798,514.3232094860952,509.6132899853068,513.3812255859375,28495684
2023-02-13,512.4391408416128,512.4391408416128,506.7872385529185,509.6131896972656,22768977
2023-02-14,512.4392416857798,514.3232094860952,511.49725778562214,513.3812255859375,21883297
2023-02-15,495.48345714750747,501.13535970052084,491.7155221121652,494.5414733886719,61796793
2023-02-16,497.3674011230469,500.1933522657915,493.5994662660541,497.3674011230469,29975138
2023-02-17,493.5995349073963,493.5995349073963,486.0636641454513,487.9476318359375,28121975
2023-02-20,484.17963354822746,488.88955216250986,481.35368237965804,487.0055847167969,20065156
2023-02-21,485.1216453729674,487.0056129278139,483.2376778181209,486.0636291503906,13504100
2023-02-22,476.64383157282424,479.4697831434141,475.7018477159609,477.5858154296875,24575245
2023-02-23,482.2957287644788,490.77358337166686,480.4117610739925,487.9476318359375,25376835
2023-02-24,493.59948754357265,494.5414712984268,481.35369873046875,481.35369873046875,41692491
2023-03-01,474.75986664870686,491.715576171875,474.75986664870686,491.715576171875,39560848
2023-03-02,488.8895568847656,489.8315406167209,485.1216219569447,488.8895568847656,16558784
2023-03-03,493.59949936977654,494.5414831471998,486.0636291503906,486.0636291503906,23253895
2023-03-06,489.8316366887596,493.5995723555962,487.0056849386321,490.77362060546875,21922085
2023-03-07,490.7734753557744,495.48339354536915,488.8895080799365,493.59942626953125,24861078
2023-03-08,490.77362060546875,492.65758843888705,487.9476688553413,490.77362060546875,24512408
2023-03-09,494.54152775906965,495.4835116214679,491.715576171875,491.715576171875,21557577
2023-03-10,485.1216690628617,486.06365288628473,481.3537337691696,483.2377014160156,24045605
2023-03-13,483.2376778181209,487.9475967052371,479.469742708428,486.0636291503906,21466947
2023-03-14,481.35369639677157,484.17964764763326,480.4117126464844,480.4117126464844,20474770
2023-03-15,485.12163374988535,486.0636175047395,480.41171497561464,481.35369873046875,23208597
2023-03-16,478.2755432128906,483.01094463084,477.3284629293007,478.2755432128906,21965994
2023-03-17,488.6933336883899,490.5874938964844,485.85209337624804,490.5874938964844,33118483
2023-03-20,489.640491604805,490.58757185935974,483.01092982292175,484.90509033203125,11837312
2023-03-21,487.746342376768,489.6405029296875,484.90510154738877,489.6405029296875,18284799
2023-03-22,496.269980138954,504.793701171875,496.269980138954,504.793701171875,42385987
2023-03-23,500.05837229902414,510.47625505525383,500.05837229902414,509.5291748046875,26728246
2023-03-24,507.6349862121695,510.4762268066406,506.68790601401247,510.4762268066406,21926240
2023-03-27,504.7937576092794,507.6349982712453,502.89959716796875,502.89959716796875,16111177
2023-03-28,497.2171325683594,501.9525338309152,496.2700523158482,497.2171325683594,17234120
2023-03-29,504.79378598771,504.79378598771,497.2171437965249,501.9525451660156,17280749
2023-03-30,507.6349769093166,508.58205709011753,502.89957600531176,506.6878967285156,19201564
2023-03-31,509.52910174571997,509.52910174571997,503.846621057106,504.793701171875,23558838
2023-04-06,501.9525451660156,502.89962543991373,498.164224070423,501.9525451660156,25423363
2023-04-07,506.68791805059,506.68791805059,501.00543672665816,502.89959716796875,8557482
2023-04-10,504.79372222842704,504.79372222842704,500.0583214570534,501.0054016113281,7435151
2023-04-11,494.3759503546562,499.11135217797664,494.3759503546562,496.2701110839844,22675697
2023-04-12,495.3229606628418,496.27004089355466,489.64047927856444,492.4817199707031,23816473
2023-04-13,487.7463265213312,489.64048701267615,483.01092529296875,483.01092529296875,25536889
2023-04-14,488.6933288574219,492.4816492361616,485.8520885733671,488.6933288574219,18072504
2023-04-17,491.5346397399902,492.4817199707031,486.79923858642576,492.4817199707031,14634287
2023-04-18,490.5876093892218,492.48177004323423,486.79928808119695,487.7463684082031,15168888
2023-04-19,489.64048701267615,490.58756725834866,482.06384504729624,483.01092529296875,21123233
2023-04-20,484.9050925925926,488.69341362847223,483.01093207465277,485.8521728515625,17221961
2023-04-21,492.4816679534614,492.4816679534614,483.01086664666406,483.95794677734375,25016683
2023-04-24,478.2755172699396,483.01091843102813,477.3284370377219,480.169677734375,16886512
2023-04-25,477.328416203878,478.27549639475876,471.64593505859375,471.64593505859375,36898412
2023-04-26,471.64595064335896,472.1194907544467,465.01638908813106,465.48992919921875,31269245
2023-04-27,465.0163936595666,468.80471458551006,463.1222331965948,467.38409423828125,29537148
2023-04-28,472.1195147085,475.4342956542969,471.6459745733861,475.4342956542969,24824100
2023-05-02,473.5401633256924,475.43432397899517,470.22538218241255,474.48724365234375,15325791
2023-05-03,469.7518615722656,471.6460223044119,468.8047812061925,469.7518615722656,11369311
2023-05-04,470.69885486771307,473.06655534491483,469.7517746768323,471.64593505859375,13140291
2023-05-05,473.5401611328125,475.43432177734377,472.11954064941403,473.5401611328125,7488897
2023-05-08,482.0638620891268,482.0638620891268,475.43430013505235,477.3284606933594,11243634
2023-05-09,480.1696845559513,483.01092529296875,478.2755240646063,483.01092529296875,16197743
2023-05-10,481.1168103682592,481.1168103682592,473.5401676852945,476.38140869140625,18859212
2023-05-11,479.22264083831726,479.22264083831726,472.1195384543501,472.59307861328125,13382927
2023-05-12,469.7518615722656,473.5401830365581,468.8047812061925,469.7518615722656,18465362
2023-05-15,470.69878780853855,473.06648794842056,468.33108766865655,469.2781677246094,13315766
2023-05-16,476.38138264571086,481.11678406366025,473.5401417949412,478.2755432128906,21140315
2023-05-17,481.1167549618407,493.42879790377754,479.22259450923497,491.5346374511719,41406763
2023-05-18,504.79378598771,507.63502680940445,498.164224070423,501.9525451660156,43096277
2023-05-19,506.6880124314387,506.6880124314387,501.0055300490301,503.8467712402344,32099068
2023-05-22,503.8466773886241,504.7937576092794,501.00543672665816,502.89959716796875,17208135
2023-05-23,501.9525451660156,502.89962543991373,497.2171437965249,501.9525451660156,19588873
2023-05-24,499.11129307338166,500.05837332589283,496.2700523158482,497.2171325683594,19086681
2023-05-25,513.317446208132,516.1586866852987,508.582045412854,514.2645263671875,63827245
2023-05-26,537.9415848263583,537.9415848263583,533.2061835514784,536.0474243164062,95808471
2023-05-29,543.6240709331673,543.6240709331673,534.1532683036696,537.9415893554688,54657853
2023-05-30,536.0474243164062,537.9415848263583,533.2061835514784,536.0474243164062,40136130
2023-05-31,530.3650471130153,532.2592079955617,521.8413231415561,528.4708862304688,81176782
2023-06-01,520.89410633011,524.6824271034199,520.89410633011,521.8411865234375,24477529
2023-06-02,529.417792812361,534.1531934636344,527.5236325518516,532.259033203125,30206141
2023-06-05,530.3649176520271,530.3649176520271,525.6295166015625,525.6295166015625,16827391
2023-06-06,524.6823874337333,532.2590284075056,523.7353073120117,530.3648681640625,20228086
2023-06-07,531.3120275148203,537.9415893554688,530.3649472518706,537.9415893554688,27604813
2023-06-08,532.2590873595427,537.9415687192532,525.6295257732139,529.4178466796875,23080195
2023-06-09,531.3120813960523,536.047483191026,531.3120813960523,535.1004028320312,19091713
2023-06-12,543.6240234375,543.6240234375,540.7827828968859,543.6240234375,26392389
2023-06-13,561.6185302734375,562.5656104256693,557.8302096645104,561.6185302734375,56174363
2023-06-14,558.7774047851562,559.7244851322498,555.9361637438758,558.7774047851562,23583314
2023-06-15,561.3938219615852,564.2483668190171,558.5392771041535,562.3453369140625,27392154
2023-06-16,561.3937756161131,561.3937756161131,555.6846863725594,560.4422607421875,38128802
2023-06-19,554.7333374023438,556.636367719333,553.7818222438492,554.7333374023438,14346885
2023-06-20,550.9272767683655,556.636367719333,550.9272767683655,554.7333374023438,16221413
2023-06-21,553.781715169831,556.6362600933869,549.9756552717566,552.8302001953125,21703937
2023-06-26,548.072646722561,549.9756767459032,546.1696166992188,546.1696166992188,27142262
2023-06-27,542.3636323088533,547.1212080308608,541.4121171644517,544.2666625976562,21501718
2023-06-28,550.9271917575743,550.9271917575743,543.3150716642054,546.1696166992188,18175426
2023-06-29,549.9756534702907,551.8786834130944,542.3635336990756,545.2180786132812,16937929
2023-06-30,542.3634815216064,548.0725708007812,540.4604517618815,548.0725708007812,22654976
2023-07-03,549.9757309882341,551.878761199266,548.072700777202,550.92724609375,14785585
2023-07-04,556.63623046875,556.63623046875,551.878655849359,556.63623046875,17219541
2023-07-05,560.4423433808527,560.4423433808527,550.9271932385632,553.78173828125,14913592
2023-07-06,545.2180148774544,546.1695297376244,537.6058959960938,537.6058959960938,28564891
2023-07-07,537.6058959960938,544.2665000172843,535.7028662757536,537.6058959960938,18796190
2023-07-10,539.508925716434,545.2180148774544,537.6058959960938,537.6058959960938,18454982
2023-07-11,546.1696248442917,549.024169921875,542.3635647408471,549.024169921875,17850636
2023-07-12,546.1694659064798,549.9755249023438,544.2664364085477,549.9755249023438,15588228
2023-07-13,558.5392603165064,561.393805088141,556.63623046875,556.63623046875,25442137
2023-07-14,560.4423070091079,562.3453369140625,558.5392771041535,562.3453369140625,23121873
2023-07-17,559.4907920566308,562.3453369140625,558.5392771041535,562.3453369140625,13807834
2023-07-18,558.5392900424241,559.4908050169428,551.8786852207938,552.8302001953125,20932006
2023-07-19,555.6847451188682,558.5392900424241,550.9271702462753,552.8302001953125,22499123
2023-07-20,551.878761199266,555.6848216213299,549.9757309882341,550.92724609375,15108109
2023-07-21,532.848388671875,535.7029336111887,529.9938437325613,532.848388671875,46711021
2023-07-24,529.9939194545951,535.7030101488995,529.9939194545951,530.9454345703125,25268835
2023-07-25,533.7998679752718,541.4119873046875,533.7998679752718,541.4119873046875,19590349
2023-07-26,541.4120401443104,543.3150701623923,535.7029500900646,538.5574951171875,13314305
2023-07-27,542.3635022208645,542.3635022208645,538.5574425561566,541.4119873046875,12200358
2023-07-28,541.4118795512635,545.217938458478,537.605820644049,539.5088500976562,18540078
2023-07-31,547.1210445977946,547.1210445977946,532.8483216952434,537.6058959960938,24208467
2023-08-01,537.605820644049,540.4603648244599,536.6543059172454,539.5088500976562,16259643
2023-08-02,539.5090785715032,541.4121088310146,530.9454424037015,533.7999877929688,25583234
2023-08-04,529.0423121262974,532.8483719257672,525.2362523268276,527.1392822265625,26279173
2023-08-07,530.9454345703125,533.7999799174647,529.0424043388776,530.9454345703125,14369551
2023-08-08,530.9452952509341,530.9452952509341,524.2846911886464,525.2362060546875,19010690
2023-08-09,523.3332224270928,529.9938270761648,523.3332224270928,527.1392822265625,14389090
2023-08-10,525.2362439385776,527.1392738079203,523.3332140692349,524.2847290039062,17892615
2023-08-11,529.042247953869,530.9452776227679,519.527099609375,519.527099609375,17608427
2023-08-14,513.8179554824688,516.6724996795937,510.96341128534397,514.7694702148438,20939030
2023-08-15,516.6727065195456,518.575736746137,513.8181611796587,515.72119140625,14066307
2023-08-16,514.7696762929543,516.6727065195456,510.012100726476,515.72119140625,28269840
2023-08-17,513.8180856143728,519.5271754545324,510.9635406942929,517.6241455078125,22843138
2023-08-18,513.8180921338706,517.624152075603,512.8665771484375,512.8665771484375,17592345
2023-08-21,517.6241980185056,517.6241980185056,508.109047319636,510.9635925292969,16633821
2023-08-22,517.6240144119686,517.6240144119686,511.9149260177189,514.7694702148438,14594304
2023-08-23,519.5271168584409,525.2362060546875,517.6240871263587,525.2362060546875,20636332
2023-08-24,535.7029649450424,536.6544799804688,530.9453897679106,536.6544799804688,23280827
2023-08-25,522.3816441127232,524.284673781622,519.527099609375,519.527099609375,24144537
2023-08-28,520.4787447569801,526.1878351930712,520.4787447569801,522.3817749023438,8991985
2023-08-29,524.2846911886464,526.1877209207286,519.5271168584409,525.2362060546875,10516678
2023-08-30,530.9453039220862,532.8483336852478,527.139244395763,528.0907592773438,15117416
2023-08-31,526.1878351930712,529.0423804111168,521.4302598296618,522.3817749023438,40431378
2023-09-01,516.6726616629719,526.1878119698406,516.6726616629719,521.4302368164062,13669766
2023-09-04,522.3817758885491,529.993896484375,522.3817758885491,529.993896484375,9531157
2023-09-05,526.1877209207286,528.0907506528108,523.3331763226054,525.2362060546875,12220686
2023-09-06,529.0424653764204,529.0424653764204,523.3333740234375,523.3333740234375,14067008
2023-09-07,519.5272518594327,521.430282086024,515.72119140625,515.72119140625,20717005
2023-09-08,509.06051720670513,513.8180921338706,509.06051720670513,512.8665771484375,15283568
2023-09-11,512.8665688358136,513.8180838058244,510.01202392578125,510.01202392578125,14631968
2023-09-12,510.0120257209329,518.5756604811725,510.0120257209329,517.6241455078125,16028336
2023-09-13,518.5755291443435,521.4300733414683,514.7694702148438,514.7694702148438,16191392
2023-09-14,520.5106605113637,526.2515869140625,519.5538394442472,526.2515869140625,17144287
2023-09-15,525.2946787188131,533.9060668945312,523.3810369019867,533.9060668945312,42517441
2023-09-18,524.3377319335938,525.2945526123046,516.6831665039062,516.6831665039062,36684692
2023-09-19,515.7263519400558,519.5536347002788,514.76953125,514.76953125,18901683
2023-09-20,512.8559602256133,514.7696018682462,511.8991394042969,511.8991394042969,24635567
2023-09-21,507.1150916893975,508.07191261711336,503.28780797853415,504.24462890625,32012694
2023-09-22,500.4173005787349,502.3309422635484,499.4604797363281,499.4604797363281,29049309
2023-09-25,499.46043980189734,506.1581851632255,499.46043980189734,502.3309020996094,17116402
2023-09-26,498.50363794227553,501.37410034885295,496.5899963378906,496.5899963378906,26392692
2023-09-27,494.6763755242944,500.4173005787349,493.7195546818876,499.4604797363281,16846401
2023-09-28,500.4172668457031,502.33090840151846,497.54680451198016,500.4172668457031,19733331
2023-10-02,507.11498095886344,510.9422638340247,505.2013395212828,509.9854431152344,25427911
2023-10-03,505.20147370480856,509.98557856943745,505.20147370480856,506.1582946777344,14490129
2023-10-04,498.50363476092997,500.41727635310247,496.5899931687575,497.54681396484375,28358964
2023-10-05,500.4173116972952,506.15823687929094,500.4173116972952,505.201416015625,24945684
2023-10-06,507.11507524762834,509.98553793770924,506.15825435093467,509.0287170410156,15336587
2023-10-11,518.596856509938,520.510498046875,516.683214973001,520.510498046875,46639969
2023-10-12,521.4674815784801,526.2515869140625,520.5106605113637,526.2515869140625,34161176
2023-10-13,526.2514855934958,530.0787691250848,524.3378438277012,529.1219482421875,31123496
2023-10-16,522.4242281572534,523.3810490879443,518.5969444344896,521.4674072265625,19875676
2023-10-17,526.2513702447964,528.1650115911411,524.3377288984517,527.2081909179688,18364998
2023-10-18,525.2945526123046,525.2945526123046,516.6831665039062,516.6831665039062,26418940
2023-10-19,516.6831483945741,524.3377135559753,516.6831483945741,522.424072265625,22881262
2023-10-20,525.2947454658344,531.9924926757812,522.4242823758572,531.9924926757812,45984177
2023-10-23,528.1650641946231,529.1218849630917,519.5536772784066,520.510498046875,22747367
2023-10-24,519.5536772784066,522.4241395838121,516.683214973001,520.510498046875,15007814
2023-10-25,520.510498046875,527.2082434261547,520.510498046875,520.510498046875,16526355
2023-10-26,507.1149871308925,511.89909078307073,507.1149871308925,508.0718078613281,28188348
2023-10-27,510.9422638340247,512.8559052716053,509.02862239644406,509.9854431152344,15679643
2023-10-30,508.07189614432195,510.94235883440285,505.20143345424106,509.0287170410156,21404842
2023-10-31,511.899220515289,511.899220515289,504.2446527318828,506.1582946777344,25667058
2023-11-01,509.98552033395475,509.98552033395475,504.24459515195906,505.201416015625,13603347
2023-11-02,512.855832952468,523.380859375,511.89901236860146,523.380859375,29401438
2023-11-03,523.3809142955231,525.2945556640625,521.4672729269837,525.2945556640625,15426176
2023-11-06,529.122050115412,531.9925133167613,526.2515869140625,526.2515869140625,29215201
2023-11-07,528.1650601773648,531.0355224609375,526.2514186549831,531.0355224609375,14777790
2023-11-08,526.2515664958268,532.9493137057736,526.2515664958268,531.9924926757812,15314834
2023-11-09,527.2082332152224,532.9491577148438,527.2082332152224,532.9491577148438,13165684
2023-11-10,531.03551621497,532.9491577148438,530.0786954650331,532.9491577148438,12994933
2023-11-13,553.9993555499877,554.9561765440291,546.3447875976562,546.3447875976562,43866014
2023-11-14,551.1288584462412,551.1288584462412,546.3447537722287,547.3015747070312,21568576
2023-11-15,557.8266669846238,557.8266669846238,550.1720986555036,555.9130249023438,50305088
2023-11-16,555.9129572716217,557.8265991210938,553.0424944974137,557.8265991210938,28291435
2023-11-17,553.999233903556,557.8265170393319,553.999233903556,554.9560546875,22031704
2023-11-20,551.1288114709705,553.9992740307152,550.1719906177224,552.0856323242188,22010114
2023-11-21,556.8697109124599,559.7401733398438,555.912890103332,559.7401733398438,35921706
2023-11-22,551.1288114709705,553.9992740307152,549.2151697644741,552.0856323242188,21969125
2023-11-23,549.2150756413549,553.0423583984375,549.2150756413549,553.0423583984375,14486134
2023-11-24,552.0856387992527,553.0424596637229,549.2151762058425,550.1719970703125,10058969
2023-11-27,548.2582858448297,552.0855688175685,543.4741821289062,543.4741821289062,18528520
2023-11-28,540.6037884256115,551.1288179347827,540.6037884256115,550.1719970703125,26343906
2023-11-29,553.0424321935567,553.9992530105006,545.3878656580058,549.2151489257812,24868842
2023-11-30,551.1288114709705,552.0856323242188,545.3878863514813,552.0856323242188,47192647
2023-12-01,548.2584633308371,553.9993896484375,548.2584633308371,553.9993896484375,28051165
2023-12-04,556.8697154613322,556.8697154613322,546.3446864749496,549.2151489257812,26847171
2023-12-05,546.3446992572985,547.3015200966282,542.5174158999794,545.3878784179688,22229723
2023-12-06,543.4742367393092,550.1719826146176,543.4742367393092,545.3878784179688,21518089
2023-12-07,545.3878913582846,548.2583539443808,541.5606079101562,541.5606079101562,20840397
2023-12-08,549.2151617752878,552.0856242932771,545.3878784179688,545.3878784179688,33507214
2023-12-11,547.3015072918935,550.1719697427251,545.3878656580058,549.2151489257812,27378610
2023-12-12,554.9559997769788,555.9128204662495,550.1718963306255,553.0423583984375,29403010
2023-12-13,551.1288114709705,553.9992740307152,551.1288114709705,552.0856323242188,22977731
2023-12-14,558.8183907315494,559.7802124023438,556.8947473899606,559.7802124023438,39409958
2023-12-15,562.6655883789062,563.6274098975027,557.8564807859242,562.6655883789062,54323262
2023-12-18,556.8946592673277,562.6655883789062,554.9710162301349,562.6655883789062,26122277
2023-12-19,565.5510529346956,565.5510529346956,557.8564807859242,562.6655883789062,28254292
2023-12-20,564.5892314160991,564.5892314160991,560.7419453417134,562.6655883789062,38121456
2023-12-21,554.9710693359375,556.8947125572059,553.0474261146691,554.9710693359375,24923414
2023-12-22,559.7802124023438,559.7802124023438,556.8947473899606,559.7802124023438,18690214
2023-12-25,559.7803032722408,562.6657687530255,557.8566596183842,558.8184814453125,9548143
2023-12-26,560.7419159664636,563.6273803710938,559.7800944982534,563.6273803710938,16094308
2023-12-27,564.5892685555123,569.3983764648438,563.627446973646,569.3983764648438,33401336
2023-12-28,569.3984078572934,570.3602294921875,566.5129429526112,570.3602294921875,25514849
2023-12-29,566.5129429526112,570.3602294921875,566.5129429526112,570.3602294921875,18416318
2024-01-02,567.4747645875052,570.3602294921875,566.5129429526112,570.3602294921875,26059058
2024-01-03,561.7037290157332,562.6655504695271,554.0091573853806,555.9328002929688,37106763
2024-01-04,557.8565673828125,558.8183890507139,554.9711023791083,557.8565673828125,15309129
2024-01-05,555.9328594207764,557.856502532959,552.0855731964111,554.0092163085938,18158971
2024-01-08,559.7801827746435,562.6656476343067,556.8947179149804,560.7420043945312,17761275
2024-01-09,565.5510233075138,566.5128447757239,560.7419159664636,563.6273803710938,22501510
2024-01-10,558.8183316792528,563.6274395250294,557.8565101100974,561.7037963867188,13037716
2024-01-11,563.6273803710938,566.5128447757239,560.7419159664636,563.6273803710938,23997409
2024-01-12,558.8183316792528,565.5510826633401,558.8183316792528,561.7037963867188,16496053
2024-01-15,567.4746662439339,567.4746662439339,562.6655589028836,563.6273803710938,21143076
2024-01-16,558.8183890507139,565.5511407260237,556.8947457149111,557.8565673828125,27223860
2024-01-17,560.742125099169,561.7039469260973,555.9330159645277,558.8184814453125,42592335
2024-01-18,563.6274432746732,566.5129080013353,562.6656216991191,565.5510864257812,27209996
2024-01-19,601.1384592269557,603.062102296482,590.5584223445612,602.1002807617188,161106401
2024-01-22,608.8330315050607,608.8330315050607,599.2148161574294,602.1002807617188,65168775
2024-01-23,604.9857473191182,604.9857473191182,598.2529965540406,604.02392578125,41072439
2024-01-24,604.023955374053,605.9475985440341,600.1766690340909,603.0621337890625,26635005
2024-01-25,610.756690004533,617.4894409179688,608.8330468864084,617.4894409179688,52243347
2024-01-26,619.4131469726562,621.3367902862359,614.6040386887071,619.4131469726562,41153025
2024-01-29,621.3368545343847,623.260498046875,619.4132110218943,623.260498046875,27825490
2024-01-30,617.4894409179688,622.2985487132801,617.4894409179688,617.4894409179688,36161825
2024-01-31,609.7948550084593,612.6803196220641,602.1002827055135,604.02392578125,41277950
2024-02-01,601.1384611676452,604.02392578125,595.3675319404359,604.02392578125,44946369
2024-02-02,608.833070673905,610.7567138671875,604.0239626906988,610.7567138671875,26334815
2024-02-05,620.3749093920823,622.2985525219802,613.6421584374395,621.3367309570312,44017740
2024-02-15,681.9315075210725,681.9315075210725,666.5423620763091,670.3896484375,112945296
2024-02-16,670.3897598735759,672.3134033739306,656.9242553710938,656.9242553710938,44232811
2024-02-19,648.2677041562961,655.9622763124539,648.2677041562961,652.114990234375,34408673
2024-02-20,649.229564416877,661.7332449167576,649.229564416877,660.7714233398438,30166461
2024-02-21,652.1150235751652,656.92413141864,652.1150235751652,655.00048828125,30564485
2024-02-22,668.4659699897546,668.4659699897546,658.8477545942186,665.5805053710938,33145643
2024-02-23,674.2369347986908,676.1605779792862,669.4278268472023,670.3896484375,46448923
2024-02-26,673.2752059455587,673.2752059455587,668.4660973316619,671.3515625,28798079
2024-02-27,673.2752059455587,674.2370276683381,664.6188104405444,671.3515625,33006829
2024-02-29,664.6188041355299,671.3515561311142,661.7333389945652,663.656982421875,54368302
2024-03-01,670.3896409963489,670.3896409963489,661.7332467797532,662.695068359375,23390635
2024-03-04,686.7406408270474,697.3206787109375,683.8551759496229,697.3206787109375,88861397
2024-03-05,706.9388686924765,709.8243334626499,700.2061175620719,702.1297607421875,64403889
2024-03-06,690.5879955888606,709.8244300063776,689.6261738679847,706.93896484375,43687122
2024-03-07,726.1752066361277,739.6407071565327,725.2133851703844,730.9843139648438,71817344
2024-03-08,764.6480906739527,765.6099121716558,742.5261962267817,754.0680541992188,87139744
2024-03-11,738.6789531657963,748.2971687018093,731.9462022905873,736.7553100585938,64759810
2024-03-12,728.0990398456523,741.56454388507,725.2135746943486,740.6027221679688,58110339
2024-03-13,755.0299628555239,755.0299628555239,747.3353899856587,749.259033203125,36754557
2024-03-14,749.2589467107033,755.0298756969219,740.6025532313755,754.0680541992188,42010806
2024-03-15,741.5644363464112,747.3353658121421,724.2516479492188,724.2516479492188,73316437
2024-03-18,728.5998722096388,739.2293133161455,728.5998722096388,738.2630004882812,43589856
2024-03-19,732.4651319448716,739.2293218177134,729.5661934279394,736.3303833007812,30152375
2024-03-20,738.2630260940592,743.0945904009575,726.6672717575033,732.4651489257812,41280325
2024-03-21,746.9598528025101,757.5892944335938,745.993539926957,757.5892944335938,46026103
2024-03-22,761.454419100816,762.420731815411,748.8923538110818,758.5554809570312,30660820
2024-03-25,756.62293748122,761.4545015775241,752.7576862041767,753.7239990234375,19877101
2024-03-26,761.4544930616607,765.3197442954763,749.8587393602141,755.6566162109375,40990702
2024-03-27,758.5555673777981,758.5555673777981,752.7576904296875,752.7576904296875,18794479
2024-03-28,747.9261074587025,749.8587330593709,742.128230656697,743.0945434570312,27190918
2024-03-29,743.0945747611449,750.8250774894793,742.1282619201031,749.8587646484375,9802000
2024-04-01,756.622980449726,756.622980449726,743.0946002118,744.0609130859375,21041261
2024-04-02,757.5893295094937,763.38720703125,756.6230165892009,763.38720703125,37974481
2024-04-03,756.62293748122,758.5555631197416,751.7913733849159,753.7239990234375,30890544
2024-04-08,762.4209246288315,765.3198635057471,756.623046875,756.623046875,32202226
2024-04-09,768.2187683329041,792.3765912364546,765.319829584478,791.4102783203125,56857731
2024-04-10,787.544921875,791.4101730253068,782.7133579371166,787.544921875,27480849
2024-04-11,783.6796499857088,792.37646484375,783.6796499857088,792.37646484375,25200651
2024-04-12,795.2754729254613,798.1744114658943,789.4775958445952,790.4439086914062,31508936
2024-04-15,776.9155188624379,784.6460215376861,775.9492060280319,778.84814453125,38913470
2024-04-16,774.9829087620459,775.949221615864,758.5555902471397,761.4545288085938,49508969
2024-04-17,771.1177108536905,780.7808400623834,766.286146249344,776.9155883789062,34472074
2024-04-18,769.185085011952,782.7134659041219,765.3198333284748,776.9155883789062,43598591
2024-04-19,743.0946254069011,744.0609383138021,720.8694285481771,724.7346801757812,130968654
2024-04-22,715.0714637776912,731.4987811888003,715.0714637776912,717.0040893554688,46540798
2024-04-23,735.3640431371228,735.3640431371228,726.6672279094828,728.599853515625,30423647
2024-04-24,744.0609784083653,758.5556727929438,743.0946654493933,756.623046875,39457128
2024-04-25,744.0608689430177,747.9261202102541,739.2293048589721,740.1956176757812,28534926
2024-04-26,761.4544930616607,762.4208058701147,755.6566162109375,755.6566162109375,32571247
2024-04-29,763.3871855345913,768.21875,760.4882468553459,768.21875,26765837
2024-04-30,770.1513974732991,774.9829620747627,763.38720703125,763.38720703125,39051972
2024-05-02,762.4209113244566,762.4209113244566,745.9935913085938,745.9935913085938,40527228
2024-05-03,761.4545015775241,761.4545015775241,746.9598092886118,753.7239990234375,29901556
2024-05-06,764.3533530975419,766.2859785162462,759.5217895507812,759.5217895507812,32599878
2024-05-07,770.1513543701171,773.05029296875,765.3197900390625,773.05029296875,33890214
2024-05-08,767.2524073117986,774.98291015625,765.3197816006858,774.98291015625,21757193
2024-05-09,771.1177455576221,774.9829974150538,769.1851196289062,769.1851196289062,21923999
2024-05-10,775.9492230118065,779.8144744340321,771.1176587340243,774.98291015625,25101318
2024-05-13,795.2755299848806,797.2081558171647,790.4439654041705,791.4102783203125,34812619
2024-05-14,788.5112535511364,797.2080688476562,783.6796894975142,797.2080688476562,28691846
2024-05-15,809.770198344616,815.5680756597326,808.8038854587633,810.7365112304688,39467772
2024-05-16,823.2985082165948,827.1637594288793,808.803816170528,812.6690673828125,43927195
2024-05-17,819.433220668039,819.433220668039,805.9048420249345,806.8711547851562,26207289
2024-05-20,805.9048420249345,809.7700930658215,794.3090889022736,806.8711547851562,28808661
2024-05-21,802.0396265490301,812.6690673828125,802.0396265490301,812.6690673828125,19705349
2024-05-22,816.5343432956272,835.8605999416776,814.6017176310222,834.894287109375,36628342
2024-05-23,845.523681640625,847.4563071986607,837.7931794084822,845.523681640625,37266618
2024-05-24,829.0963975318988,842.6247769788063,829.0963975318988,837.793212890625,34136382
2024-05-27,842.6247072560054,848.4225836820789,836.8268308299321,839.7257690429688,26726954
2024-05-28,837.7932213579298,843.5910983223446,835.860595703125,835.860595703125,25329216
2024-05-29,831.9953784208175,838.7595684892794,827.1638140862019,828.130126953125,33436835
2024-05-30,812.6691413096426,819.4333315464648,809.7702026367188,809.7702026367188,38065102
2024-05-31,809.7701526042459,817.5006552544058,793.3428344726562,793.3428344726562,77438401
2024-06-03,810.7364209042091,824.2647997989159,808.8037953478224,817.5006103515625,28345488
2024-06-04,815.5680756597326,822.3322658607019,808.8038854587633,810.7365112304688,28223635
2024-06-05,812.6690736006797,828.1300785681124,806.8711967378924,825.2311401367188,31975446
2024-06-06,862.9174151324586,868.7152925017697,855.1869119733773,863.8837280273438,62925136
2024-06-07,855.1867925754586,858.0857308553755,849.388916015625,849.388916015625,41075399
2024-06-11,861.9511500322941,864.8500888776941,853.2543334960938,853.2543334960938,48228488
2024-06-12,858.0857280063944,883.2098596822573,858.0857280063944,878.3782958984375,48106925
2024-06-13,895.3540066292547,906.9945787631129,883.7134344953967,891.4738159179688,55857091
2024-06-14,888.5636860150319,894.3839721679688,877.8931614013142,894.3839721679688,38408123
2024-06-17,885.6534982488675,897.2940699673632,885.6534982488675,893.4138793945312,26292426
2024-06-18,915.7249915081522,921.5452774711277,911.8448008661685,914.7549438476562,37876013
2024-06-19,924.4553663154626,954.5268420298165,924.4553663154626,951.61669921875,72228052
2024-06-20,941.9162231818616,951.61669921875,941.9162231818616,951.61669921875,48225374
2024-06-21,932.2157991075024,948.7066092894249,931.2457514497423,940.9462280273438,88376132
2024-06-24,929.305645232505,931.2457405252659,911.8447875976562,911.8447875976562,66391994
2024-06-25,897.2940547882564,916.6950073242188,895.3539595346602,916.6950073242188,57368432
2024-06-26,922.5153593063354,931.2457885742188,922.5153593063354,931.2457885742188,44967166
2024-06-27,922.5153593063354,932.2158362706501,920.5752639134724,931.2457885742188,39729446
2024-06-28,927.3656238374256,941.9163396926153,926.3955761137463,937.0661010742188,39138210
2024-07-01,939.006103515625,947.7365321640141,936.0959606328287,939.006103515625,19935737
2024-07-02,938.0361224492391,941.916313234965,930.2757408777873,931.2457885742188,25427569
2024-07-03,946.7664928338866,949.6766357421875,938.036064108984,949.6766357421875,24070411
2024-07-04,970.0477106654229,979.748187772077,967.1375675334266,974.89794921875,41893299
2024-07-05,974.89794921875,979.748187772077,970.0477106654229,974.89794921875,19998094
2024-07-08,974.8978987984036,1018.5500435207201,970.047660495924,1003.9993286132812,40146763
2024-07-09,999.1490114652194,1023.4002010638898,994.2987735454852,1008.8494873046875,46373121
2024-07-10,989.4485178678229,1018.5499448639354,984.5982800351376,1013.69970703125,46206302
2024-07-11,1033.1006537543403,1047.6513671875,1023.4001781322338,1047.6513671875,41724336
2024-07-12,999.1490114652194,1013.6997252244215,994.2987735454852,1008.8494873046875,68983062
2024-07-15,1008.8494873046875,1013.6997252244215,994.2987735454852,1008.8494873046875,38393309
2024-07-16,1008.8494936685426,1037.9509213705198,1003.999255718213,1023.4002075195312,32125609
2024-07-17,1003.9992859479294,1013.699762140663,989.4485716588289,999.1490478515625,54022399
2024-07-18,958.4071381374378,974.89794921875,956.4670427161069,974.89794921875,81990095
2024-07-19,958.4070858670265,965.1974194713475,940.9462280273438,940.9462280273438,92507621
2024-07-22,935.1258847822651,936.0959323805869,909.904647225897,910.8746948242188,83062356
2024-07-23,934.1558735645827,949.6766357421875,927.3655401118807,949.6766357421875,47213266
2024-07-26,887.5936671665736,902.1443830217634,887.5936671665736,896.3240966796875,82081735
2024-07-29,913.7849412045236,919.605227454234,907.9646549548133,915.7250366210938,40809258
2024-07-30,902.1443111338514,920.5752164150806,898.2641205483294,911.8447875976562,41761392
2024-07-31,901.1742370082684,911.8447608049217,900.2041893903909,906.0244750976562,39894991
2024-08-01,939.976217842102,939.976217842102,919.605216217041,931.2457885742188,47382270
2024-08-02,890.5037172640676,900.2041934869878,875.9530029296875,875.9530029296875,76144485
2024-08-05,826.4806317101227,831.3308701591258,788.6487718078988,790.5888671875,144057989
2024-08-06,842.0013352827592,868.1926210576838,814.8400018865412,853.6419067382812,102930842
2024-08-07,874.0128823321799,892.4437866210938,866.2525015789529,892.4437866210938,59158704
2024-08-08,874.0129581178938,877.8931488309588,860.4322906221663,869.1627197265625,38236391
2024-08-09,899.2341417725132,906.0244750976562,894.3839036831254,906.0244750976562,49494621
2024-08-12,913.7848828904172,919.6051687687001,903.1143587802319,911.8447875976562,38331663
2024-08-13,916.6949485592331,916.6949485592331,908.9345680423295,912.8147583007812,25764381
2024-08-14,922.5153677252274,926.3955585463641,916.6950814935226,919.605224609375,36780856
2024-08-15,916.6950391686481,921.5452774711277,912.8148485266644,914.7549438476562,19476402
2024-08-16,934.155910243929,939.9761962890625,929.3056718729845,939.9761962890625,44062316
2024-08-19,939.9761328074817,945.7964184595404,935.1258947640994,943.8563232421875,21348863
2024-08-20,947.7365136768933,947.7365136768933,939.0060851988052,943.8563232421875,24039959
2024-08-21,932.2158682868974,935.1260114761384,927.3656296381622,929.3057250976562,29758188
2024-08-22,929.3056534086242,935.1259393381144,919.6051768594735,922.5153198242188,24349754
2024-08-23,915.7250179053609,923.4853994130334,910.8747794630656,920.5752563476562,27592153
2024-08-26,928.3356217876234,932.215812474301,916.6950497275905,921.5452880859375,25057581
2024-08-27,916.6950551415705,917.665102818969,911.844816754578,913.784912109375,18693037
2024-08-28,916.6951302176195,935.1260375976562,914.7550347039314,935.1260375976562,31059233
2024-08-29,913.7848961871604,918.63513448964,908.9346578846807,914.7549438476562,43530708
2024-08-30,915.7250366210938,923.4854182873742,912.8148934962386,915.7250366210938,63834981
2024-09-02,921.5453200199433,926.3955585463641,914.7549860829542,919.605224609375,18646835
2024-09-03,919.6051687687001,923.485359354222,910.8747399512757,911.8447875976562,19547575
2024-09-04,867.2226138206113,877.8931381517374,861.4023278218152,862.3723754882812,79709021
2024-09-05,879.8331480174265,887.5935285953091,873.0428150117795,874.98291015625,30512026
2024-09-06,881.7733549230239,890.5037841796875,875.9530687519149,890.5037841796875,24458336
2024-09-09,865.2824815658892,873.04286256648,864.3124339408153,872.0728149414062,35885268
2024-09-10,879.8331774821323,883.7133679010171,874.0128918538051,876.9230346679688,33498628
2024-09-11,878.8631777408782,878.8631777408782,873.0428917955743,874.012939453125,18029342
2024-09-12,912.0136386303191,919.8086269946808,904.2186502659574,915.9111328125,39454846
2024-09-13,930.5268004275426,930.5268004275426,914.9368226193325,922.7318115234375,25347586
2024-09-16,927.6036795885033,927.6036795885033,918.834317071385,922.7318115234375,13626239
2024-09-18,920.7829921937267,923.7061128038656,909.0905097531715,916.885498046875,28424324
2024-09-19,915.9111493428547,935.3986206054688,912.013655090332,935.3986206054688,32739630
2024-09-20,955.8604178041495,956.8347913187307,946.1166826583376,948.0654296875,60133709
2024-09-23,946.1167104012402,951.9629516601562,946.1167104012402,951.9629516601562,14497067
2024-09-24,950.9886166650837,961.7067260742188,946.1167487518404,961.7067260742188,26785975
2024-09-25,974.3735545903296,979.2454223632812,972.424807481149,979.2454223632812,39405222
2024-09-26,984.1172680784329,988.9891357421875,979.2454004146782,988.9891357421875,38321585
2024-09-27,993.8609436035157,998.7328109741211,974.3734741210938,974.3734741210938,35783779
2024-09-30,952.9373702763764,964.6298533472522,932.4755249023438,932.4755249023438,61603217
2024-10-01,942.2191968376254,951.9629320686247,942.2191968376254,947.091064453125,26760355
2024-10-04,960.7323135485302,960.7323135485302,942.2192162286295,951.9629516601562,40934818
2024-10-07,967.5529397081973,984.1172901362329,963.655445489836,979.2454223632812,39667071
2024-10-08,974.3735134011448,984.1172485351562,971.4503928609413,984.1172485351562,30845902
2024-10-09,1003.6047584683287,1008.4766262278837,993.8610229492188,993.8610229492188,46975717
2024-10-11,998.7328064840947,1023.0921432276092,993.8609391353917,1018.2202758789062,43058754
2024-10-14,1018.2202758789062,1027.9640105763121,1008.4765411815005,1018.2202758789062,36858874
2024-10-15,1023.0922406633323,1047.451579726745,1023.0922406633323,1042.5797119140625,42850176
2024-10-16,1013.3484085302033,1042.5796126224207,1008.4765411815005,1018.2202758789062,52652149
2024-10-17,1023.0922267747962,1027.9640945213428,1003.6047557886096,1008.4766235351562,54173771
2024-10-18,1066.9390480990785,1071.8109158986176,1047.4515769009217,1057.1953125,85011961
2024-10-21,1062.0671802995391,1066.9390480990785,1052.3234447004609,1057.1953125,36491060
2024-10-22,1037.7076819131541,1047.451416015625,1032.8358148619186,1047.451416015625,41197877
2024-10-23,1032.8359375,1042.579672759434,1027.964069870283,1032.8359375,31423466
2024-10-24,1042.579672759434,1047.451540389151,1027.964069870283,1032.8359375,38236996
2024-10-25,1037.707763671875,1042.5796311069541,1032.8358962367956,1037.707763671875,22009575
2024-10-28,1047.4515003022693,1052.3233677455357,1023.0921630859375,1023.0921630859375,40142324
2024-10-29,1008.4766429020808,1013.3485107421875,993.8610393817609,1013.3485107421875,45415773
2024-10-30,1013.3484716322815,1027.9640745885163,1003.604736328125,1003.604736328125,38201984
2024-11-01,970.4760766006098,1003.6047780106708,970.4760766006098,998.73291015625,54480255
2024-11-04,1003.6047750619741,1018.2203785822942,998.7329072218674,1013.3485107421875,26747978
2024-11-05,1003.604693312872,1027.964030529204,1003.604693312872,1023.0921630859375,32385622
2024-11-06,1023.092202240566,1052.323408018868,1013.3484669811321,1032.8359375,55349259
2024-11-07,1023.0921613666372,1047.4514985420335,1023.0921613666372,1037.707763671875,43975446
2024-11-08,1057.1952710632884,1062.067138671875,1052.3234034547017,1062.067138671875,37099479
2024-11-11,1052.3234447004609,1062.0671802995391,1042.5797091013826,1057.1953125,34690205
2024-11-12,1032.83589797247,1037.7077654157365,1023.0921630859375,1023.0921630859375,51099848
2024-11-13,1018.2203590282496,1023.0922267747962,1008.4766235351562,1008.4766235351562,42331232
2024-11-14,1003.6047557886096,1013.3484912817029,998.732888042063,1008.4766235351562,44627940
2024-11-15,1013.3484912817029,1018.2203590282496,1003.6047557886096,1008.4766235351562,34791611
2024-11-18,1003.6047780106708,1008.4766458650914,993.8610423018292,998.73291015625,31815076
2024-11-19,1003.6047750619741,1018.2203785822942,998.7329072218674,1013.3485107421875,24349599
2024-11-20,998.73291015625,998.73291015625,998.73291015625,998.73291015625,40203197
2024-11-21,993.8609836691677,998.7328512361734,984.1172485351562,984.1172485351562,41429227
2024-11-22,1008.4766429020808,1023.0922464224009,1008.4766429020808,1013.3485107421875,25187973
2024-11-25,1018.2203392843599,1023.0922069364381,1003.604736328125,1003.604736328125,49566674
2024-11-26,988.9891161021619,993.8609836691677,984.1172485351562,984.1172485351562,27312402
2024-11-27,984.1172088623047,993.8609436035157,974.3734741210938,974.3734741210938,31276090
2024-11-28,979.2454223632812,979.2454223632812,966.578566153607,979.2454223632812,33689956
2024-11-29,969.5017006502572,984.1173041776481,968.5273270817645,970.47607421875,40094983
2024-12-02,993.8610202955164,1013.3484912817029,988.9891525489696,1008.4766235351562,31168404
2024-12-03,1032.8358565054798,1037.7077237531473,1027.9639892578125,1027.9639892578125,43414538
2024-12-04,1037.70784410138,1042.5797119140625,1027.9641084760149,1042.5797119140625,33466290
2024-12-05,1042.5795489643895,1052.3232830668605,1042.5795489643895,1047.451416015625,31425359
2024-12-06,1047.4514985420335,1052.3233659771126,1032.8358962367956,1037.707763671875,30765288
2024-12-09,1042.5795489643895,1047.451416015625,1037.7076819131541,1047.451416015625,22247131
2024-12-10,1042.5796311069541,1047.4514985420335,1032.8358962367956,1037.707763671875,28506584
2024-12-11,1018.2202758789062,1032.835877925015,1018.2202758789062,1018.2202758789062,25264194
2024-12-12,1036.8043212890625,1041.6949077102372,1031.9137348678876,1036.8043212890625,22791260
2024-12-13,1036.804238189554,1046.5854102479461,1031.913652160358,1041.69482421875,20423659
2024-12-16,1061.257080078125,1061.257080078125,1051.4759088331652,1061.257080078125,39722392
2024-12-17,1066.1477096202761,1071.0382954442223,1051.4759521484375,1051.4759521484375,37880707
2024-12-18,1051.4759088331652,1066.1476657006049,1046.5853232106856,1061.257080078125,41863190
2024-12-19,1041.6948630074473,1046.58544921875,1031.9136905848422,1046.58544921875,42702851
2024-12-20,1036.804248754529,1036.804248754529,1012.351318359375,1012.351318359375,52030520
2024-12-23,1041.6946987575955,1056.366455078125,1036.804113317419,1056.366455078125,30728473
2024-12-24,1071.0382113986545,1071.0382113986545,1056.366455078125,1056.366455078125,26461906
2024-12-25,1066.1476657006049,1066.1476657006049,1056.3664944556451,1061.257080078125,15481622
2024-12-26,1061.257080078125,1066.1476657006049,1061.257080078125,1061.257080078125,14374900
2024-12-27,1056.3665334719037,1071.0382908812358,1056.3665334719037,1066.147705078125,24948385
2024-12-30,1066.147705078125,1071.0382908812358,1061.2571192750145,1066.147705078125,23954634
2024-12-31,1056.3665379723836,1061.25712379633,1051.4759521484375,1051.4759521484375,28397820
2025-01-02,1046.5854102479461,1051.475996277142,1031.913652160358,1041.69482421875,43177098
2025-01-03,1056.3665379723836,1061.25712379633,1051.4759521484375,1051.4759521484375,30415096
2025-01-06,1075.92890625,1100.3818359375,1071.0383203125,1100.3818359375,69289786
2025-01-07,1124.8348053788718,1134.6159775995575,1105.2724609375,1105.2724609375,48758688
2025-01-08,1085.7100437906533,1105.2723869220165,1080.8194580078125,1080.8194580078125,45211419
2025-01-09,1075.9288330078125,1090.6005898215553,1075.9288330078125,1075.9288330078125,27263215
2025-01-10,1075.9288330078125,1085.7100042169745,1075.9288330078125,1075.9288330078125,22021522
2025-01-13,1085.710052916061,1090.6006387400073,1046.5853663244911,1051.4759521484375,56690300
2025-01-14,1061.2571192750145,1066.147705078125,1051.475947668793,1066.147705078125,28695247
2025-01-15,1061.257168335534,1061.257168335534,1041.69482421875,1041.69482421875,35489482
2025-01-16,1071.038286442131,1090.600629573494,1066.1477006592902,1080.8194580078125,47542962
2025-01-17,1100.381796700614,1100.381796700614,1071.038282121931,1095.4912109375,59214050
2025-01-20,1100.381796700614,1110.1629682268415,1095.4912109375,1095.4912109375,29834528
2025-01-21,1090.600625174386,1100.381796700614,1085.7100394112724,1095.4912109375,21904213
2025-01-22,1115.0535496110958,1124.8347210989125,1110.1629638671875,1110.1629638671875,42960405
2025-02-03,1041.6948630074473,1051.4760354300524,1036.804276796145,1046.58544921875,97946226
2025-02-04,1061.257037158426,1075.9287934325057,1056.366451733733,1071.0382080078125,53308108
2025-02-05,1085.7100830078125,1095.4912549268017,1080.8194970483178,1085.7100830078125,40385340
2025-02-06,1095.4911715246637,1095.4911715246637,1080.8194147631727,1090.6005859375,29971252
2025-02-07,1085.7100781249999,1100.3818359375,1080.8194921875,1100.3818359375,27883220
2025-02-10,1100.3818011391756,1100.3818011391756,1071.038286442131,1080.8194580078125,28527108
2025-02-11,1085.7100830078125,1090.6006689673072,1075.9289110888233,1085.7100830078125,18898928
2025-02-12,1085.7100042169745,1090.6005898215553,1075.9288330078125,1075.9288330078125,24172954
2025-02-13,1066.147705078125,1071.0382908812358,1056.3665334719037,1066.147705078125,33210403
2025-02-14,1041.6949077102372,1046.5854941314121,1036.8043212890625,1036.8043212890625,64486940
2025-02-17,1041.6947375882057,1061.257080078125,1041.6947375882057,1061.257080078125,35491271
2025-02-18,1061.2570761940697,1075.9288330078125,1056.3664905894886,1075.9288330078125,21616188
2025-02-19,1066.147705078125,1071.0382908812358,1061.2571192750145,1066.147705078125,26400293
2025-02-20,1056.366455078125,1061.2570405183014,1046.5852841977721,1056.366455078125,29643124
2025-02-21,1061.257037158426,1071.0382080078125,1056.366451733733,1071.0382080078125,28972910
2025-02-24,1056.3665379723836,1061.25712379633,1051.4759521484375,1051.4759521484375,30822970
2025-02-25,1031.91357421875,1036.8041598785544,1027.0229885589454,1031.91357421875,45158522
2025-02-26,1022.1325620255379,1036.8043212890625,1022.1325620255379,1036.8043212890625,36768449
2025-02-27,1041.6948746901292,1041.6948746901292,1017.241943359375,1017.241943359375,55283596
2025-03-03,978.117161171109,997.6795043945312,978.117161171109,997.6795043945312,65621663
2025-03-04,974.2046579589844,987.8982977294921,974.2046579589844,978.1171264648438,64569262
2025-03-05,997.6795043945312,1007.4606760062424,992.7889185886756,997.6795043945312,41994320
2025-03-06,997.6795089493936,1002.5700947775769,983.0077514648438,983.0077514648438,45187017
2025-03-07,983.0077514648438,987.898337293027,978.1171656366604,983.0077514648438,40822280
2025-03-10,983.007708532299,983.007708532299,970.2921859343688,976.160888671875,46849886
2025-03-11,947.7955356837547,957.5767073626376,941.926832676425,949.7517700195312,50204233
2025-03-12,958.5548839491871,973.2266423769809,954.6424150351088,966.3798217773438,34184887
2025-03-13,978.1172203894106,983.0078064913577,943.8831176757812,943.8831176757812,37035693
2025-03-14,943.8831075562923,947.7955763959039,934.1019354572634,938.014404296875,34333748
2025-03-17,955.6205020235985,963.4454396041398,946.8174472454897,948.773681640625,31491061
2025-03-18,959.0917858119851,961.0571378320916,951.230377731559,954.1784057617188,21575327
2025-03-19,948.2823565827699,950.2477086171383,933.5422163250066,935.507568359375,35245036
2025-03-20,961.057180708677,967.9359130859375,954.1784483314166,967.9359130859375,28715956
2025-03-21,967.9358597743659,969.9012117739077,953.1957197778019,955.1610717773438,39214916
2025-03-24,968.9185357741368,969.9012117739077,955.1610717773438,955.1610717773438,16121506
2025-03-25,971.8665671608666,977.7626231800426,967.9358631480824,972.8492431640625,26167428
2025-03-26,977.762600645727,977.762600645727,963.0224609375,963.0224609375,21735917
2025-03-27,944.3516535430462,947.2996815978112,941.4036254882812,941.4036254882812,34563256
2025-03-28,929.6115122562697,938.4555964109277,929.6115122562697,935.507568359375,33101234
2025-03-31,904.0619902558378,907.9926945612981,894.2352294921875,894.2352294921875,51064611
2025-04-01,912.9060386399092,929.6115312737934,908.9753344907599,927.6461791992188,32197752
2025-04-02,932.5596410666301,935.5076694367037,921.7502037096934,925.680908203125,24849656
2025-04-07,833.3092041015625,833.3092041015625,833.3092041015625,833.3092041015625,23820773
2025-04-08,783.1928027283911,828.3959005019244,783.1928027283911,801.8636474609375,116648736
2025-04-09,794.9849208953275,811.690413670631,766.4873155727508,771.4006958007812,107582838
2025-04-10,848.0494384765625,848.0494384765625,848.0494384765625,848.0494384765625,19416428
2025-04-11,833.3092814081833,873.5989990234375,821.5171689354261,873.5989990234375,76103586
2025-04-14,879.4950515658869,887.3564598480401,850.0147705078125,850.0147705078125,66326054
2025-04-15,858.8588566535419,863.7722368403471,850.0147723172926,861.806884765625,30562095
2025-04-16,851.980100397478,853.9454524168494,837.239960252193,840.18798828125,42128082
2025-04-17,834.291951185134,841.1706834092754,827.4132189609928,832.3265991210938,33684502
2025-04-18,838.2226864085478,843.1360667509191,835.274658203125,835.274658203125,20101219
2025-04-21,829.3785691312687,832.3265972205978,817.586456773952,820.5344848632812,18415705
2025-04-22,811.6904078464883,814.6384359621534,801.8636474609375,801.8636474609375,28888527
2025-04-23,838.2226394006613,857.8761596679688,833.3092593338345,857.8761596679688,37863656
2025-04-24,870.6509149339464,870.6509149339464,844.1186635759142,849.0320434570312,32238198
2025-04-25,884.4084456160261,885.3911216667107,870.6509809064436,872.6163330078125,34640282
2025-04-28,882.4431253048356,882.4431253048356,877.5297448744078,881.46044921875,21830091
2025-04-29,881.4603384487381,886.3737182617188,877.5296345983535,886.3737182617188,24362874
2025-04-30,885.3911042066397,892.2698364257812,883.4257521440279,892.2698364257812,35405654
2025-05-02,921.7501238692435,933.542236328125,915.8540676398027,933.542236328125,43873135
2025-05-05,939.4383529305204,940.4210290319122,907.0100415845924,921.7501831054688,52770209
2025-05-06,900.1312465501868,913.8887110171111,900.1312465501868,904.0619506835938,37538894
2025-05-07,908.9753726433064,915.8541051930395,895.2179075438402,911.9234008789062,36907620
2025-05-08,916.8367594799964,922.7328158110575,902.0966186523438,902.0966186523438,27985917
2025-05-09,921.7500734479962,932.5595092773438,917.8193695100516,932.5595092773438,36383573
2025-05-12,937.4729922303586,945.3344009702358,935.5076400453893,940.4210205078125,23402547
2025-05-13,972.8492703747822,972.8492703747822,952.2130737304688,952.2130737304688,38047856
2025-05-14,972.8492750563063,981.693359375,970.8839229854855,981.693359375,40475123
2025-05-15,982.6759730220922,982.6759730220922,975.7972412109375,975.7972412109375,24662270
2025-05-16,973.831961041223,980.710693359375,971.8666089503225,980.710693359375,16878650
2025-05-19,975.7973316471752,976.780007711271,963.0225428139291,966.9532470703125,19906139
2025-05-20,973.8319787647582,976.7800069547626,961.0571899414062,961.0571899414062,20897857
2025-05-21,968.9185391512784,981.6933271928267,965.9705111416904,972.8492431640625,26248757
2025-05-22,970.8839715464294,970.8839715464294,962.0398867853789,964.9879150390625,18747545
2025-05-23,975.7973316471752,975.7973316471752,958.10916249345,966.9532470703125,22213030
2025-05-26,958.1091208536117,966.9532050461065,958.1091208536117,959.091796875,19329052
2025-05-27,954.178404686488,958.1091087222717,944.3516445970288,948.2823486328125,26355315
2025-05-28,966.9532966811014,967.9359727956147,950.247802734375,950.247802734375,26471533
2025-05-29,968.918648910128,968.918648910128,950.247802734375,950.247802734375,48602590
2025-06-02,941.403623423667,944.3516514719666,929.6115112304688,929.6115112304688,33676511
2025-06-03,943.3689967105263,948.282376901727,933.542236328125,933.542236328125,26020787
2025-06-04,957.1264271129262,972.8492431640625,953.1957231001421,972.8492431640625,37233567
2025-06-05,982.6760454502755,982.6760454502755,973.831961041223,980.710693359375,24414444
2025-06-06,979.7280474638818,979.7280474638818,973.8319910097362,977.7626953125,13670307
2025-06-09,987.5894165039062,992.5027966855176,982.6760363222947,987.5894165039062,21674308
2025-06-10,1007.242843408904,1031.8097420286333,1002.3294636849581,1026.8963623046875,44877640
2025-06-11,1046.5499267578125,1051.4633066956426,1036.7231668821523,1046.5499267578125,37178498
2025-06-12,1041.122241444565,1046.0564700770037,1031.2537841796875,1031.2537841796875,25221606
2025-06-13,1026.319629854369,1026.319629854369,1011.5169428853155,1016.451171875,28393455
2025-06-16,1016.4511968845275,1016.4511968845275,1001.6485095512576,1011.5169677734375,28580673
2025-06-17,1026.319555547249,1036.1880128121263,1021.3853269148101,1031.2537841796875,26517379
2025-06-18,1026.3196275177725,1041.122314453125,1016.4511695608708,1041.122314453125,37931721
2025-06-19,1031.2539569652022,1031.2539569652022,1016.4512685877113,1021.385498046875,24002557
2025-06-20,1016.4511695608708,1041.122314453125,1011.51694058242,1041.122314453125,57831332
2025-06-23,1011.5169315712125,1016.4511605057062,1001.648473702225,1006.5827026367188,32143872
2025-06-24,1031.2538812546502,1036.1881103515625,1026.3196521577381,1036.1881103515625,28163537
2025-06-25,1046.0565904278621,1055.925048828125,1041.1223612277308,1055.925048828125,38783736
2025-06-26,1060.8592529296875,1065.7934820130813,1050.9907947628997,1060.8592529296875,36056692
2025-06-27,1055.9249990957755,1065.79345703125,1046.0565411603009,1065.79345703125,32549027
2025-06-30,1060.8592051380085,1065.7934339991157,1046.0565185546875,1046.0565185546875,32413717
2025-07-01,1065.793432279666,1080.5961188391057,1060.8592034265193,1070.7276611328125,44299887
2025-07-02,1060.8592034265193,1070.7276611328125,1055.9249745733728,1070.7276611328125,23822731
2025-07-03,1090.464675203376,1090.464675203376,1075.6619873046875,1075.6619873046875,36973556
2025-07-04,1080.5961188391057,1085.5303476922525,1065.793432279666,1070.7276611328125,20363322
2025-07-07,1065.79345703125,1070.7276859989872,1055.9249990957755,1065.79345703125,18829372
2025-07-08,1055.9249990957755,1065.79345703125,1050.9907701280383,1065.79345703125,27461252
2025-07-09,1055.9250701064364,1075.6619873046875,1050.9908408068736,1075.6619873046875,23618216
2025-07-10,1080.5960449218749,1085.5302734375,1075.66181640625,1085.5302734375,22350503
2025-07-11,1080.5960449218749,1085.5302734375,1075.66181640625,1085.5302734375,28249780
2025-07-14,1085.5302979630424,1085.5302979630424,1070.727612081728,1080.5960693359375,25760632
2025-07-15,1080.5962375950169,1100.333155176661,1075.662008199606,1095.39892578125,45416390
2025-07-16,1105.2674052820796,1115.1358642578125,1105.2674052820796,1115.1358642578125,31013743
2025-07-17,1115.1358642578125,1120.070093745679,1100.3331757942133,1115.1358642578125,30648595
2025-07-18,1139.8070068359375,1144.7412363027597,1129.938547902293,1139.8070068359375,46645034
2025-07-21,1129.938573157269,1134.872802734375,1120.0701140030571,1134.872802734375,26749324
2025-07-22,1129.9385527214117,1144.7412411850112,1115.1358642578125,1115.1358642578125,50457506
2025-07-23,1125.0043689444597,1129.9385986328125,1120.0701392561068,1129.9385986328125,29747757
2025-07-24,1134.8728283211653,1139.8070580095182,1129.9385986328125,1129.9385986328125,15055463
2025-07-25,1134.8728283211653,1139.8070580095182,1125.0043689444597,1129.9385986328125,22476546
2025-07-28,1139.8070580095182,1144.7412876978713,1129.9385986328125,1129.9385986328125,20606376
2025-07-29,1129.93852711144,1129.93852711144,1110.20160960731,1120.070068359375,31763255
2025-07-30,1134.8727773691153,1144.7412363027597,1129.938547902293,1139.8070068359375,34182363
2025-07-31,1144.7412109375,1149.6754402949894,1139.8069815800109,1144.7412109375,33230751
2025-08-04,1115.1358389833424,1120.070068359375,1110.20160960731,1120.070068359375,23939021
2025-08-05,1129.938573157269,1134.872802734375,1125.004343580163,1134.872802734375,17012960
2025-08-06,1115.1357671440971,1120.0699962022568,1110.2015380859375,1110.2015380859375,22023406
2025-08-07,1144.7411116260594,1164.47802734375,1139.8068826966366,1164.47802734375,61370031
2025-08-08,1164.4781748670214,1169.4124044215425,1154.6097157579788,1159.5439453125,25958258
2025-08-11,1154.6095694849046,1179.280714132018,1149.6753405554819,1164.47802734375,35579367
2025-08-12,1164.47802734375,1174.3464852025952,1154.6095694849046,1164.47802734375,28917167
2025-08-13,1169.4123992919922,1184.215087890625,1169.4123992919922,1184.215087890625,37809952
2025-08-14,1169.4124044215425,1174.346633976064,1159.5439453125,1159.5439453125,32991791
2025-08-15,1159.5437984143273,1169.4122562731727,1154.6095694849046,1164.47802734375,22231552
2025-08-18,1154.6095694849046,1169.4122562731727,1154.6095694849046,1164.47802734375,18219895
2025-08-19,1164.4780026206486,1169.4122314453125,1159.5437737959849,1169.4122314453125,17867547
2025-08-20,1149.6754446155699,1149.6754446155699,1120.070068359375,1120.070068359375,66982023
2025-08-21,1125.004343580163,1139.807032311481,1125.004343580163,1134.872802734375,23424804
2025-08-22,1139.806985863505,1139.806985863505,1120.070068359375,1120.070068359375,19205763
2025-08-25,1149.6753899989985,1164.4780774238782,1144.7411608573718,1154.609619140625,25103514
2025-08-26,1149.6754862034575,1169.4124044215425,1144.741256648936,1159.5439453125,35508897
2025-08-27,1174.3465576171875,1174.3465576171875,1164.4780991498162,1174.3465576171875,21952558
2025-08-28,1169.412357724946,1169.412357724946,1144.7412109375,1144.7412109375,19975237
2025-08-29,1164.478128367457,1169.412357724946,1144.7412109375,1144.7412109375,19522740
2025-09-01,1134.8727272917783,1149.6754150390625,1129.9384980426837,1149.6754150390625,22018940
2025-09-02,1154.6096696524785,1159.5438990099676,1139.8069815800109,1144.7412109375,14037411
2025-09-03,1139.8069815800109,1144.7412109375,1129.9385228650324,1144.7412109375,19511981
2025-09-04,1154.6096696524785,1159.5438990099676,1144.7412109375,1144.7412109375,24333323
2025-09-05,1159.5437984143273,1164.47802734375,1154.6095694849046,1164.47802734375,27133819
2025-09-08,1179.280714132018,1179.280714132018,1164.47802734375,1164.47802734375,27281959
2025-09-09,1179.2808583577473,1184.215087890625,1174.3466288248699,1184.215087890625,31329096
2025-09-10,1203.9518793845664,1213.8203374123086,1199.0176503706953,1208.8861083984375,39665156
2025-09-11,1238.4915303876323,1243.4257595923639,1218.754613568706,1223.6888427734375,30345708
2025-09-12,1238.4915519593253,1243.42578125,1233.5573226686508,1243.42578125,26492972
2025-09-15,1243.4258065394672,1243.4258065394672,1233.5573477574078,1238.4915771484375,24589707
2025-09-16,1253.3534336090088,1273.169298171997,1248.3994674682617,1268.21533203125,40130070
2025-09-17,1258.307482089921,1263.261448554842,1253.353515625,1253.353515625,29283972
2025-09-18,1263.261379138041,1273.1693115234375,1253.3534467526447,1273.1693115234375,24191307
2025-09-19,1273.1693814846838,1278.1233479496047,1253.353515625,1253.353515625,44913316
2025-09-22,1258.3073193170849,1283.0771484375,1258.3073193170849,1283.0771484375,28859955
2025-09-23,1307.8470987348414,1327.6629638671875,1302.8931324517548,1327.6629638671875,33953781
2025-09-24,1337.5708964333605,1342.5248627164472,1312.8010650179278,1327.6629638671875,44737182
2025-09-25,1307.8470458984375,1317.7549780643349,1307.8470458984375,1307.8470458984375,25861812
2025-09-26,1297.9391826923077,1302.8931490384616,1283.0772836538463,1288.03125,25793295
2025-09-30,1297.9391958887093,1307.8471286817528,1292.9852294921875,1292.9852294921875,36642789
2025-10-01,1312.801025390625,1337.5708560583726,1312.801025390625,1312.801025390625,33837323
2025-10-02,1347.478773179945,1357.3867053356798,1342.5248071020776,1352.4327392578125,29593487
2025-10-03,1352.4327117919922,1387.1104736328125,1352.4327117919922,1387.1104736328125,31032341
2025-10-07,1406.9263103631315,1431.696139770933,1406.9263103631315,1421.7882080078125,38395572
2025-10-08,1397.0184459888471,1406.9263782299029,1392.0644798683193,1401.972412109375,23064494
2025-10-09,1426.7421875,1441.6040852864583,1416.834255642361,1426.7421875,39052134
2025-10-13,1377.202581506736,1406.9263782299029,1377.202581506736,1401.972412109375,53850992
2025-10-14,1441.6041683799342,1446.5581345942983,1406.926404879386,1411.88037109375,39889256
2025-10-15,1421.7884075698591,1451.51220703125,1411.8804744160623,1451.51220703125,41056405
2025-10-16,1451.5121375703652,1481.2359356093486,1451.5121375703652,1471.3280029296875,37737678
2025-10-17,1441.6042349979796,1451.5121678845637,1436.6502685546875,1436.6502685546875,38077331
2025-10-20,1446.558158255912,1481.2359223236908,1441.6041919605152,1466.3740234375,33015553
2025-10-21,1471.3279897328969,1486.1898886190877,1466.3740234375,1466.3740234375,34601251
2025-10-22,1446.5582275390625,1456.4661606043985,1441.6042610063944,1446.5582275390625,27360948
2025-10-23,1426.7423356681036,1441.6042349979796,1421.7883692248115,1436.6502685546875,23570046
2025-10-27,1486.1898886190877,1486.1898886190877,1466.3740234375,1466.3740234375,32851952
2025-10-28,1466.3740101959745,1476.2819426972987,1456.4660776946505,1461.4200439453125,28381919
2025-10-29,1481.235866609998,1501.0517310462521,1476.2819005009344,1491.143798828125,30631103
2025-10-30,1501.0517310462521,1506.0056971553156,1486.1898327190615,1491.143798828125,27867757
2025-10-31,1501.0518408203125,1510.9597737630208,1486.18994140625,1486.18994140625,31928423
2025-11-03,1496.0977783203125,1506.0057106270697,1476.2819137067984,1496.0977783203125,29118770
2025-11-04,1506.0056971553156,1510.9596632643793,1481.235866609998,1491.143798828125,33925673
2025-11-05,1466.3740936697345,1471.3280602024026,1441.6042610063944,1446.5582275390625,56305422
2025-11-06,1456.4661736081484,1466.3741067619453,1451.51220703125,1451.51220703125,27411394
2025-11-07,1446.5582275390625,1451.5121940717304,1441.6042610063944,1446.5582275390625,20329390
2025-11-10,1456.4660776946505,1471.3279764466367,1451.5121114439883,1461.4200439453125,25281744
2025-11-11,1476.2820399157424,1481.2360064926409,1451.51220703125,1451.51220703125,22444166
2025-11-12,1456.4660776946505,1471.3279764466367,1446.5581451933263,1461.4200439453125,23642502
2025-11-13,1446.5582275390625,1456.4661606043985,1446.5582275390625,1446.5582275390625,21255597
2025-11-14,1411.8802626816541,1426.7421601835663,1411.8802626816541,1416.834228515625,26861702
2025-11-17,1436.6502554606402,1446.5581882569204,1431.6962890625,1431.6962890625,26602730
2025-11-18,1421.788373953931,1421.788373953931,1392.0645751953125,1392.0645751953125,42198432
2025-11-19,1387.1104600694443,1401.9723578559028,1382.156494140625,1382.156494140625,35591948
2025-11-20,1436.6501599079145,1446.5580920452105,1426.7422277706185,1441.6041259765625,25964403
2025-11-21,1382.1564668180279,1392.064398479806,1372.24853515625,1372.24853515625,54518246
2025-11-24,1387.1105291193182,1392.0644952947443,1362.3406982421875,1362.3406982421875,79134658
2025-11-25,1411.8803443504307,1411.8803443504307,1392.0644798683193,1401.972412109375,27427405
2025-11-26,1416.834255642361,1426.7421875,1411.8802897135415,1426.7421875,29213211
2025-11-27,1436.6501056524935,1441.6040715340537,1416.834242126252,1421.7882080078125,22039774
2025-11-28,1426.7421875,1441.6040852864583,1421.7882215711804,1426.7421875,23152513
2025-12-01,1431.6961951289616,1431.6961951289616,1397.0184326171875,1397.0184326171875,30559208
2025-12-02,1416.834228515625,1426.7421601835663,1406.9262968476835,1416.834228515625,23544477
2025-12-03,1426.7423356681036,1436.6502685546875,1421.7883692248115,1436.6502685546875,20301540
2025-12-04,1431.6962890625,1436.6502554606402,1416.8343898680796,1431.6962890625,20696944
2025-12-05,1431.6963279410584,1446.5582275390625,1426.7423614083905,1446.5582275390625,21072604
2025-12-08,1451.5121633472252,1481.2359619140625,1446.5581969194188,1481.2359619140625,24257260
2025-12-09,1481.2359223236908,1486.1898886190877,1466.3740234375,1466.3740234375,24235825
2025-12-10,1476.2819005009344,1491.143798828125,1471.327934391871,1491.143798828125,23319221
2025-12-11,1501.0847574869792,1506.0552368164062,1456.3504435221355,1461.3209228515625,28924982
2025-12-12,1466.2914832862648,1476.2324424949852,1461.3210036819046,1471.261962890625,22107664
2025-12-15,1441.4390869140625,1446.4095665241111,1436.468607304014,1441.4390869140625,25889058
2025-12-16,1426.5274658203125,1436.4684237702797,1416.586507870345,1426.5274658203125,32168064
2025-12-17,1426.5274858808184,1436.4684439705802,1416.5865277910566,1421.5570068359375,30535812
2025-12-18,1411.6160487461757,1426.5274858808184,1406.6455697012948,1421.5570068359375,30534136
2025-12-19,1446.409402060342,1446.409402060342,1421.5570068359375,1421.5570068359375,38763280
2025-12-22,1456.3504638671875,1461.3209432660517,1446.4095050694593,1456.3504638671875,22661665
2025-12-23,1466.2914424614619,1481.202880859375,1461.3209629954908,1481.202880859375,20739075
2025-12-24,1486.17333984375,1491.1438192412206,1476.2323810488085,1486.17333984375,12987261
2025-12-26,1496.1143592682895,1501.0848388671875,1486.1734000704935,1501.0848388671875,18823612
2025-12-29,1506.0552368164062,1520.9666748046875,1501.0847574869792,1520.9666748046875,21124648
2025-12-30,1506.0552773726613,1520.9667157624897,1501.0847979093853,1511.0257568359375,20325400
2025-12-31,1511.0257560483872,1540.8486328125,1506.0552765877017,1540.8486328125,29695967
2026-01-02,1545.8190914117952,1575.6419677734375,1535.878132624581,1575.6419677734375,37512761
2026-01-05,1620.37630110872,1684.9925339750187,1615.4058216574663,1660.14013671875,66871820
2026-01-06,1635.2877190106076,1694.9334716796875,1635.2877190106076,1694.9334716796875,46751692
2026-01-07,1655.1696369228077,1675.051554483442,1655.1696369228077,1665.110595703125,49857449
2026-01-08,1650.199117326595,1689.962951479043,1645.228638057539,1675.051513671875,29215618
2026-01-09,1655.1696166992188,1689.9629720052083,1645.2286580403645,1670.0810546875,37387656
2026-01-12,1689.9629310743342,1694.9334102833764,1680.02197265625,1680.02197265625,29987449
2026-01-13,1709.8448893229167,1709.8448893229167,1689.9629720052083,1699.9039306640625,30171800
2026-01-14,1694.9334513346355,1704.8744099934895,1689.9629720052083,1699.9039306640625,29100816
2026-01-15,1675.0514934472078,1689.9629310743342,1670.0810142381656,1680.02197265625,36391886
2026-01-16,1724.756327311198,1739.6677652994792,1699.9039306640625,1729.726806640625,53551629
2026-01-19,1714.8154085332699,1769.4906824285335,1714.8154085332699,1749.6087646484375,29580038
2026-01-20,1729.7269063600352,1764.520263671875,1729.7269063600352,1764.520263671875,29401234
2026-01-21,1734.697285970052,1754.5792032877605,1729.726806640625,1729.726806640625,45192749
2026-01-22,1754.5792440934615,1759.5497235384855,1739.6678057583897,1749.6087646484375,32069478
2026-01-23,1759.5498046875,1764.5202843617585,1739.6678859904662,1759.5498046875,27601167
2026-01-26,1754.5791419048255,1774.4610585269766,1744.63818359375,1744.63818359375,22960198
2026-01-27,1749.6088044241574,1774.4612022142733,1744.638324866134,1769.49072265625,28985200
2026-01-28,1779.431639954284,1809.2545166015625,1779.431639954284,1809.2545166015625,29301156
2026-01-29,1819.1955377045101,1824.1660173157245,1789.3726600372229,1794.3431396484375,32224002
2026-01-30,1779.4317025198063,1789.3726617517605,1764.520263671875,1764.520263671875,40825139
2026-02-02,1739.6677854716272,1754.5792236328125,1734.6973060845653,1754.5792236328125,28251381
2026-02-03,1799.3135172526042,1799.3135172526042,1774.4611206054688,1789.37255859375,26744162
2026-02-04,1774.461181640625,1794.3430996422005,1764.5202226398371,1774.461181640625,26952301
2026-02-05,1754.5792236328125,1769.490661793998,1749.6087442457508,1754.5792236328125,26299986
2026-02-06,1734.6973657500878,1769.49072265625,1729.7268861920645,1769.49072265625,33263592
2026-02-09,1819.1954961098916,1824.1659756074594,1804.2840576171875,1804.2840576171875,36529289
2026-02-10,1834.1069124911694,1868.9002685546875,1829.136433053524,1868.9002685546875,41859169
2026-02-11,1868.9002478377938,1913.6345622807196,1863.9297684552464,1903.693603515625,40488310
2026-02-23,1888.7821044921875,1923.5754590486224,1888.7821044921875,1888.7821044921875,69816209
2026-02-24,1903.693523688474,1963.3392737779302,1903.693523688474,1953.3983154296875,40961679
2026-02-25,1983.22123229829,2013.0441079719485,1983.22123229829,2003.1031494140625,40832607
2026-02-26,1988.1916705827068,1998.1326289356202,1983.22119140625,1983.22119140625,58561388
2026-03-02,1928.5459998022152,1983.2212729924843,1928.5459998022152,1963.33935546875,48884884
2026-03-03,1958.3689179334222,1968.3098769077035,1923.5755615234375,1923.5755615234375,43090471
2026-03-04,1883.811645180546,1898.7230830051942,1853.98876953125,1853.98876953125,68160943
2026-03-05,1928.5459382709703,1948.4278551603618,1883.8116252698396,1888.7821044921875,48120463
2026-03-06,1868.9002278645833,1888.7821451822917,1868.9002278645833,1878.8411865234375,30082724
2026-03-09,1764.5202417531725,1799.3135986328125,1759.5497621989382,1799.3135986328125,76459172
2026-03-10,1858.9593103357263,1878.8412280933276,1819.1954748205235,1839.077392578125,41375691
2026-03-11,1873.8707467305292,1938.4869793764094,1863.9297878619323,1928.5460205078125,36167313
2026-03-12,1888.7821656892406,1903.6936038394188,1873.8707275390625,1873.8707275390625,34040589
2026-03-13,1829.1363731568365,1873.8706866307807,1829.1363731568365,1853.98876953125,31214304
2026-03-16,1863.929810562754,1868.900290057588,1834.10693359375,1834.10693359375,31249086
2026-03-17,1870.0111103567847,1874.9978066510694,1855.0510214739304,1865.0244140625,23812211
2026-03-18,1894.9445781557579,1904.9179706723671,1884.9711856391486,1899.9312744140625,23068156
2026-03-19,1870.0111182960304,1874.9978146114865,1845.07763671875,1845.07763671875,31040569
2026-03-20,1855.0510333517325,1865.0244260041611,1835.104248046875,1835.104248046875,46312322
2026-03-23,1785.2372965944407,1810.1707783904524,1780.2506002352384,1805.18408203125,34902948
2026-03-24,1845.077652904869,1845.077652904869,1795.2106893128455,1805.18408203125,27001025
2026-03-25,1860.037727666095,1870.0111203077363,1840.0909423828125,1840.0909423828125,40964040
2026-03-26,1845.0776406993036,1860.0377296779468,1835.104248046875,1835.104248046875,20958470
2026-03-27,1800.1973816588684,1820.1441670512104,1795.210685310783,1815.157470703125,28974140
2026-03-30,1775.263916015625,1795.2107015888341,1775.263916015625,1775.263916015625,39889700
2026-03-31,1770.2772279219193,1785.2373171719637,1755.317138671875,1755.317138671875,49221091
2026-04-01,1835.1042421243262,1850.0643310546875,1825.1308495040853,1850.0643310546875,35537379
2026-04-02,1860.0377419824758,1860.0377419824758,1800.1973856720479,1805.18408203125,25132417
2026-04-07,1845.077632780998,1855.051025390625,1830.1175438665575,1855.051025390625,17953562
2026-04-08,1929.851434795673,1944.8115234375,1919.8780423677883,1944.8115234375,46515921
2026-04-09,1939.824825355159,1949.7982177734375,1924.8647367277415,1949.7982177734375,31835073
2026-04-10,1969.7449859619142,1994.678466796875,1964.758289794922,1994.678466796875,28637625
2026-04-13,1979.7183819488066,1989.6917743011936,1969.7449895964196,1984.705078125,28968757
2026-04-14,2009.6386552425488,2049.5322265625,2004.6519588275548,2049.5322265625,39113405
2026-04-15,2059.505487882174,2094.412360558143,2054.518791785607,2074.465576171875,40343568
2026-04-16,2074.4656961930455,2084.4390889632045,2049.532214267648,2079.452392578125,32038524
2026-04-17,2049.5321135121612,2054.5188096520938,2024.5986328125,2024.5986328125,39260244
2026-04-20,2024.598634620949,2049.532115342882,2019.6119384765625,2019.6119384765625,25407621
2026-04-21,2044.54541015625,2069.4788907679117,2039.5587140339176,2044.54541015625,25783476
2026-04-22,2039.5587140339176,2064.4921946455793,2034.5720179115854,2044.54541015625,24762881
2026-04-23,2084.438968365009,2129.319233234112,2049.53209568904,2074.465576171875,48682193
2026-04-24,2104.385834927417,2184.172975588172,2099.39913863612,2179.186279296875,45088050
2026-04-27,2273.9334773385763,2323.800439560913,2258.973388671875,2258.973388671875,68696037
2026-04-28,2239.026622901383,2273.933496755079,2209.1064453125,2209.1064453125,47175356
2026-04-29,2169.2127668748208,2204.11963898545,2159.2393748432123,2174.199462890625,42895935
2026-04-30,2199.1330846567625,2209.1064773309427,2129.3193359375,2129.3193359375,48975164
2026-05-04,2194.1463341346152,2278.9201697716344,2189.159637920673,2268.94677734375,38390062
2026-05-05,2244.013427734375,2263.9602137586808,2234.040034722222,2244.013427734375,21625279
2026-05-06,2244.013427734375,2278.9203032769096,2234.040034722222,2244.013427734375,31918664
2026-05-07,2328.7872420141707,2338.760634913589,2303.853759765625,2303.853759765625,35034517
2026-05-08,2293.880375358215,2303.8537682945553,2258.9735000810247,2283.906982421875,27102571
2026-05-11,2258.9734001415686,2268.946792636675,2229.05322265625,2229.05322265625,37244077
2026-05-12,2229.0532150776053,2273.9334811529934,2204.119733924612,2249.0,44459541
2026-05-13,2199.132929621516,2234.0398015202704,2199.132929621516,2214.093017578125,35350292
2026-05-14,2244.0134191303,2263.960205078125,2224.066633182475,2263.960205078125,31747100
2026-05-15,2303.8536546719783,2318.8137433386796,2244.0133000051737,2258.973388671875,29922154
2026-05-18,2219.0799495152064,2253.986825125558,2209.106556483677,2234.0400390625,25875079
2026-05-19,2214.0931454613096,2224.0665380084324,2199.133056640625,2199.133056640625,34824449
2026-05-20,2199.133064462064,2204.119760753361,2179.186279296875,2179.186279296875,29320253
2026-05-21,2234.039798206278,2248.9998861406953,2224.06640625,2224.06640625,22964974
2026-05-22,2239.0266075388026,2253.9866962305987,2219.079822616408,2249.0,24437825
2026-05-25,2268.946884617661,2303.853759765625,2268.946884617661,2303.853759765625,25215869
2026-05-26,2313.8271699476873,2318.8138664346434,2263.960205078125,2263.960205078125,22586387
2026-05-27,2303.853764011549,2323.8005498471466,2283.9069781759513,2293.88037109375,31986652
2026-05-28,2343.7472128608388,2353.7206052559914,2263.9600736996185,2288.8935546875,36889432
2026-05-29,2333.773798268312,2368.680671319334,2323.80040596802,2348.73388671875,86132863
2026-06-01,2348.73388671875,2408.5742405205015,2343.747190568604,2348.73388671875,35023445
2026-06-02,2383.6408732438285,2393.6142660189075,2353.7206949185925,2373.66748046875,29610654
2026-06-03,2418.547607421875,2433.5076957152064,2403.587519128544,2418.547607421875,22536554
2026-06-04,2378.654052734375,2408.5742294983293,2378.654052734375,2378.654052734375,25054494
2026-06-05,2388.6274522454746,2398.600844530424,2343.7471869632004,2358.707275390625,32795780
2026-06-08,2224.0665041190086,2313.827035675381,2224.0665041190086,2288.8935546875,44721632
2026-06-09,2298.866943359375,2313.827031927874,2288.8935509803755,2298.866943359375,33252041
2026-06-10,2278.920177383592,2293.880266075388,2249.0,2249.0,42608467
2026-06-11,2240.0,2260.0,2210.0,2250.0,34790220
2026-06-12,2325.0,2325.0,2290.0,2310.0,21560608
2026-06-15,2360.0,2375.0,2345.0,2375.0,25573718
2026-06-16,2375.0,2400.0,2350.0,2400.0,29594351
2026-06-17,2355.0,2385.0,2350.0,2385.0,25510076
2026-06-18,2395.0,2415.0,2385.0,2410.0,46429815
2026-06-22,2455.0,2510.0,2455.0,2510.0,39272494
2026-06-23,2510.0,2535.0,2490.0,2490.0,34264856
2026-06-24,2435.0,2445.0,2390.0,2390.0,55667954
2026-06-25,2410.0,2420.0,2390.0,2390.0,34424468
2026-06-26,2360.0,2370.0,2325.0,2340.0,39547254
2026-06-29,2330.0,2395.0,2330.0,2370.0,33267315
2026-06-30,2440.0,2475.0,2410.0,2410.0,42933128
2026-07-01,2495.0,2505.0,2475.0,2505.0,30489002
2026-07-02,2450.0,2480.0,2445.0,2465.0,27485121
2026-07-03,2415.0,2465.0,2415.0,2445.0,26489446
2026-07-06,2465.0,2500.0,2455.0,2460.0,19281603
2026-07-07,2480.0,2500.0,2440.0,2440.0,27867172
2026-07-08,2445.0,2465.0,2420.0,2465.0,23373702
2026-07-09,2450.0,2460.0,2415.0,2415.0,27134789
2026-07-10,2415.0,2415.0,2415.0,2415.0,0
2026-07-13,2460.0,2480.0,2440.0,2440.0,32938379
2026-07-14,2410.0,2430.0,2390.0,2420.0,35607811
2026-07-15,2425.0,2460.0,2415.0,2440.0,28532735
2026-07-16,2430.0,2470.0,2420.0,2470.0,27848158
2026-07-17,2375.0,2395.0,2290.0,2290.0,75253147
2026-07-20,2300.0,2345.0,2300.0,2320.0,45272691
2026-07-21,2350.0,2410.0,2345.0,2410.0,29931277
