date,open,high,low,close,volume
2021-07-22,243.17515269643468,245.81836087791766,241.19274656032243,241.5231475830078,5965710
2021-07-23,237.88874487614598,239.2103490143468,233.59353142699334,234.25433349609375,9714061
2021-07-26,234.25433349609375,236.23673970339496,231.94152625424235,234.25433349609375,3641332
2021-07-27,232.6023214441156,237.5583368157942,232.27192041933702,237.22793579101562,4363346
2021-07-28,236.8975313178552,236.8975313178552,233.26312009819495,233.59352111816406,4984482
2021-07-29,233.92389643243018,235.57590135073832,232.27189151412207,232.9326934814453,5998967
2021-07-30,233.92393454527246,235.9063407702324,231.9415283203125,231.9415283203125,7177530
2021-08-02,224.80485943001761,230.51418919331962,222.66386076877933,228.016357421875,10034373
2021-08-03,229.80052074555806,234.79618424002672,227.6595221050715,231.58468627929688,5928515
2021-08-04,230.51423889913676,231.94157164773821,227.6595734019338,231.2279052734375,4163570
2021-08-05,231.22783625237295,232.65516857491846,228.37317160728193,229.0868377685547,4531817
2021-08-06,228.7300339570554,231.94153209373792,226.9458683255651,230.87103271484375,3155950
2021-08-09,231.2278542844405,231.2278542844405,228.730022525195,229.80052185058594,1903350
2021-08-10,227.65952431166863,228.73002364228776,226.2321918708431,228.016357421875,3739506
2021-08-11,228.37322223297213,230.51422119140625,227.3027227537551,230.51422119140625,5028024
2021-08-12,234.79617730502426,235.1530104012325,227.65951538085938,227.65951538085938,6362831
2021-08-13,228.37318263724327,228.73001573511397,225.87535095214844,225.87535095214844,3064176
2021-08-16,226.94586937313989,227.65953562903027,223.377538093688,224.80487060546875,3556542
2021-08-17,224.80487060546875,224.80487060546875,224.80487060546875,224.80487060546875,0
2021-08-18,226.5890350341797,227.30270128625585,222.66387064776083,226.5890350341797,4039675
2021-08-19,225.51852642684887,225.87535953828376,221.9501953125,221.9501953125,3573658
2021-08-20,222.6638641357422,223.73436348254862,219.09553297972067,222.6638641357422,3294229
2021-08-23,225.51853565606547,227.65953441229394,224.44803627795122,226.5890350341797,2116456
2021-08-24,228.01636875697545,228.01636875697545,224.80487060546875,224.80487060546875,1478237
2021-08-25,225.51850792901294,227.30267333984375,225.51850792901294,227.30267333984375,918527
2021-08-26,228.01634847706762,228.01634847706762,225.5185168036099,227.65951538085938,1332154
2021-08-27,226.23220190814163,226.5890350341797,225.51853565606547,226.5890350341797,1171220
2021-08-30,226.9458491884429,228.01634847706762,225.1616837074017,227.65951538085938,2367671
2021-08-31,226.5890738404827,231.2279052734375,226.23224065333235,231.2279052734375,2816456
2021-09-01,229.80050392982744,230.5141700911002,228.37317160728193,229.0868377685547,1565534
2021-09-02,229.08683974833428,230.15733899949473,225.51850891113284,225.5185089111328,1815115
2021-09-03,226.94585809125587,229.08685675249413,226.2321918708431,228.016357421875,1559295
2021-09-06,227.6595559134941,231.5847206706233,227.6595559134941,230.51422119140625,1748763
2021-09-07,230.15734705431709,231.58467943915005,227.65951538085938,227.65951538085938,1910828
2021-09-08,227.65952544107046,229.08685788897685,224.80486054525764,226.23219299316406,2440059
2021-09-09,225.1616758274127,227.30267432973358,223.7343434925321,225.5185089111328,1309233
2021-09-10,227.65950741345372,228.01634049717387,225.51850891113284,225.5185089111328,1846692
2021-09-13,226.94586696624756,229.8005319595337,226.5890338420868,228.37319946289062,1340908
2021-09-14,230.15736389160153,231.22786325853923,228.7300314023513,230.15736389160156,2277754
2021-09-15,230.87103013622666,231.94152950316436,229.800530769289,230.15736389160156,2276976
2021-09-16,231.58469777019477,232.6551971435547,230.51419839683484,232.6551971435547,2089621
2021-09-17,233.3688633924613,234.7961958902745,232.6551971435547,232.6551971435547,3505385
2021-09-22,229.08686473271618,234.43936157226562,228.73003161007955,234.43936157226562,2745619
2021-09-23,236.22353490769052,237.6508674448971,234.79620237048394,236.5803680419922,1896822
2021-09-24,238.3645400774585,241.21920522808676,237.65087378980144,240.5055389404297,2961085
2021-09-27,241.21920646409805,243.36020533803975,240.50554017278415,243.0033721923828,2588637
2021-09-28,241.93285240274764,243.00335174966244,239.07818747764148,241.57601928710938,2064997
2021-09-29,237.6508596759953,238.72135904390518,233.72569532699237,234.43936157226562,2814067
2021-09-30,234.79621772355932,235.1530508811939,231.9415524624826,232.2983856201172,2092363
2021-10-01,231.94152427351975,232.2983573877867,227.65952690231632,228.7300262451172,2273292
2021-10-04,230.51423889913676,231.94157164773821,229.800572524836,231.2279052734375,1710854
2021-10-05,229.0869061505353,233.36890439633967,228.7300729633849,231.2279052734375,1657450
2021-10-06,232.65522014984037,232.65522014984037,229.08688855245018,230.51422119140625,1927528
2021-10-07,233.3688760638591,240.5055389404297,233.3688760638591,240.5055389404297,3979143
2021-10-08,238.3645425830367,241.93287405883066,237.6508762878779,241.21920776367188,2348275
2021-10-12,241.57604091125128,244.07387294430706,238.00770943545731,241.21920776367188,2560267
2021-10-13,242.64654656511553,246.2148781322496,241.57604709497534,245.14437866210938,3511827
2021-10-14,245.50115445207086,245.85798752540234,236.9371606921149,238.00765991210938,3585208
2021-10-15,239.7918650004678,240.8623643977913,238.00769933826194,238.36453247070312,1897613
2021-10-18,239.79184592143255,241.93284454573106,239.4350128173828,239.4350128173828,1544919
2021-10-19,241.21922549807567,242.28972501951685,240.14872597663452,241.93289184570312,1819780
2021-10-20,243.3602002590938,248.3558641940312,242.28970084446433,245.8580322265625,3771367
2021-10-21,247.6421865556165,250.49685153032098,247.28535343377843,249.06951904296875,3769356
2021-10-22,251.92420192247025,254.06520080566406,250.1400361864754,254.06520080566406,3908743
2021-10-25,252.994693745297,256.5630251098287,251.21052806303118,251.9241943359375,2936238
2021-10-26,252.99467986161713,255.849344796586,251.21051427726158,254.42201232910156,2544258
2021-10-27,253.7083334969474,255.84933209185834,252.99466729864375,255.1356658935547,1410707
2021-10-28,254.77887738761257,256.20621003404176,252.63787841796875,252.63787841796875,1773441
2021-10-29,252.63786060884385,254.4220262911097,250.14002865367166,251.9241943359375,2431407
2021-11-01,252.63783526353436,254.06516766615317,251.2105028609155,253.35150146484375,1139132
2021-11-02,254.06520080566406,255.4925333944599,254.06520080566406,254.06520080566406,1783017
2021-11-03,256.91986598325576,256.91986598325576,252.63786821686818,254.06520080566406,2914323
2021-11-04,255.8493436425509,256.91984298833563,254.06517806624302,256.2061767578125,1959362
2021-11-05,256.206183288323,260.13134765625,255.49251703960906,260.13134765625,2781034
2021-11-08,263.3428485197784,267.2680129286097,261.915516007476,265.12701416015625,4080166
2021-11-09,266.1975237443825,268.3385225948735,265.127024319137,267.981689453125,3501240
2021-11-10,265.48386246637006,269.7658602480857,264.77019616941743,269.4090270996094,3299820
2021-11-11,258.70399370585403,262.98599084305437,258.34716061108736,260.4881591796875,7128568
2021-11-12,260.48816129896375,260.48816129896375,254.77883173624673,256.9198303222656,4006259
2021-11-15,257.27667610359725,257.9903423341204,254.06517806624302,256.2061767578125,2874562
2021-11-16,255.49252185902242,255.49252185902242,251.9241905481422,252.99468994140625,3693722
2021-11-17,252.28100110034012,255.49249899270652,251.9241680011883,255.1356658935547,2264509
2021-11-18,253.70835377742253,257.6335181818552,253.70835377742253,256.5630187988281,2386979
2021-11-19,258.70403549046193,259.06086864286254,256.2062034236574,257.2767028808594,1719908
2021-11-22,256.56303283605683,256.56303283605683,252.99470136406714,254.06520080566406,2192780
2021-11-23,253.35150254702737,254.4220018535641,251.5673370361328,251.5673370361328,2214579
2021-11-24,252.63783526353436,255.84933316942673,252.28100216287964,253.35150146484375,1336244
2021-11-25,255.4924854056657,257.63348388671875,254.06515308496364,257.63348388671875,1476171
2021-11-26,257.6335322776537,257.6335322776537,253.70836765846508,254.06520080566406,1748960
2021-11-29,252.9947077111353,255.13570664804195,250.85370877422866,253.7083740234375,2215771
2021-11-30,252.99466944484845,257.2766666709954,251.5673370361328,251.5673370361328,4973722
2021-12-01,254.06516554090712,257.63349651760524,253.35149934556748,256.9198303222656,2028442
2021-12-02,256.91983187542985,259.77449667404574,256.2061656757759,259.41766357421875,2072050
2021-12-03,259.4176991432701,261.9155311845396,258.7040328457646,260.84503173828125,2345512
2021-12-06,259.41765989538743,260.4881591796875,257.63349442155396,260.4881591796875,1603940
2021-12-07,257.63352085753644,261.915518434116,257.63352085753644,261.5586853027344,1537334
2021-12-08,261.91549368964303,262.62915988498264,256.9198303222656,256.9198303222656,3967304
2021-12-09,259.41769533910934,261.91552734375,257.63352962150884,261.91552734375,2199159
2021-12-10,264.05654409657353,265.12704359966773,262.27237825808317,262.62921142578125,2238085
2021-12-13,263.34285095964253,264.4133503537874,260.84501903997113,261.5586853027344,2362610
2021-12-14,260.84501903997113,261.915518434116,259.060853383063,261.5586853027344,1668540
2021-12-15,261.91551327803495,262.272346402392,259.060848283179,260.13134765625,1769801
2021-12-16,262.6291936307902,263.6996930613505,261.91552734375,261.91552734375,3566825
2021-12-17,261.915518434116,264.0565172224058,261.20185217135275,261.5586853027344,3241616
2021-12-20,260.8450279131897,263.6996930613505,260.13136162614956,261.91552734375,1900334
2021-12-21,262.6291948696863,264.7701937409065,261.9155285792795,264.4133605957031,2128739
2021-12-22,265.4838204048775,265.8406534968196,262.9859887612833,264.0564880371094,1948032
2021-12-23,264.05650588701354,265.1270052352042,263.69967277095003,264.7701721191406,1836790
2021-12-24,265.4838204048775,266.55431968070366,263.3428218532253,264.0564880371094,1358494
2021-12-27,264.41336563417576,266.19753139419043,263.34286617816696,265.8406982421875,1437152
2021-12-28,266.5543518066406,266.9111849415893,265.4838524017947,266.5543518066406,1361802
2021-12-29,267.26801807653794,267.26801807653794,265.8406855367433,266.5543518066406,1048858
2021-12-30,267.26797124172776,269.0521366038221,266.55430509689006,268.3384704589844,2738867
2022-01-03,269.0521837512812,269.40901688622984,265.12701926684605,266.5543518066406,1730011
2022-01-04,267.6248525118638,270.1226844686412,266.55435310181633,269.05218505859375,3341096
2022-01-05,269.4090194802403,274.7615165560067,269.0521863418559,271.5500183105469,4310927
2022-01-06,269.7658437628495,272.26367564954256,269.0521775095086,271.19317626953125,2135303
2022-01-07,272.6205254358961,272.97735858437244,266.1975287633226,269.4090270996094,2388009
2022-01-10,268.69531778111326,270.1226501464844,267.26798541574215,270.1226501464844,1428230
2022-01-11,270.83633798266214,273.3341698217644,269.0521723833034,269.7658386230469,3127581
2022-01-12,270.83633798266214,271.19317110253394,267.62483990381634,269.7658386230469,1692809
2022-01-13,270.12267174291867,270.4795048627904,267.98167302368813,269.7658386230469,1901722
2022-01-14,269.05219395113306,269.4090270996094,265.48386246637006,269.4090270996094,2098892
2022-01-17,269.0521723833034,270.12267174291867,267.98167302368813,269.7658386230469,1001951
2022-01-18,269.40901063617906,271.9068425228721,268.6953443828382,271.19317626953125,1943690
2022-01-19,269.7658386230469,271.9068373422774,269.40900550317514,269.7658386230469,1302279
2022-01-20,269.7658170551416,270.83631632916996,269.052150872456,270.1226501464844,1070417
2022-01-21,269.40901819527625,269.40901819527625,266.91118623849883,269.05218505859375,2538612
2022-01-24,266.5543438946759,266.5543438946759,259.774514531893,260.13134765625,6133048
2022-01-25,257.63349651760524,258.7039958106147,253.35149934556748,256.9198303222656,5385570
2022-01-26,255.492519415801,258.34718443720664,255.492519415801,256.5630187988281,2038915
2022-02-07,257.63350694258133,260.13133872734323,256.56300760625487,259.7745056152344,2300553
2022-02-08,258.7039973745648,260.1313297738727,258.3471642747378,259.41766357421875,1213178
2022-02-09,259.0608445464587,261.20184326171875,258.34717830803874,261.20184326171875,2474792
2022-02-10,261.2018233015731,264.0564880371094,261.2018233015731,264.0564880371094,1285916
2022-02-11,261.55867263897744,262.98600509539756,261.20183952487247,262.2723388671875,1289891
2022-02-14,260.48818456896737,260.8450176985139,257.9903526621416,259.06085205078125,1363962
2022-02-15,259.06084312702046,260.8450087132947,258.3471768925108,258.7040100097656,1094538
2022-02-16,261.20186608787475,263.3428649902344,260.4881997870882,263.3428649902344,1198943
2022-02-17,264.4133479040051,266.55434667245856,263.3428485197784,265.12701416015625,1980232
2022-02-18,263.34285736083984,265.84068934122723,262.2723579406738,265.4838562011719,857097
2022-02-21,264.05648759365715,270.1226501464844,264.05648759365715,270.1226501464844,1977180
2022-02-22,269.05219395113306,269.7658602480857,266.1975287633226,269.4090270996094,2418693
2022-02-23,269.05219395113306,272.2636922874198,268.69536080265675,269.4090270996094,1868083
2022-02-24,266.5543376994583,268.6953363958395,263.69967277095003,264.7701721191406,2861913
2022-02-25,264.7701810320807,266.55434667245856,262.9860153917028,265.12701416015625,2569256
2022-03-01,263.6996867270514,268.6953506163325,263.6996867270514,266.5543518066406,3054299
2022-03-02,264.4133744636106,267.6248729388771,264.4133744636106,266.1975402832031,2250327
2022-03-03,266.91117874948606,271.5500093962017,266.91117874948606,271.19317626953125,2666725
2022-03-04,269.0521366038221,272.26363425559185,268.3384704589844,268.3384704589844,3523345
2022-03-07,265.4838354089758,265.84066852108464,256.206174494146,259.7745056152344,5173168
2022-03-08,256.9198646705021,260.1313629788834,253.3515332167451,255.849365234375,4614491
2022-03-09,257.63349651760524,257.9903296152751,254.77883173624673,256.9198303222656,2433008
2022-03-10,261.915518434116,263.34285095964253,260.48818590858946,261.5586853027344,3040540
2022-03-11,263.3428485197784,266.91117980053417,262.6291822636272,265.12701416015625,3511628
2022-03-14,262.9860102714157,263.6996765136719,256.9198472122378,263.6996765136719,4999862
2022-03-15,262.62921142578125,262.98604459347933,258.34721341340435,262.62921142578125,3353990
2022-03-16,263.34283012450527,270.4794921875,262.6291639182058,270.4794921875,6401122
2022-03-17,274.04784897214853,274.404682108831,263.6996880083565,269.05218505859375,13562715
2022-03-18,269.0521966102139,271.90686182623745,264.7701987861787,265.8406982421875,6675624
2022-03-21,265.840672899152,268.3385047250501,265.12700666318113,267.26800537109375,4101126
2022-03-22,265.1270230611166,266.5543556213379,262.6291910807292,265.4838562011719,4220389
2022-03-23,265.12703193818163,266.9111976981963,264.7701987861787,265.8406982421875,2290338
2022-03-24,265.8407071192846,268.3385392667141,265.8407071192846,266.1975402832031,2131626
2022-03-25,267.98166264824687,269.05216196641567,265.8406640119094,266.9111633300781,4277211
2022-03-28,266.19750742432933,269.7658386230469,265.4838411845858,269.7658386230469,2708976
2022-03-29,270.47946889349754,270.8363019659164,267.9816373865655,268.3384704589844,1441316
2022-03-30,268.3385225948735,269.0521888783705,266.9111900278795,267.981689453125,2407598
2022-03-31,267.6248512114866,268.6953506163325,266.5543518066406,266.5543518066406,1772161
2022-04-01,264.7701861318974,266.5543518066406,263.3428535921028,266.5543518066406,1767992
2022-04-06,262.98600509539756,264.7701706659226,261.20183952487247,262.2723388671875,3415784
2022-04-07,260.4882012524651,261.2018675572664,257.2767028808594,257.2767028808594,3853260
2022-04-08,257.990348910108,260.13134765625,257.633515785751,260.13134765625,1966484
2022-04-11,260.13134219903935,260.8450084327815,254.42201232910156,254.42201232910156,4548077
2022-04-12,251.56735089583518,251.92418401767324,248.71268592113069,249.06951904296875,5186162
2022-04-13,249.7831917616141,254.42202246575835,249.42635863052607,252.99468994140625,3155116
2022-04-14,256.56302001696673,256.91985314633666,253.35152185263752,254.7788543701172,1642596
2022-04-15,254.06517921223045,254.77884544597268,252.637846744746,254.42201232910156,1226793
2022-04-18,252.99466836418904,255.49250006877202,251.2105028609155,253.35150146484375,1570944
2022-04-19,253.35152185263752,256.91985314633666,253.35152185263752,254.7788543701172,1824443
2022-04-20,256.2061856711524,257.9903513095309,255.492519415801,256.5630187988281,1950890
2022-04-21,258.3471972520049,258.70403039738056,255.84936523437497,255.849365234375,1849928
2022-04-22,255.84935388486247,259.7745183098743,254.77885449622286,259.06085205078125,1886948
2022-04-25,255.13570024726096,255.84936654165887,253.70836765846508,254.06520080566406,2281617
2022-04-26,254.7788721436229,258.3472036862507,254.7788721436229,255.49253845214844,1509330
2022-04-27,252.28100216287964,254.06516766615317,251.92416906222493,253.35150146484375,1792892
2022-04-28,253.70834609535933,254.77884544597268,252.2810136278749,254.42201232910156,2021840
2022-04-29,254.7788543701172,256.2061868875968,254.7788543701172,254.7788543701172,1804614
2022-05-03,253.70836757428077,258.70403163340865,252.6378681330391,258.3471984863281,1423913
2022-05-04,259.0608558496499,259.77452211920814,257.27669017575425,257.9903564453125,1234452
2022-05-05,259.77451078487877,261.5586763809287,259.41767766566875,261.20184326171875,1594509
2022-05-06,256.5630379149368,257.9903705319879,255.1357052978857,255.49253845214844,2507204
2022-05-09,253.35151297848824,256.2061779134571,251.5673473941327,254.42201232910156,2183325
2022-05-10,249.78317260742188,250.85367191859655,244.78750915527345,249.78317260742188,4501209
2022-05-11,248.35586168019046,250.4968604877783,246.92852914179855,249.42636108398438,2054231
2022-05-12,245.50120553462463,245.50120553462463,240.14870832093368,241.21920776367188,5157864
2022-05-13,241.2191858736196,241.57601898881728,234.43935668486404,237.2940216064453,4306471
2022-05-16,239.791844379471,240.50551058298134,235.50984715840903,236.9371795654297,2657683
2022-05-17,240.14868652802662,241.2191858736196,236.93718849124767,237.2940216064453,2784071
2022-05-18,238.00767887069517,239.43501127771586,236.9371795654297,236.9371795654297,3108776
2022-05-19,233.01202768179087,233.01202768179087,229.44369647686298,231.9415283203125,3816483
2022-05-20,232.65523802203896,233.01207120918932,229.800572524836,231.2279052734375,2681914
2022-05-23,233.36886459893017,234.0825308515263,230.5141995885457,230.87103271484375,2386232
2022-05-24,231.2278542844405,232.65518671829506,229.80052185058594,229.80052185058594,1841179
2022-05-25,231.22785207765912,234.08251691812404,230.871018972601,233.3688507080078,2089052
2022-05-26,235.15303023042046,235.15303023042046,230.5141995885457,230.87103271484375,1993941
2022-05-27,231.94153852375806,235.15303674947165,230.87103911518687,234.79620361328125,1829130
2022-05-30,237.65085501508838,241.57601928710938,236.22352255253531,241.57601928710938,3081146
2022-05-31,241.57602699469683,244.7875251379055,238.36452885148816,243.71702575683594,5203400
2022-06-01,244.43070347733124,246.92853548366892,242.64653775851858,244.78753662109375,2079533
2022-06-02,243.00334688729612,246.2148448637802,242.6465137787979,244.43067932128906,1174805
2022-06-06,244.787513553395,245.85801288380344,242.64651489257815,242.64651489257812,2742755
2022-06-07,242.64655819333058,244.07389088858545,240.50555915044825,241.93289184570312,2058328
2022-06-08,245.14435044349207,245.14435044349207,240.14868682455628,241.57601928710938,4380900
2022-06-09,241.21917944555886,241.21917944555886,237.65084838867188,237.65084838867188,3197633
2022-06-10,237.294035566614,237.294035566614,234.08253734090044,234.79620361328125,1761963
2022-06-13,231.22785207765912,234.4393500231822,230.15735276248478,233.3688507080078,2517714
2022-06-14,231.22786207932694,234.43936016376202,230.15736271784857,231.9415283203125,3878147
2022-06-15,233.01202768179087,236.93719200721156,231.58469519981972,231.9415283203125,1970806
2022-06-16,235.15301734677448,235.15301734677448,231.22785317254912,231.58468627929688,1697364
2022-06-17,229.4437217121892,231.2278875108843,227.6595559134941,230.51422119140625,3577782
2022-06-20,231.22786445617677,231.22786445617677,225.87536759376528,228.37319946289062,3240460
2022-06-21,231.22784993734706,236.9371795654297,229.08685132681606,236.9371795654297,3125234
2022-06-22,237.65084098471826,238.36450717386154,229.4436798095703,229.4436798095703,2774955
2022-06-23,231.22786207932694,233.01202768179087,229.44369647686298,231.9415283203125,2327832
2022-06-24,234.0825296413679,234.7961958902745,230.15736527238155,232.6551971435547,2628833
2022-06-27,234.43936157226562,235.86669406281214,233.0120290817191,234.43936157226562,1836716
2022-06-28,234.43936276582122,235.5098621391811,231.22786464574148,232.6551971435547,2062820
2022-06-29,230.1574057119864,233.01207120918932,229.800572524836,231.2279052734375,2622408
2022-06-30,228.37321356682767,228.73004671302584,220.16605120426982,221.5933837890625,6047781
2022-07-01,221.9501990594078,224.80486399907863,219.80920035465468,220.87969970703125,3932231
2022-07-04,221.23652722309677,223.0206927652185,214.09986505460978,215.1703643798828,3850317
2022-07-05,219.095536455928,220.52286894098293,215.17037212202703,217.31137084960938,2407180
2022-07-06,219.09555847372783,219.45239163085117,212.6725616455078,212.6725616455078,2823430
2022-07-07,214.09988277214617,218.02504728963552,211.24521766851757,215.88404846191406,3103330
2022-07-08,216.59772866671202,219.80922711481813,216.59772866671202,217.66822814941406,2121170
2022-07-11,221.2365328244901,221.9501990594078,219.80920035465468,220.87969970703125,1908870
2022-07-12,219.4523747554611,219.8092078851448,215.52721032894067,218.73870849609375,2826185
2022-07-13,223.73439664505543,226.58906199299872,221.95023080259085,223.3775634765625,3031893
2022-07-14,222.663873046875,223.73437243652344,220.87970739746095,223.0207061767578,1854228
2022-07-15,224.0912068028604,224.44803993471209,221.23654174804688,221.23654174804688,1473613
2022-07-18,221.59336333684442,222.3070295633721,216.59769975115066,220.16603088378906,4138145
2022-07-19,220.52286544212927,224.0911965981508,219.80919921092496,222.6638641357422,3183896
2022-07-20,224.80484274369255,227.30267432973358,224.4480096599724,225.5185089111328,2598454
2022-07-21,225.5185245490222,230.5141880675132,225.5185245490222,229.80052185058594,3565072
2022-07-22,230.87103152128816,233.3688633924613,226.94586715230182,232.6551971435547,3646961
2022-07-25,230.51419839683484,233.01203026800798,228.73003277456834,232.6551971435547,3035281
2022-07-26,232.29838699010133,232.29838699010133,229.08688855245018,230.51422119140625,3406195
2022-07-27,230.87103013622666,231.5846963808518,228.01636515772617,230.15736389160156,4785974
2022-07-28,231.22784634294183,231.9415125353583,227.65951538085938,227.65951538085938,6363615
2022-07-29,227.65951613973343,233.41264470644148,227.65951613973343,231.3579559326172,7292201
2022-08-01,230.9470115999205,232.5907625721619,228.48138514155835,232.17982482910156,3117094
2022-08-02,230.1251539625563,230.53609173748944,226.42671398815807,228.07046508789062,5008910
2022-08-03,228.48139492048486,230.947021484375,227.65951939918816,230.947021484375,2159257
2022-08-04,230.947021484375,232.17983476632006,229.30327044178156,230.947021484375,1644920
2022-08-05,232.5907811915621,232.5907811915621,229.7142167598643,231.76890563964844,2076569
2022-08-08,231.76892606543484,233.4126773141259,230.53611262891658,233.00173950195312,1869111
2022-08-09,233.00171028761676,233.00171028761676,230.1251459630783,230.947021484375,2382884
2022-08-10,228.8923439824624,229.3032817634004,227.65953063964844,227.65953063964844,2692261
2022-08-11,231.3579678636916,232.17984341560526,229.7142167598643,231.76890563964844,2393896
2022-08-12,214.50953004560398,217.38609462475958,211.63296546644835,215.33140563964844,10657136
2022-08-15,214.0985791801226,214.50951695206143,207.11263705716274,207.52357482910156,8122821
2022-08-16,205.87982567448046,209.9892034324541,203.82513679549362,209.16732788085938,6444743
2022-08-17,210.8110861667367,212.0438995361328,208.75639721774314,212.0438995361328,5315491
2022-08-18,209.9892110188802,216.15327787853423,209.5782732282366,215.74234008789062,4460411
2022-08-19,215.74234196278908,218.2079687280781,214.50952858014458,217.38609313964844,3548301
2022-08-22,215.74232353354398,218.20795008821307,215.74232353354398,217.79701232910156,1834000
2022-08-23,217.79702711929056,218.61890269332562,214.0985870361328,214.0985870361328,3796266
2022-08-24,214.50950670617772,214.50950670617772,208.34544042151745,208.75637817382812,4350922
2022-08-25,210.40014982876713,211.22202541403576,207.11264748769264,209.9892120361328,3299268
2022-08-26,211.22202063436893,212.454833984375,210.40014506769825,212.454833984375,2456312
2022-08-29,206.70171114955494,209.57827571823663,206.290773354029,207.9345245361328,2586426
2022-08-30,210.40013983463035,212.0438909270884,207.93451319594328,211.22201538085938,2717543
2022-08-31,208.75640198950674,210.4001531862745,208.75640198950674,209.57827758789062,2204303
2022-09-01,208.3454503729792,208.75638814491802,206.2907615132851,207.52357482910156,2561721
2022-09-02,209.57825700206868,210.40013251972385,207.93450596675834,208.34544372558594,1685999
2022-09-05,209.98921058713927,212.86577511573023,209.16733500754185,212.0438995361328,2016084
2022-09-06,213.68765557981004,214.50953117819392,208.75640198950674,209.57827758789062,2093283
2022-09-07,207.52356805092046,207.93450580943713,198.07199960503695,198.8938751220703,7846341
2022-09-08,201.35950111481083,205.0579409312053,200.12668784267933,204.64700317382812,3911260
2022-09-12,206.29075165996403,209.16731592613883,205.87981390765333,208.75637817382812,2893454
2022-09-13,210.4001279239766,213.27669217293723,209.5782524242736,210.81106567382812,2511422
2022-09-14,205.05794819746868,209.1673259168568,204.23607265359104,207.52357482910156,2127800
2022-09-15,208.75637817382812,210.81106693538155,207.52356491689608,208.75637817382812,1755041
2022-09-16,206.70168817531297,211.22200342367964,206.70168817531297,210.81106567382812,5448495
2022-09-19,211.2220167598462,211.6329545356436,207.9345145534673,209.16732788085938,2155042
2022-09-20,210.40013251972385,210.81107027855143,207.11263044910316,208.34544372558594,2705016
2022-09-21,206.70169196071396,207.93450523284545,203.82512765907381,204.64700317382812,3827277
2022-09-22,201.35950239386568,203.00325343381562,198.8938758339408,202.59231567382812,3753760
2022-09-23,201.3595056921486,203.8251322924606,200.53763015871127,202.18138122558594,1354725
2022-09-26,199.30482092643433,200.53763425175248,195.6063809504799,196.01731872558594,3547081
2022-09-27,197.66106184652028,202.1813771902037,197.25012408800362,198.8938751220703,2263808
2022-09-28,198.48295214201272,200.12670329846833,193.96263646175984,195.19544982910156,3529469
2022-09-29,198.89388993112664,198.89388993112664,193.96263646175984,195.19544982910156,2299385
2022-09-30,193.14075372157953,193.14075372157953,190.26418930444962,192.31887817382812,3673706
2022-10-03,187.7985626611954,193.55169149545523,187.7985626611954,192.31887817382812,1778566
2022-10-04,193.1407594680786,198.48295068740845,192.72982168197632,197.25013732910156,2900981
2022-10-05,199.30481488587426,203.00325474973585,198.89387712322298,200.53762817382812,2698259
2022-10-06,200.12669041117684,202.59231698708456,198.0720015979204,200.53762817382812,2737741
2022-10-07,198.4829337380149,199.30480924003567,189.4423032157865,189.85324096679688,5022531
2022-10-11,186.5657327609592,186.5657327609592,183.68916859944662,184.92198181152344,4644397
2022-10-12,187.7985640128282,191.4970040043281,186.1548129054949,190.26419067382812,2619699
2022-10-13,188.6204277137657,190.67511646881763,187.79855221174495,189.85324096679688,2123526
2022-10-14,193.1407429748799,193.1407429748799,189.85324096679688,189.85324096679688,1878290
2022-10-17,186.97667023231244,191.49698533682988,186.97667023231244,190.67510986328125,2979280
2022-10-18,192.7298145899057,195.60637898676995,190.67512573500264,194.37356567382812,3449762
2022-10-19,193.55168879680554,197.2501287101203,192.31887549236728,196.42825317382812,3190077
2022-10-20,193.14073628392714,193.96261175747577,189.03135891618402,190.67510986328125,5097867
2022-10-21,190.67512985296125,191.08606763281676,187.3876276141171,188.20950317382812,2231002
2022-10-24,189.85324096679688,190.67511646881763,188.20948996275533,189.85324096679688,2004819
2022-10-25,191.4970040043281,192.31887955799473,189.44231512016148,190.26419067382812,2131768
2022-10-26,192.31888342207404,193.96263456243366,190.26419449662453,193.55169677734375,2372268
2022-10-27,194.7845115825342,195.6063871588318,191.08607148919495,191.49700927734375,2252329
2022-10-28,191.49700262607672,193.14075372157953,190.67512707832532,192.31887817382812,1411735
2022-10-31,193.55170867402674,195.19545991541975,192.72983305333022,193.962646484375,1701895
2022-11-01,193.962646484375,194.7845221050715,192.72983305333022,193.962646484375,1168324
2022-11-02,191.49700972707646,195.60638761821545,191.49700972707646,195.19544982910156,1746572
2022-11-03,193.14075899225384,193.96263456243366,191.08607006680435,193.55169677734375,2057332
2022-11-04,191.49699932171592,193.1407503888551,188.62043495422233,192.7298126220703,3350084
2022-11-07,194.37357425087376,195.60638761821545,192.31888530530426,195.19544982910156,2520438
2022-11-08,196.83918632948695,198.8938751220703,196.42824857097025,198.8938751220703,2253292
2022-11-09,200.12670230670452,201.7704534550142,198.89388894547224,200.94857788085938,2270501
2022-11-10,198.072021484375,199.30483489610347,197.25014587655602,198.072021484375,1357114
2022-11-11,203.82512765907381,206.2907542033368,200.94856335743364,204.64700317382812,4038100
2022-11-14,205.46888536022556,205.87982313094602,203.4141965066233,203.82513427734375,2539169
2022-11-15,203.82513815259176,207.52357815939283,203.00326259552486,207.11264038085938,2251264
2022-11-16,206.70170260232592,208.75639149499318,205.87982704525902,207.11264038085938,2212947
2022-11-17,207.1126271645854,209.16731592613883,205.46887615534266,208.75637817382812,2113641
2022-11-18,207.93451976776123,210.400146484375,207.11264419555664,210.400146484375,1909648
2022-11-21,211.2220239565354,212.86577511573023,208.75639721774314,212.0438995361328,3068898
2022-11-22,212.8657552200259,214.92044397697595,209.5782532089058,214.50950622558594,4098891
2022-11-23,214.92044801532097,219.4407633655476,214.09857249709793,217.79701232910156,4050592
2022-11-24,219.44076207241164,221.9063886125511,218.61888655903184,219.85169982910156,3832600
2022-11-25,221.90638992021667,223.1392031975512,217.79701232910156,217.79701232910156,4341984
2022-11-28,216.15327312807128,221.90640207064354,212.86577087517287,218.2079620361328,4286710
2022-11-29,218.6189050567284,221.90640738840852,216.97515389088835,219.44078063964844,3831666
2022-11-30,219.44077203506814,221.0845231364544,218.20795870902845,218.618896484375,3737332
2022-12-01,221.9063926401718,224.78295698921104,219.440766055281,223.1392059326172,2959974
2022-12-02,224.37202839214447,227.65953063964844,222.7282772683925,227.65953063964844,3374701
2022-12-05,227.24859850987949,232.59078979492188,226.01578513640817,232.59078979492188,2739074
2022-12-06,231.3579672873557,231.3579672873557,226.42671398815807,228.07046508789062,2536507
2022-12-07,226.0157823562622,226.4267201423645,223.13921785354614,223.55015563964844,2839777
2022-12-08,223.55015176801538,225.19390288395667,218.61889842019153,220.2626495361328,2274131
2022-12-09,221.49545952994063,221.90639730272346,218.6188951204609,220.673583984375,1820020
2022-12-12,218.61891056941107,224.37203979492188,215.33140815483344,224.37203979492188,2190315
2022-12-13,222.72826412593093,223.13920188262082,219.02982431572173,219.85169982910156,2362664
2022-12-14,222.31735078581087,224.78297759674408,221.49547518216647,224.37203979492188,2135675
2022-12-15,223.55015855424858,223.9610963457086,219.02984284818842,219.44078063964844,2059854
2022-12-16,216.97514869129589,219.4407753809697,215.33139756484667,218.2079620361328,7575178
2022-12-19,216.15326788931182,219.4407700625333,214.92045457435378,216.9751434326172,6579923
2022-12-20,219.4407825115445,222.72828487126802,218.61890692161361,221.08453369140625,8683270
2022-12-21,221.0845231364544,221.0845231364544,216.56420760764215,218.618896484375,6662926
2022-12-22,222.31734930408845,228.4814162903386,221.0845359068384,226.42672729492188,6243523
2022-12-23,223.5501623400023,224.37203793684054,221.9064111463258,222.72828674316406,1378476
2022-12-26,223.55015563964844,224.37203121185303,222.72828006744385,223.55015563964844,720666
2022-12-27,223.96109150074147,224.7829670658818,221.90640258789062,221.90640258789062,732611
2022-12-28,220.26265810147538,221.90640928133715,220.26265810147538,221.08453369140625,1072591
2022-12-29,219.85172030650995,222.31734707630258,217.3860935367173,221.08453369140625,1437408
2022-12-30,221.90639730272346,221.90639730272346,220.673583984375,220.673583984375,773245
2023-01-03,219.44077589246962,222.72827815303097,218.6189003273293,221.90640258789062,1049876
2023-01-04,223.13921062107192,223.13921062107192,220.673583984375,220.673583984375,749417
2023-01-05,222.72828674316406,226.01578913051702,222.72828674316406,222.72828674316406,1159580
2023-01-06,223.55014369676564,224.3720192250626,221.9063926401718,223.1392059326172,625059
2023-01-09,224.78294908003372,226.42670007879082,223.96107358065518,226.01576232910156,1470961
2023-01-10,225.1939082384552,225.1939082384552,221.49546813964844,221.49546813964844,2029005
2023-01-11,222.31734707630258,223.13922266623345,221.08453369140625,221.08453369140625,1517495
2023-01-12,221.90638992021667,222.3173276793282,216.56419905176702,217.79701232910156,1623230
2023-01-13,219.85171175714748,220.67358731511814,218.2079606412062,220.2626495361328,1084218
2023-01-16,221.08453369140625,222.72828487126802,220.26265810147538,221.08453369140625,1012253
2023-01-17,221.9064006520741,222.31733843105943,220.2626495361328,220.2626495361328,1332228
2023-01-30,226.01575987679618,230.12513732910156,224.78294664110456,230.12513732910156,4377859
2023-01-31,230.12516021728516,230.53609800338745,223.13921785354614,223.55015563964844,2874085
2023-02-01,225.60482457941228,226.8376378284801,223.96107358065518,226.01576232910156,1138611
2023-02-02,227.65953587201597,229.30328703354675,226.01578471048515,228.89234924316406,1549278
2023-02-03,228.48141479492188,229.30329038770938,226.42672581295315,228.48141479492188,1319831
2023-02-06,225.60484836412513,229.30328850124195,225.19391057111216,226.83766174316406,1842049
2023-02-07,226.83766360934692,229.30329038770938,226.0157880165594,228.48141479492188,1745157
2023-02-08,228.48140286282376,229.71421618762318,227.24858953802436,228.07046508789062,1808530
2023-02-09,227.24859953617704,228.07047512220302,226.83766174316406,226.83766174316406,1248637
2023-02-10,224.7829670658818,225.19390484845198,221.90640258789062,221.90640258789062,2794347
2023-02-13,222.31734087167544,226.0157809231451,221.9064030881788,225.60484313964844,1572918
2023-02-14,227.24859619140625,228.48140955229997,226.8376584044417,227.24859619140625,1141089
2023-02-15,228.07047512220302,228.07047512220302,226.42672395015109,226.83766174316406,1211934
2023-02-16,228.07047699852814,230.12516598049686,228.07047699852814,228.48141479492188,1841756
2023-02-17,229.71421813964844,230.12515591807355,228.0704670259479,229.71421813964844,911274
2023-02-20,229.71422818410312,229.71422818410312,228.48141479492188,228.48141479492188,635792
2023-02-21,228.89234258279816,229.71421813964844,227.65952924752276,229.71421813964844,717133
2023-02-22,228.89234258279816,230.94703147492382,228.0704670259479,229.71421813964844,1329982
2023-02-23,230.94704008867396,231.76891567617812,229.71422670741768,230.53610229492188,1539817
2023-02-24,231.76891716607184,231.76891716607184,228.48141479492188,228.48141479492188,2513475
2023-03-01,227.65953732919002,229.30328850124195,226.0157861571381,226.83766174316406,1981370
2023-03-02,228.0704571598365,231.7688970056717,227.2485816385398,230.947021484375,1567509
2023-03-03,232.17983017505057,233.8235811851394,231.76889242252835,233.4126434326172,1155317
2023-03-06,235.4673309326172,236.70014418357331,234.2345176816611,235.4673309326172,1401276
2023-03-07,235.87827929561,238.34390590845612,235.46734152680233,237.93296813964844,1354127
2023-03-08,237.52202838400137,237.52202838400137,235.0564017917799,236.28921508789062,1419465
2023-03-09,235.8783059997024,236.2892438150329,233.41267910771947,234.64549255371094,1821629
2023-03-10,234.23453529540183,240.80953979492188,234.23453529540183,240.80953979492188,4121558
2023-03-13,220.26264758576127,223.13921201318726,217.38608315833528,218.618896484375,8521919
2023-03-14,216.97513273392602,216.97513273392602,214.09856847419593,214.50950622558594,4961936
2023-03-15,215.3314089948315,216.9751602085325,214.50953338798098,214.92047119140625,2459167
2023-03-16,214.0985856146867,217.3860878890005,214.0985856146867,216.1532745361328,1999583
2023-03-17,217.38609536371547,222.72828674316406,216.15328196845812,222.72828674316406,4356986
2023-03-20,221.90639868714757,221.90639868714757,217.79702093368186,218.618896484375,1781967
2023-03-21,219.85170843880937,220.673583984375,219.44077066602654,220.673583984375,1333391
2023-03-22,220.67359589644082,221.08453369140625,219.4407825115445,221.08453369140625,2237987
2023-03-23,221.08453035089215,222.72828150591735,219.85171698462324,221.49546813964844,1723042
2023-03-24,221.90640258789062,222.72827815303097,220.26265145760996,221.90640258789062,1292558
2023-03-27,222.31734371716107,222.72828150591735,221.49546813964844,221.49546813964844,1031301
2023-03-28,221.08452175715783,222.7282728482891,219.85170843880937,220.673583984375,1075834
2023-03-29,221.9063926401718,223.1392059326172,221.9063926401718,223.1392059326172,1071759
2023-03-30,223.13919932514156,224.37201258108158,222.31732382118156,223.96107482910156,1197882
2023-03-31,224.78295033306156,226.01576358900158,222.72826157316155,223.96107482910156,1681760
2023-04-06,221.49544628093952,222.31732177734375,220.6735707845353,222.31732177734375,1635045
2023-04-07,223.13921593560113,223.5501537181713,221.90640258789062,221.90640258789062,580249
2023-04-10,223.13922454158316,223.5501623400023,221.9064111463258,222.72828674316406,554168
2023-04-11,222.72827014539536,225.6048345199669,222.31733237759943,224.782958984375,1344270
2023-04-12,226.83766029125056,230.12516261431216,226.42672250086787,228.89234924316406,1984283
2023-04-13,229.7142296875886,230.12516748667196,226.42672729492188,226.42672729492188,1700179
2023-04-14,228.8923406377569,228.8923406377569,226.42671398815807,228.07046508789062,1057529
2023-04-17,228.8923326811332,230.947021484375,228.48139492048486,230.947021484375,1593935
2023-04-18,231.35797598546026,231.76891377584298,227.65953587201597,228.89234924316406,1164264
2023-04-19,229.30328703354675,230.94703819507757,228.48141145278134,228.89234924316406,1535742
2023-04-20,229.71422291319368,229.71422291319368,226.42672061747712,227.24859619140625,1069423
2023-04-21,229.30328850124195,230.53610188028088,226.0157861571381,226.83766174316406,1964635
2023-04-24,228.48141145278134,229.30328703354675,226.83766029125056,228.89234924316406,2055511
2023-04-25,230.12516598049686,230.12516598049686,226.83766360934692,228.48141479492188,2373820
2023-04-26,226.42672729492188,227.6595406921719,223.55016270133848,226.42672729492188,2510619
2023-04-27,226.42669762202672,230.12513732910156,225.60482213156564,230.12513732910156,2542742
2023-04-28,231.7688870860412,232.17982482910156,229.30326062767907,232.17982482910156,1819282
2023-05-02,232.5907699478256,235.87827199655814,231.7688944356425,235.056396484375,1551112
2023-05-03,235.87827732252038,236.70015285326087,234.64546402640966,236.28921508789062,1650072
2023-05-04,235.87829297209439,239.9876708984375,235.46735517946007,239.9876708984375,2559015
2023-05-05,239.57670717338377,239.57670717338377,235.05639194369726,237.5220184326172,1764678
2023-05-08,237.5220217382474,238.75483499986458,236.70014623050258,237.111083984375,1065796
2023-05-09,237.93298193526596,240.80954648370613,237.52204414263164,239.9876708984375,1815198
2023-05-10,238.75484564701034,239.98765896360422,236.28921901382265,239.57672119140625,1439542
2023-05-11,239.57670843580425,239.57670843580425,235.4673309326172,235.4673309326172,1175908
2023-05-12,235.05639572550095,235.87827123503067,230.53608042308744,231.3579559326172,2005860
2023-05-15,250.26108446702534,253.95952413895182,244.50795608847304,249.439208984375,8964265
2023-05-16,249.02827124304983,251.08295994967565,245.74076931244852,249.439208984375,3435551
2023-05-17,248.6173335017247,250.6720222083505,248.20639576039952,249.439208984375,3178876
2023-05-18,250.26111550764602,254.7814312228909,249.0283021307611,253.13768005371094,3951572
2023-05-19,251.493928884531,254.3704934305959,250.672053299941,253.13768005371094,2310376
2023-05-22,252.72673701773263,253.1376748015013,249.43923474758327,251.9048614501953,1566021
2023-05-23,252.72674896041423,253.95956236997725,251.9048733540389,252.31581115722656,2733317
2023-05-24,252.31580446912096,253.13768005371094,250.26111550764602,253.13768005371094,1968672
2023-05-25,252.3157819174781,253.54859518417587,249.85015538408254,250.26109313964844,2274919
2023-05-26,250.26109714600798,253.9595370053086,249.85015938386346,253.54859924316406,2264914
2023-05-29,254.370461880277,256.4251505869028,249.439208984375,249.439208984375,1933322
2023-05-30,252.72672301844545,252.72672301844545,249.43922093040064,249.85015869140625,2249903
2023-05-31,249.85019771388318,252.31582466500703,249.02832206350857,250.6720733642578,5463981
2023-06-01,249.85016068601922,252.3157872717365,247.79547186458814,251.49391174316406,1146140
2023-06-02,251.49392787388393,259.71268368675595,251.08299008324033,258.89080810546875,4300118
2023-06-05,258.89080284885245,259.3017406311522,256.8361139373536,257.6579895019531,2317070
2023-06-06,256.8361325004992,258.8908215605032,255.6033190644968,257.2470703125,1811580
2023-06-07,257.2470450833416,259.7126717135334,257.2470450833416,258.4798583984375,1236970
2023-06-08,257.2470331860196,260.1235974548729,256.42515768063294,258.06890869140625,1698649
2023-06-09,260.1236214773996,260.1236214773996,258.06893252418155,258.89080810546875,1426649
2023-06-12,259.7126664218991,267.1095461617633,259.7126664218991,266.6986083984375,3596154
2023-06-13,269.57518768310547,269.57518768310547,262.17830753326416,263.00018310546875,2205345
2023-06-14,263.0001845472441,263.8220601239542,259.7126822404035,260.94549560546875,1821754
2023-06-15,261.35642009609745,265.05486000311765,258.8907934914173,262.5892333984375,2127526
2023-06-16,261.3564094434982,262.5892226955902,257.6579696872223,260.12359619140625,4467021
2023-06-19,258.47985106342475,259.71266434353646,254.78141122308958,255.60328674316406,3499309
2023-06-20,256.4251689295615,258.0689200124433,253.13766676379788,254.7814178466797,3977638
2023-06-21,255.6032939965471,260.94548502862926,254.78141845314983,258.4798583984375,2987124
2023-06-26,260.5345196590245,266.28764785338785,257.65795556184287,263.822021484375,4722274
2023-06-27,262.5892602887282,263.00019809825676,259.3017578125,259.3017578125,1565261
2023-06-28,259.712646484375,262.17827287504946,258.0688955572587,259.712646484375,1571072
2023-06-29,253.1376556590864,260.5345352075662,253.1376556590864,258.06890869140625,3748240
2023-06-30,255.6032939965471,260.53454725693064,255.6032939965471,258.4798583984375,2863655
2023-07-03,262.1783119140625,262.1783119140625,256.4251828125,256.83612060546875,3594590
2023-07-04,257.69941615246023,261.1526746603659,252.95118570408994,253.38284301757812,6790210
2023-07-05,253.81450695533172,257.26776555336346,252.08787765631587,255.97279357910156,1683419
2023-07-06,257.26778584798177,261.15270207722983,255.1094990539551,258.9944152832031,2966401
2023-07-07,258.9944051801141,258.9944051801141,251.22457302471068,252.95120239257812,2140715
2023-07-10,252.95117469683083,254.6778038756488,251.2245455180129,252.08786010742188,1432084
2023-07-11,256.83610967687656,258.1310816584407,252.5195364049963,255.5411376953125,2262049
2023-07-12,253.38284963057777,255.97279357910153,251.65622033156188,255.97279357910156,2273952
2023-07-13,256.83611113004474,258.9943977781964,253.38285249300213,255.10948181152344,1923146
2023-07-14,256.836103912968,257.26776123046875,253.38284537296167,257.26776123046875,1387428
2023-07-17,256.83608448366095,258.5627136230469,255.54111262912147,258.5627136230469,1320192
2023-07-18,258.9943815794505,272.8074152636878,258.9943815794505,264.6059265136719,6052384
2023-07-19,268.92250880298997,268.92250880298997,255.1094746429648,257.26776123046875,2577641
2023-07-20,258.9944065207302,262.87932261854115,256.4044624555229,261.5843505859375,1945883
2023-07-21,271.512444390191,287.4837646484375,269.3541578688063,287.4837646484375,14622928
2023-07-24,310.7932869332736,315.9731750488281,304.3184267888304,315.9731750488281,28386321
2023-07-25,334.9660774075255,344.4625383649554,312.51989696269135,317.26812744140625,37143023
2023-07-26,325.4696022470251,330.2178325185334,313.8148552169592,316.8364562988281,13819153
2023-07-27,323.7430058168561,323.7430058168561,305.181740150023,307.34002685546875,9711640
2023-07-28,316.4048005723462,334.966064453125,310.7932556781572,334.966064453125,26795873
2023-07-31,344.4625326303335,344.4625326303335,303.8867455786401,314.24652099609375,24695294
2023-08-01,325.03793064240483,328.0595315912718,309.4982686196604,321.15301513671875,14212049
2023-08-02,318.99477427629023,322.8796903364886,309.06665545578323,312.0882568359375,9245603
2023-08-04,312.0882401440025,315.10984136254746,303.88675112223757,312.5198974609375,5780277
2023-08-07,312.0882312604773,324.6062930952682,308.6349728232936,319.8580627441406,6803585
2023-08-08,319.85806237890364,324.6062927246094,311.22491629580236,324.6062927246094,5628335
2023-08-09,336.2610311784971,336.2610311784971,321.15302592657486,327.19622802734375,18853014
2023-08-10,319.426411146063,322.0163550202203,304.31840521347897,318.1314392089844,11384319
2023-08-11,320.7213999292125,324.60631594450575,313.3832252336585,317.6997985839844,6110091
2023-08-14,313.3832167139593,328.05956570607316,312.9515593906619,320.28973388671875,15316072
2023-08-15,328.0595861657873,336.6927331701502,328.0595861657873,332.37615966796875,15105251
2023-08-16,327.62790108951276,336.26104736328125,325.4696145210707,336.26104736328125,11274057
2023-08-17,333.23943494629526,339.71429443359375,330.2178338522226,339.71429443359375,10421625
2023-08-18,344.4625051021576,344.4625051021576,327.19621411959326,331.5127868652344,10067141
2023-08-21,330.2178397697488,337.5560139868544,329.78618246286027,333.23944091796875,7387456
2023-08-22,337.5560188390032,342.7359065961234,332.8077883949763,341.00927734375,12819241
2023-08-23,343.1675836174278,360.86553447065364,338.8510102385922,357.84393310546875,20836270
2023-08-24,372.9519157053154,378.13180342344475,357.84390986077136,369.4986572265625,21929613
2023-08-25,358.7072061164616,367.77200915911584,350.5057176492982,356.5489196777344,12902376
2023-08-28,357.4122572157118,358.70722916214555,340.14596459659526,349.6424255371094,10066538
2023-08-29,353.9589986918885,356.548942584756,345.32585238233025,349.6424255371094,5843350
2023-08-30,357.4122317482165,359.57051817181684,346.62079963021483,347.915771484375,6411354
2023-08-31,344.0309026303499,347.91581872027854,341.8726159137228,347.4841613769531,8392473
2023-09-01,352.2323840332031,353.0956986999512,344.46255203247074,345.32586669921875,4961984
2023-09-04,347.0524960327149,348.3474680328369,341.0092933654785,345.32586669921875,3890842
2023-09-05,343.5992241099401,345.3258533768242,329.78618997486717,340.1459655761719,6250716
2023-09-06,342.7358977023554,351.8007010420902,341.00926849478685,348.3474426269531,5150946
2023-09-07,348.3474651155924,348.3474651155924,343.5992344882423,346.1891784667969,2932319
2023-09-08,345.3258415137082,349.21075723073744,342.7358977023554,348.3474426269531,2731649
2023-09-11,348.7791221217105,348.7791221217105,320.7213957134046,328.0595703125,9608538
2023-09-12,322.4479956541625,325.9012539744213,311.22490611332154,313.8148498535156,12650577
2023-09-13,310.79326211518946,320.28972290204246,310.79326211518946,318.9947509765625,5319893
2023-09-14,322.01637123036414,327.1962592394317,321.15305656218624,322.4480285644531,3260573
2023-09-15,323.74299011646804,325.4696193970892,315.97315835367283,316.4048156738281,5752432
2023-09-18,314.24651853431413,314.24651853431413,308.2033162548081,310.3616027832031,4412861
2023-09-19,315.10986116491307,317.6998052292822,310.3616303802363,311.2249450683594,2964329
2023-09-20,313.8148891327285,315.97317585303614,310.3616303802363,311.2249450683594,2360847
2023-09-21,308.634971081371,310.79325759242954,305.1817126636774,306.4766845703125,3736209
2023-09-22,306.4766926798787,309.4982938753141,303.4550914844433,308.6349792480469,3229342
2023-09-25,308.2033162548081,311.22491739456115,305.6133724207341,310.3616027832031,2398689
2023-09-26,311.224937055364,311.6565943883118,305.6133917270426,309.066650390625,3434568
2023-09-27,308.63497597830633,315.5414929232754,308.63497597830633,314.24652099609375,3729492
2023-09-28,316.40479900141827,318.1314281910577,312.95154062213953,316.8364562988281,2753404
2023-10-02,319.4264301069631,322.87968881082213,314.6781993891569,321.584716796875,3323113
2023-10-03,322.0163608358469,322.0163608358469,315.97315835367283,316.4048156738281,2890117
2023-10-04,314.2465177837171,320.72137735343654,314.2465177837171,319.8580627441406,3583232
2023-10-05,324.60631167763154,331.94448627672693,322.87968236019736,328.0595703125,4316025
2023-10-06,328.4912137922405,330.2178430368778,325.037955302966,327.6278991699219,1711544
2023-10-11,333.6711103178432,334.9660822854416,322.8796772545236,325.0379638671875,4326785
2023-10-12,325.4696183160441,332.3761354155888,323.7429890411579,325.9012756347656,4359163
2023-10-13,324.6062934770976,324.6062934770976,312.9515462378933,315.1098327636719,4663255
2023-10-16,313.38323974609375,316.4048412312489,310.79329561596074,313.38323974609375,2476544
2023-10-17,314.24654647679006,315.10986116491307,309.9299730361748,311.2249450683594,3434951
2023-10-18,311.2249123305295,311.6565696291849,299.1385079681788,302.5917663574219,9254487
2023-10-19,300.4334970150354,300.4334970150354,291.8003505490861,297.4118957519531,4298746
2023-10-20,293.0953288998024,295.25361556327664,285.75715424398993,290.9370422363281,7310886
2023-10-23,287.9154495878848,292.2320230449745,286.1888202050489,288.34710693359375,2875663
2023-10-24,289.21043149886594,294.39031982421875,289.21043149886594,294.39031982421875,2291018
2023-10-25,297.84355887531365,300.8651601972371,293.9586428899834,295.6852722167969,2137660
2023-10-26,290.073721826604,295.6852670405115,288.7787498541638,292.6636657714844,2644933
2023-10-27,296.1169180821891,307.34000827189305,294.8219461372232,299.1385192871094,4318324
2023-10-30,299.570176602098,303.0234351220069,295.25360345221185,299.1385192871094,2314704
2023-10-31,296.9802108854937,298.2751827352851,291.3686662030643,291.8003234863281,3152530
2023-11-01,293.526938747039,296.98019684994534,290.93699516985924,296.11688232421875,1494571
2023-11-02,299.1385517609425,303.45512537942653,297.8435796753973,303.0234680175781,2257443
2023-11-03,304.7500553614657,306.4766845703125,301.7284542459837,306.4766845703125,1623983
2023-11-06,309.06665834805176,313.8148891327285,308.2033436599287,311.2249450683594,2235262
2023-11-07,309.9299628056765,310.36162013548943,304.31841751810856,305.1817321777344,2158905
2023-11-08,309.06663656168047,313.3832096980168,306.90834999351233,308.6349792480469,1697609
2023-11-09,306.90833622267263,309.4982799882648,303.8867351628151,308.20330810546875,1654477
2023-11-10,305.1817264261796,308.63498499960167,302.591782496113,306.9083557128906,1428983
2023-11-13,311.22490069071455,311.22490069071455,304.75004145304365,310.7932434082031,1925855
2023-11-14,333.2394429216481,341.8725891113281,331.0811563742281,341.8725891113281,14329709
2023-11-15,347.91578894526265,349.64241817079744,336.69269897928643,337.9876708984375,8418039
2023-11-16,336.6926997782523,338.41932900788436,325.03795247823587,328.4912109375,5939050
2023-11-17,332.3761231246268,343.59921299636744,328.9228647025527,338.8509826660156,7685230
2023-11-20,338.4193143332401,338.4193143332401,331.51279771419433,337.5559997558594,3564938
2023-11-21,340.14598008967306,341.8726094302298,334.10277739772454,335.82940673828125,4719155
2023-11-22,336.6926882263898,337.55600281158564,328.9228569596269,331.9444580078125,3791369
2023-11-23,333.239444214993,333.239444214993,326.33292723644394,327.6278991699219,3416130
2023-11-24,329.3545474135736,331.0811767578125,324.6063167169165,331.0811767578125,3497234
2023-11-27,331.08118044096847,331.5128377818302,322.01637628287153,325.4696350097656,4526059
2023-11-28,327.19625502214046,332.80780029296875,325.90128303656473,332.80780029296875,4445793
2023-11-29,334.10277451735277,337.1243758372771,331.08117319742837,336.6927185058594,5253401
2023-11-30,334.9660641429082,339.71429443359375,329.7861765530694,339.71429443359375,9154943
2023-12-01,336.692693651337,337.987665549996,333.67109255446604,334.966064453125,3971287
2023-12-04,337.9876684144486,337.9876684144486,332.807780775913,334.1027526855469,2660945
2023-12-05,334.9661029029289,337.5560469975392,330.2178720628101,337.1243896484375,3188868
2023-12-06,337.12435063867434,341.0092663310534,335.3977214420614,339.71429443359375,2900244
2023-12-07,337.5560079378276,342.73589552766634,337.12435063867434,339.71429443359375,1805860
2023-12-08,343.59922646937736,348.347456985914,341.44093987095164,344.0308837890625,3787748
2023-12-11,345.3258307554382,347.0524599092154,338.41931414032945,342.3042297363281,3086548
2023-12-12,341.87259773079677,344.4625416529998,338.41933916785945,339.28265380859375,2234258
2023-12-13,341.4409444048361,355.68563614359664,340.14597242858514,351.80072021484375,8206638
2023-12-14,353.9590119967495,359.13889997718974,349.21078134801263,354.82232666015625,4917108
2023-12-15,354.82231042420335,355.6856250481065,350.5057373046875,350.5057373046875,6241474
2023-12-18,353.0956926557258,374.6785589549756,348.34746206989087,369.9303283691406,8165193
2023-12-19,368.6353679967011,376.40520010904373,364.3187946009552,366.4770812988281,7021432
2023-12-20,369.93031290690107,397.5563806152344,369.49865559895835,388.4915771484375,16806479
2023-12-21,378.5634641805058,398.8513579279217,377.70014955295613,391.51318359375,10906506
2023-12-22,390.21821165242557,394.96644210394845,383.74335194580345,391.51318359375,5853517
2023-12-25,393.6714498898131,413.5276853009221,393.6714498898131,407.0528259277344,8903130
2023-12-26,408.7794996035301,411.8011009733556,402.7362968638792,407.4845275878906,4336709
2023-12-27,412.6644346716445,428.20409957559764,407.48454637032677,424.3191833496094,9912850
2023-12-28,428.2040519404217,433.38393966550746,420.4342203527931,424.75079345703125,8089203
2023-12-29,423.0241866301711,430.7940186295008,419.5709279638024,422.592529296875,4588380
2024-01-02,426.47741195836016,429.9306703547842,413.5276929717703,418.70758056640625,5194473
2024-01-03,412.6644052156838,416.1176638367356,396.261426765688,401.4413146972656,10195898
2024-01-04,401.441315974433,403.16794529045205,388.92325343329475,391.9448547363281,7624903
2024-01-05,394.103141381352,398.4197146713996,389.35491076229954,391.9448547363281,4484646
2024-01-08,396.2614140452729,400.14632986924613,390.64986896620036,391.51318359375,3826856
2024-01-09,398.4197117396763,400.57799836881867,391.5131945264208,392.80816650390625,3803924
2024-01-10,392.8081494246543,400.57798095173536,389.7865482752339,397.988037109375,4530081
2024-01-11,398.85135172349516,399.71466633761526,392.8081494246543,397.988037109375,2982579
2024-01-12,396.2614286799096,396.2614286799096,384.17502344784265,387.1966247558594,4795879
2024-01-15,390.218215020711,392.8081589257157,385.03832721070154,385.9016418457031,2865839
2024-01-16,384.60667331102354,384.60667331102354,378.99512813364606,380.29010009765625,3901068
2024-01-17,380.72174642297836,383.74334758506546,376.83683064315204,378.9951171875,5024823
2024-01-18,378.99513042321365,390.64987816971336,378.99513042321365,384.1750183105469,4184150
2024-01-19,386.76496394230765,392.80816650390625,384.60667731316533,392.80816650390625,3728447
2024-01-22,393.6714531335011,401.44128444534647,392.808138543296,396.69305419921875,4375940
2024-01-23,397.12472002712553,399.2830065490121,392.37648967897513,394.1031188964844,2468699
2024-01-24,394.5347958072201,398.4197117396763,391.9448518522493,392.80816650390625,2183777
2024-01-25,394.53478717387503,397.5563883885546,392.376500591961,395.3981018066406,1994744
2024-01-26,391.0815218358485,391.5131791447181,376.83683064315204,378.9951171875,5016318
2024-01-29,376.4051593402484,384.17499061103337,376.4051593402484,383.3116760253906,1878079
2024-01-30,382.88002407990354,389.3548835626528,379.42676568910395,386.3332824707031,3232059
2024-01-31,385.0383162407495,391.0815185135864,380.72174318872317,384.6066589355469,4398177
2024-02-01,385.9016418457031,386.7649564807047,381.58506867069525,385.9016418457031,1751067
2024-02-02,389.3549078972785,395.39811045887706,388.4915932456216,392.80816650390625,3347273
2024-02-05,388.9232591949733,392.80817521356903,387.19662985337516,390.2182312011719,2794974
2024-02-15,400.5780029296875,403.1679469141467,394.5348002992827,400.5780029296875,5637096
2024-02-16,399.2830318256016,421.2975557424726,398.8513744938982,413.9593811035156,7169458
2024-02-19,416.54933094603854,416.54933094603854,403.5996108130011,412.2327575683594,3304766
2024-02-20,410.5060953539471,413.52769647642623,405.7578650186228,408.3478088378906,2463412
2024-02-21,410.93776418201963,420.43422511899905,402.30461787567464,404.8945617675781,3397235
2024-02-22,408.34782029011615,411.8010788126541,399.2830166684539,404.8945617675781,3275876
2024-02-23,408.3478060050353,416.54929470915334,408.3478060050353,409.21112060546875,3540330
2024-02-26,407.4845166586411,408.7794886395478,401.0096567541076,406.1895446777344,2521995
2024-02-27,398.4196977101275,398.851355020756,390.2182088081855,392.3764953613281,7718268
2024-02-29,388.4915932456216,399.28302639133324,386.76496394230765,392.80816650390625,6866605
2024-03-01,394.5347900390625,402.30462179037886,393.67147540002736,394.5347900390625,2445234
2024-03-04,397.55639127568554,403.167936429414,394.5347900390625,394.5347900390625,2691780
2024-03-05,395.398079278643,405.7578542815769,395.398079278643,402.3045959472656,3392897
2024-03-06,401.4413277206907,407.0528731619477,399.28304101251496,406.6212158203125,2294789
2024-03-07,405.75786574062334,406.6211803485821,397.98803426899434,398.8513488769531,2120034
2024-03-08,398.4196724064442,398.4196724064442,389.35486945895195,390.64984130859375,2744642
2024-03-11,391.0815072961756,394.53476563874665,379.42676038999815,383.3116760253906,4069433
2024-03-12,382.01674325125555,385.03834461030505,377.2685125441778,380.7217712402344,3305674
2024-03-13,380.7217550715175,383.74335630224385,376.4051818847656,376.4051818847656,4213226
2024-03-14,375.54185913508326,376.83683106313526,369.4986568041739,374.24688720703125,3503740
2024-03-15,369.49865438110066,375.11019936586035,369.49865438110066,370.3619689941406,7039180
2024-03-18,370.36195013076616,374.24686569157836,346.18914219682335,352.66400146484375,11424776
2024-03-19,350.9374055640098,358.27558009609857,349.64243358775883,351.80072021484375,6400385
2024-03-20,353.09568875077844,362.1604924962141,353.09568875077844,357.4122619628906,4354430
2024-03-21,357.84390226091654,364.31876177106585,355.2539584568568,362.5921325683594,4461525
2024-03-22,366.04540204719007,376.83683489056244,363.02380085104585,363.8871154785156,5446782
2024-03-25,363.88710978574426,368.2036828555633,362.16048055781664,365.6137390136719,2200370
2024-03-26,363.4554557525854,367.77202886128595,359.5705399547549,360.002197265625,3366314
2024-03-27,360.86553588435845,369.0670253362757,359.5705638656347,366.4770812988281,2593684
2024-03-28,365.1820817066899,371.2252840044366,361.2971659438528,365.6137390136719,3434543
2024-03-29,365.6137333476585,370.3619636508749,365.18207604736614,367.3403625488281,1127000
2024-04-01,372.52027294258136,372.95193026928195,365.1820983886719,365.1820983886719,2054891
2024-04-02,365.61375571537246,368.63535700227635,363.8871264085702,365.1820983886719,2317536
2024-04-03,363.02379800469214,367.3403711081962,362.16048338399133,364.75042724609375,2522455
2024-04-08,363.02383333304675,368.6353789137003,362.5921759806888,367.7720642089844,1758672
2024-04-09,365.61371955422794,368.20366325827206,364.7504049862132,366.90869140625,2115346
2024-04-10,373.8152408292924,385.46998852258446,373.8152408292924,375.5418701171875,4878866
2024-04-11,378.131806866731,392.8081555350744,370.79363253255923,391.51318359375,6138553
2024-04-12,386.7649820321308,387.1966393781488,382.01675122593275,382.88006591796875,4591242
2024-04-15,379.8584427763195,385.03833063236027,378.56347081230933,380.29010009765625,2321383
2024-04-16,376.4051658549684,377.2684804555532,366.90870524853574,367.3403625488281,4077826
2024-04-17,370.7936430211106,372.5202723250506,367.34038441323065,369.9303283691406,2906002
2024-04-18,367.3403735194329,371.2252893380873,365.6137442666976,368.6353454589844,3121665
2024-04-19,364.7504223012867,366.9087088237795,351.3690458618312,356.9805908203125,4640993
2024-04-22,358.7072200383068,362.1604784742953,355.25396160231827,356.9805908203125,2193258
2024-04-23,358.2756051795969,361.2972066690633,350.9374301337497,353.5273742675781,2784432
2024-04-24,358.7072305395827,364.31877566234397,357.4122585881763,363.0238037109375,2191610
2024-04-25,356.98061041230136,358.7072397250574,353.9590091149784,355.6856384277344,2298317
2024-04-26,356.11730589217956,364.750452701687,356.11730589217956,361.7288513183594,2368816
2024-04-29,363.02383333304675,368.2037215613423,363.02383333304675,367.7720642089844,1944266
2024-04-30,366.9087378923283,375.1102273275686,366.9087378923283,371.2253112792969,2404053
2024-05-02,368.6353592722039,372.95193256578943,368.2037019428454,369.0670166015625,2826359
2024-05-03,372.5202555267405,375.54185667238033,369.93031168762064,370.3619689941406,2259242
2024-05-06,374.24690486435907,389.78656873415946,373.8152475346424,387.1966247558594,4326509
2024-05-07,390.6498957094939,402.3046439792799,389.78658102284305,397.124755859375,7505919
2024-05-08,393.67148629191655,398.4197169379814,390.64988497169355,395.82977294921875,5108914
2024-05-09,397.55640033922697,416.9809801603618,397.1247430098684,410.074462890625,8293529
2024-05-10,408.3478313125789,409.6428032934856,400.5779994271387,406.1895446777344,4742508
2024-05-13,408.3477980323104,410.93774178304386,396.26139386222087,402.3045959472656,3166534
2024-05-14,440.2904909849167,442.0171203613281,427.77242800593376,442.0171203613281,21741841
2024-05-15,442.8804142963455,446.33367288735013,427.7724079607002,429.9306945800781,10942135
2024-05-16,435.97390611042346,448.9236260939014,431.6573327825975,445.4703674316406,10171741
2024-05-17,440.29047943824946,445.4703674316406,433.3839621137279,445.4703674316406,6577173
2024-05-20,447.19699518859625,449.786939176175,432.52064592565,436.83721923828125,8266032
2024-05-21,434.2472630912297,435.9738923679344,416.9809703241828,422.1608581542969,10363657
2024-05-22,431.2256588113719,461.8733282564244,425.6141137017144,450.6502380371094,20067089
2024-05-23,458.42007557795597,458.42007557795597,442.01709735576924,448.9236145019531,13763880
2024-05-24,438.56381172665283,452.3768451668623,434.2472387765873,448.0602722167969,10877713
2024-05-27,455.8301052517361,466.18988037109375,446.33364472565825,466.18988037109375,13149116
2024-05-28,461.8733446964503,462.7366593594343,446.33368076273797,454.9668273925781,14897736
2024-05-29,451.513577410283,454.1035214489653,442.8804306146753,452.37689208984375,9743966
2024-05-30,444.6070251464844,445.4703397584193,438.5638228629399,444.6070251464844,11435171
2024-05-31,446.3336601034242,446.3336601034242,437.7005138731839,442.8804016113281,15004150
2024-06-03,450.65024493204356,454.966818159362,438.56383989555195,439.4271545410156,7613701
2024-06-04,438.5638157013924,439.4271302992298,424.31912483707555,428.20404052734375,9626540
2024-06-05,429.93067580723834,430.793990417293,420.0025577916093,421.72918701171875,6616044
2024-06-06,427.3407344547295,431.6573075300298,424.3191333020193,425.6141052246094,3714509
2024-06-07,425.61410024343445,426.4774148483907,411.8010665641343,417.8442687988281,6094696
2024-06-11,417.84426059108904,419.5708897670853,412.66437306310036,415.68597412109375,3131574
2024-06-12,414.39103554240376,418.27595150061376,411.80109157026374,414.82269287109375,4189592
2024-06-13,414.8226893932178,424.31915054477946,412.66440276786284,420.4342346191406,6039191
2024-06-14,427.34071772149264,428.2040323027482,423.024144815215,426.0457458496094,3868395
2024-06-17,426.04577402688244,427.34074598441094,422.1608581542969,422.1608581542969,2040580
2024-06-18,424.7507821359942,429.4990124240998,423.45581023923813,428.20404052734375,3540607
2024-06-19,429.9306831511843,438.5638293992001,427.7723965891804,433.3839416503906,4202031
2024-06-20,435.9739175438881,445.470379114151,435.1106028556824,442.0171203613281,3295341
2024-06-21,437.70054692029953,447.19700849056244,435.9739175438881,442.0171203613281,4387897
2024-06-24,443.7437162343521,447.1969747264483,438.563828496208,442.8804016113281,3790079
2024-06-25,440.29047788838625,441.1537925509125,431.65733126312375,436.83721923828125,4656958
2024-06-26,434.2472752507025,442.01710721343875,432.52064592565,436.83721923828125,2841525
2024-06-27,432.5206241797263,436.83719727533236,428.20405108412024,434.24725341796875,3595066
2024-06-28,432.52063852333157,435.1105824665851,429.9306945800781,429.9306945800781,3526080
2024-07-01,433.3839450070163,433.3839450070163,426.90908527085566,427.77239990234375,3230115
2024-07-02,424.75079918686225,426.0457711356027,419.57091139190055,423.024169921875,4892835
2024-07-03,420.34117506741234,429.73177578700347,415.86946043903566,428.8374328613281,12196507
2024-07-04,431.0732727050781,440.46387304408915,430.17892981564853,431.0732727050781,4378371
2024-07-05,432.86196374991914,434.6506495505386,431.5204493994545,431.9676208496094,2344777
2024-07-08,432.8619490258488,436.4393205054012,429.2845775462963,434.650634765625,1806654
2024-07-09,437.780837463818,438.22800890147255,432.41478021196326,435.0978088378906,2153427
2024-07-10,452.5374861589567,459.6922290231299,442.69971472071853,454.326171875,10119493
2024-07-11,456.11485352990223,466.8469677306058,452.5374821296677,458.7978820800781,4904205
2024-07-12,462.37526296679306,462.37526296679306,453.4318342827158,455.22052001953125,3289305
2024-07-15,458.79789729295305,459.6922401726664,442.6997254581126,445.8299255371094,2925620
2024-07-16,443.59405639162105,448.9601135253906,440.4638563969221,448.9601135253906,1754603
2024-07-17,447.1714131858694,448.9600988386129,439.56949916170964,441.3581848144531,2188082
2024-07-18,437.3336775329405,444.0412492742433,434.6506488364194,442.2525634765625,3098222
2024-07-19,441.35818196234305,442.25252478293544,430.1788967049382,430.6260681152344,2595508
2024-07-22,429.2845740685096,429.73174549983094,410.9505453843337,418.5524597167969,3292018
2024-07-23,422.1298256677769,428.3902256247143,422.1298256677769,427.94305419921875,1911507
2024-07-26,421.23549675420907,422.1298396347912,400.2184390605277,409.6090393066406,6158929
2024-07-29,412.7392289769931,412.7392289769931,396.19388610359255,397.535400390625,3770303
2024-07-30,397.0882420891883,399.7712707519531,387.25047032571746,399.7712707519531,4200532
2024-07-31,397.98257158513655,408.7146858750728,396.1938858701472,407.8203430175781,4000476
2024-08-01,420.3411499271548,440.0166931152344,419.4468070549694,440.0166931152344,7227971
2024-08-02,427.9430811930511,435.5449959059893,418.5524806653039,422.1298522949219,5348631
2024-08-05,402.4542863594742,404.6901435059158,380.9900577536356,387.2504577636719,5362336
2024-08-06,406.47881116549536,406.47881116549536,377.4126695530012,389.4862976074219,4877706
2024-08-07,387.6976100933818,423.471322674086,387.250438686123,419.8939514160156,6050377
2024-08-08,455.22051351478854,458.7978849373016,442.2525421081786,448.9601135253906,16712890
2024-08-09,455.2205295071743,457.0092152812693,444.4884148626044,451.6431579589844,8428625
2024-08-12,453.43184268928485,457.9035571142285,444.0412423969032,446.277099609375,4793973
2024-08-13,448.06579064941405,455.2205338134766,443.59407617187503,447.17144775390625,3973754
2024-08-14,452.53749664905024,457.0092110428156,447.17143937653185,456.1148681640625,4793249
2024-08-15,457.9035392300195,463.26959633037126,451.64313927960904,458.7978820800781,3613055
2024-08-16,466.84696898708455,466.84696898708455,460.5865690198248,464.1639404296875,3174232
2024-08-19,465.9526524434563,474.89608147308115,461.48093792864387,468.63568115234375,3245503
2024-08-20,467.74131183955024,469.5299975444816,463.2695975772219,464.1639404296875,3528877
2024-08-21,468.63567489535484,468.63567489535484,457.00921731207313,462.3752746582031,3224484
2024-08-22,463.26959228515625,465.0582779696549,458.79787807390954,463.26959228515625,1441912
2024-08-23,457.90354046242777,464.1639404296875,454.32616905256504,464.1639404296875,1702806
2024-08-26,482.05084815392127,504.409421815977,474.0017616355812,488.3112487792969,11402310
2024-08-27,484.7338281073725,502.62068523310586,484.7338281073725,495.4659423828125,6246653
2024-08-28,496.3603052885636,497.25464818097544,485.6281905796217,493.6772766113281,2345933
2024-08-29,484.73385709219605,493.67728618983807,482.94517127266766,490.09991455078125,3442385
2024-08-30,489.2055440721565,497.2546298064333,480.2621154785156,480.2621154785156,4065286
2024-09-02,489.20558281768143,502.6207267706343,484.7338681666971,497.2546691894531,4732096
2024-09-03,494.5715782581676,498.1489495294744,491.8885498046875,491.8885498046875,1812642
2024-09-04,466.84698590365326,480.2621291767467,457.90355705492425,472.2130432128906,4274715
2024-09-05,474.00172257377636,478.47343693767993,465.0582938459693,465.95263671875,2586931
2024-09-06,466.84698069389674,479.3677809423921,461.4809234445416,471.3186950683594,2296152
2024-09-09,465.0582960175305,477.57909629492553,463.2696102636169,476.68475341796875,3534990
2024-09-10,479.3677809423921,482.0508095670696,466.84698069389674,471.3186950683594,3510265
2024-09-11,470.4243616866336,474.00173325839506,465.05830432899137,467.7413330078125,2084800
2024-09-12,478.47344025167774,485.6281832834785,474.00172585680224,482.0508117675781,3224768
2024-09-13,480.2621166587534,485.62817382812494,476.68474521250573,485.628173828125,1912144
2024-09-16,483.8394933588365,488.3112077152028,481.15646474501665,486.52252197265625,1193385
2024-09-18,483.83950900508455,492.782938007027,483.83950900508455,489.20556640625,2686170
2024-09-19,496.36027331092447,508.88107299804693,492.78290197174664,508.8810729980469,5268462
2024-09-20,511.56412595177665,534.8170407677665,511.56412595177665,528.556640625,8779446
2024-09-23,525.873601476284,529.4509729148981,519.6132014587091,526.7679443359375,4630190
2024-09-24,527.6622528178925,533.02830962621,518.7188248040299,531.2396240234375,3358279
2024-09-25,533.9227332417876,534.8170761785409,520.5075891904863,524.0849609375,4448694
2024-09-26,521.4018740446671,526.7679310674253,511.56410283627713,514.2471313476562,4292737
2024-09-27,516.9301841628384,521.4018985587107,507.09241249191933,507.98675537109375,3022893
2024-09-30,505.3037395787713,510.66979699022727,494.5716247558594,494.5716247558594,3995753
2024-10-01,496.36028876671423,516.0358317448542,494.5716030414288,511.5641174316406,3332873
2024-10-04,507.9867542850589,510.6697829168462,499.9376683896971,502.6206970214844,3633162
2024-10-07,509.77543806164994,522.2962382947431,508.88109518785757,517.8245239257812,4172449
2024-10-08,511.5641133591042,520.5075419143333,507.9867419370126,516.0358276367188,2654710
2024-10-09,517.8245133477645,524.084913336425,516.0358276367188,516.0358276367188,2262525
2024-10-11,528.556670360076,529.4510132879274,518.7188981537125,523.1906127929688,2538726
2024-10-14,519.6132306839958,528.5566597835482,516.0358590441748,521.4019165039062,1977741
2024-10-15,524.0849077482653,542.8661075139881,524.0849077482653,535.7113647460938,4912117
2024-10-16,527.6622977474619,533.9226978902284,524.9792691148477,528.556640625,2585643
2024-10-17,533.9227242693805,538.3944388780018,528.556666739035,533.0283813476562,1940702
2024-10-18,538.3944388780018,548.2322110169686,533.0283813476562,533.0283813476562,4983106
2024-10-21,544.6548069840771,545.5491498526881,524.084921006025,527.6622924804688,3657341
2024-10-22,527.6623443603515,538.3944598388672,524.0849725341798,536.6057739257812,3848371
2024-10-23,532.1340121351523,534.8170407677665,525.8736119923858,528.556640625,2579072
2024-10-24,526.7679176853128,529.4509461285317,522.2962036132812,522.2962036132812,2063625
2024-10-25,527.6622977474619,531.2396692576142,524.9792691148477,528.556640625,1712617
2024-10-28,533.0283761160714,534.8170619419643,528.5566615513393,532.134033203125,1635699
2024-10-29,529.4509461285317,531.2396317573442,516.0358039124371,522.2962036132812,2314462
2024-10-30,524.9792453931725,525.8735882302989,514.2471313476562,514.2471313476562,3394873
2024-11-01,494.57162920524894,522.2962594138614,493.6772862952937,521.4019165039062,2957152
2024-11-04,518.7188946000682,533.9227242693805,518.7188946000682,533.0283813476562,2345532
2024-11-05,532.134038425932,536.6057530345532,529.4510096607593,533.0283813476562,2303278
2024-11-06,533.0283726859014,543.7604875721947,532.1340297787103,541.9718017578125,3645993
2024-11-07,538.3944353232471,550.9152361447179,537.5000924074277,542.8661499023438,3165946
2024-11-08,545.5491306470788,560.7529588782269,545.5491306470788,555.3869018554688,4247247
2024-11-11,558.9642975151734,558.9642975151734,534.8170398625178,549.1265258789062,7334281
2024-11-12,541.0774295781952,558.069943895527,540.1830867193883,547.3378295898438,4924370
2024-11-13,546.4434814453125,551.8095385462484,542.8661100446885,546.4434814453125,2916339
2024-11-14,550.0208553112146,564.3303409778479,548.2321696028855,557.1755981445312,6443141
2024-11-15,558.964322387092,577.7455236192983,540.1831211548857,542.8661499023438,8613115
2024-11-18,549.1265153074576,557.17560103672,545.5491438722298,547.3378295898438,11106150
2024-11-19,553.5982214630225,574.1681069131832,551.8095357717042,556.28125,13017100
2024-11-20,553.5982666015625,553.5982666015625,553.5982666015625,553.5982666015625,11020116
2024-11-21,554.4926237512808,558.9643384589524,545.5491943359375,545.5491943359375,9250523
2024-11-22,549.1265099957805,552.7038813964044,543.7604528948445,546.4434814453125,10162039
2024-11-25,547.3378379036026,557.1756094999091,538.3944091796875,538.3944091796875,13993122
2024-11-26,540.183112591167,553.598256115782,532.1340264763978,551.8095703125,8976426
2024-11-27,549.1264800511627,551.8095084553214,529.450938420665,531.2396240234375,7609392
2024-11-28,531.2396778100124,532.1340207019484,515.1415057551635,519.6132202148438,4942062
2024-11-29,517.8245105354154,533.9226818473971,513.3527962820871,525.8735961914062,4329107
2024-12-02,531.2396662005555,539.288752052079,528.5566375833808,538.3944091796875,3197384
2024-12-03,545.5491768973214,547.3378627232142,524.0849469866072,532.134033203125,5233289
2024-12-04,531.2396609898216,539.2887467623947,529.4509752625831,537.5000610351562,3095580
2024-12-05,536.6057739257812,543.760517578125,533.0284020996094,536.6057739257812,3607276
2024-12-06,536.6057022758151,541.9717592985734,528.556616741678,534.8170166015625,3383224
2024-12-09,535.7113515954269,543.7604370117188,533.922665947362,543.7604370117188,2529141
2024-12-10,550.0208825986248,551.8095683956934,536.6057391206095,541.0774536132812,2641255
2024-12-11,538.394358855999,541.9717300111885,534.8169877008097,540.1830444335938,1990323
2024-12-12,543.7604370117188,545.5491226597836,539.2887228915566,543.7604370117188,2089777
2024-12-13,546.4435024850736,550.0208740234375,541.9717880621189,550.0208740234375,2059319
2024-12-16,552.7038897166831,552.7038897166831,531.2396609898216,537.5000610351562,3399061
2024-12-17,536.6057477678571,539.2887765066964,532.134033203125,532.134033203125,3980411
2024-12-18,533.0283283302545,544.65478515625,533.0283283302545,544.65478515625,2475063
2024-12-19,534.8170376901214,538.3944091796875,524.0849232214233,538.3944091796875,3609311
2024-12-20,533.9227450561524,541.0774887084962,533.0284020996094,536.6057739257812,3741409
2024-12-23,544.6548167158917,556.2812742155742,541.9717880621189,550.0208740234375,4327669
2024-12-24,550.0208740234375,554.4925884463922,545.5491596004827,550.0208740234375,2731240
2024-12-25,553.5982349389529,555.3869206738123,547.3378348669454,548.232177734375,1571181
2024-12-26,552.7039079542284,556.2812795267477,550.9152221679688,550.9152221679688,1521827
2024-12-27,554.4926354823968,558.0700073242188,551.8096066010304,558.0700073242188,1218745
2024-12-30,555.386941919064,558.964313525628,551.8095703125,551.8095703125,1186724
2024-12-31,550.020879274839,553.5982508473583,547.3378505954495,550.9152221679688,1522858
2025-01-02,550.9152254971591,567.9077405693117,538.3944249176782,541.0774536132812,4272343
2025-01-03,548.2321696028855,561.6473124153541,548.2321696028855,557.1755981445312,4417487
2025-01-06,563.4360299163478,565.2247157256061,552.7039150607984,562.5416870117188,3415048
2025-01-07,564.330350899402,579.5341796875,561.6473222897376,579.5341796875,5048617
2025-01-08,578.6398262519954,590.2662833482487,574.1681119842057,577.7454833984375,4479379
2025-01-09,576.851132650511,579.5341611744668,566.1190185546875,566.1190185546875,2687719
2025-01-10,563.4360140961961,565.2246998552316,557.1756139395717,559.858642578125,2848153
2025-01-13,559.858613313321,559.858613313321,541.0774138251744,544.65478515625,4251598
2025-01-14,543.7604370117188,546.443465483816,541.0774085396215,543.7604370117188,2979547
2025-01-15,541.9717837880711,545.5491552982234,528.556640625,528.556640625,3701858
2025-01-16,536.6057739257812,542.8661746215821,534.8170880126953,536.6057739257812,2214100
2025-01-17,537.5001168823243,541.0774887084962,533.0284020996094,536.6057739257812,1715303
2025-01-20,538.394450803663,548.2322231605405,537.5001078621286,545.5491943359375,2002227
2025-01-21,548.232164589909,548.232164589909,534.817021900107,535.7113647460938,2713858
2025-01-22,538.3944353232471,548.2322073972598,538.3944353232471,542.8661499023438,2288749
2025-02-03,536.6057268092738,585.794585100124,534.817041053243,580.4285278320312,11369971
2025-02-04,575.9568029577617,591.1606316072679,575.9568029577617,578.6398315429688,6216398
2025-02-05,576.8511377622003,591.1606233500999,575.0624520637128,587.583251953125,4797652
2025-02-06,590.2662536995542,591.16059650819,576.8511115700189,583.1115112304688,3079099
2025-02-07,580.4285505022322,594.738037109375,580.4285505022322,594.738037109375,3622448
2025-02-10,590.2662829754064,603.681425770302,589.3719401224133,598.3153686523438,3265259
2025-02-11,592.0550083705357,598.3154087611607,588.47763671875,594.738037109375,2393352
2025-02-12,600.9984288194445,611.7305436197917,597.4210572193288,603.6814575195312,3220763
2025-02-13,608.1531319035346,612.6248461087076,602.787074857327,607.2587890625,1751764
2025-02-14,605.4701590298903,609.9418736460638,600.1041014904821,606.364501953125,2154241
2025-02-17,603.6814282119012,610.836171064783,603.6814282119012,609.0474853515625,1645403
2025-02-18,612.6248851000067,627.8287143652623,609.9418564061381,624.2513427734375,3789583
2025-02-19,626.0399913649828,627.828677054597,615.3078772272975,617.9909057617188,3242084
2025-02-20,616.2022306103727,629.6173735119048,616.2022306103727,619.7796020507812,2977277
2025-02-21,623.3569966088902,637.6664829012033,622.4626537156206,634.089111328125,3660080
2025-02-24,632.3004288550434,639.4551720386931,622.4626569775251,624.2513427734375,1909604
2025-02-25,619.779591451333,629.6173627442113,612.6248486928761,617.9909057617188,3282215
2025-02-26,617.0965995897877,626.0400285693499,612.6248851000067,624.2513427734375,3039511
2025-02-27,623.3570388391221,623.3570388391221,605.4701797619592,609.94189453125,4607625
2025-03-03,599.2097115053367,610.8361685942463,595.6323400933646,598.3153686523438,3327810
2025-03-04,591.1606310488573,601.8927453795476,587.5832596052938,599.209716796875,3295556
2025-03-05,600.9984444137168,609.9418736460638,600.1041014904821,606.364501953125,2033172
2025-03-06,604.5757951594956,611.7305382974778,602.787109375,602.787109375,1703279
2025-03-07,599.2097197606458,603.6814340872178,589.3719482421875,589.3719482421875,2557926
2025-03-10,588.4776402278048,593.8436977374809,582.2172397998495,584.9002685546875,3134579
2025-03-11,575.956839371894,591.1606689826428,571.4851247804974,584.9002685546875,3456332
2025-03-12,536.6057739257812,555.3869760131836,532.1340591430665,536.6057739257812,19490475
2025-03-13,546.443465483816,560.752950668335,542.8660941876863,543.7604370117188,7679028
2025-03-14,549.1264939559134,549.1264939559134,541.0774085396215,543.7604370117188,3878234
2025-03-17,548.2322347592085,559.8586932451298,545.549205877842,558.0700073242188,4420471
2025-03-18,563.4359899381311,586.6889038085938,563.4359899381311,586.6889038085938,8499406
2025-03-19,581.3228494806807,585.7945637074552,575.9567924085513,576.8511352539062,4361949
2025-03-20,581.3228759765625,590.2663048377403,577.7455044320914,581.3228759765625,4793344
2025-03-21,581.3228759765625,584.9002475210336,575.062475773738,581.3228759765625,5531640
2025-03-24,585.794550053858,585.794550053858,564.330322265625,564.330322265625,3252008
2025-03-25,569.6963792126833,573.273750510722,558.9642653185667,564.330322265625,4561529
2025-03-26,590.2662779342296,592.0549636249394,575.0624495631964,576.8511352539062,6193435
2025-03-27,566.1190552711487,575.9568271636963,561.6473407745361,572.3794555664062,4673107
2025-03-28,567.9076910761659,576.8511192820897,567.0133482555734,574.1680908203125,3010422
2025-03-31,562.5416418116276,567.907698808241,544.65478515625,544.65478515625,6048604
2025-04-01,548.232177734375,550.9152063366639,540.1830919275081,548.232177734375,3674914
2025-04-02,543.7604155887831,546.4434439551751,540.1830444335938,540.1830444335938,3626389
2025-04-07,486.52252197265625,486.52252197265625,486.52252197265625,486.52252197265625,757449
2025-04-08,438.2279968261719,438.2279968261719,438.2279968261719,438.2279968261719,3923672
2025-04-09,403.3486412550046,425.70721338665675,394.40521240234375,394.40521240234375,12671490
2025-04-10,433.75628662109375,433.75628662109375,433.75628662109375,433.75628662109375,2851132
2025-04-11,423.0241913795471,457.903564453125,418.1053054332733,457.903564453125,10037220
2025-04-14,470.424369671248,496.36031400673505,470.424369671248,484.7338562011719,7453714
2025-04-15,483.83950166041643,511.5641311455789,478.47344434070754,503.5150451660156,5304246
2025-04-16,498.1489963634967,506.1980824806806,492.7829389520407,494.5716247558594,4414362
2025-04-17,488.31120241281076,490.9942309974965,480.2621166587534,485.628173828125,4317373
2025-04-18,488.31120241281076,492.7829167206204,484.73383096656306,485.628173828125,3399107
2025-04-21,482.0507999858389,486.5225142714218,474.89605712890625,474.89605712890625,2838489
2025-04-22,465.9526505470276,472.21305084228516,455.22053575515747,457.903564453125,4912773
2025-04-23,471.31868804313416,486.5225166896869,471.31868804313416,485.628173828125,3745278
2025-04-24,477.5790932599236,488.3112077152028,472.21303603228404,486.52252197265625,3403946
2025-04-25,496.3602970336294,533.9226978902284,496.3602970336294,528.556640625,7250591
2025-04-28,524.0849452337719,527.6623168735929,519.6132306839958,521.4019165039062,3384104
2025-04-29,521.4019321272398,524.9793038742533,518.7189033169795,524.0849609375,2221375
2025-04-30,522.2962436018319,524.9792722504715,515.141500538793,518.7188720703125,2167183
2025-05-02,524.9792638746359,527.6622924804688,522.296235268803,527.6622924804688,1899925
2025-05-05,528.556616741678,529.4509595788044,499.9376459536345,514.2471313476562,4607691
2025-05-06,512.458448263815,529.4509622551108,511.5641054221678,524.979248046875,3079402
2025-05-07,527.6622528178925,536.6056808317551,524.9792244137337,531.2396240234375,2359744
2025-05-08,533.02830962621,534.8169952289826,529.450938420665,531.2396240234375,1740375
2025-05-09,531.2396662005555,538.3944091796875,528.5566375833808,538.3944091796875,2156010
2025-05-12,541.0774430864882,549.1265290167004,539.2887573242188,539.2887573242188,2172767
2025-05-13,545.5491226597836,548.2321511318809,538.3943800675241,543.7604370117188,3146578
2025-05-14,550.0208500803859,567.9077069935691,545.54913585209,556.28125,6161554
2025-05-15,556.2812210374577,561.6472778320312,552.7038498410753,561.6472778320312,2933383
2025-05-16,561.6473700586554,570.5907995181881,556.2813123829358,567.013427734375,3401162
2025-05-19,564.3303302267323,568.8020444123641,555.3869018554688,555.3869018554688,2948169
2025-05-20,562.5416419113739,569.6963845747936,559.8586134125915,565.2246704101562,2948165
2025-05-21,566.1189918275091,567.9076774257004,558.9642494347445,561.6472778320312,2629158
2025-05-22,559.8586134125915,565.2246704101562,556.2812420808816,565.2246704101562,1997626
2025-05-23,565.2246784565916,565.2246784565916,556.28125,556.28125,1771086
2025-05-26,556.2812762830816,560.7529907226562,552.703904731422,560.7529907226562,2777069
2025-05-27,557.1755793722052,560.752950668335,543.7604370117188,543.7604370117188,4812786
2025-05-28,552.7039236829817,556.2812953573051,545.5491803343347,553.5982666015625,4567994
2025-05-29,558.9642944335938,563.4360087890625,549.1265228515625,558.9642944335938,7455392
2025-06-02,553.5982214630225,561.647307073955,550.915192926045,556.28125,3107347
2025-06-03,560.7529275828394,570.5906982421875,559.858584795626,570.5906982421875,4160628
2025-06-04,576.8510977526818,583.1114972631759,561.6472703700529,570.5906982421875,5453865
2025-06-05,567.9076910761659,574.1680908203125,562.5416341526116,574.1680908203125,2993349
2025-06-06,576.8511352539062,582.2171923260356,571.4850781817769,576.8511352539062,2688202
2025-06-09,576.8511405448795,583.1115405197852,575.9567976913215,577.7454833984375,2292342
2025-06-10,584.0058910503011,593.8436625687594,584.0058910503011,589.3719482421875,2910624
2025-06-11,594.7380285192419,603.6814575195312,593.843685619213,603.6814575195312,3522844
2025-06-12,603.681493854243,610.8362374851081,600.1041220388105,609.94189453125,2708096
2025-06-13,602.7871009871276,612.6248726649591,602.7871009871276,611.7305297851562,3745140
2025-06-16,609.0474958964357,614.4135531290035,605.4701244080574,610.836181640625,2335710
2025-06-17,615.3078641183035,626.0399780273438,611.7304928152902,626.0399780273438,4742886
2025-06-18,622.4626329787234,636.7721187943263,622.4626329787234,630.51171875,4975375
2025-06-19,632.3004044769503,635.877775930851,625.145661569149,630.51171875,3082999
2025-06-20,630.5117248267067,634.0890963150852,610.836181640625,610.836181640625,7782111
2025-06-23,600.9984444137168,611.7305594925332,597.421072720778,606.364501953125,5616673
2025-06-24,609.9418586474936,666.2854614257812,606.364487042523,666.2854614257812,11335072
2025-06-25,634.9834062848772,643.9268345424107,625.1456352015904,626.0399780273438,17269168
2025-06-26,625.0999772046546,626.0399771703759,594.0799783358522,602.5399780273438,19707774
2025-06-27,605.3599754333496,609.1199752807618,597.8399757385254,601.5999755859375,6836655
2025-06-30,606.2999853288164,614.7599851241023,601.5999854425465,605.3599853515625,11176752
2025-07-01,609.12,612.88,604.42,611.0,5671947
2025-07-02,610.999968837035,624.1599681658327,610.059968884978,622.2799682617188,5017849
2025-07-03,618.5199723460119,624.1599720938478,598.779973228586,600.6599731445312,10030578
2025-07-04,600.66,601.5999999999999,587.5,587.5,6209510
2025-07-07,586.5600192535545,595.9600195621051,586.5600192535545,595.02001953125,3168778
2025-07-08,594.080019500395,597.8400196238152,589.3800193461198,595.02001953125,3190984
2025-07-09,595.9599782672948,602.5399780273438,594.0799783358522,602.5399780273438,2836823
2025-07-10,607.2399803470599,607.2399803470599,598.7799806208625,603.47998046875,3552820
2025-07-11,604.4199804383275,606.2999803774825,602.5399804991725,603.47998046875,2636793
2025-07-14,604.4200149270132,605.3600149502279,586.5600144859351,593.1400146484375,5543578
2025-07-15,593.1399759292602,601.5999755859375,592.1999759674072,601.5999755859375,2398002
2025-07-16,602.5400246447465,607.2400248369833,596.9000244140625,596.9000244140625,3419285
2025-07-17,603.4799755096436,609.1199752807618,599.7199756622315,601.5999755859375,4246548
2025-07-18,606.2999728923672,606.2999728923672,597.8399732706132,600.6599731445312,2334496
2025-07-21,604.4199754714966,609.1199752807618,601.5999755859375,601.5999755859375,3442204
2025-07-22,607.2399949369232,609.119994921248,585.6199951171875,585.6199951171875,4470465
2025-07-23,590.3199711623237,599.719970703125,590.3199711623237,599.719970703125,2930471
2025-07-24,602.5399927437029,608.1799926757812,600.6599927663434,608.1799926757812,2884345
2025-07-25,608.1800120579377,615.7000122070312,604.420011983391,615.7000122070312,3778623
2025-07-28,618.5199684534908,623.2199682137757,613.819968693206,622.2799682617188,2579300
2025-07-29,620.4000024751584,620.4000024751584,607.240002422655,611.9400024414062,3688179
2025-07-30,614.760007335435,617.5800073690838,606.3000072344887,613.8200073242188,3401131
2025-07-31,611.939968789092,625.0999681178897,610.999968837035,622.2799682617188,2869678
2025-08-04,620.3999757695019,625.0999755859375,614.7599759897792,625.0999755859375,2211668
2025-08-05,628.8600024161254,641.0800024630755,625.1000024016791,635.4400024414062,3609998
2025-08-06,637.3200121711283,643.9000122967889,633.5600120993222,639.2000122070312,2850251
2025-08-07,641.0800170898438,645.7800172151359,640.1400170647853,641.0800170898438,1874159
2025-08-08,644.8400123147403,648.6000123865464,635.4400121352252,639.2000122070312,2591037
2025-08-11,635.4399675905164,635.4399675905164,614.7599686452629,622.2799682617188,2842123
2025-08-12,626.9800074812464,628.860007503679,613.8200073242188,613.8200073242188,3039952
2025-08-13,616.6399749755859,616.6399749755859,599.7199756622315,601.5999755859375,3874098
2025-08-14,601.5999780616224,606.2999778902289,591.2599784386883,602.5399780273438,4860761
2025-08-15,602.5400173332118,604.4200173872936,591.2600170087211,594.0800170898438,3937177
2025-08-18,593.1400194695399,597.8400196238152,591.2600194078298,595.02001953125,2258349
2025-08-19,595.02001953125,598.7800196546702,592.2000194386849,595.02001953125,2321678
2025-08-20,595.9599999999999,597.8399999999999,587.5,587.5,4130500
2025-08-21,591.2600024531063,597.8400024804064,587.5000024375063,588.4400024414062,2317229
2025-08-22,590.3199901242955,591.2599901085698,583.739990234375,583.739990234375,2147990
2025-08-25,592.2000194386849,597.8400196238152,589.3800193461198,595.02001953125,1896667
2025-08-26,593.139971024564,599.719970703125,592.1999710704839,599.719970703125,2070175
2025-08-27,597.8400244525099,601.6000246062991,595.9600243756151,596.9000244140625,2105669
2025-08-28,596.9000220073134,600.6600221459422,595.9600219726562,595.9600219726562,1692522
2025-08-29,599.7200172520891,602.5400173332118,593.1400170628028,594.0800170898438,2014781
2025-09-01,592.199985091251,593.1399850675863,579.0399854225566,581.8599853515625,1996501
2025-09-02,582.7999853278978,587.4999852095744,578.0999854462212,581.8599853515625,1622908
2025-09-03,581.86,595.02,581.86,587.5,1808518
2025-09-04,591.2600241833784,605.3600247600885,591.2600241833784,596.9000244140625,2116967
2025-09-05,601.5999878875969,608.1799877551175,599.7199879254481,606.2999877929688,1733289
2025-09-08,608.1799877551175,611.9399876794149,606.2999877929688,606.2999877929688,1494569
2025-09-09,613.8200265304404,625.1000270179829,609.1200263272976,621.3400268554688,3603858
2025-09-10,626.9799829357398,636.3799826799038,623.2199830380742,627.9199829101562,3475908
2025-09-11,641.0799783135288,666.4599774549736,639.1999783771255,649.5399780273438,7355237
2025-09-12,653.3000167997757,671.16001725905,652.3600167756033,664.5800170898438,5144272
2025-09-15,664.5799800453848,667.3999799607117,650.47998046875,650.47998046875,2484637
2025-09-16,653.3000247704722,655.1800248417541,643.9000244140625,643.9000244140625,2657315
2025-09-17,643.899995030124,643.899995030124,630.7399951316982,632.6199951171875,2815530
2025-09-18,639.2000122070312,645.7800123326919,632.6200120813706,639.2000122070312,2594889
2025-09-19,640.1399825775695,642.9599825008187,627.9199829101562,627.9199829101562,4656113
2025-09-22,632.6200216192948,644.8400220369039,632.6200216192948,642.9600219726562,2205462
2025-09-23,647.6600221332751,651.4200222617702,641.0800219084088,642.9600219726562,2479308
2025-09-24,643.90002200478,646.7200221011514,634.5000216835424,642.9600219726562,2209122
2025-09-25,642.9599757982337,649.5399755505548,637.3199760105299,648.5999755859375,2509221
2025-09-26,648.6000074538509,649.5400074646536,631.6800072594026,637.3200073242188,2219476
2025-09-30,631.6799902198212,641.0799900742828,627.9199902780365,630.739990234375,4194191
2025-10-01,631.6800024269601,645.7800024811332,629.800002419737,635.4400024414062,2728574
2025-10-02,640.140021876285,646.7200221011514,639.2000218441613,642.9600219726562,2100432
2025-10-03,646.7200245209854,650.4800246635492,642.0200243427805,643.9000244140625,2307377
2025-10-07,646.7199781227388,651.4199779637471,641.0799783135288,649.5399780273438,2867700
2025-10-08,647.6599805534231,654.2399803558526,644.8399806380961,650.47998046875,2345115
2025-10-09,656.1200050342735,656.1200050342735,632.6200048539628,636.3800048828125,3343096
2025-10-13,629.7999929595028,655.1799926757812,629.7999929595028,655.1799926757812,4521981
2025-10-14,673.9799668757677,675.8599667833709,644.8399683079172,645.7799682617188,4292152
2025-10-15,654.2400223581415,654.2400223581415,640.140021876285,642.9600219726562,3640114
2025-10-16,643.9000244140625,648.6000245922673,638.2600242002167,643.9000244140625,1869478
2025-10-17,643.9000244140625,652.3600247348312,642.9600243784215,643.9000244140625,1742071
2025-10-20,649.5400270512083,649.5400270512083,640.1400266597292,644.8400268554688,2221861
2025-10-21,649.5399780273438,656.1199778047553,647.6599780909404,649.5399780273438,1489759
2025-10-22,649.5399975865354,657.0599975585938,648.5999975900281,657.0599975585938,1123092
2025-10-23,653.2999951381738,659.8799950892057,651.4199951521647,656.1199951171875,1663321
2025-10-27,667.399973294982,671.1599731445312,659.8799735958837,671.1599731445312,3356871
2025-10-28,671.1600221276116,672.1000221586025,662.700021848692,666.4600219726562,1844491
2025-10-29,669.2800220656294,673.0400221895936,665.5200219416652,666.4600219726562,1872650
2025-10-30,666.4600219726562,671.1600221276116,659.8800217557189,666.4600219726562,2315159
2025-10-31,666.4599925496827,666.4599925496827,655.1799926757812,655.1799926757812,2564618
2025-11-03,650.4799779955454,659.879977677562,647.6599780909404,649.5399780273438,3029648
2025-11-04,656.1199702772983,662.6999699792196,645.7799707457077,646.719970703125,2483823
2025-11-05,642.9600147129681,642.9600147129681,626.0400143257847,640.1400146484375,3308982
2025-11-06,638.2600146054172,643.9000147344783,636.3800145623968,640.1400146484375,2942786
2025-11-07,637.3199725783014,637.3199725783014,623.2199731849762,624.1599731445312,3392542
2025-11-10,629.7999703938066,631.67997030543,622.2799707473134,623.219970703125,2518691
2025-11-11,627.9200271398686,632.6200273430113,621.3400268554688,621.3400268554688,2583803
2025-11-12,624.1599924833365,624.1599924833365,607.2399926871014,608.1799926757812,5854227
2025-11-13,609.1200199940758,610.060020024931,595.02001953125,595.02001953125,4842049
2025-11-14,587.5000192844096,599.7200196855254,587.5000192844096,595.02001953125,3456432
2025-11-17,598.7800254946849,598.7800254946849,573.4000244140625,573.4000244140625,6092503
2025-11-18,550.8399695062722,562.1199688818273,529.219970703125,529.219970703125,10345361
2025-11-19,531.0999780661647,543.3199775614924,528.2799781826276,532.0399780273438,4257510
2025-11-20,546.1399950490156,548.0199950319726,536.7399951342305,538.6199951171875,3569314
2025-11-21,525.4599952364883,548.0199950319726,523.5799952535313,538.6199951171875,4605918
2025-11-24,545.2000242053953,557.42002474793,544.2600241636619,549.9000244140625,7235249
2025-11-25,553.6599756273172,558.3599754204184,548.959975834216,554.5999755859375,3847379
2025-11-26,558.3599691951976,579.039968054279,558.3599691951976,575.2799682617188,3605719
2025-11-27,575.2800268994221,581.8600272070952,573.4000268115154,574.3400268554688,2796390
2025-11-28,574.3400024820287,575.2800024860909,564.9400024414062,564.9400024414062,3308800
2025-12-01,565.8800073120725,577.1600074578281,565.8800073120725,566.8200073242188,2284515
2025-12-02,570.5800170898438,571.5200171179983,564.9400169209162,570.5800170898438,1990343
2025-12-03,573.3999782413631,584.6799778133244,570.5799783483728,579.0399780273438,3477401
2025-12-04,581.8600174276991,583.7400174840083,568.7000170335346,570.5800170898438,2767919
2025-12-05,574.340022044816,577.1600221530557,566.8200217561769,572.4600219726562,2191211
2025-12-08,571.5200049314784,571.5200049314784,563.0600048584795,565.8800048828125,2547322
2025-12-09,570.5799900541369,573.3999900049811,558.3599902671456,560.239990234375,2563828
2025-12-10,564.9399876698726,571.5199875262605,559.2999877929688,559.2999877929688,1823213
2025-12-11,563.0599802378061,564.9399801718222,551.7799806337099,556.47998046875,2601019
2025-12-12,560.239970304528,563.0599701550542,552.719970703125,552.719970703125,2275477
2025-12-15,549.9000220102807,552.720022123154,546.140021859783,548.9600219726562,2495742
2025-12-16,545.200026580498,564.000027497067,541.4400263971843,550.8400268554688,10459512
2025-12-17,554.6000049928239,559.300005035136,542.3800048828125,542.3800048828125,9637324
2025-12-18,532.0400099771548,545.2000102239396,519.8200097479976,520.760009765625,12188221
2025-12-19,522.64,530.16,517.0,517.0,13026457
2025-12-22,521.6999999999999,528.28,517.0,517.0,9006540
2025-12-23,518.8799901270604,521.6999900734032,513.239990234375,513.239990234375,8985990
2025-12-24,514.1799852707807,517.9399851630716,507.59998545927164,511.3599853515625,9883576
2025-12-26,515.1200024281136,522.6400024635606,512.300002414821,517.9400024414062,8386075
2025-12-29,520.7600136997511,523.5800137739375,510.4200134277344,510.4200134277344,3336734
2025-12-30,512.3000061600296,515.1200061939381,502.9000060470016,507.6000061035156,3474498
2025-12-31,509.4799951706489,519.8199950726363,508.5399951795592,515.1199951171875,2648469
2026-01-02,520.7600121850367,529.2200123829884,518.8800121410474,521.7000122070312,4291815
2026-01-05,521.6999900734032,524.5199900197459,513.239990234375,513.239990234375,5223542
2026-01-06,512.300003702875,515.1200037232578,505.7200036553151,506.6600036621094,4445126
2026-01-07,506.6600133288192,514.1800135266495,502.90001322990406,510.4200134277344,4607987
2026-01-08,507.60001243735263,509.4800124834169,498.20001220703125,498.20001220703125,6293314
2026-01-09,494.4400097102434,500.08000982100657,485.9800095440985,497.260009765625,7700517
2026-01-12,505.7199903774611,513.239990234375,501.9599904490041,513.239990234375,5959858
2026-01-13,508.5400140239465,511.3600141017133,485.98001340181213,486.9200134277344,8976978
2026-01-14,489.74000722711736,497.2600073380904,489.74000722711736,496.32000732421875,4681360
2026-01-15,496.31999010316696,496.31999010316696,485.97999030935097,489.739990234375,4551703
2026-01-16,488.7999937768076,493.49999371696924,479.3999938964844,479.3999938964844,6574560
2026-01-19,481.279993872549,485.03999382467833,477.5199939204197,479.3999938964844,4894795
2026-01-20,481.279993872549,487.8599937887753,477.5199939204197,479.3999938964844,3899672
2026-01-21,474.7000024608985,475.64000246577154,470.0000024365332,470.94000244140625,5012633
2026-01-22,477.5199963593903,481.2799963307241,474.69999638088996,480.3399963378906,2896869
2026-01-23,484.1000061035156,490.680006186476,482.22000607981266,484.1000061035156,2483034
2026-01-26,482.2200124004099,482.2200124004099,472.82001215868655,474.70001220703125,3562883
2026-01-27,477.52000984312997,481.28000992063494,473.760009765625,473.760009765625,2934814
2026-01-28,477.5199939204197,479.3999938964844,471.8799939922258,479.3999938964844,3577255
2026-01-29,479.3999864928116,482.21998641335756,474.699986625235,476.5799865722656,3327440
2026-01-30,474.69999005717614,474.69999005717614,465.76999024421934,466.239990234375,4289601
2026-02-02,466.23999878785037,478.4599987560803,460.5999988025135,469.5299987792969,4354461
2026-02-03,474.7000024608985,480.3400024901369,468.59000242922355,470.94000244140625,3103628
2026-02-04,470.0000048633591,473.76000490226596,468.590004848769,471.8800048828125,2383564
2026-02-05,470.9400048730858,482.2200049898064,470.9400048730858,471.8800048828125,4130018
2026-02-06,470.93998916505825,484.09998886228544,463.41998933807133,477.5199890136719,4088543
2026-02-09,482.22000746982945,482.22000746982945,471.8800073096577,472.82000732421875,3738985
2026-02-10,477.52000235786,498.20000245997204,475.6400023485771,494.44000244140625,5016194
2026-02-11,493.49999509851517,494.43999508917904,485.9799951732045,491.6199951171875,3695135
2026-02-23,486.91999130398915,486.91999130398915,476.57999148865343,478.4599914550781,5859037
2026-02-24,478.4600060324067,488.80000616277306,476.5800060087037,484.1000061035156,4930884
2026-02-25,490.67999999999995,501.02,489.73999999999995,493.5,5577220
2026-02-26,498.1999866227458,502.89998649654535,490.6799868246667,500.0799865722656,4528417
2026-03-02,501.02001227612766,503.84001234522407,494.44001211490274,498.20001220703125,3469543
2026-03-03,498.19999006567895,501.01999000944693,487.85999027186296,489.739990234375,3682018
2026-03-04,484.09999999999997,484.09999999999997,470.0,470.0,4992167
2026-03-05,479.40001322035624,488.8000134795789,477.5200131685117,486.9200134277344,3768612
2026-03-06,483.1600047623636,498.20000491060836,482.2200047530983,495.3800048828125,3080642
2026-03-09,474.7000107313263,488.8000110500786,470.00001062507556,485.9800109863281,4042214
2026-03-10,492.5599843400571,500.079984100974,489.7399844297133,499.1399841308594,5151308
2026-03-11,522.6400209191728,548.9600219726562,522.6400209191728,548.9600219726562,9522946
2026-03-12,555.540014900562,557.420014950987,539.5600144719502,546.1400146484375,9517366
2026-03-13,539.5599738284566,558.3599729165561,538.6199738740517,553.6599731445312,7082068
2026-03-16,556.4799730077461,556.4799730077461,546.1399735092914,553.6599731445312,3794878
2026-03-17,556.4799829389755,559.2999828525176,553.6599830254335,557.4199829101562,4142687
2026-03-18,562.1199852529198,567.7599851049558,554.5999854502052,558.3599853515625,4706759
2026-03-19,553.660007463607,558.3600075269653,543.3200073242188,543.3200073242188,3810156
2026-03-20,547.0800170898438,554.6000173247558,539.5600168549319,547.0800170898438,4605386
2026-03-23,537.6799702347913,540.4999700786801,526.3999708592362,529.219970703125,4913526
2026-03-24,540.4999751538302,541.4399751106195,528.2799757155697,531.0999755859375,3259042
2026-03-25,541.4399751106195,542.3799750674087,528.2799757155697,531.0999755859375,3836829
2026-03-26,532.0399975926204,542.3799975458338,529.2199976053803,539.5599975585938,3160962
2026-03-27,537.6800048405005,542.3800048828125,532.040004789726,542.3800048828125,2408110
2026-03-30,534.8599678664021,536.7399677534545,528.2799682617188,528.2799682617188,3065061
2026-03-31,526.3999975096767,531.0999974874417,515.1199975630408,516.0599975585938,3881550
2026-04-01,533.9199804343034,535.7999803654101,526.3999807098766,532.97998046875,2998381
2026-04-02,535.800012536951,535.800012536951,517.9400121190527,521.7000122070312,3269260
2026-04-07,527.3399999999999,529.2199999999999,512.3,517.0,2624433
2026-04-08,531.0999680922973,536.7399677534545,527.3399683181926,528.2799682617188,3332250
2026-04-09,529.219983060595,533.9199829101562,526.3999831508582,533.9199829101562,2308347
2026-04-10,548.9600074002487,548.9600074002487,540.5000072862038,543.3200073242188,3488072
2026-04-13,538.6200072608605,544.2600073368905,531.1000071594872,543.3200073242188,2828951
2026-04-14,548.9600122912177,549.9000123122643,543.320012164938,545.2000122070312,3319404
2026-04-15,548.9600219726562,551.7800220855295,545.2000218221586,548.9600219726562,4086996
2026-04-16,548.9599733725064,559.2999728709611,548.9599733725064,553.6599731445312,4039033
2026-04-17,554.599997595276,571.5199975219115,552.7199976034276,563.0599975585938,5471555
2026-04-20,569.6400122272082,572.4600122877389,564.9400121263236,568.7000122070312,3943957
2026-04-21,569.6399975300632,572.4599975178357,556.4799975871243,563.0599975585938,4916476
2026-04-22,562.1200215757774,572.4600219726562,559.3000214675377,572.4600219726562,4513772
2026-04-23,576.2199949947089,581.8599949457175,555.5399951743442,562.1199951171875,5478343
2026-04-24,562.1200249565973,564.9400250817976,548.960024372329,549.9000244140625,4814884
2026-04-27,551.7799707529496,560.239970304528,549.8999708525988,552.719970703125,2974752
2026-04-28,553.6599706533003,555.5399705536512,548.0199709522481,552.719970703125,2224385
2026-04-29,554.5999706034758,559.2999703543527,549.8999708525988,552.719970703125,2359749
2026-04-30,549.9000147492873,554.6000148753496,546.1400146484375,546.1400146484375,2965614
2026-05-04,552.7199781388802,561.1799778042712,547.0799783619527,555.5399780273438,3807285
2026-05-05,554.5999755859375,558.3599754204184,552.719975668697,554.5999755859375,2471935
2026-05-06,562.1200092843303,595.9600098432531,560.240009253279,591.260009765625,8367152
2026-05-07,595.0199733966953,615.6999724720938,587.499973732914,600.6599731445312,9523752
2026-05-08,601.5999999999999,629.8,599.7199999999999,611.0,8687913
2026-05-11,621.3400258767709,657.0600273643917,618.5200257593272,644.8400268554688,9919541
2026-05-12,644.8399950228687,651.4199949720817,631.6799951244428,632.6199951171875,6273823
2026-05-13,609.1199713659503,631.67997030543,609.1199713659503,623.219970703125,6501788
2026-05-14,634.5000097080956,645.7800098806839,626.9800095930367,638.260009765625,5446513
2026-05-15,640.1399766561951,641.0799766219164,599.7199781301799,602.5399780273438,6341220
2026-05-18,598.7800244909572,602.5400246447465,584.680023914247,596.9000244140625,3840346
2026-05-19,597.839980651285,611.9399801949475,596.8999806817076,603.47998046875,4790562
2026-05-20,606.2999753952026,610.9999752044678,597.8399757385254,601.5999755859375,3751228
2026-05-21,612.8800145591177,618.5200146930973,608.180014447468,616.6400146484375,4716803
2026-05-22,616.6400164383248,643.900017165019,615.7000164132663,641.0800170898438,5223247
2026-05-25,650.4800214458083,673.9800222205847,648.6000213838263,666.4600219726562,6550347
2026-05-26,668.3399975166811,673.9799974957249,652.3599975760573,657.0599975585938,4416517
2026-05-27,658.0000024379235,666.4600024692681,652.360002417027,658.9400024414062,4050282
2026-05-28,660.8199801582822,668.3399799324874,648.5999805251987,650.47998046875,4161593
2026-05-29,665.5200249851141,715.3400268554688,665.5200249851141,715.3400268554688,13254380
2026-06-01,786.7799682617188,786.7799682617188,786.7799682617188,786.7799682617188,3846143
2026-06-02,859.1599878725798,864.7999877929688,830.0199882839037,864.7999877929688,11132782
2026-06-03,896.7600150103215,906.1600151676624,845.0600141449465,875.1400146484375,13193089
2026-06-04,861.0399799432455,871.3799797023893,828.1399807096062,838.47998046875,6702197
2026-06-05,855.4,871.38,822.5,846.0,7672440
2026-06-08,770.7999857681058,801.8199851953588,767.0399858375296,793.3599853515625,7028390
2026-06-09,801.8199999999999,801.8199999999999,783.9599999999999,799.0,5032425
2026-06-10,770.799989939934,776.4399898663238,745.41999027118,748.239990234375,6358843
2026-06-11,743.5400221688407,753.8800224771305,722.8600215522611,736.9600219726562,5041738
2026-06-12,743.5400246006668,756.7000250360769,733.200024258559,737.9000244140625,4222005
2026-06-15,754.8199801974827,755.759980172822,736.019980690696,744.47998046875,3655610
2026-06-16,746.3599779440087,751.9999777773388,738.8399781662354,743.5399780273438,4055897
2026-06-17,742.6000072056448,754.8200073242188,735.0800071326763,754.8200073242188,3225887
2026-06-18,758.579972531859,761.3999724297469,741.6599731445312,741.6599731445312,6614274
2026-06-22,745.4199705172311,757.639970033907,740.719970703125,740.719970703125,3240855
2026-06-23,751.0600248494726,769.8600254714869,736.0200243518611,737.9000244140625,6300707
2026-06-24,728.4999901837103,736.0199900823809,718.1599903230383,724.739990234375,4878201
2026-06-25,723.7999949735754,726.6199949539919,698.4199951498266,703.1199951171875,5727314
2026-06-26,686.2000025424059,690.9000025598197,658.0000024379235,658.9400024414062,6542796
2026-06-29,659.8800073138002,667.4000073971484,652.3600072304521,660.8200073242188,4413733
2026-06-30,662.6999999999999,668.3399999999999,649.54,658.0,7232293
2026-07-01,658.0,659.0,635.0,657.0,12992695
2026-07-02,650.0,667.0,642.0,667.0,5903012
2026-07-03,660.0,675.0,657.0,675.0,3208420
2026-07-06,681.0,689.0,672.0,680.0,3226679
2026-07-07,681.0,681.0,661.0,663.0,3618801
2026-07-08,675.0,687.0,670.0,687.0,4733714
2026-07-09,688.0,699.0,675.0,684.0,4721284
2026-07-10,684.0,684.0,684.0,684.0,0
2026-07-13,706.0,725.0,703.0,704.0,6562523
2026-07-14,710.0,710.0,690.0,703.0,4726001
2026-07-15,705.0,720.0,705.0,712.0,3682170
2026-07-16,710.0,715.0,698.0,715.0,2634925
2026-07-17,705.0,719.0,700.0,700.0,4601725
2026-07-20,705.0,711.0,688.0,688.0,3565843
2026-07-21,700.0,739.0,698.0,736.0,5298567
