date,open,high,low,close,volume
2021-07-22,442.72406606556876,451.26786383174635,437.28710385072844,441.9473571777344,3022712
2021-07-23,448.1609896523612,448.1609896523612,433.4035220554897,434.9569396972656,3277951
2021-07-26,456.7048068576389,456.7048068576389,437.2870854776373,440.3939208984375,4301585
2021-07-27,454.37468013794546,482.33619891566514,452.82126242807215,476.1225280761719,8101755
2021-07-28,463.69518918195007,465.2486069011525,446.6075942707224,455.9281005859375,4767127
2021-07-29,464.47191781631494,469.9088800650009,444.27748660691,465.2486267089844,4402332
2021-07-30,461.3650565633968,468.35543620829674,455.9280946173635,456.7048034667969,3049419
2021-08-02,461.365105994273,464.47194172487417,451.2678898698192,458.2582702636719,1584859
2021-08-03,471.46223002115886,473.0156475830078,452.04451049804686,466.0252685546875,3191254
2021-08-04,466.0253784585237,472.239050171304,459.8117067457433,467.57879638671875,1763130
2021-08-05,473.01571054927643,476.12254608654587,466.80203947473746,473.79241943359375,1798821
2021-08-06,476.8992666873964,482.33622901119406,463.69521532960204,468.35546875,2367297
2021-08-09,462.1418085195912,464.47193528523627,454.3747193007746,455.15142822265625,1550607
2021-08-10,458.2581955952333,461.3650308196078,446.6075635038291,452.0445251464844,1991908
2021-08-11,450.49112919592307,450.49112919592307,431.85011695333316,437.2870788574219,2233099
2021-08-12,431.85011695333316,445.05416729183435,431.85011695333316,437.2870788574219,1739414
2021-08-13,434.9569555754151,437.2870821231406,420.9761962890625,420.9761962890625,2180750
2021-08-16,417.86937334253156,427.9665886835221,411.6557023634604,423.30633544921875,1673150
2021-08-17,423.30633544921875,423.30633544921875,423.30633544921875,423.30633544921875,0
2021-08-18,396.1215481351378,428.74332268744325,396.1215481351378,427.96661376953125,2431423
2021-08-19,417.0926802319761,420.9762247406537,401.5585021972656,401.5585021972656,3032434
2021-08-20,411.6556894313024,424.85973984702343,405.44201864743366,417.0926513671875,2552175
2021-08-23,421.75290646760357,432.6268303912619,419.42277991253394,428.7432861328125,1603424
2021-08-24,431.85010276100854,433.4035203968395,425.63643221768467,427.1898498535156,1928806
2021-08-25,434.180229214755,434.95693803267045,426.4131410356001,427.1898498535156,1265365
2021-08-26,427.9665759322388,427.9665759322388,416.3159431936116,420.9761962890625,1800439
2021-08-27,415.5391857005932,421.7528557671441,413.2090594256366,419.4227294921875,1537422
2021-08-30,423.30631757304616,433.4035324876326,420.97619105429544,425.6364440917969,1459895
2021-08-31,425.6364691007869,431.8501401825502,421.75292467468483,430.2967224121094,1590381
2021-09-01,438.0637955954831,453.5979727442591,432.6268335934115,448.1610107421875,2885272
2021-09-02,442.72402274734986,450.4911108657244,439.61718750000006,439.6171875,1857591
2021-09-03,442.7240595184596,445.8308950238523,433.4035530022815,438.84051513671875,1269833
2021-09-06,446.6076219103281,446.6076219103281,429.52002594158506,432.6268615722656,1629320
2021-09-07,437.28708897405494,437.28708897405494,419.42278516161576,424.0830383300781,1827748
2021-09-08,427.2716559709821,431.25739903041296,414.51727818080354,418.5030212402344,1547418
2021-09-09,412.92298095703126,425.67735874720984,411.3286837332589,418.5030212402344,1409361
2021-09-10,416.9087362449263,429.66311440920697,416.9087362449263,428.0688171386719,2199352
2021-09-13,428.06878336359944,431.2573776530862,424.083040501741,425.6773376464844,1174271
2021-09-14,427.27166021163157,429.6631060710251,418.5030253938556,421.6916198730469,1314141
2021-09-15,419.3001613358695,424.8802015057385,411.32867537891383,412.1258239746094,1716038
2021-09-16,410.5315278395723,418.5030138170397,408.9372306440788,412.9229736328125,1312838
2021-09-17,413.7200983062045,422.4887323743514,408.9372069963062,417.7058410644531,2489748
2021-09-22,401.76284524533014,402.559993747801,382.6312811860287,389.40704345703125,4401051
2021-09-23,392.5956751555497,412.1258153409527,392.5956751555497,405.7486267089844,2700791
2021-09-24,406.5457742045245,421.6915971650852,400.9657341664232,404.95147705078125,3329182
2021-09-27,406.54577957956417,412.92296827885144,400.1685908802769,408.9372253417969,1870592
2021-09-28,404.95147048524655,408.14006474103587,399.3714305376152,400.1685791015625,1012024
2021-09-29,389.8056608600381,391.79853233682763,380.2398777714482,387.4142150878906,3573577
2021-09-30,387.4142100683495,396.58141874280636,384.62419003699307,394.98712158203125,1990285
2021-10-01,387.0156149128677,388.609911987689,375.4569611204134,379.8412780761719,2586811
2021-10-04,382.6313004032258,384.22559748823926,367.08690382434474,370.674072265625,2358078
2021-10-05,355.5282251809452,377.05123432867055,354.73107669399235,373.8626403808594,4588507
2021-10-06,381.83417796385174,385.42134665035974,373.862691993834,378.24700927734375,2540392
2021-10-07,385.81992420723765,396.18285605577915,385.0227756035037,392.1971130371094,2759235
2021-10-08,389.00849080954083,396.581402003579,381.0370053421322,383.0298767089844,2803566
2021-10-12,377.84840800844387,382.232724979006,368.2826255272174,369.8769226074219,3320096
2021-10-13,363.8983375098527,373.0655464504076,356.7240000781141,357.5211486816406,3158230
2021-10-14,365.09407402195626,369.87696582137056,361.1083308557777,367.88409423828125,2662676
2021-10-15,371.8697691634774,379.44267978952894,370.6740464330482,373.8626403808594,2855671
2021-10-18,377.8484057141589,380.2398513199447,366.6883262204918,368.2826232910156,1660422
2021-10-19,373.4641063801913,383.8270378272404,370.6740863752166,381.0370178222656,2366019
2021-10-20,382.6313116776316,387.414203073602,378.24699456465873,378.64556884765625,2106073
2021-10-21,377.0512706257623,386.61705339005226,377.0512706257623,377.8484191894531,1905110
2021-10-22,378.64556884765625,381.03701454564145,373.86267745168584,378.64556884765625,1325423
2021-10-25,383.4284721343115,394.58855240433303,381.03702636216406,387.4142150878906,3318712
2021-10-26,387.414216153186,392.5956820070866,385.4213446709165,388.21136474609375,2128631
2021-10-27,390.6027941894531,400.16857690429686,387.812774230957,398.57427978515625,2148320
2021-10-28,394.98711126708986,401.7628740234375,393.7913884277344,398.57427978515625,1953306
2021-10-29,400.16857579905906,401.76287291379634,393.7913873401099,397.7771301269531,2396974
2021-11-01,400.96572546386716,405.74861682128903,392.19709130859377,398.57427978515625,2986697
2021-11-02,400.96573152280166,402.5600286660335,391.3999486634108,391.79852294921875,2238831
2021-11-03,396.9799864538113,396.9799864538113,386.21848079693086,390.2042236328125,1497411
2021-11-04,395.7842591400618,395.7842591400618,383.8270307672503,387.015625,1549041
2021-11-05,389.00851144112863,401.76288886542795,389.00851144112863,398.17572021484375,2691026
2021-11-08,400.1685823648283,402.5600280761719,396.5814137978129,402.5600280761719,1022047
2021-11-09,404.95144993731657,415.3143807427991,403.35715289031924,407.3428955078125,2294327
2021-11-10,410.5314683271052,418.5029531489907,407.34287439835094,413.7200622558594,2264520
2021-11-11,411.32865046358654,416.90869029545695,407.3429077265363,416.1115417480469,1375931
2021-11-12,419.3001370548518,422.4887312529875,412.92294865858025,416.90869140625,1573524
2021-11-15,420.89445467452725,434.44598067730556,420.0973060861285,432.0545349121094,2441262
2021-11-16,434.44598811137433,438.43173112157046,427.2716506930214,437.63458251953125,1647341
2021-11-17,438.4317016601562,446.4031871448863,434.4459589177912,438.43170166015625,2198552
2021-11-18,440.0260283256489,440.8231769276881,435.24313671341355,437.63458251953125,1115804
2021-11-19,438.43166762775655,443.21455854733205,434.4459251947769,436.04022216796875,1164917
2021-11-22,438.43169943259585,440.82314506586454,436.83740234375,436.83740234375,705103
2021-11-23,432.8516551747042,436.04024931963755,426.47446688483745,433.6488037109375,1852404
2021-11-24,433.64883208890683,436.040277854103,428.86594055851447,432.0545349121094,801359
2021-11-25,433.6488037109375,440.8231405370376,430.46020956600415,433.6488037109375,970543
2021-11-26,431.2573776530862,437.63456623205974,424.88018907411265,425.6773376464844,1702075
2021-11-29,420.89441828941233,430.4602005232626,415.31437865299966,427.2716064453125,2112168
2021-11-30,434.44596436646606,442.4174499511719,428.06877589870146,442.4174499511719,3528515
2021-12-01,435.24313671341355,439.2288797236097,432.0545423052567,437.63458251953125,1437531
2021-12-02,437.63458775269,444.8089252568324,437.63458775269,441.6203308105469,1320762
2021-12-03,441.6203013927013,444.80889562658365,438.431707158819,442.4174499511719,1227591
2021-12-06,446.4031866063691,462.3461575565966,444.80888951134636,459.9547119140625,2929168
2021-12-07,459.9547294684216,463.1433237801611,445.6060550655939,450.3889465332031,3213712
2021-12-08,459.15758089048677,461.54902662429134,450.3889465332031,450.3889465332031,2103744
2021-12-09,450.3889388764631,454.3746816983787,444.80889892578125,444.80889892578125,924556
2021-12-10,442.4174794221183,444.011776645261,436.8374391411186,441.6203308105469,942077
2021-12-13,444.80889673027207,447.2003424116176,440.026005367581,443.214599609375,553333
2021-12-14,440.8231726410192,442.4174698295943,433.6488352924312,434.44598388671875,1188755
2021-12-15,434.44596219881964,442.4174477437521,431.25736798084665,440.8231506347656,1051656
2021-12-16,444.8089107251963,456.7661395081317,440.8231677975512,453.5775451660156,1866003
2021-12-17,452.78039443135475,458.36043450357215,447.99750294088267,451.9832458496094,1902002
2021-12-20,452.7803789521643,455.1718246156441,440.0260020802724,440.8231506347656,1529957
2021-12-21,444.8089107251963,457.56328809366073,443.2146135541383,453.5775451660156,1161451
2021-12-22,456.76611328125,459.15755890052355,451.186073502945,456.76611328125,879121
2021-12-23,461.5490033876646,465.5347460766772,451.9832209340342,455.9689636230469,1462723
2021-12-24,458.3604312112145,460.751876939273,448.79464829898046,449.591796875,922874
2021-12-27,453.57749229007294,461.5489772160848,451.9831953048706,459.15753173828125,970552
2021-12-28,460.75189732441976,466.3319376034352,459.95474871313183,464.7376403808594,894923
2021-12-29,463.9404557699976,465.53475286886356,459.15756447339965,460.7518615722656,620209
2021-12-30,460.7518941945043,464.73763722386855,458.3604483768858,462.34619140625,574176
2022-01-03,469.52048991737564,473.5062326161649,455.17181620173426,456.76611328125,1944515
2022-01-04,459.15757308467744,462.3461673422099,443.214601797015,444.80889892578125,2445840
2022-01-05,443.21457705997443,450.3889137390028,443.21457705997443,448.79461669921875,1848693
2022-01-06,446.40319274352476,450.3889355358777,436.83741004187783,442.4174499511719,2903406
2022-01-07,448.79463841893653,451.18608409434825,436.83741004187783,442.4174499511719,2265782
2022-01-10,440.82318531632205,447.99752287119895,436.8374422302794,444.01177978515625,1859332
2022-01-11,444.8088820652408,447.99747620190925,429.663059916066,432.8516540527344,3511475
2022-01-12,440.82313939440536,440.82313939440536,429.663059916066,432.8516540527344,2267320
2022-01-13,428.8659080222801,435.24309624565973,425.67731391059027,430.460205078125,1862283
2022-01-14,428.86592973981584,429.66307830810547,420.09729548863004,424.0830383300781,1618445
2022-01-17,420.09726976992476,429.6630520037751,420.09726976992476,427.2716064453125,1257542
2022-01-18,429.66311440920697,436.04030349134734,427.2716685034043,428.0688171386719,1533913
2022-01-19,426.47452391449934,434.4460103428077,424.88022662883765,431.2574157714844,1325809
2022-01-20,425.67731391059027,436.0402447735822,425.67731391059027,430.460205078125,1265374
2022-01-21,428.86591249353745,435.2431007834042,428.06876395730416,433.6488037109375,1866499
2022-01-24,430.4601993739048,432.85164492598204,422.488714200314,426.4744567871094,1590467
2022-01-25,422.488740105638,432.0545229004826,420.09729440692684,423.285888671875,1949984
2022-01-26,424.8801802718594,430.4602201628594,419.3001403808594,419.3001403808594,1490215
2022-02-07,418.503000613729,423.2858920493145,400.9657320165823,403.357177734375,2978183
2022-02-08,407.3428988920576,412.92293860290766,401.7628591812075,409.7343444824219,2419013
2022-02-09,391.3999250378394,412.1257866488044,391.3999250378394,407.3428955078125,4666347
2022-02-10,403.357182042739,409.73437069163606,402.56003346162686,406.5457763671875,2602189
2022-02-11,402.5600269862584,406.54576982770647,398.5742841448103,401.76287841796875,3062397
2022-02-14,398.5742813501603,399.3714299128606,387.4142014723558,388.60992431640625,2617400
2022-02-15,390.602783203125,395.38567442602044,389.0084861288265,390.602783203125,2360077
2022-02-16,396.1828072094775,404.1542922639942,395.38565870402584,400.9656982421875,2587365
2022-02-17,402.5600101026289,402.5600101026289,389.8056335449219,389.8056335449219,2425891
2022-02-18,384.22561752919574,387.8127861575804,381.83417177693934,385.02276611328125,2489224
2022-02-21,381.0370064455153,386.2184720143351,374.65981805312174,383.8270263671875,2774474
2022-02-22,371.07265853881836,382.6313127790179,371.07265853881836,379.4427185058594,2956695
2022-02-23,379.4427141092591,381.8341597864183,373.46409991636114,376.2541198730469,2529513
2022-02-24,368.2826462965745,371.86981492933336,358.7168632758843,362.7026062011719,3839773
2022-02-25,362.70257682131046,369.47833924544483,356.7239629176625,363.4997253417969,5350724
2022-03-01,378.6455835758446,381.43560366535087,373.0655433968322,378.24700927734375,3321037
2022-03-02,377.0512684320999,377.0512684320999,370.6740799596754,376.2541198730469,1465139
2022-03-03,380.2398839501186,387.8127956849742,379.8413096482841,380.6384582519531,2540467
2022-03-04,377.0512777739399,377.0512777739399,371.47123772231714,371.86981201171875,1760068
2022-03-07,365.89119395912354,365.89119395912354,354.73111396908496,357.9197082519531,2665477
2022-03-08,350.745370047433,363.1011728559222,350.745370047433,357.12255859375,1962465
2022-03-09,357.12256184174055,363.89832473382717,357.12256184174055,359.5140075683594,2337364
2022-03-10,368.2826009721898,374.65978886781215,367.48545248523703,373.8626403808594,2054238
2022-03-11,371.4712219238281,375.05839037588225,368.28262774422444,371.4712219238281,1238849
2022-03-14,375.4569635206653,378.24698341943883,367.08690382434474,370.674072265625,1251506
2022-03-15,369.4783450334432,369.8769192999302,355.9268199728854,356.7239685058594,2184088
2022-03-16,362.7025640251931,363.89828676373776,350.7453366397472,354.7310791015625,2361409
2022-03-17,365.891200541402,367.08692341898825,358.7168632758843,362.7026062011719,3161736
2022-03-18,366.68834912645946,367.485497711517,359.5140118609418,362.7026062011719,2941330
2022-03-21,365.09401114280126,368.2826051265812,363.8982883988838,366.28973388671875,1232409
2022-03-22,370.2755049908747,370.2755049908747,363.4997422515369,364.6954650878906,1198379
2022-03-23,364.6954650878906,368.6812078757364,362.3040194151831,364.6954650878906,1932299
2022-03-24,363.101193153002,363.101193153002,356.724004250205,360.7097473144531,2110659
2022-03-25,358.7168535309522,361.5068735028596,355.52825927734375,355.52825927734375,1954571
2022-03-28,351.54251470798397,352.3396632674125,341.5781577151273,343.1724548339844,2588621
2022-03-29,346.75959486768426,348.35389185558165,341.17955541004335,344.7667236328125,2008795
2022-03-30,347.556743361633,347.95531760860734,342.77385239794074,344.7667236328125,1560930
2022-03-31,342.37530627455584,346.3610490716985,341.97673199484154,343.1724548339844,1415649
2022-04-01,337.9909896301709,337.9909896301709,330.81665258613424,332.41094970703125,3477251
2022-04-06,331.61379672366826,334.0052423731178,321.6494398509619,329.22235107421875,3099265
2022-04-07,326.8309146436446,332.4109546497556,323.64232035443825,324.8380432128906,1969892
2022-04-08,327.2294729921683,330.0194928593366,322.8451560580467,324.439453125,2749551
2022-04-11,328.42521467112533,328.8237889607747,314.47511453339547,315.67083740234375,2105735
2022-04-12,309.29364876795296,320.0551545884874,308.4965001886541,315.67083740234375,2513523
2022-04-13,319.65658381138053,332.8095355143426,318.85943522332224,329.6209411621094,3182073
2022-04-14,330.01950293320874,332.80952288554266,326.4323344230652,331.6138000488281,1928879
2022-04-15,326.03377115067525,326.43234544303544,317.26513671875,317.26513671875,1839443
2022-04-18,316.46798107744587,324.8380410303758,314.0765353766087,323.2437438964844,1425187
2022-04-19,325.2365936279297,327.62803916931153,318.8594055175781,318.8594055175781,2963112
2022-04-20,321.25088711962286,326.4323530409071,320.85231281798565,322.8451843261719,2348268
2022-04-21,319.6565608132649,326.03374905891604,319.6565608132649,323.6423034667969,2129345
2022-04-22,316.0693799755241,318.0622512237935,313.279360227947,314.8736572265625,2931375
2022-04-25,307.69934735979353,312.8808130536761,302.9164559500558,312.48223876953125,3854411
2022-04-26,312.4822264343422,313.67794923957564,302.91644399247457,303.7135925292969,2625789
2022-04-27,295.34354930204506,306.5036294376149,294.94497501148896,304.9093322753906,2440030
2022-04-28,307.6993207327927,318.0622512237935,305.3078752348694,314.8736572265625,2517360
2022-04-29,322.04802320983515,326.8309146436446,318.85942892062883,324.8380432128906,3222774
2022-05-03,322.04800301450064,325.6351713649097,317.6636861417785,321.2508544921875,1250556
2022-05-04,322.0480357228974,323.64233292944635,320.4537385163484,322.8451843261719,1263597
2022-05-05,326.83090761483436,332.4109475009413,326.83090761483436,330.816650390625,3128291
2022-05-06,322.44661419782193,328.82380310655515,320.45374266384283,326.0337829589844,1796613
2022-05-09,322.4465829063864,328.0266226600198,321.2508601020364,325.2366027832031,1313079
2022-05-10,322.0480008740765,332.01235733676447,318.8594068060163,330.4180603027344,2231963
2022-05-11,330.0195018354669,335.5995417215738,328.8237790027297,330.816650390625,2025323
2022-05-12,325.2366207369062,333.60668082940015,324.8380464467875,327.2294921875,2417990
2022-05-13,332.4109338803881,334.40380518662545,330.4180625741508,332.0123596191406,2071515
2022-05-16,337.99100053059135,348.7525064437116,336.7952776513558,340.3824462890625,4309276
2022-05-17,337.59241599638796,346.7596244590998,335.20097031046316,343.9696044921875,2814535
2022-05-18,345.16531259042245,347.55675817418984,342.3752927426939,344.3681640625,3019754
2022-05-19,339.58529797874786,353.1368239544256,339.18672368534556,351.94110107421875,3648557
2022-05-20,353.13681961495536,354.33254248046876,347.1582052873884,348.75250244140625,2516036
2022-05-23,345.56390051227,349.15106902969836,339.585286316556,343.1724548339844,2239595
2022-05-24,343.1724608724151,348.7525008866007,336.3966979980469,336.3966979980469,1603946
2022-05-25,338.38954674780786,346.3610319479918,337.5923982277895,341.9767150878906,1442996
2022-05-26,341.9767486755006,341.9767486755006,328.8237968033659,332.8095397949219,2926563
2022-05-27,337.19386961185336,342.7739100073214,336.39672098392936,342.3753356933594,1782069
2022-05-30,347.55672595035935,354.3324878094833,345.9624290423302,353.53533935546875,2849438
2022-05-31,349.54961390120263,354.7310791015625,349.54961390120263,354.7310791015625,2583902
2022-06-01,353.1368135871374,361.1082992211586,351.54251646033316,355.52825927734375,2167534
2022-06-02,353.1368239544256,355.129695421437,350.3468039006096,351.94110107421875,1628719
2022-06-06,353.53540566400807,357.5211486816406,344.7667710252164,357.5211486816406,2018566
2022-06-07,353.9339757518103,359.11544161304175,351.14395567268565,354.3325500488281,1444412
2022-06-08,360.311156143899,363.89832473382717,355.5282646906614,359.5140075683594,1743125
2022-06-09,356.723956129286,359.9125501505534,355.52823337131076,358.7168273925781,976170
2022-06-10,353.13682821597047,357.5211454963042,351.941105321334,355.12969970703125,949903
2022-06-13,348.35392379320757,349.15107236024005,343.57103239101247,345.56390380859375,2056604
2022-06-14,341.1795812404281,342.7738783490282,335.99811563747767,341.5781555175781,2347252
2022-06-15,337.1938205772722,344.3681571852993,337.1938205772722,339.58526611328125,1264405
2022-06-16,346.7596531469414,353.5354164842954,336.39672098392936,342.3753356933594,1789503
2022-06-17,332.4109361436632,344.3681640625,326.83089644820603,344.3681640625,2855536
2022-06-20,341.5781597802312,341.5781597802312,322.0480199561573,322.44659423828125,2502837
2022-06-21,326.4323078237456,334.4037927522864,326.4323078237456,334.0052185058594,1704236
2022-06-22,333.2080727106408,333.2080727106408,314.07650872725475,314.8736572265625,2620203
2022-06-23,311.6850778975199,316.4679691184537,290.95921594014004,303.7135925292969,4415852
2022-06-24,311.6850708821614,311.6850708821614,297.3363975423177,298.9306945800781,2553111
2022-06-27,307.30076874408525,318.06227426430615,304.11217451587163,309.29364013671875,3441199
2022-06-28,307.3007714016979,308.4964942476189,296.5392657884089,300.1264343261719,2227415
2022-06-29,293.3506693820928,301.7207292421797,293.3506693820928,298.5321350097656,1948736
2022-06-30,292.95206684711553,294.1477895689405,284.18343355373247,289.3648986816406,2918752
2022-07-01,290.16205942115454,290.56063367860116,275.81338615307544,276.61053466796875,2304181
2022-07-04,276.61057269134295,285.37920756052097,268.63908644663564,270.6319580078125,4053146
2022-07-05,273.82051934136285,275.41481639720774,250.70321203161168,258.276123046875,5904336
2022-07-06,258.27611017684205,259.0732586650422,248.31175407434046,249.50747680664062,5400944
2022-07-07,254.6889590751834,264.65331584651295,252.6960877209175,261.4647216796875,4949715
2022-07-08,266.2476511485541,274.21913770988806,260.66761055562034,267.0447998046875,4573339
2022-07-11,269.4361943462793,270.6319171022539,260.6675608024655,263.45758056640625,2058640
2022-07-12,253.09466104948538,253.49323531885466,241.93458150714588,249.90606689453125,5546868
2022-07-13,258.6747008206551,258.6747008206551,249.90606689453125,249.90606689453125,2968137
2022-07-14,247.11603927612305,256.2832471847534,245.92031650543214,255.0875244140625,2521340
2022-07-15,258.27611753994364,270.63191945929276,252.29750370800048,265.0518798828125,4714554
2022-07-18,267.4433552295486,275.81341552734375,266.64620662975864,275.81341552734375,4219427
2022-07-19,271.82766507579163,273.8205365206288,269.83479363095444,270.2333679199219,3037680
2022-07-20,279.00201829813295,288.56780178264034,277.80629536256953,282.19061279296875,5526386
2022-07-21,284.1834577968592,296.14068603515625,283.3863092476394,296.14068603515625,4198711
2022-07-22,296.9378471891408,298.133570063728,291.7563813992632,294.1478271484375,3594303
2022-07-25,295.34354232029364,296.93783944482965,288.16920525988166,288.5677795410156,2919561
2022-07-26,286.17633879100174,286.17633879100174,275.8134073027482,280.994873046875,3253551
2022-07-27,280.19769750667524,283.38629150390625,272.62478676325156,283.38629150390625,2578873
2022-07-28,286.1763559115135,287.7706531589314,279.7991669218419,282.19061279296875,3398292
2022-07-29,273.42196548194215,281.79202564975674,272.2262426008258,272.62481689453125,6148185
2022-08-01,269.8347722913758,279.00198021264856,262.6604356573363,276.61053466796875,4245660
2022-08-02,274.21911080959626,274.21911080959626,265.45047645231267,270.2333679199219,3536049
2022-08-03,265.05190635214046,274.2191151432671,264.6533320568741,273.4219665527344,3501140
2022-08-04,271.4290659261304,275.4148084507432,267.8418976539789,274.2190856933594,2060970
2022-08-05,278.6034116311507,282.1905800212513,277.4076888344505,280.5962829589844,2096728
2022-08-08,277.8062755055352,283.78488975601306,276.6105526554397,278.6034240722656,2186590
2022-08-09,277.40767971304956,277.40767971304956,270.63191742120785,274.2190856933594,1922337
2022-08-10,269.43622446711396,270.23337306021193,262.26188712923226,262.66046142578125,3332488
2022-08-11,267.4433299910615,269.8347755647521,267.0447557287797,268.240478515625,2632071
2022-08-12,267.8419184214056,280.5962954890915,267.04476985467517,278.6034240722656,3037747
2022-08-15,284.9805820349491,292.1549183658989,282.19056235069087,289.3648986816406,3385994
2022-08-16,292.1549779411168,293.7492752286536,284.98064014720126,287.7706604003906,2137611
2022-08-17,287.7706604003906,289.3649576879274,284.18349150343283,287.7706604003906,1570939
2022-08-18,284.1834656597817,291.35780280126284,282.19059423159246,290.959228515625,1912850
2022-08-19,291.75636121961804,294.54638106734666,289.3649156358507,290.5606384277344,1813588
2022-08-22,285.77774614546615,290.95921155675074,284.1834490958401,289.76348876953125,690000
2022-08-23,284.9806159269725,285.37919021498226,280.994873046875,280.994873046875,1563562
2022-08-24,281.79201159970034,284.18345724269636,272.62480330154887,273.8205261230469,2652937
2022-08-25,275.81338954380584,282.19057774135047,275.81338954380584,279.0019836425781,1998784
2022-08-26,281.3934484155377,284.18346844232065,279.0020026782952,281.7920227050781,2270345
2022-08-29,273.42196548194215,275.8134112441749,270.23337113229854,272.62481689453125,2086310
2022-08-30,275.0162637337999,277.40770950539815,272.62481796220163,273.4219665527344,1821896
2022-08-31,272.6248211281837,276.6105641271338,271.0305239286037,275.81341552734375,1778415
2022-09-01,271.8276271877346,272.62477565456084,264.2547167528857,265.450439453125,3205828
2022-09-02,267.44332541558975,269.03762243744126,264.65330562734965,265.0518798828125,2038130
2022-09-05,261.8632992747327,269.8347847929894,261.8632992747327,263.8561706542969,2897320
2022-09-06,269.8347836581143,276.2119720458984,261.0661496249112,263.05902099609375,5043999
2022-09-07,259.8704149129805,259.8704149129805,252.2975040489519,254.68894958496094,4600676
2022-09-08,260.2690177445678,264.2547607421875,254.68897754790018,264.2547607421875,4005884
2022-09-12,269.02782208622455,272.93306466489554,268.59390624415,271.6313171386719,5317074
2022-09-13,273.36698084553393,280.3096343273253,273.36698084553393,275.53656005859375,4280170
2022-09-14,269.02780962954415,279.4417893571394,267.2921463416116,279.00787353515625,4234093
2022-09-15,279.4418094109053,279.4418094109053,273.8009033203125,273.8009033203125,2289241
2022-09-16,271.63128422567945,276.40435791015625,270.7634526466837,276.40435791015625,2915526
2022-09-19,276.40438379025926,276.40438379025926,263.3869088864794,265.5564880371094,4776037
2022-09-20,268.5939021876601,269.4617338587026,260.7834171482774,264.68865966796875,3316175
2022-09-21,261.65123213098406,265.5564744015957,260.78340051529256,265.12255859375,2910211
2022-09-22,261.65123213098406,265.12255859375,259.48165309175533,265.12255859375,2757345
2022-09-23,264.68867997950343,268.59392279887317,262.0851847665903,263.3869323730469,2180656
2022-09-26,260.78340581560377,260.78340581560377,251.67117366564094,255.576416015625,4725748
2022-09-27,255.14250293982482,256.4442504038035,248.1998497986051,250.8033447265625,5350369
2022-09-28,251.6711886636021,252.10510450612554,234.31455496266403,235.61630249023438,5516971
2022-09-29,240.38936397007532,241.69111142839702,229.10755266462053,230.8432159423828,5255552
2022-09-30,224.76839656123408,235.61629214816622,223.03273326732494,234.31454467773438,5165054
2022-10-03,229.9754047039273,237.35197428877026,226.07016198253987,233.4467315673828,2856274
2022-10-04,241.2572157361563,247.33203771512427,239.08763645795347,241.69113159179688,3661353
2022-10-05,244.72852381397445,249.93551368235688,240.82328141268763,242.55894470214844,5263697
2022-10-06,243.8607108699997,249.06770113768656,240.38938402487517,241.69113159179688,3615937
2022-10-07,237.78585927151073,237.78585927151073,225.20230102539062,225.20230102539062,6376382
2022-10-11,216.09007918014217,219.56140575331713,212.61875260696718,214.3544158935547,5745023
2022-10-12,213.48660089161768,215.22226431350077,206.97786305955617,210.01527404785156,6993941
2022-10-13,207.41179063585068,211.31703355577255,201.77088419596353,203.0726318359375,5288491
2022-10-14,210.0152759086795,217.82576137635766,207.84569661210224,213.48660278320312,5486919
2022-10-17,209.14742810982634,217.82574462890625,206.54393315410235,217.82574462890625,3092373
2022-10-18,220.42925165569972,222.1649150545635,212.6187663608127,218.69358825683594,4538527
2022-10-19,216.9579113454041,223.46664868576624,216.9579113454041,218.25965881347656,2842913
2022-10-20,214.35442650836447,219.99533246911088,213.48659482209578,219.56141662597656,4727197
2022-10-21,219.12750244140625,224.33449259842976,216.95792320931312,219.12750244140625,3263531
2022-10-24,224.76839881310096,229.97538874699518,223.90056715745192,225.63623046875,3713561
2022-10-25,224.33448033114786,224.76839615383867,214.78833223195008,218.25965881347656,4603159
2022-10-26,218.259664179534,223.466654179841,216.52400084609835,220.8631591796875,3389135
2022-10-27,221.29708362601653,225.63624212848742,220.86316777576943,222.5988311767578,3021959
2022-10-28,222.16490337573384,223.90056668335677,216.09008179905362,221.73098754882812,3624705
2022-10-31,216.95793002259498,222.16492034313725,208.2796128216912,221.29708862304688,7770586
2022-11-01,219.5613956047161,230.84320644606515,217.82573239835472,225.20230102539062,5467189
2022-11-02,227.3719024658203,230.40931337662326,223.03274402181611,227.3719024658203,3853792
2022-11-03,223.46665339036423,231.27713836323133,223.0327375585383,229.10755920410156,3240245
2022-11-04,229.9753962027446,232.14497541220447,226.93798530950082,231.7110595703125,2336006
2022-11-07,234.74847768519047,238.65372038235628,231.27715084326528,237.785888671875,3711020
2022-11-08,238.65370963936422,242.55895216073563,231.27714043232933,232.57888793945312,4462348
2022-11-09,236.0502224774428,247.3320345811441,236.0502224774428,246.46420288085938,4642762
2022-11-10,247.3320225692048,248.63377005641115,242.992864278517,245.5963592529297,3204145
2022-11-11,261.2173325829022,267.29215427087667,252.97293172065113,260.7834167480469,6612702
2022-11-14,264.68866661505973,269.8956567779789,262.95300322741997,266.8582458496094,6651847
2022-11-15,267.29215223524307,275.9704688662574,265.12257307748945,273.3669738769531,5438331
2022-11-16,275.9704762334409,279.87571882164997,271.63131780209744,279.4418029785156,5057170
2022-11-17,278.1400689649952,280.7435641503149,275.10265791545544,279.875732421875,2565564
2022-11-18,280.743553850881,285.0827123338931,276.83831121617015,278.573974609375,2452419
2022-11-21,282.0452575683594,285.08266803448015,280.3095944448618,282.0452575683594,3356790
2022-11-22,280.30964493198775,281.17747665004345,272.9330753285144,280.7435607910156,4171187
2022-11-23,286.81838639285587,288.98796571504084,282.0453118840489,283.7809753417969,4648454
2022-11-24,288.55402732382015,303.7410813934949,281.17745820426387,297.666259765625,8811073
2022-11-25,298.968002434758,302.00541319969744,286.818359375,286.818359375,7949571
2022-11-28,276.8382944252406,284.64877922093706,276.40437860325744,279.00787353515625,6212114
2022-11-29,268.1600005084646,275.5365701017395,266.4243370747528,272.9330749511719,7247168
2022-11-30,273.36699765563384,275.1026611328125,269.02783896268727,275.1026611328125,8552608
2022-12-01,280.309628873258,290.289693059148,279.0078813707506,288.9879455566406,6442302
2022-12-02,281.6113689867265,287.2522746829167,280.30962151837497,282.9131164550781,5370068
2022-12-05,281.1774800145349,285.0827227925146,278.57398482921514,279.875732421875,5434961
2022-12-06,275.9704537898936,277.7061170212766,263.8208111702128,265.12255859375,7832282
2022-12-07,265.1225852645746,266.858248670562,257.74601578912814,258.179931640625,4840922
2022-12-08,254.7085756220369,257.74598623422474,252.5389966133313,253.8407440185547,3672270
2022-12-09,257.746009177079,262.0851675807335,256.44426165598264,259.91558837890625,3605260
2022-12-12,256.8781774963481,261.2173359000026,254.27468245415537,259.91558837890625,2801873
2022-12-13,256.4442388290014,257.74598623422474,253.40682821681355,253.8407440185547,3616650
2022-12-14,254.27467601769797,261.6512451171875,252.53901270017104,261.6512451171875,4165256
2022-12-15,259.04776359709683,265.99041722783977,259.04776359709683,262.0851745605469,3338740
2022-12-16,256.01035212494,257.7460155291769,254.27468872070312,254.27468872070312,6596511
2022-12-19,252.97292273385182,256.878165108817,250.80334363664898,255.1425018310547,5568175
2022-12-20,252.97293215979664,258.17992218709946,248.63377380371094,248.63377380371094,5847614
2022-12-21,249.93552464152802,252.10510384848573,246.89811375178724,247.7659454345703,5122536
2022-12-22,252.5390183782003,256.8781767695783,250.80335502164908,252.1051025390625,4724089
2022-12-23,248.63376561993132,252.1050921905412,246.8981023346264,250.8033447265625,1342100
2022-12-26,252.53901632418805,252.53901632418805,245.59636295445094,248.63377380371094,1407143
2022-12-27,250.80336191222938,257.3120996781177,250.36944606117015,254.27468872070312,1889752
2022-12-28,252.10509668896137,252.10509668896137,245.1624434238609,245.5963592529297,2706038
2022-12-29,242.558950076483,247.3320242282564,242.1250342445036,245.16244506835938,1144157
2022-12-30,249.93552428547596,249.93552428547596,243.86070251464844,243.86070251464844,1446988
2023-01-03,244.72852322799523,251.67117636921495,242.9928599426903,250.8033447265625,1544291
2023-01-04,250.36942890523625,254.7085871184986,249.06768144125755,250.8033447265625,1371465
2023-01-05,251.67117636921495,255.57641876115105,249.5015972625838,250.8033447265625,1405162
2023-01-06,250.80334671467833,266.42431640625,250.80334671467833,266.42431640625,5054989
2023-01-09,273.8009002780617,278.573974609375,269.02782594674846,278.573974609375,6238877
2023-01-10,279.00789735490423,283.78097180421054,278.14006563684853,280.7435607910156,4348897
2023-01-11,280.7435471856557,282.0452946996541,276.8383046436605,280.30963134765625,2188614
2023-01-12,280.30963134765625,283.3470422136525,278.5739679956584,280.30963134765625,2151666
2023-01-13,284.64879275344487,288.98795117956445,274.66872837336985,275.53656005859375,4664534
2023-01-16,278.573974609375,281.17746969918227,276.83831121617015,278.573974609375,1456154
2023-01-17,279.0078901679595,280.3096377115114,273.3669841459012,274.6687316894531,2217092
2023-01-30,281.17747665004345,282.91314008615484,277.7061497778207,280.7435607910156,5394895
2023-01-31,279.0078631401062,280.30961055755614,275.10262088775636,277.70611572265625,3332318
2023-02-01,280.3096252348788,285.9505310058594,279.00787774926795,285.9505310058594,3334432
2023-02-02,289.4218756596018,301.1376037597656,289.4218756596018,301.1376037597656,5409266
2023-02-03,302.00543212890625,305.47675893498564,297.666273621307,302.00543212890625,3771368
2023-02-06,299.40192557669974,299.40192557669974,288.12011388830234,288.9879455566406,3302220
2023-02-07,288.9879422673208,292.0253530719323,286.3844472919395,289.85577392578125,2243736
2023-02-08,295.0627699277692,316.32464599609375,294.1949382515111,316.32464599609375,6944128
2023-02-09,314.15507674052344,315.89074014792965,310.24983407385946,313.7211608886719,3268081
2023-02-10,312.4193823037027,313.28721392121304,305.47672936362045,309.8158874511719,3033482
2023-02-13,305.4767379981884,306.3445696402287,297.23233739880544,299.40191650390625,3977196
2023-02-14,302.87327089981295,308.94809295224474,301.13760745626104,308.08026123046875,2812381
2023-02-15,305.9106717251315,311.9854935749923,303.3071766466197,306.77850341796875,3364851
2023-02-16,306.7785138168653,313.28725173377194,306.7785138168653,311.9855041503906,3805401
2023-02-17,308.51417726137373,313.72116759489904,308.51417726137373,311.9855041503906,2352876
2023-02-20,315.02287201259446,322.8333564426588,312.85329300424326,319.3620300292969,4449271
2023-02-21,321.0977308759805,328.04038451654225,320.2298991709103,321.5316467285156,5180626
2023-02-22,321.0977308759805,325.4368894013316,318.06031990823476,321.5316467285156,5178828
2023-02-23,328.0403449563419,342.7934821633732,326.3046817555147,331.9455871582031,8756791
2023-02-24,337.58654769094363,338.45437943307974,326.7386509142424,329.77606201171875,4098221
2023-03-01,325.4368764429419,330.20995063077174,322.8333814313984,328.908203125,2862993
2023-03-02,330.2099778827868,331.945641367059,323.701239816766,329.77606201171875,2485952
2023-03-03,332.3795435406631,334.11520695340806,328.0403850088007,329.3421325683594,1630047
2023-03-06,334.1151939470743,340.62393149149784,333.24736227448454,336.71868896484375,3937348
2023-03-07,338.45433861517137,338.45433861517137,331.9456013341104,336.2847595214844,1830218
2023-03-08,331.94558786791424,336.71866168039406,329.7760088622416,335.850830078125,1679281
2023-03-09,337.58652761071045,341.92568606329024,337.15261176545243,338.8882751464844,2914299
2023-03-10,333.6812911002218,334.98303865978056,328.0403850088007,329.3421325683594,2575194
2023-03-13,326.73863117435434,335.8508639162686,325.8707994846482,334.9830322265625,2737712
2023-03-14,330.643866466029,333.24736147757255,327.17253978397093,328.908203125,2458271
2023-03-15,331.9455975294113,341.9256612459818,331.0777659018834,333.2473449707031,3151308
2023-03-16,330.64388407493124,340.1900329589844,330.64388407493124,340.1900329589844,2805985
2023-03-17,346.6987676656471,351.4718420640478,344.9631042480469,344.9631042480469,4317063
2023-03-20,347.56658865391523,348.00050449493136,338.8882718335928,339.756103515625,2068074
2023-03-21,342.7935073185703,343.6613389826679,334.1151906775938,337.5865173339844,3061288
2023-03-22,341.05784442130914,345.39700274728,340.6239285887121,341.49176025390625,2223595
2023-03-23,341.0578346204337,344.52916118145595,340.1900029801781,344.0952453613281,1434466
2023-03-24,344.963093959924,347.5665890086781,342.7935147526288,343.6613464355469,2519981
2023-03-27,343.66132570223044,345.3969889633528,340.62391499526626,341.0578308105469,1645853
2023-03-28,342.79353814376026,342.79353814376026,328.4743143985146,329.77606201171875,3796368
2023-03-29,335.85087036615306,336.71870207252556,326.73863744924193,329.3421325683594,2743058
2023-03-30,329.3420923569623,332.81341875861676,329.3420923569623,331.9455871582031,1499620
2023-03-31,334.1151804277974,339.3221702526462,331.511685515373,336.2847595214844,2461562
2023-04-06,333.68130485133116,334.9830524645353,329.3421461406507,329.77606201171875,2014989
2023-04-07,333.24736147757255,333.24736147757255,328.908203125,328.908203125,849126
2023-04-10,329.776051772003,333.68129449035564,327.60647248402927,328.47430419921875,1354449
2023-04-11,330.20996121493255,335.41695140491834,326.7386344216087,334.1152038574219,2322933
2023-04-12,335.850830078125,340.1899880894703,333.24733527131787,335.850830078125,2093798
2023-04-13,334.11521055057216,335.85087398200375,331.07779954556696,332.3795471191406,1828727
2023-04-14,334.1151906775938,340.1900123262773,331.9456115173497,337.5865173339844,2626275
2023-04-17,337.1525959396362,347.1326599121094,334.11518516540525,347.1326599121094,3217647
2023-04-18,344.52920528338973,348.8683640401075,340.19004652667195,340.62396240234375,2764987
2023-04-19,341.9256512940084,343.6613144985465,334.1151668735869,335.850830078125,2388098
2023-04-20,331.511708762429,336.7186989524148,328.9082136674361,334.1152038574219,2277903
2023-04-21,332.3795393026492,333.2473709979564,318.0603163300808,318.4942321777344,5526051
2023-04-24,317.1924846347736,322.83339065427026,316.75856878712005,318.4942321777344,4558790
2023-04-25,321.0977257007438,321.0977257007438,297.66627004150035,298.968017578125,6629164
2023-04-26,300.26974814594655,300.26974814594655,292.02534754656364,299.40191650390625,4021142
2023-04-27,303.741089547245,313.28723807587266,299.8358469673518,311.55157470703125,4465018
2023-04-28,309.38199549597954,315.8907331291348,305.47675291608635,311.55157470703125,3654602
2023-05-02,311.1176291023685,317.19245031217764,306.3445552946613,315.456787109375,2307247
2023-05-03,315.4567878142647,319.7959458309671,314.5889562109242,319.3620300292969,1178631
2023-05-04,319.3620876736111,325.8708258734809,319.3620876736111,324.1351623535156,2458620
2023-05-05,323.7012257393592,323.7012257393592,317.1924879563962,317.62640380859375,2006772
2023-05-08,323.7012156251323,327.172542334249,318.9281414000968,320.2298889160156,3198231
2023-05-09,322.3994677299008,323.2672994061589,311.55157177667394,316.32464599609375,1978966
2023-05-10,314.1550538103163,322.8333702139162,314.1550538103163,319.79595947265625,1758064
2023-05-11,319.7959600044639,325.870781497086,318.49421254175917,323.7012023925781,2014334
2023-05-12,320.2298889160156,321.96555227057394,315.0228988523406,320.2298889160156,2070340
2023-05-15,321.09769323597783,321.9655248393183,316.32461941760516,319.3620300292969,1211245
2023-05-16,323.2673137073211,325.87080885127267,321.53165027802004,324.5690612792969,1612283
2023-05-17,326.3046770694259,328.4742560393024,323.7011823055741,325.0029296875,1868266
2023-05-18,328.9082370334201,328.9082370334201,322.83341471354163,324.1351623535156,1884298
2023-05-19,327.1725191156915,327.6064349235372,323.70119265292556,326.3046875,1467088
2023-05-22,326.30470440454394,327.1725360651943,324.135125252918,325.87078857421875,1158037
2023-05-23,326.30469731798763,327.1725289597908,323.26728657167655,323.7012023925781,1521401
2023-05-24,323.70123627365274,323.70123627365274,317.62641414519277,322.8334045410156,1389966
2023-05-25,321.0977308759805,326.7386369589369,321.0977308759805,321.5316467285156,1779502
2023-05-26,321.9655497608839,329.7760347955145,321.9655497608839,328.908203125,2538156
2023-05-29,334.1151939470743,341.4917631640877,332.8134464381896,336.71868896484375,3433802
2023-05-30,336.71872287326386,336.71872287326386,326.30474175347223,328.0404052734375,2827307
2023-05-31,330.6438565878344,335.8508464553593,328.47427747636567,331.5116882324219,2839431
2023-06-01,334.1151726982127,334.1151726982127,328.90818299382494,330.2099304199219,1220407
2023-06-02,333.24733527131787,336.28474587925956,331.51167206677974,335.850830078125,2250666
2023-06-05,335.8508775323668,338.02045684459137,333.24738235769723,335.4169616699219,1673196
2023-06-06,339.3222012422523,341.4917805340825,336.28479023368993,340.1900329589844,1935974
2023-06-07,344.529175184732,348.8683335623735,344.0952593469679,348.4344177246094,3025038
2023-06-08,348.8683399055578,348.8683399055578,339.3221913011768,342.79351806640625,2691709
2023-06-09,346.2648487327708,351.03792308873636,344.09526948005924,349.7361755371094,2638290
2023-06-12,355.81099406327354,355.81099406327354,346.26484544206374,350.60400390625,1976677
2023-06-13,352.7735638773772,360.58404868647045,351.03790058646763,359.7162170410156,2505068
2023-06-14,361.8858056970545,361.8858056970545,351.4718256769953,353.2074890136719,1680785
2023-06-15,357.5466473553632,357.9805631895323,351.9057415111645,353.2074890136719,2186911
2023-06-16,354.0753097724439,354.0753097724439,346.2648249980517,348.00048828125,2968585
2023-06-19,346.2648282623291,349.30223903656,343.66133331298823,347.1326599121094,879074
2023-06-20,348.43443426793937,348.43443426793937,340.1900329589844,340.1900329589844,2385530
2023-06-21,342.7935314910186,342.7935314910186,335.85087768866885,339.32220458984375,2393685
2023-06-26,335.850843702747,338.45433861517137,332.8134329715852,336.2847595214844,1413558
2023-06-27,336.2847731285488,341.4917631640877,334.1151939470743,336.71868896484375,1694695
2023-06-28,340.6239038906048,340.6239038906048,332.8134194701833,335.850830078125,1384799
2023-06-29,338.4543359188633,342.7934940716692,336.7186726577409,341.0578308105469,1288856
2023-06-30,339.3221702526462,341.9256651650706,330.6438538778982,336.2847595214844,2543907
2023-07-03,338.4543695255202,342.3596122508146,338.02045366715413,340.1900329589844,1145530
2023-07-04,339.3221810909208,343.6613394168917,337.58651776053244,341.49176025390625,1479309
2023-07-05,341.49174934633317,342.79349680254535,334.5490962465348,336.2847595214844,2219635
2023-07-06,332.81345630992547,338.88827819824223,330.64387706409804,334.1152038574219,3054953
2023-07-07,334.11521055057216,335.4169581241458,330.6438836877091,332.3795471191406,1963153
2023-07-10,328.908203125,331.94561397180075,328.04037145448547,328.908203125,1854319
2023-07-11,332.3795374676146,339.75610683700035,331.94562162235667,338.8882751464844,1391925
2023-07-12,336.28476702517275,343.6613361083056,335.4169353683336,342.3595886230469,1617149
2023-07-13,343.6613198138298,352.33963597074467,343.6613198138298,346.69873046875,2252338
2023-07-14,354.9431490430645,360.15013900457643,351.9057382321825,354.0753173828125,3170892
2023-07-17,354.0753309793834,356.24491021332574,348.8683408179219,354.5092468261719,1849736
2023-07-18,359.2823217334861,362.7536485135198,354.94316325844403,362.3197326660156,3704541
2023-07-19,361.8858098409262,364.489304875753,357.11273561041037,360.150146484375,3859223
2023-07-20,357.98056691921295,358.84839859659286,354.0753243710034,356.2449035644531,2334095
2023-07-21,350.60399802334337,360.150146484375,346.26483963196534,360.150146484375,3888865
2023-07-24,357.1127177446091,357.1127177446091,349.7361488483049,352.7735595703125,3476929
2023-07-25,354.94316237043626,355.81099406327354,350.17008805983136,350.60400390625,1673966
2023-07-26,354.94313081781917,354.94313081781917,345.3969830452128,346.69873046875,2312298
2023-07-27,348.4344217116434,358.4144860944177,348.4344217116434,355.3770751953125,2141051
2023-07-28,352.77359415930306,372.733723718132,351.4718465793794,367.5267333984375,4005858
2023-07-31,373.1676161496897,380.11026947340486,368.8284578223677,373.6015319824219,4712025
2023-08-01,372.7336937700393,375.3371887207031,367.092788043601,375.3371887207031,2047731
2023-08-02,377.50679207282616,390.52426766154434,376.20504451395436,380.9781188964844,5516299
2023-08-04,375.3372190600244,379.2424618016894,367.0928177165094,371.4319763183594,4734238
2023-08-07,365.3571365540286,366.2249682323042,354.0753247364458,360.150146484375,4092554
2023-08-08,358.4144690536871,364.92320638517054,354.94314247689596,355.81097412109375,2980829
2023-08-09,358.4144790237014,359.7162265262088,350.17007817448797,353.2074890136719,2040214
2023-08-10,348.00051186823634,351.03792281970476,343.66135336613866,345.8309326171875,3987320
2023-08-11,345.8309190069611,348.8683298388917,341.9256765087645,345.3970031738281,2010080
2023-08-14,345.3970007802926,354.0753173828125,345.3970007802926,354.0753173828125,2295461
2023-08-15,355.81099406327354,358.4144891417853,349.7361722134128,350.60400390625,1855599
2023-08-16,348.8683476134808,357.1127488630531,348.00051590299955,356.6788330078125,1987079
2023-08-17,351.4718392026936,356.2449135622364,350.6040075009586,353.64141845703125,1337069
2023-08-18,351.90575232591453,363.18756436102404,351.47183647841035,362.3197326660156,2611978
2023-08-21,370.9980669639093,370.9980669639093,358.414506797882,361.8858337402344,2427406
2023-08-22,363.6214522574712,364.48928388577065,354.50922016032695,357.546630859375,1603110
2023-08-23,357.54665144954816,360.150146484375,354.5092405755836,360.150146484375,939445
2023-08-24,358.4144642131729,369.69627543537933,358.4144642131729,369.2623596191406,1940737
2023-08-25,366.22497941837753,374.90329646620637,365.7910635659861,373.1676330566406,1693779
2023-08-28,373.16761240188634,375.77110737213206,367.9606224613949,370.5641174316406,1890417
2023-08-29,373.16763618388364,373.16763618388364,362.75365563921713,368.3945617675781,2591539
2023-08-30,369.69627543537933,376.2050126789599,366.22494890546966,369.2623596191406,3091923
2023-08-31,372.29977979158105,373.16761144610683,362.7536315917969,362.7536315917969,4801498
2023-09-01,368.8284709612901,370.9980502022389,363.18756493482334,370.1302185058594,3032940
2023-09-04,372.29978490369075,377.50677490234375,365.3571315721534,377.50677490234375,2564486
2023-09-05,372.73371496391724,389.65643310546875,372.73371496391724,389.65643310546875,4410827
2023-09-06,397.4669045200582,397.4669045200582,384.44942948119166,389.2225036621094,3483194
2023-09-07,387.48683330724054,388.78858078755604,382.71375921275046,387.05291748046875,2742758
2023-09-08,386.1851027089471,387.0529344004279,380.544196714322,386.6190185546875,3699818
2023-09-11,388.9285634735484,388.9285634735484,373.22360960407025,374.1474304199219,7030602
2023-09-12,377.8427149898691,377.8427149898691,367.21877557083855,370.4521484375,3437540
2023-09-13,368.6044933463954,369.52831413172464,362.13774784909015,364.9092102050781,3593594
2023-09-14,368.60451847271327,379.69036865234375,368.60451847271327,379.69036865234375,2497114
2023-09-15,381.53798587505634,387.08091060931866,380.61416508601263,384.3094482421875,3048647
2023-09-18,381.9998805945,390.7761777302865,379.2284183410937,386.1570739746094,2228658
2023-09-19,388.00474747367525,389.8523891283118,375.9950767185377,382.4618225097656,2934187
2023-09-20,381.0761102355353,382.9237519821318,371.8379015025526,373.2236328125,2580386
2023-09-21,362.13777231069713,365.8330557016226,356.59484722430886,360.2901306152344,4810384
2023-09-22,359.3662975529956,363.52349122648786,353.823372655006,362.59967041015625,1591599
2023-09-25,368.1425951168861,384.3094593942901,364.9092222614053,374.1474304199219,4753484
2023-09-26,371.8378883630187,372.7617092036722,366.75687373942463,367.6806945800781,1626155
2023-09-27,363.06158081832206,366.2949536754827,359.3662975529956,362.59967041015625,2309847
2023-09-28,362.5996582417548,367.68067256106605,362.5996582417548,364.9092102050781,1339490
2023-10-02,367.680667738394,372.2997716044542,363.98538464554576,368.142578125,1108778
2023-10-03,367.6807075727104,375.07127455909654,366.7568866994121,373.2236328125,1466561
2023-10-04,368.14260723990685,372.7617114712733,366.2949655473603,371.837890625,1673818
2023-10-05,372.7616750949767,378.7665100097656,371.3759439607946,378.7665100097656,2085824
2023-10-06,379.228463314501,379.228463314501,373.68553815034267,376.4570007324219,1237266
2023-10-11,380.15228128261083,389.85240024607964,379.22846042894713,383.8475646972656,3122374
2023-10-12,387.0809057733584,389.8523681058645,382.92371227459915,387.5428161621094,2239031
2023-10-13,384.3094615484301,391.2381177061542,381.53799908534046,389.8523864746094,2750424
2023-10-16,387.0809312464216,394.0095875336487,386.1571104081246,390.7762145996094,2221312
2023-10-17,390.77622109974334,391.70004195340704,383.38565427043375,383.8475646972656,2025277
2023-10-18,382.4618225097656,387.080926646357,379.6903600278108,382.4618225097656,2166970
2023-10-19,382.92372672555,389.8523828182922,381.5379955070016,389.3904724121094,1483253
2023-10-20,383.84755831238226,391.23812501875784,381.5380062166399,390.7762145996094,2025762
2023-10-23,376.4569813366345,377.3808021497305,365.8330419860301,366.2949523925781,5631783
2023-10-24,360.7520202945367,367.68067625409884,359.36628910262425,365.3711242675781,2748011
2023-10-25,365.8330479452055,373.6855249844334,365.8330479452055,370.9140625,1264348
2023-10-26,366.7568677751769,368.60450942643723,363.06158447265625,363.06158447265625,2340296
2023-10-27,360.2901110886614,363.98539427931433,352.8995447073555,361.67584228515625,3374022
2023-10-30,357.0567453266662,375.07125123577356,357.0567453266662,374.1474304199219,2094296
2023-10-31,375.07125622665006,377.8427187110835,369.99024167185553,370.9140625,1889915
2023-11-01,372.7617028326935,376.9188965445823,370.4521507705331,374.6093444824219,1329594
2023-11-02,378.7665258669386,381.53798825133083,374.60933229035027,376.91888427734375,1722499
2023-11-03,377.3808069570144,379.6903590191748,373.2236132451256,374.6093444824219,1884837
2023-11-06,378.30463375040443,382.4618275278814,375.9950816518061,379.22845458984375,1974572
2023-11-07,379.6903627141943,379.6903627141943,373.22361687721286,375.0712585449219,1413785
2023-11-08,378.7665464102504,387.54284443682934,375.5331734530897,383.3856506347656,3977701
2023-11-09,383.3856323242187,384.7713635253906,375.9950659179687,381.0760803222656,1520274
2023-11-10,377.84273202346145,380.61419460554066,375.5331798717288,376.4570007324219,1111005
2023-11-13,381.9999280762904,385.2333011071659,379.22846547839714,380.61419677734375,1490234
2023-11-14,385.23328730538753,391.70003313545396,382.92373522322094,386.6190185546875,2306089
2023-11-15,389.85238409898955,392.16193613749067,384.30945920658684,385.6951904296875,1726716
2023-11-16,387.5428210038405,387.5428210038405,380.61416508601263,384.3094482421875,1443616
2023-11-17,382.461832777362,396.3191455591505,382.461832777362,395.39532470703125,3198646
2023-11-20,396.7810216714067,400.0143943742005,393.5476489686129,394.9333801269531,1340325
2023-11-21,399.0905957371516,405.557341501411,396.7810436784875,397.7048645019531,1954552
2023-11-22,397.70484025607016,402.78585447536955,394.9333779546341,402.3239440917969,1257443
2023-11-23,404.17160157376367,405.0954223773609,399.09058715397924,400.476318359375,2103762
2023-11-24,400.47632798735805,414.33364037446387,400.47632798735805,405.5573425292969,2802061
2023-11-27,406.01926464599063,421.72421913741687,406.01926464599063,414.7955627441406,4513571
2023-11-28,414.79555047627696,419.87656501440506,409.2526255255918,417.1051025390625,2531332
2023-11-29,417.10509155273434,429.1147619628906,415.7193603515625,427.2671203613281,3871573
2023-11-30,421.26228144118465,421.72419183750173,415.2574462890625,415.2574462890625,4196433
2023-12-01,410.1764584819564,420.8003982849801,408.32881677708275,414.7955627441406,2145640
2023-12-04,412.02407714843747,415.7193603515625,410.176435546875,415.7193603515625,1258816
2023-12-05,415.2574585438841,418.49083141352503,409.71453362449967,412.9479064941406,1874184
2023-12-06,410.17644635070593,417.1051025390625,408.79071511303465,417.1051025390625,1391425
2023-12-07,413.871717511325,414.33362791033323,404.6335095311615,407.86688232421875,1660819
2023-12-08,412.4860083941534,415.71938136028893,409.25263542801775,410.63836669921875,1262712
2023-12-11,413.4098156169883,418.0289197020943,411.56217398294586,416.6431884765625,1789436
2023-12-12,420.33848501660367,424.4956788244602,418.02893290112786,422.1861267089844,2486307
2023-12-13,424.9575815434899,432.81005859375,422.64802946988397,432.81005859375,3884848
2023-12-14,434.1958078523962,454.5198669433594,431.424345249083,454.5198669433594,5194473
2023-12-15,453.13410153319296,453.13410153319296,439.7386999588172,442.5101623535156,4278920
2023-12-18,438.81490504488033,439.7387258976064,427.26714438580456,434.19580078125,4231381
2023-12-19,424.03374046615403,438.814873031423,419.4146365395075,437.89105224609375,6920141
2023-12-20,437.89108194418804,439.73872364015506,427.7290526163693,430.0386047363281,3960426
2023-12-21,426.3433044699542,430.03858771563097,422.18611081856784,424.03375244140625,3403640
2023-12-22,425.88140007545206,430.9624146099748,424.9575792509934,428.6528625488281,2046195
2023-12-25,429.57669651761967,436.9672633394282,429.11478609125663,434.19580078125,2037466
2023-12-26,439.27678955970083,442.9720727526321,434.65768556853675,442.5101623535156,2211336
2023-12-27,446.6673672667935,446.6673672667935,430.03859247713007,432.34814453125,3313500
2023-12-28,432.3481531943045,436.04343655493955,429.11478025374873,429.5766906738281,1837838
2023-12-29,430.9624083954861,436.04342285674045,426.80521474536886,435.5815124511719,1756855
2024-01-02,432.81004266863823,436.0434154527156,422.64801391868093,423.10992431640625,3128107
2024-01-03,422.6480311841036,422.6480311841036,415.7193749351839,417.5670166015625,3134589
2024-01-04,419.87656733864236,424.0337610746685,417.1051048479582,421.2622985839844,1953975
2024-01-05,419.4146472452484,419.4146472452484,412.02408077396643,416.1812744140625,2305623
2024-01-08,417.10509522297275,423.1099304808893,413.87172239178693,416.1812744140625,1533780
2024-01-09,422.6480274897477,422.6480274897477,412.94790882604855,417.1051025390625,2889428
2024-01-10,419.87656733864236,423.10994024444045,415.25746318750214,421.2622985839844,2143730
2024-01-11,421.72419926752394,424.03375128979957,413.87172239178693,416.1812744140625,1980380
2024-01-12,413.4098169040893,418.02892100357633,412.0240856742432,412.9479064941406,1434601
2024-01-15,415.7193663880065,424.95757452996224,415.25745598090873,420.3384704589844,1808539
2024-01-16,416.18126225418865,418.4908142089844,412.9478895174746,418.4908142089844,2368260
2024-01-17,412.0240845979279,414.7955470503804,405.0954284667969,405.0954284667969,3882232
2024-01-18,405.55734981190074,409.7145436026833,400.476335178722,406.4811706542969,2240388
2024-01-19,412.9478955664489,423.10992431640625,412.0240747709982,423.10992431640625,3734082
2024-01-22,416.64317747801374,422.1861022338188,413.8717151001112,415.2574462890625,3388361
2024-01-23,416.6431897737302,417.56701059362763,407.86689198470486,412.9479064941406,2892107
2024-01-24,418.9527220454902,421.26227398620404,409.71451428263487,414.3336181640625,3898542
2024-01-25,418.49082757289113,424.49566284711585,417.56700676147193,424.03375244140625,3341917
2024-01-26,416.1812962171393,422.6480422182935,415.7193857884854,418.9527587890625,1365662
2024-01-29,417.10510123260195,423.10993657703585,414.7955491770505,420.8003845214844,1284334
2024-01-30,420.33849007502414,424.0337735042551,418.9527587890625,418.9527587890625,1408222
2024-01-31,426.8052303813898,434.1957971412407,421.2623053115016,433.73388671875,4275690
2024-02-01,436.9672226099973,436.9672226099973,425.4194630272807,429.11474609375,2990509
2024-02-02,430.9624241838059,446.6673785484891,423.1099470014643,433.73388671875,6270541
2024-02-05,433.7338733858275,435.11960461070237,423.571844403412,428.1909484863281,2685820
2024-02-15,434.65770391208025,435.1196143306903,423.57185386543847,433.27197265625,2864215
2024-02-16,434.19579575406715,439.7387208062467,430.96242280696237,437.4291687011719,2163992
2024-02-19,438.81490504488033,438.81490504488033,433.27197992852393,434.19580078125,2226626
2024-02-20,450.8245813301282,477.6153863681891,447.12929787660255,450.3626708984375,13672938
2024-02-21,444.81972261531627,468.3771534080277,442.51017057681514,462.834228515625,7967677
2024-02-22,469.3009574718045,492.3964770324248,467.4533159069549,491.47265625,9306328
2024-02-23,511.7967013789705,520.1110882244773,498.8632107304045,505.3299560546875,12935164
2024-02-26,499.7870903776692,513.6444034195639,494.2441651609113,509.0252990722656,4314693
2024-02-27,514.5681884335041,537.6637085606812,511.7967260182429,523.806396484375,10169488
2024-02-29,522.8825902419267,529.3493360576394,513.6443819337653,525.654052734375,5573256
2024-03-01,533.9684103636615,534.8922311428374,521.958740234375,521.958740234375,5632215
2024-03-04,522.8826190622273,533.9684696430519,512.7205893631381,529.349365234375,7156252
2024-03-05,533.0446068750668,542.2828149664892,524.7302195927869,539.5113525390625,5332212
2024-03-06,541.3589892578125,564.4545092773437,533.9684228515624,554.29248046875,6756161
2024-03-07,557.9877710326539,567.2259791623336,547.8257420900062,555.21630859375,5962947
2024-03-08,571.8451040030744,572.768924849606,533.9684492952779,542.2828369140625,7777695
2024-03-11,545.0543010787459,558.911613818036,544.1304802294599,557.98779296875,4962116
2024-03-12,557.0639502196859,557.9877710326539,547.8257420900062,555.21630859375,2614936
2024-03-13,552.4448487151534,566.3021609738946,545.054282177158,547.8257446289062,4116062
2024-03-14,544.1304888495083,546.9019514412715,523.8064298432448,535.8161010742188,5468295
2024-03-15,533.9684394810738,548.7495727539062,528.4255145037615,548.7495727539062,5643497
2024-03-18,535.8161124536547,546.901963056144,529.3493662688692,545.0543212890625,5416504
2024-03-19,545.0542675863869,552.4448339265414,537.6637012462326,545.9780883789062,4954006
2024-03-20,549.673349289667,557.0639153305365,539.5113209834715,543.2066040039062,4452913
2024-03-21,552.4448438670537,552.4448438670537,526.5778612110713,539.5113525390625,5276741
2024-03-22,542.282805208829,546.9019091714256,532.1207764911168,545.9780883789062,4288787
2024-03-25,546.9019190122003,546.9019190122003,537.663710920778,539.5113525390625,2814158
2024-03-26,542.2827973762445,545.0542597137721,511.7967116634403,521.958740234375,6397204
2024-03-27,530.2731861161103,530.2731861161103,517.339693771815,529.349365234375,3398993
2024-03-28,524.7302671257855,526.5779089114396,507.17767016207085,514.5682373046875,5453710
2024-03-29,510.87290766243433,518.2634741385635,509.025266043402,516.4158325195312,1308000
2024-04-01,517.3396533290475,520.1111157575958,510.87290766243433,516.4158325195312,2072357
2024-04-02,516.4158372476068,528.425507881272,516.4158372476068,524.730224609375,3460682
2024-04-03,529.3493506971049,533.0446341225646,521.0349629898205,527.501708984375,3239353
2024-04-08,526.5778588996362,529.3493213148975,520.1111132640267,523.806396484375,2734718
2024-04-09,528.425507881272,532.120791153169,519.1872997015295,524.730224609375,2380174
2024-04-10,524.7302464152802,533.0446341225646,522.8826047025503,527.501708984375,2195304
2024-04-11,531.1969629250716,531.1969629250716,517.3396508487654,523.806396484375,2437826
2024-04-12,519.1873069186621,527.5016943960072,519.1873069186621,525.654052734375,2605843
2024-04-15,523.8064137831091,523.8064137831091,513.6443845915496,518.2634887695312,2052895
2024-04-16,507.17765733334636,514.5682242890235,505.33001559442704,509.0252990722656,3798959
2024-04-17,512.7205682051809,533.9684476082786,512.7205682051809,526.577880859375,4747778
2024-04-18,532.1207739002613,533.0445946882826,521.9587452320271,530.2731323242188,3130074
2024-04-19,523.8064090894616,526.5778715714164,506.2538133704144,509.9490966796875,5145207
2024-04-22,496.09176871890116,499.78705191233803,462.8342199779692,465.6056823730469,8936452
2024-04-23,474.8439039043352,478.5391872032016,466.52951648188576,471.14862060546875,3212358
2024-04-24,486.85359549256503,498.8632667286245,484.0821328996282,497.015625,4028298
2024-04-25,506.25381545582877,506.25381545582877,480.3868321843631,483.1582946777344,3511188
2024-04-26,489.6250492976262,490.54887014535757,474.8439157339243,480.3868408203125,4872286
2024-04-29,483.158263059902,495.1679330785994,480.38680074789494,486.8535461425781,4013286
2024-04-30,485.929751127383,485.929751127383,477.6153637506787,478.5391845703125,2687016
2024-05-02,476.69152210929855,477.61534288858013,467.4533143164827,472.0724182128906,4128582
2024-05-03,480.3868052264249,482.23444678498805,469.3009558750459,472.0724182128906,2509842
2024-05-06,472.0724182128906,475.76770133001696,469.3009558750459,472.0724182128906,2160646
2024-05-07,481.3106372070312,486.85356201171874,470.22478759765625,485.00592041015625,3918229
2024-05-08,485.0059422579679,490.54886731234467,482.23447973077947,487.77740478515625,2324862
2024-05-09,492.3964770324248,497.01558094454884,489.62501468515035,491.47265625,2764445
2024-05-10,491.47266852786504,491.47266852786504,476.691535639809,477.6153564453125,3999766
2024-05-13,480.38680074789494,490.5488292252542,480.38680074789494,486.8535461425781,2669705
2024-05-14,494.24414791277985,495.16796875,485.00593954057837,495.16796875,2961206
2024-05-15,498.8632460771981,499.787066903267,489.62503781650923,490.5488586425781,2545467
2024-05-16,496.0917484485689,505.3299560546875,495.16792768795705,505.3299560546875,4019441
2024-05-17,496.0917762036593,496.0917762036593,486.85356808068616,489.6250305175781,3685434
2024-05-20,493.3203211207848,497.9394252511292,485.00593368616484,490.5488586425781,3484577
2024-05-21,490.548874622482,493.3203371909706,485.0059494855048,488.70123291015625,2715641
2024-05-22,493.32033432262574,497.01561772579146,489.62505091945997,496.091796875,2250734
2024-05-23,490.5488560381095,503.48234753440613,490.5488560381095,497.9394226074219,3223808
2024-05-24,491.47268815474075,493.32032983953303,487.77740478515625,487.77740478515625,2339130
2024-05-27,492.3964770324248,503.48232642152254,489.62501468515035,491.47265625,3283168
2024-05-28,498.8632580092566,504.40618309824833,495.1679746165954,499.7870788574219,4667188
2024-05-29,514.5682054271459,522.8825929475128,508.1014595779718,518.2634887695312,6483875
2024-05-30,513.6443890487939,533.0446267646656,510.872926517955,526.577880859375,6332534
2024-05-31,528.4255083340528,530.2731499715844,499.7870629523121,501.63470458984375,7678893
2024-06-03,509.94908203125,521.034931640625,498.86323242187495,508.1014404296875,9055178
2024-06-04,507.1776246488764,509.02526626872657,483.158283590824,493.3203125,8256665
2024-06-05,494.2441446512197,496.09178631346725,477.6153696909917,483.1582946777344,8316972
2024-06-06,493.3203270755597,498.8632520988806,484.0821187033582,495.16796875,8954916
2024-06-07,497.93941782825397,498.8632386405513,486.85356808068616,489.6250305175781,6814914
2024-06-11,487.77738764044943,497.01559573970036,485.9297460205992,493.3203125,6165109
2024-06-12,490.54887037576896,505.3300039464136,490.54887037576896,499.7870788574219,6466650
2024-06-13,508.10148495446117,530.2731861161103,502.55855966404886,529.349365234375,6338445
2024-06-14,535.8160818733523,535.8160818733523,521.0349485802943,525.654052734375,3029115
2024-06-17,527.5016971254944,527.5016971254944,516.4158470983386,518.2634887695312,2083330
2024-06-18,518.2634887695312,523.8064137831091,513.6443845915496,518.2634887695312,2600622
2024-06-19,523.806391562185,523.806391562185,512.7205420053134,515.4920043945312,2927652
2024-06-20,517.3396217251333,533.0445745275034,516.4158009720527,520.111083984375,3168249
2024-06-21,517.3396606445312,521.0349439348494,512.7205565316336,517.3396606445312,4786520
2024-06-24,511.7967376421625,513.6443792943003,488.70121699044034,490.5488586425781,3942967
2024-06-25,493.3202978148496,494.24411859727445,485.0059107730263,491.47265625,2616163
2024-06-26,496.0917762036593,496.0917762036593,485.92974726838884,489.6250305175781,2766969
2024-06-27,485.0059264560915,489.62503051757807,477.615359957713,489.6250305175781,2547319
2024-06-28,490.54884640201107,505.3299792502826,488.7012047959771,504.4061584472656,6940422
2024-07-01,498.8632460771981,506.2538126857492,485.9297545122337,490.5488586425781,6473993
2024-07-02,487.7774092178771,496.09179687500006,481.3106632623371,496.091796875,6146114
2024-07-03,497.9393983167761,505.3299645255594,495.1679359884823,502.5585021972656,5331743
2024-07-04,507.1776196289062,509.02526123046874,494.24412841796874,508.1014404296875,5163227
2024-07-05,509.0252903686964,511.7967529296875,498.8632609783957,511.7967529296875,4586174
2024-07-08,511.79671507243864,514.5681774284266,501.6346864338162,510.8728942871094,4204195
2024-07-09,509.02530583619654,529.349365234375,507.17766407272575,529.349365234375,5830381
2024-07-10,530.2731642338267,530.2731642338267,517.3396724232456,526.577880859375,3622323
2024-07-11,526.5778396790287,537.6636889354293,524.7301981362953,536.7398681640625,2924832
2024-07-12,533.9684549789295,540.435200973484,525.6540672716451,527.501708984375,3014545
2024-07-15,529.3493286992463,530.2731495172205,521.034941337478,524.730224609375,1135657
2024-07-16,525.6540406146928,526.577861424209,514.568190900499,516.4158325195312,2221148
2024-07-17,512.7205810546875,518.2635062552787,501.6347306535051,512.7205810546875,3076513
2024-07-18,508.1014268538531,508.1014268538531,497.0155775406782,502.5585021972656,2981745
2024-07-19,500.7108789794008,503.48234140917606,491.4726708801498,493.3203125,2197438
2024-07-22,489.6250597264102,489.6250597264102,469.30100064342713,473.92010498046875,2675734
2024-07-23,475.7676968945498,491.47264999592323,475.7676968945498,486.8535461425781,1814196
2024-07-26,472.99627403846154,484.08212421123795,470.22481149526743,480.3868408203125,2122040
2024-07-29,485.9297565596987,488.7012190495829,461.44850456572146,463.758056640625,2754246
2024-07-30,459.138952490818,466.5295191305092,452.67220668108814,463.758056640625,3908341
2024-07-31,478.5391710996628,487.7773790359497,472.07242554426193,472.9962463378906,4315652
2024-08-01,481.3106396673265,485.92974369484403,473.92007322329846,477.6153564453125,2162726
2024-08-02,467.4533560791015,479.46302728271485,461.9104309082031,461.9104309082031,2278990
2024-08-05,443.4340032762097,444.3578241163685,419.4146614320817,429.5766906738281,3069856
2024-08-06,442.97208155165987,443.43399195995147,417.56700909562096,428.1909484863281,2675706
2024-08-07,438.8148910428849,455.4436658613521,438.8148910428849,451.7483825683594,2001534
2024-08-08,449.9007263183594,457.29129266445153,448.97690552509783,449.9007263183594,2540411
2024-08-09,460.06275513795043,472.99624624624624,454.5198303772523,461.448486328125,2020626
2024-08-12,463.7580468078493,474.8438965323397,463.7580468078493,470.22479248046875,1142786
2024-08-13,474.8439012917773,483.15828866848153,471.148618013242,478.5391845703125,1214049
2024-08-14,484.0821286293419,491.4726954786448,480.3868452046905,488.70123291015625,2259703
2024-08-15,489.6250269168581,489.6250269168581,477.6153564453125,477.6153564453125,1361577
2024-08-16,485.92974853515625,493.3203150528012,483.15828609103943,485.92974853515625,1912247
2024-08-19,485.9297412109375,513.644365234375,485.9297412109375,508.1014404296875,3445805
2024-08-20,511.7967013789705,515.491984421418,504.4061352940756,505.3299560546875,1545309
2024-08-21,500.7109011289572,506.2538262337058,495.1679760242086,496.091796875,1340753
2024-08-22,496.0917940752222,510.8729276044653,496.0917940752222,503.48236083984375,1141530
2024-08-23,498.86322021484375,503.48232410572194,492.3964747676143,498.86322021484375,1544337
2024-08-26,502.5585428305401,502.5585428305401,494.24415517341714,496.091796875,911297
2024-08-27,493.3203198014019,499.7870655665888,491.47267815420565,494.244140625,963179
2024-08-28,495.16793937969925,497.9394017269737,484.0820899906015,491.47265625,895429
2024-08-29,485.00594666550285,500.7109011289572,485.00594666550285,496.091796875,985289
2024-08-30,496.09178227219627,501.6347072137851,494.244140625,494.244140625,2105706
2024-09-02,497.9394385765829,502.5585428305401,495.1679760242086,496.091796875,815578
2024-09-03,494.2441259674015,500.71087154080675,490.54884278259846,492.396484375,1525217
2024-09-04,471.14862060546875,482.234470502068,460.5246811212278,471.14862060546875,2389420
2024-09-05,475.4361124966015,478.29444583826444,465.43194580078125,465.43194580078125,3489933
2024-09-06,466.8611229790581,485.9166790190197,465.43195627606104,480.20001220703125,2010304
2024-09-09,470.1958333333333,476.38888888888886,468.76666666666665,471.625,1940429
2024-09-10,472.5778004776968,476.3889117718718,463.5264111540313,465.9083557128906,1725156
2024-09-11,467.81390972118203,477.3416879232428,466.861131900976,472.1014099121094,1046487
2024-09-12,485.9166755001765,487.8222310903733,477.34167534429105,484.9638977050781,1115138
2024-09-13,484.0111158770535,485.91667145137257,476.38889357977706,482.1055603027344,1273107
2024-09-16,465.43196992792633,465.43196992792633,440.6597463493673,445.9000244140625,7039032
2024-09-18,449.71113176243284,450.1875206731981,441.13613136865763,443.04168701171875,4023867
2024-09-19,444.94724297876337,451.6166877343337,441.6125206009782,450.6639099121094,2602674
2024-09-20,453.522239392869,455.42779502057016,446.37640578898976,447.8055725097656,4643449
2024-09-23,452.0930562252557,458.28611178998517,448.75833399809363,457.8097229003906,2317767
2024-09-24,457.80974390105246,459.7152995468425,449.7111324064449,458.2861328125,1802851
2024-09-25,462.09722557846385,471.1486145330935,456.3805588702767,466.8611145019531,3396504
2024-09-26,464.0027925759372,472.1014039453324,464.0027925759372,467.81390380859375,2895668
2024-09-27,473.5305746595869,473.5305746595869,466.86112994607157,470.6722412109375,2583983
2024-09-30,464.95555344761806,466.38472010780544,448.7583312988281,448.7583312988281,2882337
2024-10-01,449.2347337023887,456.3805672183334,448.75834480132573,451.1402893066406,2085797
2024-10-04,449.7111324064449,461.6208551926325,449.7111324064449,458.2861328125,3040819
2024-10-07,454.95140847374176,460.66807538650085,450.1875193797759,456.8569641113281,1883645
2024-10-08,452.56944648324185,456.3805576115218,449.71111313703193,451.6166687011719,2628833
2024-10-09,457.3333435058594,468.76667709350585,455.9041768074036,457.3333435058594,2529385
2024-10-11,457.3333380461479,465.90833813451314,455.4277824709556,460.6680603027344,1149217
2024-10-14,461.14445121214567,466.3847290668291,460.19167342038503,462.09722900390625,876467
2024-10-15,464.95556840127045,468.7666796176743,461.1444571848666,466.3847351074219,1226220
2024-10-16,456.38058276750655,457.3333606020943,451.14030467727423,454.951416015625,2980002
2024-10-17,452.5694575503756,455.4277909664832,441.13612388594504,444.9472351074219,5218324
2024-10-18,450.6639095839634,455.42779869161626,442.0889091901882,443.04168701171875,2814409
2024-10-21,448.2819692467441,453.5222473144531,446.376413585759,453.5222473144531,2187998
2024-10-22,454.47502152091994,460.19168845829,451.6166880522349,458.2861328125,2492576
2024-10-23,455.4277894162074,457.8097339215223,449.2347337023887,451.1402893066406,2635929
2024-10-24,457.333347486413,467.81390336631,455.4277918718863,460.1916809082031,4307901
2024-10-25,462.57362389101803,467.81390181357335,461.1444571848666,466.3847351074219,2051675
2024-10-28,465.43195884815157,467.3375144626783,458.76251419730806,460.1916809082031,1294150
2024-10-29,458.28613672177653,463.0500258768885,453.9986364821757,461.14447021484375,1979650
2024-10-30,464.00278606036113,464.4791749577537,455.9041748046875,455.9041748046875,1520957
2024-11-01,431.60835040057145,465.90835175690825,430.6555725851177,463.0500183105469,4405869
2024-11-04,461.6208571676146,464.0028017350429,451.61668998441553,459.7153015136719,1883047
2024-11-05,459.23890865831106,461.620853205294,454.4750195643452,456.8569641113281,1249772
2024-11-06,460.1916813432806,474.4833484657427,457.33334791878815,467.81390380859375,2481061
2024-11-07,462.0972222222222,474.9597222222222,462.0972222222222,471.625,1723907
2024-11-08,470.6722490234375,481.1528051757812,470.6722490234375,476.388916015625,2017953
2024-11-11,473.5305710909123,478.2944601360925,468.76668204573207,475.4361267089844,1208408
2024-11-12,468.2902811789999,482.10555905711897,466.8611145019531,466.8611145019531,2218989
2024-11-13,465.9083333333333,475.4361111111111,465.9083333333333,471.625,1587878
2024-11-14,470.672221534306,472.10138819888385,462.0972215468389,464.0027770996094,2375393
2024-11-15,464.95556640625,477.3416778064165,464.4791775062436,464.95556640625,1605558
2024-11-18,465.9083560199085,477.3416899099676,464.9555781957369,473.53057861328125,3151641
2024-11-19,475.43611178388653,485.9166673542728,473.0541673360715,479.2472229003906,5096414
2024-11-20,472.5777893066406,472.5777893066406,472.5777893066406,472.5777893066406,4203226
2024-11-21,470.6722490234375,484.011138671875,470.1958601074219,476.388916015625,3735388
2024-11-22,482.1055725538571,482.1055725538571,461.620849609375,461.620849609375,3745993
2024-11-25,466.86112200627565,473.5305666063653,464.95556640625,464.95556640625,2622514
2024-11-26,463.0500123211157,471.62501254928446,458.76251220703125,458.76251220703125,1952416
2024-11-27,462.09724977503276,462.09724977503276,454.951416015625,454.951416015625,1365054
2024-11-28,457.333352664369,457.333352664369,446.37640775678517,449.2347412109375,1973256
2024-11-29,449.7111359924829,457.8097475516696,445.9000246705127,453.5222473144531,1855624
2024-12-02,456.85697022104654,474.0069711886771,456.85697022104654,468.7666931152344,1491367
2024-12-03,475.4361145642339,480.2000034877232,465.9083367172553,466.8611145019531,1780982
2024-12-04,467.33752684705837,486.86947241355114,467.33752684705837,484.0111389160156,2671194
2024-12-05,484.01113528721976,491.6333578901681,483.0583574618512,488.7750244140625,1480635
2024-12-06,494.49166532327206,511.6416652766803,492.58610977289334,499.25555419921875,5456946
2024-12-09,503.0666687364523,508.78333542663927,493.53889091947406,494.4916687011719,3634043
2024-12-10,495.4444694885137,503.06669209602927,493.5389138366348,496.3972473144531,3149727
2024-12-11,491.63333598938567,511.64166943081415,491.63333598938567,502.1138916015625,3736444
2024-12-12,502.11389910016743,508.78334368024554,500.2083435058594,500.2083435058594,2800904
2024-12-13,497.3500218766459,509.7361335325777,497.3500218766459,508.7833557128906,1866236
2024-12-16,504.97223301184334,518.3111221857412,504.01945521370783,507.83056640625,3123881
2024-12-17,511.64169339521214,527.8389164635894,509.7361377401089,519.263916015625,4597245
2024-12-18,513.5472529056299,524.0278090873774,508.7833637321082,522.1222534179688,2235850
2024-12-19,513.5472256384163,516.4055589907638,504.01944779725835,509.7361145019531,2616237
2024-12-20,506.877803694323,519.2639154387332,504.01947021484375,504.01947021484375,3078380
2024-12-23,513.5472487692948,516.4055822503856,509.73613746117394,511.6416931152344,1497229
2024-12-24,515.4527770881366,516.4055548646396,504.9722215466033,506.8777770996094,967553
2024-12-25,508.78333671783736,509.7361145019531,501.16111444491094,509.7361145019531,650144
2024-12-26,512.5944418053515,526.8861083984375,510.68888625960665,526.8861083984375,1908799
2024-12-27,525.933357484879,538.3194691647766,522.1222461987568,531.6500244140625,1810083
2024-12-30,534.5083657122673,541.1778105607269,527.8389208638076,537.36669921875,3233679
2024-12-31,530.6972395131286,541.1777954101562,524.9805726602044,541.1777954101562,5483924
2025-01-02,536.4139169115539,537.3666947391055,510.6889155676605,519.263916015625,4138634
2025-01-03,523.0750270395971,525.9333605206879,507.83058180711345,511.6416931152344,2904931
2025-01-06,513.5472222222222,519.2638888888889,510.68888888888887,514.5,2049338
2025-01-07,514.5000040465297,521.1694485434291,511.6416706907156,517.3583374023438,2306281
2025-01-08,517.3583333333333,521.1694444444444,511.64166666666665,514.5,2174582
2025-01-09,512.5944706532815,517.358359785747,502.1139145618576,504.01947021484375,3090780
2025-01-10,505.9250102887835,515.4527882603237,500.2083435058594,500.2083435058594,1881835
2025-01-13,496.39723937395706,500.2083506167514,483.05835002417706,490.6805725097656,2762298
2025-01-14,490.68055757438054,496.3972242645675,488.7750020109849,494.4916687011719,1152277
2025-01-15,492.5861360106953,498.302802966332,488.77502470693753,496.3972473144531,1576384
2025-01-16,504.9722440886407,511.6416888218869,501.1611328125,501.1611328125,1657949
2025-01-17,500.2083703930937,518.3111495120818,500.2083703930937,512.594482421875,2625914
2025-01-20,513.5472602702429,520.2167052088174,508.78337102840385,512.594482421875,1974672
2025-01-21,508.7833333333333,518.3111111111111,508.7833333333333,514.5,1268968
2025-01-22,514.5000229726419,523.0750233555192,511.6416895116827,516.4055786132812,2055794
2025-02-03,506.877803694323,510.68891500029537,498.30280325588524,504.01947021484375,3189150
2025-02-04,510.6888876112148,548.7999986269771,510.6888876112148,542.1305541992188,6536901
2025-02-05,550.7055500151833,557.3749943925299,539.272216796875,539.272216796875,6223835
2025-02-06,528.7916862190544,537.3666865361201,509.7361299589083,513.5472412109375,7057186
2025-02-07,517.3583306697135,529.7444417170547,515.4527751239686,526.8861083984375,4008253
2025-02-10,525.9333763464991,533.5555991921005,521.1694870679983,530.697265625,3546594
2025-02-11,532.602783203125,533.5555609906082,525.9333386907424,532.602783203125,2286351
2025-02-12,533.5555991921005,541.177822037702,529.7444877692999,530.697265625,2291341
2025-02-13,530.6972426405898,534.5083538983318,522.12224231067,528.7916870117188,2895319
2025-02-14,528.791698260899,530.6972539303076,518.3111420791514,522.1222534179688,2419954
2025-02-17,523.0749932306463,533.5555486505682,522.1222154651989,524.0277709960938,1553747
2025-02-18,524.0278129785333,525.9333686620917,520.2167016114167,524.9805908203125,1072546
2025-02-19,526.8861083984375,536.4138861271615,524.0277750798202,526.8861083984375,2227979
2025-02-20,527.8389091972832,533.5555760838963,524.0277979395411,528.7916870117188,1494522
2025-02-21,533.5555501877209,540.2249945650674,528.791661346759,539.272216796875,1781312
2025-02-24,534.5083507484113,541.1777954101562,533.5555729395907,541.1777954101562,1862236
2025-02-25,537.3666530064174,543.0833195277622,531.6499864850725,533.5555419921875,2138363
2025-02-26,532.6027872214538,537.366676194812,525.9333426587522,535.4611206054688,2528304
2025-02-27,536.4138819469105,540.2249930087003,524.0277709960938,524.0277709960938,2282907
2025-03-03,529.7444648261543,529.7444648261543,520.2166866817989,528.7916870117188,2006209
2025-03-04,519.2639199138558,526.8861425914904,516.4055864097428,522.1222534179688,4131798
2025-03-05,524.9805757539766,535.4611317127674,524.0277979395411,528.7916870117188,2364413
2025-03-06,528.7917099135997,530.697265625,522.1222649236984,530.697265625,1630595
2025-03-07,526.8861313828477,536.4139095272029,525.9333535684121,528.7916870117188,1775439
2025-03-10,528.7916639441822,532.6027750356719,522.1222195340755,526.8861083984375,1709574
2025-03-11,518.3110979352679,535.4610974993025,514.4999869210379,533.5555419921875,4931470
2025-03-12,533.5555953153204,536.4139288616525,526.8861503738789,527.8389282226562,1963271
2025-03-13,528.7917058441276,530.6972615408632,512.594482421875,512.594482421875,1607691
2025-03-14,516.4055938153463,518.3111495120818,508.78337102840385,512.594482421875,2149427
2025-03-17,516.4055589907638,518.3111145589953,508.78333671783736,509.7361145019531,1430267
2025-03-18,512.5944337722806,521.16943359375,511.64165601433956,521.16943359375,1381361
2025-03-19,521.1694869572045,523.0750426681998,513.5472641132235,515.4528198242188,1291152
2025-03-20,519.26392758366,529.744483920211,518.3111497348826,527.8389282226562,1605750
2025-03-21,524.0277644566127,535.4610974993025,523.0749867030552,533.5555419921875,2380849
2025-03-24,533.5555569216502,540.2250013831708,529.7444458007812,529.7444458007812,1808318
2025-03-25,533.5555650161255,540.225009578827,531.6500094267822,535.4611206054688,2262083
2025-03-26,539.272250959155,539.272250959155,530.6972505022073,534.5083618164062,1464442
2025-03-27,527.8389164635894,529.7444721186927,519.263916015625,519.263916015625,1906887
2025-03-28,514.5000307403342,524.0278090873774,513.5472529056299,522.1222534179688,1915637
2025-03-31,511.64168477104,515.4527960170068,498.30279541015625,498.30279541015625,3016576
2025-04-01,500.2083435058594,505.9250102887835,496.3972323172433,500.2083435058594,3294620
2025-04-02,501.1611178416126,516.4055624907871,501.1611178416126,504.97222900390625,2355138
2025-04-07,454.4750061035156,454.4750061035156,454.4750061035156,454.4750061035156,769369
2025-04-08,418.2694649310011,443.04168836655015,415.41113145766855,429.2264099121094,4818346
2025-04-09,421.1277845902876,436.8486181779341,412.07639555497605,419.22222900390625,5175824
2025-04-10,461.14447021484375,461.14447021484375,461.14447021484375,461.14447021484375,544145
2025-04-11,457.8097234976035,488.7750013616453,440.18333455961044,486.86944580078125,3649694
2025-04-14,491.633361328125,492.5861391601562,476.388916015625,476.388916015625,3923020
2025-04-15,477.341678801037,483.05834561302544,473.05417869204564,480.20001220703125,2165320
2025-04-16,474.48334889994834,484.01112699030875,471.6250154728402,475.4361267089844,2194364
2025-04-17,474.48336059089723,490.6805837435985,471.62502709336167,484.0111389160156,1996953
2025-04-18,488.7750241119083,488.7750241119083,475.91252347738435,481.1528015136719,1852341
2025-04-21,481.15279398961417,484.96390522913583,475.4361271303316,483.058349609375,1125697
2025-04-22,484.011122918898,485.91667852094093,472.5777893066406,472.5777893066406,1347186
2025-04-23,481.1527757866438,492.5861090726631,481.1527757866438,491.6333312988281,1929594
2025-04-24,491.6333381743299,493.538893748649,482.1055603027344,482.1055603027344,1287105
2025-04-25,493.53889892578127,506.87778808593754,493.53889892578127,500.2083435058594,2438647
2025-04-28,500.2083319744081,505.9249986255442,494.49166532327206,499.25555419921875,1056518
2025-04-29,497.35000204626533,499.255557609661,489.7277797926827,494.4916687011719,2009043
2025-04-30,496.3972208736507,502.11388752478683,493.5388875480827,499.25555419921875,1692205
2025-05-02,500.20835800926284,503.0666914836015,476.38891238977413,481.1528015136719,3570151
2025-05-05,484.01112699030875,484.01112699030875,468.76668204573207,475.4361267089844,3091723
2025-05-06,483.0583395284933,483.0583395284933,473.530561628523,475.9125061035156,2381504
2025-05-07,481.1527784586427,486.8694451333988,474.95972289432353,479.2472229003906,2190258
2025-05-08,480.2000087295862,486.8694532952749,479.24723093448785,484.9638977050781,1395373
2025-05-09,486.86946876332536,492.58613571553667,484.01113528721976,488.7750244140625,2033665
2025-05-12,489.7277982823989,492.586131735409,484.9639091940487,485.91668701171875,1209321
2025-05-13,498.302791419396,507.8305694580078,493.53890240009014,495.4444580078125,2879589
2025-05-14,502.1139026348407,502.1139026348407,494.4916802039513,495.4444580078125,2180583
2025-05-15,496.39723179003715,502.1138985668898,491.6333428093266,492.58612060546875,2925230
2025-05-16,497.3500211855619,497.3500211855619,488.7750208202936,493.5389099121094,2082432
2025-05-19,489.727802239431,494.49169136627376,488.7750244140625,488.7750244140625,1389220
2025-05-20,498.30277982796315,501.16111317305666,494.4916687011719,494.4916687011719,2187632
2025-05-21,500.2083435058594,501.16112130301343,494.49167672293527,500.2083435058594,1320842
2025-05-22,495.44445847020006,505.92501432245433,493.5389028606993,503.0666809082031,1614379
2025-05-23,507.8305771875565,507.8305771875565,492.5861320937462,493.5389099121094,2249832
2025-05-26,495.4444510981722,505.92500679447966,493.53889551702537,504.97222900390625,3035396
2025-05-27,500.2083586182109,504.0194699219687,494.4916916625742,496.3972473144531,2922110
2025-05-28,505.9250187068791,514.5000190239448,503.06668526785717,513.5472412109375,4136269
2025-05-29,519.2639312462093,520.2167091017069,506.8778191247401,515.4528198242188,4640578
2025-06-02,515.4527882603237,517.3583438546317,497.3500101143973,500.2083435058594,2438528
2025-06-03,501.1611150527308,517.3583374023438,498.3027816969167,517.3583374023438,3279122
2025-06-04,510.6889305467306,516.4055976797164,508.78337483573534,515.4528198242188,3073078
2025-06-05,514.500008048592,525.933341560783,513.5472302559094,520.2166748046875,2786664
2025-06-06,522.1222263287004,522.1222263287004,510.6888929054443,517.3583374023438,1860775
2025-06-09,519.2638821688565,525.9333265269886,516.4055488725143,524.0277709960938,1576840
2025-06-10,526.8861313828477,530.6972426405898,522.12224231067,528.7916870117188,1454578
2025-06-11,530.6972316321105,536.4138984001404,528.7916760427672,535.4611206054688,1127153
2025-06-12,534.5083538983318,534.5083538983318,524.9805757539766,528.7916870117188,1530760
2025-06-13,523.0749932306463,526.8861042924361,520.216659934304,524.0277709960938,1618154
2025-06-16,518.3111044034091,525.9333265269886,517.3583266379617,524.0277709960938,1357305
2025-06-17,528.7917099135997,533.5555991921005,525.9333763464991,530.697265625,1874660
2025-06-18,524.9805528526927,530.6972194899271,521.1694417612031,526.8861083984375,1988688
2025-06-19,552.6111125259948,562.1388903281671,526.8861124601295,529.7444458007812,5637603
2025-06-20,523.0749932306463,529.7444375887784,518.3111044034091,524.0277709960938,3698132
2025-06-23,516.4055825329701,523.0750273258313,513.5472490503154,519.263916015625,2660696
2025-06-24,528.7917021874291,534.508369238104,524.9805908203125,524.9805908203125,2403933
2025-06-25,529.7444498406753,537.3666721405411,529.7444498406753,532.602783203125,1999784
2025-06-26,530.697208731515,539.2722085135323,528.7916532244001,533.5555419921875,2254518
2025-06-27,529.744476534796,541.1778105607269,529.744476534796,537.36669921875,1350239
2025-06-30,537.366703093998,542.1305923058242,534.5083695669023,540.2250366210938,1207601
2025-07-01,540.2250287877048,542.1305844448042,531.6500283307571,534.5083618164062,1760128
2025-07-02,534.5083438648898,552.6111219993512,533.5555660683391,550.70556640625,2809421
2025-07-03,552.6111179517663,555.4694513204823,543.0833400560462,547.8472290039062,1792509
2025-07-04,549.7527737437244,554.5166625976562,543.08332934822,554.5166625976562,3250166
2025-07-07,553.5638875039474,553.5638875039474,539.2722208730365,542.1305541992188,1469411
2025-07-08,544.9888985521852,545.941676346857,530.6972316321105,535.4611206054688,1530217
2025-07-09,533.5555806974086,547.8472480375177,533.5555806974086,546.8944702148438,1552655
2025-07-10,544.0361406402324,551.6583632761725,543.0833628107398,549.7528076171875,1562398
2025-07-11,550.70556640625,553.5638997959019,548.8000108131488,550.70556640625,1389428
2025-07-14,554.5167006920124,554.5167006920124,548.8000336745689,552.6111450195312,1332574
2025-07-15,549.7528228493469,551.6583785611298,545.9417114257812,545.9417114257812,1072051
2025-07-16,545.9416813809368,556.4222372189652,544.9889035774796,553.5639038085938,1882380
2025-07-17,553.5639077800594,557.3750190212302,551.6583521594739,556.4222412109375,1229510
2025-07-18,557.375,559.2805555555556,553.5638888888889,557.375,1558875
2025-07-21,556.4222524236352,557.3750302531276,546.8944741287099,549.7528076171875,1504295
2025-07-22,552.6111070560836,563.0916625347334,551.6583292852972,554.5166625976562,2350951
2025-07-23,560.2333402683424,564.9972292162024,545.9416734247623,547.8472290039062,2012130
2025-07-24,549.7527805141635,551.658336079204,543.083336036522,544.9888916015625,820746
2025-07-25,544.9888916015625,550.7055582966838,540.2250026889615,544.9888916015625,1125524
2025-07-28,550.7055433061388,550.7055433061388,543.0833212534586,548.7999877929688,775994
2025-07-29,548.7999877929688,553.5638765758938,544.0360990100437,548.7999877929688,1301071
2025-07-30,548.8000297876949,551.6583632761725,543.0833628107398,549.7528076171875,964596
2025-07-31,545.9416734247623,552.6111179517663,543.0833400560462,547.8472290039062,1257508
2025-08-04,511.64169339521214,525.9333608084862,499.25558163704125,519.263916015625,2261553
2025-08-05,525.9333386907424,535.4611165655747,522.1222275408095,532.602783203125,3231582
2025-08-06,532.6028053098995,532.6028053098995,511.6416931152344,511.6416931152344,2953168
2025-08-07,513.5472372254329,521.1694596703372,509.7361260029807,510.68890380859375,2717007
2025-08-08,508.783352145901,518.311130275974,508.783352145901,513.5472412109375,2563326
2025-08-11,513.5472331950633,513.5472331950633,506.8777886081145,507.83056640625,1393256
2025-08-12,507.83057393506874,512.5944629963733,501.1611292492423,505.9250183105469,3394334
2025-08-13,503.0666700131425,512.5944478543006,503.0666700131425,509.7361145019531,3104094
2025-08-14,512.594448475987,521.1694485434291,509.73611512017294,517.3583374023438,3656286
2025-08-15,514.5,516.4055555555556,508.7833333333333,514.5,1930201
2025-08-18,511.64166666666665,517.3583333333333,510.68888888888887,514.5,2181216
2025-08-19,511.6416659821245,515.4527770881366,506.8777770996093,506.8777770996094,2324914
2025-08-20,504.9722284192783,508.78333957715967,496.39722831404526,497.3500061035156,3195878
2025-08-21,501.16112130301343,505.9250102887835,498.3027879115514,500.2083435058594,2369131
2025-08-22,499.255573221648,504.01946227910645,496.3972397871729,498.30279541015625,1605461
2025-08-25,504.9722444341424,512.5944669916389,504.9722444341424,508.7833557128906,1023274
2025-08-26,506.8777631871841,520.21665169211,505.92498543683223,518.3110961914062,4044413
2025-08-27,516.4055825329701,522.1222494982798,513.5472490503154,519.263916015625,2123702
2025-08-28,519.263916015625,525.9333608084862,518.3111381880734,519.263916015625,2708175
2025-08-29,520.2166895491354,524.9805786475706,508.7833557128906,508.7833557128906,2586223
2025-09-01,513.5472451523221,519.2639120742404,508.7833560507236,516.4055786132812,2015136
2025-09-02,520.216655835809,524.0277668675731,514.4999892881627,521.16943359375,1903416
2025-09-03,524.0278011758389,524.0278011758389,516.4055786132812,516.4055786132812,921389
2025-09-04,503.06666599359727,519.2638881941486,503.06666599359727,506.8777770996094,2745243
2025-09-05,514.5000190239448,515.4527968369522,506.8777965198864,513.5472412109375,2503660
2025-09-08,516.4055825329701,523.0750273258313,515.4528047054185,519.263916015625,3382556
2025-09-09,519.2638888888889,521.1694444444444,510.68888888888887,514.5,3256825
2025-09-10,500.0,517.0,498.0,510.0,5243369
2025-09-11,515.0,533.0,511.0,525.0,3762721
2025-09-12,520.0,530.0,520.0,526.0,2120139
2025-09-15,521.0,530.0,521.0,526.0,1505794
2025-09-16,530.0,544.0,530.0,544.0,2842168
2025-09-17,545.0,546.0,536.0,542.0,1486438
2025-09-18,542.0,545.0,539.0,543.0,1587376
2025-09-19,544.0,546.0,540.0,544.0,2462807
2025-09-22,548.0,548.0,539.0,543.0,2054486
2025-09-23,542.0,546.0,540.0,540.0,1609063
2025-09-24,549.0,557.0,545.0,546.0,2747481
2025-09-25,549.0,550.0,540.0,540.0,2071187
2025-09-26,545.0,547.0,534.0,539.0,1239130
2025-09-30,549.0,555.0,540.0,550.0,3497387
2025-10-01,548.0,548.0,522.0,522.0,3498959
2025-10-02,522.0,531.0,522.0,527.0,1378614
2025-10-03,536.0,538.0,532.0,532.0,1217683
2025-10-07,535.0,549.0,534.0,546.0,1685129
2025-10-08,548.0,552.0,544.0,549.0,2143029
2025-10-09,554.0,563.0,552.0,555.0,1789922
2025-10-13,549.0,552.0,542.0,544.0,2907470
2025-10-14,557.0,563.0,541.0,541.0,2415602
2025-10-15,542.0,542.0,526.0,530.0,3168236
2025-10-16,536.0,539.0,532.0,535.0,1463166
2025-10-17,539.0,540.0,532.0,533.0,1408215
2025-10-20,540.0,541.0,529.0,531.0,1713623
2025-10-21,540.0,542.0,535.0,537.0,945427
2025-10-22,542.0,542.0,537.0,540.0,886113
2025-10-23,535.0,538.0,532.0,533.0,941707
2025-10-27,541.0,542.0,523.0,525.0,2346660
2025-10-28,526.0,528.0,512.0,517.0,2868020
2025-10-29,528.0,529.0,516.0,516.0,2042836
2025-10-30,516.0,516.0,509.0,512.0,1915713
2025-10-31,519.0,521.0,508.0,515.0,2302742
2025-11-03,511.0,513.0,500.0,500.0,2172337
2025-11-04,507.0,514.0,502.0,506.0,2817384
2025-11-05,507.0,507.0,497.0,503.0,2133187
2025-11-06,506.0,507.0,501.0,505.0,1219165
2025-11-07,503.0,510.0,498.5,506.0,1623428
2025-11-10,513.0,513.0,502.0,502.0,1645515
2025-11-11,505.0,509.0,498.5,501.0,2000550
2025-11-12,497.0,501.0,495.0,496.5,1543297
2025-11-13,491.0,499.5,486.5,496.0,1793392
2025-11-14,497.0,510.0,495.0,503.0,2716277
2025-11-17,501.0,505.0,497.5,497.5,1949900
2025-11-18,497.5,499.5,490.0,493.5,2573987
2025-11-19,498.5,498.5,485.0,488.5,2155516
2025-11-20,494.0,497.5,490.0,496.5,1671233
2025-11-21,495.0,501.0,490.0,498.0,2313576
2025-11-24,515.0,516.0,494.0,508.0,5854169
2025-11-25,506.0,513.0,503.0,511.0,2202155
2025-11-26,508.0,522.0,508.0,521.0,2528254
2025-11-27,524.0,524.0,512.0,521.0,2046715
2025-11-28,522.0,524.0,518.0,521.0,1289524
2025-12-01,526.0,533.0,522.0,533.0,2104536
2025-12-02,532.0,542.0,527.0,542.0,2224750
2025-12-03,542.0,544.0,536.0,538.0,1748381
2025-12-04,537.0,541.0,529.0,533.0,1236338
2025-12-05,529.0,533.0,524.0,533.0,1193263
2025-12-08,534.0,537.0,529.0,533.0,983757
2025-12-09,535.0,535.0,528.0,534.0,908484
2025-12-10,536.0,540.0,533.0,539.0,1390364
2025-12-11,542.0,543.0,528.0,532.0,1249511
2025-12-12,536.0,537.0,525.0,528.0,932286
2025-12-15,523.0,528.0,520.0,527.0,1528208
2025-12-16,521.0,523.0,510.0,514.0,1841718
2025-12-17,516.0,519.0,510.0,514.0,2177129
2025-12-18,513.0,516.0,505.0,507.0,1943482
2025-12-19,507.0,508.0,497.0,497.0,3207158
2025-12-22,500.0,501.0,492.0,492.0,1856105
2025-12-23,494.0,496.5,487.0,488.0,1590672
2025-12-24,500.0,500.0,487.5,490.5,1951244
2025-12-26,492.0,492.0,485.5,485.5,1474756
2025-12-29,486.0,488.5,482.5,484.0,1208054
2025-12-30,485.5,485.5,480.0,481.0,983431
2025-12-31,484.5,490.0,483.0,489.0,1165329
2026-01-02,494.5,497.0,487.5,487.5,3457795
2026-01-05,496.0,497.0,488.5,493.5,2400076
2026-01-06,500.0,515.0,494.5,512.0,2786138
2026-01-07,523.0,530.0,518.0,530.0,2846823
2026-01-08,532.0,532.0,525.0,529.0,2680166
2026-01-09,525.0,525.0,507.0,510.0,2890645
2026-01-12,513.0,558.0,513.0,539.0,4360688
2026-01-13,592.0,592.0,567.0,576.0,16104538
2026-01-14,564.0,564.0,525.0,532.0,8852484
2026-01-15,534.0,534.0,505.0,513.0,6239980
2026-01-16,519.0,519.0,506.0,509.0,3213034
2026-01-19,509.0,522.0,501.0,515.0,3672402
2026-01-20,515.0,524.0,514.0,517.0,2389798
2026-01-21,513.0,514.0,502.0,502.0,2687297
2026-01-22,510.0,515.0,509.0,513.0,1809591
2026-01-23,513.0,519.0,506.0,507.0,3012846
2026-01-26,502.0,519.0,501.0,517.0,2544991
2026-01-27,523.0,532.0,518.0,530.0,3414290
2026-01-28,531.0,535.0,518.0,525.0,2699602
2026-01-29,484.0,518.0,483.0,511.0,7588568
2026-01-30,500.0,502.0,483.5,483.5,6320967
2026-02-02,483.5,487.5,470.0,475.0,3157454
2026-02-03,482.0,492.5,479.5,487.0,3357912
2026-02-04,485.0,486.0,475.5,476.0,4220497
2026-02-05,475.0,476.0,463.0,463.0,4621311
2026-02-06,459.5,474.5,457.0,472.5,3880894
2026-02-09,480.0,482.0,468.0,470.5,2817837
2026-02-10,470.5,480.0,470.5,478.5,1719972
2026-02-11,478.5,478.5,472.0,476.0,2384963
2026-02-23,498.0,498.0,469.0,476.0,5454978
2026-02-24,475.0,480.0,473.0,475.0,3134627
2026-02-25,476.0,481.5,474.0,474.5,2767254
2026-02-26,475.0,482.0,475.0,481.5,4753618
2026-03-02,481.5,481.5,472.0,477.5,3020535
2026-03-03,474.0,476.0,463.0,463.0,3190199
2026-03-04,454.5,456.0,445.0,445.0,4187201
2026-03-05,452.0,462.0,452.0,456.0,3270704
2026-03-06,456.0,465.0,453.0,463.0,1781666
2026-03-09,438.0,484.0,438.0,484.0,6047945
2026-03-10,471.0,473.5,453.5,460.0,5328249
2026-03-11,460.0,477.5,459.0,474.0,4074546
2026-03-12,469.0,479.0,466.5,473.0,3093384
2026-03-13,467.0,472.5,466.0,470.0,1648239
2026-03-16,477.5,480.0,472.5,480.0,2246554
2026-03-17,480.0,485.0,478.5,480.0,2387701
2026-03-18,485.0,485.0,476.5,482.0,2563860
2026-03-19,481.5,483.0,473.0,476.5,2767430
2026-03-20,473.5,481.5,472.5,479.5,14257482
2026-03-23,474.0,478.5,469.0,469.5,3308368
2026-03-24,479.5,484.0,474.5,480.5,1900271
2026-03-25,488.5,490.5,480.5,489.0,2966707
2026-03-26,488.5,495.0,485.0,489.0,1943326
2026-03-27,490.0,498.0,485.5,494.5,2844204
2026-03-30,488.0,492.5,481.0,488.0,2763737
2026-03-31,481.0,489.5,478.0,478.0,3898637
2026-04-01,491.5,491.5,480.5,484.5,2503620
2026-04-02,488.0,493.0,484.5,488.0,2375636
2026-04-07,493.0,503.0,490.5,499.0,2431188
2026-04-08,510.0,510.0,501.0,505.0,2669220
2026-04-09,506.0,512.0,502.0,512.0,2924273
2026-04-10,510.0,516.0,506.0,508.0,2365389
2026-04-13,510.0,525.0,500.0,525.0,3675679
2026-04-14,514.0,527.0,514.0,524.0,2838610
2026-04-15,527.0,530.0,522.0,525.0,3394791
2026-04-16,535.0,540.0,530.0,540.0,5739142
2026-04-17,531.0,538.0,528.0,531.0,3286128
2026-04-20,539.0,544.0,534.0,538.0,4604765
2026-04-21,538.0,560.0,538.0,551.0,4345467
2026-04-22,549.0,567.0,549.0,567.0,3958665
2026-04-23,569.0,575.0,535.0,542.0,6485277
2026-04-24,542.0,544.0,530.0,539.0,3638839
2026-04-27,545.0,558.0,537.0,555.0,2920170
2026-04-28,563.0,564.0,554.0,561.0,2385696
2026-04-29,561.0,561.0,541.0,551.0,2638711
2026-04-30,545.0,556.0,535.0,537.0,2791796
2026-05-04,535.0,548.0,524.0,528.0,4969962
2026-05-05,528.0,534.0,526.0,533.0,2805919
2026-05-06,543.0,548.0,533.0,544.0,4180544
2026-05-07,550.0,551.0,535.0,539.0,3623447
2026-05-08,555.0,592.0,551.0,592.0,8811464
2026-05-11,615.0,615.0,581.0,584.0,9602620
2026-05-12,581.0,583.0,555.0,555.0,6101118
2026-05-13,555.0,563.0,539.0,552.0,3871889
2026-05-14,559.0,577.0,556.0,574.0,3152727
2026-05-15,577.0,583.0,536.0,536.0,6292761
2026-05-18,546.0,563.0,536.0,560.0,4330090
2026-05-19,565.0,583.0,552.0,555.0,5062165
2026-05-20,564.0,572.0,556.0,567.0,3316526
2026-05-21,579.0,582.0,571.0,575.0,2894782
2026-05-22,574.0,578.0,566.0,578.0,3667471
2026-05-25,584.0,594.0,578.0,583.0,3991607
2026-05-26,590.0,594.0,584.0,590.0,2871847
2026-05-27,595.0,624.0,595.0,605.0,5827252
2026-05-28,605.0,616.0,593.0,594.0,4163029
2026-05-29,613.0,615.0,580.0,580.0,6975316
2026-06-01,595.0,610.0,583.0,609.0,5587977
2026-06-02,612.0,653.0,602.0,653.0,11129258
2026-06-03,685.0,689.0,642.0,646.0,9727263
2026-06-04,640.0,645.0,624.0,624.0,7181854
2026-06-05,629.0,660.0,605.0,643.0,8793285
2026-06-08,579.0,600.0,579.0,596.0,8276243
2026-06-09,590.0,655.0,586.0,651.0,7037816
2026-06-10,635.0,657.0,633.0,645.0,6551895
2026-06-11,645.0,655.0,602.0,655.0,7046272
2026-06-12,655.0,665.0,616.0,618.0,4460068
2026-06-15,639.0,644.0,616.0,634.0,2491075
2026-06-16,640.0,678.0,631.0,678.0,4114170
2026-06-17,677.0,745.0,662.0,745.0,5513887
2026-06-18,770.0,819.0,754.0,819.0,6476508
2026-06-22,840.0,900.0,840.0,900.0,6927501
2026-06-23,948.0,970.0,857.0,863.0,7155212
2026-06-24,821.0,851.0,801.0,803.0,6448872
2026-06-25,795.0,834.0,787.0,814.0,7482251
2026-06-26,780.0,787.0,736.0,740.0,6809208
2026-06-29,759.0,814.0,751.0,783.0,6041612
2026-06-30,803.0,833.0,782.0,806.0,6671062
2026-07-01,831.0,862.0,787.0,829.0,9254752
2026-07-02,801.0,838.0,801.0,811.0,4300865
2026-07-03,802.0,806.0,781.0,783.0,4209852
2026-07-06,793.0,807.0,769.0,769.0,3106505
2026-07-07,785.0,841.0,769.0,776.0,7324808
2026-07-08,817.0,845.0,798.0,817.0,6654038
2026-07-09,820.0,848.0,811.0,840.0,6876746
2026-07-10,840.0,840.0,840.0,840.0,0
2026-07-13,813.0,819.0,756.0,756.0,6182146
2026-07-14,751.0,769.0,741.0,754.0,3928695
2026-07-15,776.0,783.0,750.0,753.0,2796244
2026-07-16,755.0,755.0,712.0,712.0,6199349
2026-07-17,699.0,733.0,696.0,718.0,6903340
2026-07-20,721.0,732.0,689.0,709.0,4221356
2026-07-21,710.0,753.0,704.0,753.0,2960871
