date,open,high,low,close,volume
2021-07-22,64.54987282005604,65.19609065150532,64.40626581415223,64.62167358398438,12928407
2021-07-23,64.83708240491362,65.1242854652829,63.975456789664086,64.19086456298828,19239644
2021-07-26,62.894845561347545,62.894845561347545,61.44635704575387,61.67506790161133,32381187
2021-07-27,61.751296309071705,61.751296309071705,60.68398878984083,61.293880462646484,16431557
2021-07-28,60.37904395664751,60.60775479183921,59.69292308378868,60.2265739440918,12086130
2021-07-29,60.22657710237742,60.302812112653044,59.61668538745553,59.769161224365234,8907901
2021-07-30,59.769161631836916,59.769161631836916,58.7780890424219,58.930564880371094,13100331
2021-08-02,58.93056344601418,59.76916017706875,58.93056344601418,59.46421432495117,8699179
2021-08-03,59.464213655373946,59.54044866345534,58.320671085078295,59.006797790527344,10883841
2021-08-04,59.0068023382386,59.0068023382386,58.0157297077228,58.09196472167969,15708778
2021-08-05,58.01573112227808,58.62562288152124,58.01573112227808,58.244441986083984,7275890
2021-08-06,58.625613793274354,59.08302963361786,58.091957132575274,58.77808380126953,5712734
2021-08-09,58.854327468063325,59.083038330078125,58.09196568315909,59.083038330078125,8208627
2021-08-10,59.311740461968604,59.311740461968604,58.549378789276766,58.77808380126953,5731256
2021-08-11,58.701857897336915,58.701857897336915,58.09196613809376,58.244441986083984,7812995
2021-08-12,58.3206682958101,58.396903300245434,57.63454162317603,57.93948745727539,6481460
2021-08-13,57.86325736621816,57.86325736621816,55.88111800079868,56.186058044433594,13867370
2021-08-16,56.10982026511367,56.18605527226102,55.27122355377629,55.804874420166016,12197156
2021-08-17,55.804874420166016,55.804874420166016,55.804874420166016,55.804874420166016,0
2021-08-18,56.26230323434011,57.55831596935823,56.03359236752093,57.32960510253906,12259323
2021-08-19,57.17712993795744,57.40584078425264,56.49100321543026,57.100894927978516,6757878
2021-08-20,57.86325521313298,58.320671077923464,57.02465849162404,57.634544372558594,6569952
2021-08-23,58.244435399450154,58.39690541383927,57.55830870198269,57.86325454711914,5686983
2021-08-24,58.1682044810368,58.70185538526852,58.091963652124875,58.47314453125,5969031
2021-08-25,58.54938848725786,58.85432855375776,58.54938848725786,58.70185852050781,5509668
2021-08-26,58.70185232292556,58.854322340078134,57.93949060444601,58.1682014465332,4238317
2021-08-27,58.0157245729202,58.62561626331308,57.939489565710645,58.549381256103516,3111142
2021-08-30,58.62562242240735,59.083038330078125,58.47314657561121,59.083038330078125,4769667
2021-08-31,59.083034499167724,59.769161224365234,58.8543236519824,59.769161224365234,9507244
2021-09-01,59.61668434283078,59.69292516812894,59.311744307071564,59.46421432495117,4478307
2021-09-02,59.311740461968604,59.46421046996379,58.70184879727194,58.77808380126953,2601339
2021-09-03,58.93056278244596,59.31174363921118,58.701851941843515,59.006797790527344,3458795
2021-09-06,59.38797796812506,59.38797796812506,58.54938125610352,58.549381256103516,2903966
2021-09-07,58.39691473589992,59.0830415428957,58.32067971653576,58.62562561035156,2775049
2021-09-08,58.6256214520954,58.85432649396608,57.9394946937659,58.09196472167969,4630219
2021-09-09,57.71077662761137,58.3206682958101,57.329595789076656,57.93948745727539,3619829
2021-09-10,57.48207579423156,57.558310804210485,56.26229818549349,57.100894927978516,7887542
2021-09-13,57.100900052078835,57.55831596935823,56.795954168439586,57.32960510253906,4521538
2021-09-14,57.17713398809734,58.01573078998433,57.10089897271831,57.710784912109375,3809027
2021-09-15,57.939489554313695,58.39690541383927,57.710778716371806,57.86325454711914,5160989
2021-09-16,58.09195746614607,58.24443329137476,57.55830661874069,57.93948745727539,2889679
2021-09-17,57.93948920665953,59.387977600097656,57.8632541999224,59.387977600097656,13198926
2021-09-22,58.62561862115553,59.769161224365234,57.78702187540678,59.769161224365234,11901596
2021-09-23,59.46421497272995,60.607757568359375,59.38797996295967,60.607757568359375,13174590
2021-09-24,60.836468817299306,60.91270382757493,59.54045037717991,59.769161224365234,10116510
2021-09-27,59.76916361767342,59.997868657658216,59.31174772134515,59.6166877746582,4267204
2021-09-28,59.23550836051544,59.61668925296756,58.854327468063325,59.083038330078125,5093238
2021-09-29,58.54938536016193,58.77809039782182,58.1682044810368,58.47314453125,5958971
2021-09-30,58.09196568315909,59.31174919209293,58.01573066794043,59.083038330078125,5807586
2021-10-01,58.70185852050781,59.464220319475444,58.320677621024,58.70185852050781,6088389
2021-10-04,59.08303490196179,59.769161631836916,58.85432405321725,58.930564880371094,4425429
2021-10-05,59.00679462962027,59.00679462962027,58.39690296492361,58.77808380126953,4669613
2021-10-06,58.77809245284467,59.23550836051544,58.549387407188696,59.083038330078125,4479267
2021-10-07,59.46422365829377,60.30282052097221,59.387988637388325,59.54045867919922,6537994
2021-10-08,59.616687095480835,60.30281384033596,59.54045208302107,59.84539794921875,3446324
2021-10-12,59.15927656225987,59.15927656225987,58.168209677807425,58.62562561035156,5900051
2021-10-13,59.31174363921118,59.54044866345534,58.54938192568074,59.006797790527344,4641253
2021-10-14,59.540445553724574,60.15033721923828,59.31174054142543,60.15033721923828,5903000
2021-10-15,60.455287949562745,60.68399298038961,59.61668538745553,59.769161224365234,7553657
2021-10-18,60.15033721923828,60.53151805609485,59.84539138648143,60.15033721923828,6313816
2021-10-19,60.379052622103565,60.53152847290039,59.921636702431066,60.53152847290039,4326526
2021-10-20,60.76022799066523,60.76022799066523,59.61668538745553,59.769161224365234,6521950
2021-10-21,59.99786347035284,59.99786347035284,59.159266763528095,59.387977600097656,5977720
2021-10-22,59.84538686680169,60.074097678185986,59.38797106039063,59.69291687011719,5412171
2021-10-25,59.69292344340434,59.99786347035284,59.31174259336053,59.387977600097656,3668673
2021-10-26,59.69292648188173,60.45528822077494,59.61668565490562,60.37904739379883,5728725
2021-10-27,59.99786204960962,60.37904289062711,59.76915703481396,59.921627044677734,3029230
2021-10-28,60.30280722743772,60.30280722743772,59.84539138648143,60.15033721923828,1942404
2021-10-29,60.15034103812612,60.15034103812612,59.311744307071564,59.46421432495117,3812538
2021-11-01,59.54045208302107,60.15034381541643,59.54045208302107,59.84539794921875,3933504
2021-11-02,60.302812383181205,60.53152323139256,60.15034236194596,60.37904739379883,5505332
2021-11-03,60.607764187081244,60.607764187081244,59.99787240959844,60.302818298339844,2870953
2021-11-04,60.2265725408029,60.83646420953145,60.2265725408029,60.760223388671875,5626752
2021-11-05,60.76023033661113,61.14141121906505,59.99786857170329,60.98894119262695,6514564
2021-11-08,61.06517304248495,62.13248062133789,60.836468014675425,62.13248062133789,8283192
2021-11-09,62.13248340371474,62.13248340371474,61.293886631476205,61.827537536621094,6292288
2021-11-10,62.51366629066407,63.96215484359757,62.43743127553259,63.123558044433594,12973091
2021-11-11,63.12355107698716,63.276021090420805,62.66612940396986,62.894840240478516,3897482
2021-11-12,63.199781234484135,63.657197056046456,62.74236541292182,63.27601623535156,7132855
2021-11-15,64.80074860328851,65.79182120258811,63.96215184345884,65.5631103515625,19533977
2021-11-16,66.32547230129323,67.54524993896484,66.32547230129323,67.54524993896484,17041869
2021-11-17,67.92643293013894,68.00266794430087,66.55418522614791,67.4690170288086,8390958
2021-11-18,67.46902124635098,67.54525626527843,66.7066594243583,67.3165512084961,5827444
2021-11-19,66.93536379697794,67.16406883154926,65.79182117504568,66.24923706054688,9694761
2021-11-22,66.24923601879125,66.47794104976623,65.4106392724994,65.94429016113281,6291214
2021-11-23,65.94429353068266,66.78289031982422,65.41064261478134,66.78289031982422,7292071
2021-11-24,67.01159668539587,67.08783169450432,66.02052411791098,66.32546997070312,3025600
2021-11-25,66.78288374661827,67.08782958984375,66.4779379033928,67.08782958984375,3184017
2021-11-26,66.70664977510465,66.93536061516261,65.94428806338917,66.02052307128906,4772500
2021-11-29,64.95321551161574,66.4779389350467,64.87698050371584,66.02052307128906,5209775
2021-11-30,65.94429334177688,66.93536597287887,65.48687744140625,65.48687744140625,13251967
2021-12-01,65.79182657550177,67.01160430908203,65.79182657550177,67.01160430908203,6657439
2021-12-02,66.47794755189383,67.08783932686347,66.09676664662756,67.01160430908203,6726345
2021-12-03,67.24029615134924,67.46900697611652,66.8591153209757,66.93535614013672,5788772
2021-12-06,66.6304189726725,67.16406987801213,66.24923809275603,66.55418395996094,4409680
2021-12-07,66.40171253411238,67.08783932686347,66.32547751633093,67.01160430908203,5879728
2021-12-08,67.39276885986328,68.00265467047036,67.08782304638093,67.39276885986328,7557251
2021-12-09,67.92642421336332,67.92642421336332,67.24029754123681,67.85018920898438,6024815
2021-12-10,68.00266999481711,68.46009172629905,67.62148909615478,68.07891082763672,7135132
2021-12-13,68.38384457601697,68.53632041121118,67.6214828491211,67.6214828491211,6591649
2021-12-14,67.39278404677273,68.23138086055809,67.0116031481104,68.07891082763672,7167866
2021-12-15,68.07890425050819,68.07890425050819,67.31654252683556,67.69772338867188,5723851
2021-12-16,68.3838511138858,68.84127284684205,68.07891104706022,68.68879699707031,8795286
2021-12-17,68.00267662931222,68.61256845321795,67.77397155761719,67.77397155761719,9339485
2021-12-20,67.39277197331339,68.07889863125735,66.93535614013672,66.93535614013672,9620385
2021-12-21,66.93536813164971,68.23138086055809,66.93536813164971,68.07891082763672,7568037
2021-12-22,68.68879910596102,68.84127496041408,68.07891313722615,68.61256408691406,5944435
2021-12-23,68.6887946023215,68.91750546082591,68.38384872976853,68.84127044677734,4093965
2021-12-24,68.99373626708984,68.99373626708984,68.6887904131349,68.99373626708984,4066715
2021-12-27,69.22244710337564,69.98480882999274,69.14620627762723,69.67986297607422,5323642
2021-12-28,70.51846974159473,72.27190428874023,70.51846974159473,72.19566345214844,20691511
2021-12-29,72.42436112489537,73.1867228209469,71.28081858081806,72.11941528320312,12707487
2021-12-30,72.11942843191585,72.80555524672754,71.8907233712181,72.19566345214844,8670787
2022-01-03,72.65307970033159,73.03426058896636,71.12835614579248,71.43329620361328,7726498
2022-01-04,71.43329277549955,72.04318449458974,70.7471718619712,71.28082275390625,8550752
2022-01-05,70.82340687276785,71.43329277549955,70.67093103481606,71.28082275390625,5675554
2022-01-06,71.05211610193534,71.28082696419287,70.21351930092248,71.12835693359375,7434126
2022-01-07,71.35706651093432,72.11942834506044,70.28975877988589,70.89965057373047,9354665
2022-01-10,71.28081718651023,71.35705219135255,70.0610396599592,70.5184555053711,8199841
2022-01-11,70.21350860595703,70.36598442968977,69.45114693636714,70.21350860595703,10826256
2022-01-12,70.51845865146345,70.74716949255206,69.75609693631249,70.06104278564453,5136542
2022-01-13,70.44222498124921,70.9758758654481,69.67986325161742,70.28974914550781,9351639
2022-01-14,70.28974467448613,70.5184555053711,69.45114798850467,70.5184555053711,8280313
2022-01-17,70.2135128021314,70.59469365970688,69.83233194455593,70.06104278564453,5025389
2022-01-18,70.28975223812566,71.58577072533714,70.28975223812566,71.20458984375,9397989
2022-01-19,70.82340896216286,71.58577072533714,70.59469810666711,71.20458984375,7347994
2022-01-20,70.97587451936593,71.3570553769526,70.51845865353359,70.7471694946289,8812114
2022-01-21,70.51846416102244,70.82341003417969,69.9848132452663,70.82341003417969,9329164
2022-01-24,70.28975660731506,71.6620101928711,70.06105155396173,71.6620101928711,7048539
2022-01-25,70.44223463652663,71.20459647065277,70.06105371946357,70.89965057373047,9037830
2022-01-26,70.89964504837931,71.28082593573619,70.44222914682281,70.82341003417969,4911214
2022-02-07,70.82341027161291,71.50953703442725,70.51846439743333,71.43329620361328,6129849
2022-02-08,71.73824099987388,71.8144760131836,71.35706011696662,71.8144760131836,6221414
2022-02-09,72.11941869978187,73.18672628808818,71.89071366994665,72.95801544189453,12057781
2022-02-10,73.03425387490884,73.03425387490884,71.81447049032553,72.42436218261719,7379788
2022-02-11,71.58577175730875,71.73824178559813,71.20459087022655,71.50953674316406,5156752
2022-02-14,70.82341454785008,70.82341454785008,69.9085768700745,70.5947036743164,5499212
2022-02-15,70.36599520924332,70.74717610243239,69.83233846896334,70.44223022460938,3425904
2022-02-16,70.6709331197128,71.3570598698414,70.44222808057572,71.20458984375,5994763
2022-02-17,71.50953044192725,71.58576544935431,70.82340374236728,71.05210876464844,5403836
2022-02-18,70.74717390862742,71.89071655273438,70.74717390862742,71.89071655273438,4556596
2022-02-21,71.20459655640641,72.42437432920539,71.05212069958203,72.19566345214844,4771864
2022-02-22,71.96695049846014,72.27189636230469,70.74717285944052,72.27189636230469,8041126
2022-02-23,72.27189743410337,72.27189743410337,71.66200569736952,71.89071655273438,4093917
2022-02-24,71.2808203666144,71.35705537485784,69.60362691982562,70.06104278564453,14305582
2022-02-25,70.59469917522205,71.12835590733694,69.75610238630867,70.82341003417969,10896124
2022-03-01,71.66200677145345,72.34813353147315,70.97588001143373,71.50953674316406,5975671
2022-03-02,71.2045845958608,71.28081960328784,70.44222288887376,71.05210876464844,5600378
2022-03-03,71.43330594770585,71.58578181377399,71.204600873143,71.35707092285156,2912404
2022-03-04,70.59469917522205,71.12835590733694,70.2897533020648,70.82341003417969,5061793
2022-03-07,69.83233405670708,70.06104490471328,68.61255643884377,69.2986831665039,11689702
2022-03-08,68.07890452988018,69.22244712008181,67.69772366647963,68.30760955810547,13769960
2022-03-09,68.53632146598142,68.91750233529571,67.62148388981203,67.92642974853516,10549715
2022-03-10,69.45116093936626,71.12836044044194,69.2986909012499,70.5947036743164,10393165
2022-03-11,70.67092655389949,70.74716737622056,70.06104068983784,70.13727569580078,3682176
2022-03-14,70.13727569580078,70.5184565419736,69.67985984366501,70.13727569580078,5180038
2022-03-15,70.13727779178829,70.13727779178829,69.14620523557839,69.37491607666016,5697798
2022-03-16,69.37491400345512,70.44222153601066,69.06996816324524,70.13727569580078,8921088
2022-03-17,71.20459201098748,71.35706204171957,69.67986843823125,70.44223022460938,11954368
2022-03-18,70.44222050052879,70.6709255150557,70.13727466480152,70.5184555053711,10057346
2022-03-21,70.5184565419736,70.67092655389949,70.06104068983784,70.13727569580078,5416723
2022-03-22,70.13727884877281,70.21351385816283,69.22244710337564,69.67986297607422,7318441
2022-03-23,69.67986221117027,70.67092895507812,69.52738637770561,70.67092895507812,4795523
2022-03-24,70.06105252372247,70.06105252372247,69.60363659432541,69.98481750488281,4310131
2022-03-25,69.45115004148897,69.75609588623047,69.37491503439314,69.75609588623047,4857717
2022-03-28,69.06997982972958,69.98481750488281,68.91750979205027,69.98481750488281,5133291
2022-03-29,69.3749192144916,69.75610008929651,69.22244919111307,69.60363006591797,6296630
2022-03-30,68.61255541209758,68.84126625668127,68.00266370411336,68.30760955810547,14036614
2022-03-31,68.07891303048876,68.38385310619853,67.16407535428209,67.3165512084961,14716968
2022-04-01,66.47794104976623,66.55418187644968,65.71557931379937,65.94429016113281,17685402
2022-04-06,65.63934325601039,66.40170497981157,65.41063822868506,66.32546997070312,11924503
2022-04-07,65.71558037467388,66.09676124881086,65.33439950053688,65.5631103515625,10416402
2022-04-08,65.56311245540823,65.79182331377292,65.02946154103562,65.48687744140625,9980656
2022-04-11,65.4868819556736,66.93537058699621,65.02946602377149,65.25817108154297,8133464
2022-04-12,65.18192634651696,65.7918180423844,64.95321550647711,65.33439636230469,6376291
2022-04-13,66.1730023072307,66.85912322998047,65.79182143176591,66.85912322998047,5423904
2022-04-14,66.17300876170633,66.24924378096348,65.25817108154297,65.25817108154297,8236476
2022-04-15,65.02946154103562,65.48687744140625,64.8769856966729,65.48687744140625,5755040
2022-04-18,65.02946501656436,65.25817007079354,64.34333822115867,64.9532241821289,8004502
2022-04-19,64.80075073242188,65.3344016472042,64.80075073242188,64.80075073242188,5212199
2022-04-20,64.80075276690032,65.41064453125,64.26710183536353,65.41064453125,13766215
2022-04-21,65.33440833563452,65.33440833563452,64.49581146240234,64.49581146240234,8772364
2022-04-22,64.1146250451521,64.72451680055103,63.73344415211747,64.41957092285156,12003621
2022-04-25,63.73344318753736,64.0383890606216,63.27602728609038,63.428497314453125,9230691
2022-04-26,63.50473848453508,64.03838940301671,62.66613587497998,63.962154388427734,10957610
2022-04-27,63.428486237086425,63.88590787500648,63.04730541639154,63.27601623535156,5425823
2022-04-28,63.123559752093264,63.3522648036748,62.5899029990184,63.19979476928711,4695989
2022-04-29,63.199790917923885,64.1908577137667,63.199790917923885,63.88591766357422,3505589
2022-05-03,63.80967159075575,64.03838242596316,62.74236987007621,63.733436584472656,5100364
2022-05-04,63.504741389600206,65.02946501656436,63.42850055516476,64.9532241821289,4355760
2022-05-05,65.48687640955394,65.63934643515549,65.10569552919141,65.18193054199219,4198630
2022-05-06,64.41957423699591,65.41064693641643,64.41957423699591,65.25817108154297,4966857
2022-05-09,64.03839104070062,65.25816875439455,63.80968017472597,64.72451782226562,4088287
2022-05-10,63.96214741968007,64.34332826745366,62.89483988264239,63.733436584472656,6598511
2022-05-11,62.97107041552411,63.657197056046456,62.894835414656676,63.27601623535156,6073775
2022-05-12,62.89483917914404,63.428490033514755,62.13247749212412,62.58989334106445,7045733
2022-05-13,62.818604173713666,62.89483917914404,61.82753165404453,62.58989334106445,7349180
2022-05-16,61.370124165397684,61.44635918121336,57.93949610646241,58.244441986083984,21390749
2022-05-17,58.16820144746306,58.244436456040575,57.25336389545798,57.48207473754883,16169453
2022-05-18,57.253369003476365,57.9394957746053,57.10089897271831,57.710784912109375,14832948
2022-05-19,57.024659534589226,57.32959957245463,56.491002835607986,57.25336456298828,10777191
2022-05-20,57.32959890497408,57.63454475564743,56.79594802856445,56.79594802856445,9388896
2022-05-23,57.482080261196415,58.09196620478082,57.177134381224775,57.55831527709961,8702690
2022-05-24,57.6345436975682,58.244435387718255,57.10089283095556,57.177127838134766,8805928
2022-05-25,57.63454989673035,58.09196580536336,57.17713398809734,57.710784912109375,5319262
2022-05-26,58.1682044810368,58.54938536016193,58.01572863957158,58.47314453125,6256611
2022-05-27,58.701854318484536,59.08303519068249,58.09196259642441,58.85432434082031,6018488
2022-05-30,59.46422146657028,60.45529415089007,59.23551059592447,60.302818298339844,8541258
2022-05-31,60.30281341722995,60.98894015727097,59.845397529322135,60.68399429321289,11019074
2022-06-01,60.531531177681764,61.37012803727957,60.379055320071735,60.91271209716797,4564710
2022-06-02,60.53152916898566,61.14141513010941,60.15034826214867,60.302818298339844,6637591
2022-06-06,60.98894015727097,61.14141018112071,60.455289257438274,60.68399429321289,5580086
2022-06-07,60.607760310173035,61.14141121906505,60.07410940128102,60.98894119262695,5682143
2022-06-08,61.06517962484659,61.98001728377238,61.06517962484659,61.141414642333984,4231843
2022-06-09,61.06518063166728,61.52259656049238,61.06518063166728,61.44636154174805,3657303
2022-06-10,60.68398878984083,61.67506130406051,60.3028079484268,61.293880462646484,3603662
2022-06-13,60.455291748046875,60.9127076547991,59.997870024935835,60.455291748046875,6695788
2022-06-14,60.45529615705637,61.217657996028784,60.30282029944634,60.91271209716797,5317832
2022-06-15,60.607760310173035,61.598832931096695,60.45529028373494,60.98894119262695,5038450
2022-06-16,61.751307226910235,62.05625311722852,60.83647537231445,60.83647537231445,4899082
2022-06-17,59.84539646572537,61.75130081176758,59.84539646572537,61.75130081176758,10154710
2022-06-20,60.98893389705114,61.14140390525057,59.84539138648143,60.15033721923828,5804110
2022-06-21,61.59883739559582,61.59883739559582,60.302818811505745,61.44636154174805,6953927
2022-06-22,61.29389027780755,61.59883616304221,60.226582587665725,60.53152847290039,5367904
2022-06-23,61.14141121906505,61.52259210151897,60.07410940128102,60.98894119262695,6748003
2022-06-24,61.52258547768007,61.52258547768007,60.83646461622127,61.293880462646484,3840625
2022-06-27,61.675066187805676,61.90377122094929,61.29388531620781,61.59883117675781,4295448
2022-06-28,61.980013770635054,62.36119465282504,61.44635704575387,61.67506790161133,3359329
2022-06-29,61.14140529391713,61.44635113360003,59.845392745712466,61.06517028808594,8146670
2022-06-30,60.53152948199617,61.44636133659195,59.92163770135959,60.83647537231445,8974996
2022-07-01,60.37905091662249,61.29388854648575,60.30281590155692,60.455291748046875,6818118
2022-07-04,60.607758242010185,61.293884970285774,60.302812383181205,60.37904739379883,6748411
2022-07-05,61.37011929877899,61.90377018352935,60.37904672269012,60.607757568359375,5931849
2022-07-06,60.91270135349788,61.06517136785629,57.177127838134766,57.177127838134766,10707485
2022-07-07,57.405844729832346,59.61668925296756,57.177133867817545,59.083038330078125,8536517
2022-07-08,58.54938643813851,59.616688266252474,57.787024665852115,58.09196472167969,10603253
2022-07-11,59.00679845495399,59.84539518600855,58.5493825849568,59.46421432495117,4927519
2022-07-12,58.701851270522624,59.00679711571907,58.09195958012975,58.549381256103516,7265567
2022-07-13,60.53152323139256,60.912704100839164,59.84539650311698,60.37904739379883,7872671
2022-07-14,60.45528961076603,61.5225914166692,60.30281376966657,61.2176513671875,6060469
2022-07-15,61.06516922303615,61.52258506640356,60.760223388671875,60.760223388671875,5371125
2022-07-18,60.68398635363932,61.67505882807169,60.07410052167601,61.5225830078125,7838637
2022-07-19,61.52259166952745,62.58989929617588,61.14141078975006,61.827537536621094,8394080
2022-07-20,62.13248340371474,62.513664283492126,61.59883249856984,61.827537536621094,8706268
2022-07-21,62.43742571019772,63.96214914235709,62.2849498771668,63.80967330932617,11224309
2022-07-22,63.504727054311594,63.733432056913884,62.81860041378925,63.27601623535156,8005715
2022-07-25,63.199781234484135,63.27601623535157,62.05623877239947,63.27601623535156,4702496
2022-07-26,63.12355107698716,63.42849110385445,62.51365939053622,62.894840240478516,3802179
2022-07-27,62.894844029655836,63.733440786779546,62.666133179368224,63.580970764160156,6943448
2022-07-28,64.03838453178253,64.34333038330078,63.50473365389435,64.34333038330078,8295156
2022-07-29,64.49581146240234,64.72452234435627,64.11463053671869,64.49581146240234,12502952
2022-08-01,65.15730232113827,65.2399879881132,63.66893508154158,64.82655334472656,13732319
2022-08-02,64.57849512902177,65.07461547851562,64.24774612652172,65.07461547851562,8174396
2022-08-03,65.23998970778624,65.23998970778624,64.33043473006292,64.90924072265625,7852920
2022-08-04,65.07460095758707,65.57072750488635,64.4957950637527,64.74385833740234,6118196
2022-08-05,65.48805066437501,65.57074264702823,64.99193031101859,65.40536499023438,5999093
2022-08-08,65.23998241125777,65.90147399902344,64.82654780321242,65.90147399902344,5388412
2022-08-09,65.81880454186881,66.64567396151168,65.32268415178571,66.56298828125,4241583
2022-08-10,66.0668572060024,67.47253246864653,66.0668572060024,67.38984680175781,5622276
2022-08-11,67.80327799316714,67.80327799316714,66.89372308666844,67.22447204589844,6193816
2022-08-12,67.4725361720767,67.8032851662977,66.81104449214706,66.89373016357422,5017551
2022-08-15,66.81104470846346,66.81104470846346,64.24774472633572,64.33043670654297,18003344
2022-08-16,63.83430641549143,64.90923901170149,62.84206579476832,64.82655334472656,14380711
2022-08-17,64.66117939332247,64.74387137352971,64.24774472633572,64.33043670654297,8783052
2022-08-18,64.49580074262015,65.32266998291016,64.16505178480182,65.32266998291016,5799568
2022-08-19,64.90924395762494,65.98417663574219,64.7438726110742,65.98417663574219,5640060
2022-08-22,65.15730796781244,65.81879966945016,64.90924463687794,65.40536499023438,2806000
2022-08-23,65.48803554132907,65.48803554132907,64.66116637384506,64.74385833740234,4363687
2022-08-24,64.82655334472656,65.15730232113827,64.57849003528978,64.82655334472656,3696749
2022-08-25,65.0746066874185,65.32266998291016,64.57848640494682,65.32266998291016,3200172
2022-08-26,65.32266998291016,65.48804130756349,65.0746066874185,65.32266998291016,6144251
2022-08-29,64.24773179010306,65.07460095758707,64.08236048001069,64.74385833740234,5681737
2022-08-30,64.49580019294797,65.40535508781286,64.24773689957046,64.9919204711914,4766247
2022-08-31,64.82655609472648,65.57073974609375,64.66117844524915,65.57073974609375,7194780
2022-09-01,64.66118451858084,65.15731120509948,64.08237846232628,64.57849884033203,6033698
2022-09-02,64.74386541995571,64.90923674813861,64.24773881838343,64.41311645507812,3264252
2022-09-05,64.74386743032714,65.98417135574711,64.66117545515623,65.48804473876953,7489219
2022-09-06,65.90147820292128,66.1495415069772,65.40535790332133,65.7361068725586,6234591
2022-09-07,65.3226764261339,65.81879675754132,64.66117844524915,65.57073974609375,5761031
2022-09-08,65.90148465395433,65.98417663574219,65.15730728596353,65.98417663574219,4045001
2022-09-12,66.9764141242749,67.30716311004784,65.65342448969537,66.81104278564453,6643636
2022-09-13,67.05908908186633,67.22446670259221,66.39759752449642,66.72834014892578,7115156
2022-09-14,65.73610804725833,66.14954268906499,65.4053590721106,65.48804473876953,7716721
2022-09-15,65.48804527264421,66.23222889566536,64.7438679581351,65.81879425048828,7968728
2022-09-16,65.32267223813999,66.06685584179586,64.99192326890272,65.7361068725586,12978795
2022-09-19,65.81878833911667,66.39760057548703,65.81878833911667,65.90147399902344,7060111
2022-09-20,65.98417440701866,66.23223141846623,65.48804776709895,65.57073974609375,8042141
2022-09-21,65.57073271956841,65.98416733618987,64.57848585456995,64.9919204711914,9896990
2022-09-22,64.49580074262015,65.32266998291016,63.33818254451182,65.32266998291016,10913125
2022-09-23,64.74386912211432,64.82655479093387,63.75162217074328,63.91699981689453,4546596
2022-09-26,63.0901294585783,63.834306774044634,62.92475181518753,63.25550079345703,6391478
2022-09-27,63.090135462136864,64.16506185816101,62.7593864523938,63.668941497802734,6289142
2022-09-28,63.66892815545191,64.24773406982422,63.090122241079605,64.24773406982422,7122694
2022-09-29,64.49580724753483,64.74387056804565,63.420874603337666,64.66117858886719,8122726
2022-09-30,64.66118221851927,64.66118221851927,63.172821137444465,63.668941497802734,7374224
2022-10-03,63.00743339122098,63.09012536180276,61.27100925370134,61.353694915771484,6386414
2022-10-04,62.180569352803495,63.33818764411619,61.93251234585146,63.00743865966797,7444000
2022-10-05,63.99968561301264,63.99968561301264,63.00743865966797,63.00743865966797,7108662
2022-10-06,63.66892930081016,64.4131128530414,62.759374429643735,62.84206008911133,8788438
2022-10-07,63.17281254863633,63.17281254863633,61.767131025469205,61.849822998046875,6386308
2022-10-11,61.601761752611964,61.68444741943656,60.030708848896644,60.36145782470703,10893705
2022-10-12,60.361458884905105,61.105642516421426,59.948024235008496,61.02295684814453,6475417
2022-10-13,61.022961255220764,61.105646929469216,59.69996523319519,59.948028564453125,6806303
2022-10-14,60.774897923962826,60.94026927245974,59.86534289020467,59.948028564453125,6055529
2022-10-17,59.038469512615116,60.03071015309114,57.46741657476795,58.95578384399414,11608274
2022-10-18,59.203839377828665,59.78265166080836,57.63278647904374,58.45965576171875,12361313
2022-10-19,58.37697219848633,59.121155841409305,57.963537542252695,58.37697219848633,8384789
2022-10-20,57.55009896674352,58.12891123115967,56.80591537450091,57.8808479309082,11064267
2022-10-21,57.963537153738926,58.04622282272899,56.88861083984375,56.88861083984375,4864604
2022-10-24,57.46741524821953,57.71547855686844,57.05398060614601,57.30204391479492,4592511
2022-10-25,57.71548014676873,57.71548014676873,56.06174153291877,56.88861083984375,7149296
2022-10-26,57.21935125015168,57.21935125015168,56.22711064453524,56.47517395019531,5820629
2022-10-27,56.80591952255453,57.302046159285375,56.22711352438488,56.30979919433594,6160517
2022-10-28,56.640547653065155,56.723233322243104,55.813678344261284,55.97904968261719,4512018
2022-10-31,56.2271123467359,56.557861328125,55.23487171108069,56.557861328125,4882737
2022-11-01,56.06173980030763,56.22711113317689,55.15217854399078,55.40024185180664,9659692
2022-11-02,55.48292634770348,55.81367531497608,54.82143472167013,55.6483039855957,7848524
2022-11-03,55.23487091064453,55.482927911707556,55.06949326809049,55.23487091064453,6052104
2022-11-04,54.98680838162805,55.23487169472445,54.73874506853165,55.15217971801758,5856082
2022-11-07,55.648307921431766,56.14442825317383,55.317558930766296,56.14442825317383,7346158
2022-11-08,56.392484864287,57.21935418082207,56.14442785443382,56.30979919433594,9742427
2022-11-09,56.8059163742526,57.219351009606726,56.72323070888415,57.13666534423828,6231816
2022-11-10,57.13666851087101,57.13666851087101,56.06174218448276,56.30979919433594,6671489
2022-11-11,57.38472986520071,58.4596561547988,57.38472986520071,58.29428482055664,11459957
2022-11-14,59.12115389680209,61.0229557763278,58.54234792051792,60.36145782470703,20318677
2022-11-15,60.36145383378648,60.36145383378648,59.28652131060208,59.865333557128906,10442297
2022-11-16,59.61727550147411,59.69996117009509,58.95578384399413,58.95578384399414,9332212
2022-11-17,58.70771618007308,58.79040184256803,57.63278364210369,58.625030517578125,10352531
2022-11-18,58.790405804376036,59.61727510207053,58.54234880017494,59.12115478515625,7916081
2022-11-21,59.20383977591256,59.20383977591256,58.12891348631448,58.29428482055664,4616194
2022-11-22,58.37697219848633,58.45965786803061,57.55010288601906,58.37697219848633,5288979
2022-11-23,58.625033403360945,58.87309040305626,58.37697009515365,58.45965576171875,4773501
2022-11-24,59.038465474074215,59.78264905778125,58.95577981110937,59.617271423339844,7385180
2022-11-25,59.78265434943064,59.78265434943064,58.70772171020508,58.70772171020508,7406566
2022-11-28,58.12891348631448,58.707719464674064,58.12891348631448,58.29428482055664,6072254
2022-11-29,58.70772013630901,59.20384045322328,58.29428548746176,59.12115478515625,3697918
2022-11-30,59.121156492630874,59.45190548296343,58.790407502298315,59.20384216308594,7913859
2022-12-01,59.782654595102635,59.948025936349715,59.369219933472635,59.6999626159668,6513775
2022-12-02,59.121151137039064,59.69995708630469,59.038465474074215,59.617271423339844,6206362
2022-12-05,59.45190301272104,60.85757827758788,59.28652537017011,60.85757827758789,8687800
2022-12-06,60.361463244207975,60.361463244207975,59.69996523319519,59.948028564453125,6878863
2022-12-07,59.45190376593647,59.61727510207053,58.95578344902219,59.12115478515625,6639231
2022-12-08,58.95578397553009,59.78265328060898,58.45965734567303,59.451904296875,6227439
2022-12-09,59.86534289020467,60.11339991295004,59.53459388469828,59.948028564453125,5332056
2022-12-12,59.78265721595621,60.030714238701584,58.95578785644652,59.948028564453125,5323665
2022-12-13,59.94802038371094,60.03070604667578,59.286522462968755,59.617271423339844,5658724
2022-12-14,60.03070924030544,60.278772550908634,59.36921759288366,60.19608688354492,4621374
2022-12-15,59.94802645634478,60.44414679290171,59.69996313381014,60.03071212768555,6065386
2022-12-16,59.203838888071104,59.617273525988516,58.459655278117374,59.53458786010742,29903036
2022-12-19,59.038464326529095,59.94801921848657,58.87308669530218,59.865333557128906,22645640
2022-12-20,59.36921471991617,59.53458604664104,57.88084754534545,58.04621887207031,26419891
2022-12-21,57.71547884219706,58.29428482055664,57.302044198079635,58.29428482055664,28367127
2022-12-22,58.6250349917961,59.451904296875,58.45965734567303,59.451904296875,21447986
2022-12-23,58.54234617920929,59.12115213827721,58.45965420633232,58.87308883666992,4107414
2022-12-26,58.790405412709276,59.451903369862755,58.54234841016076,59.28652572631836,3178111
2022-12-27,59.451903369862755,59.451903369862755,58.95578305625367,59.28652572631836,3217568
2022-12-28,58.790404636945674,59.45190258537041,58.376969996308205,59.36921691894531,5394478
2022-12-29,58.790405412709276,59.53458903737892,58.7077197451931,59.28652572631836,5885322
2022-12-30,59.203841504819316,60.278774134320265,59.121155835283595,59.78265380859375,6784115
2023-01-03,59.45190009741015,60.19608368111718,59.203836800003906,59.617271423339844,8323151
2023-01-04,59.86533472074609,60.52682633297657,59.617271423339844,59.617271423339844,5525089
2023-01-05,59.7826500702221,60.03070706331757,58.790403172304764,58.87308883666992,6331120
2023-01-06,59.20383927758314,59.53458825179551,58.87309030337077,59.36921691894531,3743797
2023-01-09,60.03070899036927,60.85757827758788,59.78265198931089,60.85757827758789,9501694
2023-01-10,61.02296025820888,61.188331604003906,60.52683360379888,61.188331604003906,5253230
2023-01-11,61.436390563748134,61.51907623076759,60.60952127652951,60.85757827758789,5028863
2023-01-12,61.18832553162867,61.18832553162867,60.609519570274756,60.7748908996582,3982401
2023-01-13,61.188322256946236,61.43638554625737,60.85757330736855,61.10563659667969,3618385
2023-01-16,61.27101135253906,61.601760320661086,61.02295435783143,61.27101135253906,4812315
2023-01-17,61.51907364939766,62.09787960275891,61.271010350236125,62.015193939208984,5973712
2023-01-30,63.42086868942101,63.586246323844406,62.345942453971674,63.090126037597656,10898937
2023-01-31,63.090127681227,63.17281334633698,61.76713180541992,61.76713180541992,9006603
2023-02-01,62.8420621881083,62.92474785033769,62.180564273249864,62.759376525878906,4109396
2023-02-02,63.17281512601767,63.338186460896395,62.59400283691802,63.25550079345703,5365210
2023-02-03,63.25549642245552,63.50355971614431,62.42862718817506,62.924747467041016,3705722
2023-02-06,62.75938257074475,63.668937559897984,62.67669690055123,63.17281723022461,5358417
2023-02-07,63.42087539236222,64.41312237823784,63.42087539236222,64.33043670654297,6028587
2023-02-08,64.33043790095667,64.661180593877,63.99968889952382,64.0823745727539,5815978
2023-02-09,64.24774591921408,64.49580924741683,64.0823745727539,64.0823745727539,2859196
2023-02-10,63.75162726503678,64.66118231175724,63.50357023875628,64.1650619506836,6158025
2023-02-13,64.08236275386393,64.74386063472771,63.75161381343205,64.24773406982422,4950233
2023-02-14,64.90924714531886,65.40536751784803,64.74387579064673,65.15731048583984,4117591
2023-02-15,65.32267537694068,65.40536104609514,64.49580606837182,64.90924072265625,5016624
2023-02-16,64.90923365585978,65.57073155410116,64.90923365585978,65.23998260498047,4587592
2023-02-17,64.90923365585978,65.32266826513276,64.74386233555518,65.23998260498047,1948222
2023-02-20,65.07461062746714,66.06685756099934,64.99192496013413,65.81879425048828,3293207
2023-02-21,66.06686401367188,66.56298437463745,66.06686401367188,66.06686401367188,4491372
2023-02-22,65.57073671394046,65.81879371391726,64.66117545515623,65.48804473876953,5400809
2023-02-23,65.7361032385685,66.4802868010848,64.90923401544185,66.23222351074219,4811861
2023-02-24,66.31490917135255,66.97640707325849,66.06685218952147,66.23222351074219,10547871
2023-03-01,64.90924395762494,66.39761131063152,64.90924395762494,65.98417663574219,6290550
2023-03-02,66.14955357142857,66.81105163054806,65.48805551230907,66.56298828125,4904233
2023-03-03,66.97641702990694,67.1417883757116,66.4802966839805,66.64566802978516,3627640
2023-03-06,66.97641555156416,67.80328487936124,66.89372988048692,67.55522155761719,6302110
2023-03-07,67.63791235214917,67.80328369140625,67.38984903475134,67.80328369140625,4379208
2023-03-08,67.63790302585465,67.96864565876416,67.38983974266118,67.72058868408203,3702773
2023-03-09,67.9686508178711,68.13402845539005,67.47253052233786,67.9686508178711,4791128
2023-03-10,67.38984680175781,67.80328144471339,66.89372649191354,67.38984680175781,7716870
2023-03-13,66.56297920382217,67.96865450211293,66.14954455038229,67.4725341796875,8165404
2023-03-14,66.64566434943936,67.8032826316827,66.64566434943936,67.14178466796875,7508301
2023-03-15,67.0590944120276,67.63790666780798,67.0590944120276,67.22447204589844,4264389
2023-03-16,67.63791338886018,69.04358871962731,67.55522140945197,68.46478271484375,12893966
2023-03-17,68.79552459716797,69.4570225736553,67.96865528081493,68.79552459716797,11642153
2023-03-20,68.96090224554592,69.2916512337896,68.63015325730225,68.79552459716797,5449813
2023-03-21,69.12627122202231,69.78776917589339,68.79552224508677,69.2916488647461,5772573
2023-03-22,69.6223918139688,70.61463874877732,69.53970614652944,70.28388977050781,9823669
2023-03-23,70.28389620016812,70.9453942172218,69.62239818311443,70.5319595336914,9965366
2023-03-24,70.94538376642923,72.35105895996094,70.94538376642923,72.35105895996094,16065135
2023-03-27,72.35105895996094,72.59912225694264,71.85493867450926,72.35105895996094,9431914
2023-03-28,72.35106316876272,72.43374883639605,72.10299985735071,72.1856918334961,9334327
2023-03-29,72.18568988330134,72.92986718040828,72.10299790938998,72.76449584960938,7661870
2023-03-30,72.84717842545477,73.59136199951172,72.43374380748,73.59136199951172,10648232
2023-03-31,73.59136371362284,74.33554730501352,73.4259923859857,73.6740493774414,11067808
2023-04-06,73.6740504635549,74.6662973695409,73.50867913347983,74.3355484008789,11282321
2023-04-07,73.83942639878694,74.41823234920945,73.83942639878694,74.25286102294922,11134039
2023-04-10,73.92211376717937,74.41823406591644,73.83942810214184,74.3355484008789,9817955
2023-04-11,74.41823971002236,74.99704571769539,74.08749071627535,74.91436004638672,12137319
2023-04-12,74.91435886166042,75.32779352017786,74.17017521462654,75.16242218017578,18737193
2023-04-13,74.08748877010521,74.74898674022265,73.59136844677322,73.83943176269531,24957470
2023-04-14,72.59842229181744,73.75077412199828,71.88927750177852,72.50978088378906,39965441
2023-04-17,72.7757044883817,72.95299406583526,71.2687802760089,72.06656646728516,15785496
2023-04-18,72.24385637452089,73.39621507093352,71.97792536368519,73.21892547607422,12118005
2023-04-19,73.75077286714871,78.00562800917514,73.4848486475882,76.23277282714844,28832133
2023-04-20,76.32142129124752,76.94192472007943,75.08042119649016,75.78956604003906,12121888
2023-04-21,76.5873496629374,76.5873496629374,74.01670814716134,74.7258529663086,10677409
2023-04-24,74.72585496238625,75.34635162353516,74.01671012429631,75.34635162353516,10262795
2023-04-25,75.34635128067185,75.34635128067185,73.13028212535798,74.1939926147461,11129471
2023-04-26,73.13027705536214,73.92806324854726,72.95299424039028,73.6621322631836,10971773
2023-04-27,74.10535072562817,75.96684745156652,74.01670931256564,75.6122817993164,11232452
2023-04-28,75.61227929779851,76.49870692491031,75.34634830450254,76.14413452148438,8807072
2023-05-02,76.94192620328096,79.77849210634389,76.85327802394865,79.42391967773438,35265418
2023-05-03,78.98069991946863,79.24663091174234,77.91698947618595,79.15798950195312,19362927
2023-05-04,79.33528081486735,79.95577751272593,78.44885309626547,78.8920669555664,15893714
2023-05-05,78.8920644162734,79.86713352276962,78.53749198766388,79.42391967773438,16038514
2023-05-08,79.7784918425823,80.84220236198745,78.8920641554425,80.13306427001953,13166396
2023-05-09,81.99455823895629,82.88098589559365,80.84219958016519,81.37406158447266,17960357
2023-05-10,82.26048378800726,82.26048378800726,80.04441479331855,81.28540802001953,11860150
2023-05-11,81.99456647434201,82.70371137603965,81.46271117952226,81.8172836303711,16572861
2023-05-12,85.36299074588004,89.972412109375,84.74248729427826,89.972412109375,71812234
2023-05-15,90.41561799620985,90.41561799620985,85.62890745559399,86.51533508300781,53931277
2023-05-16,88.55412857553006,90.41562539280051,86.95855601049445,89.5291976928711,56793529
2023-05-17,89.08597564697266,89.9724032653505,87.57905140089274,89.08597564697266,35855739
2023-05-18,89.52919184987138,91.30204713402725,88.5541227961669,90.85883331298828,34741847
2023-05-19,92.63169601860396,97.50704844063576,91.74526830550728,96.62062072753906,52809422
2023-05-22,96.62062511803968,97.06383899472794,92.63170022784539,93.96134185791016,32786315
2023-05-23,93.51811400083737,95.29096924255941,92.18847256954585,94.8477554321289,30791706
2023-05-24,95.73418900186981,95.73418900186981,93.07490597404009,93.51811981201172,22562613
2023-05-25,98.83668746612145,101.93918438209836,97.06383208556322,100.60954284667969,51363370
2023-05-26,105.48489749792851,105.92811135296182,101.49597280262869,102.38240051269531,51299464
2023-05-29,103.2688265014113,103.71204034905683,100.1663295678925,101.0527572631836,43620901
2023-05-30,108.14417193868886,109.47381339695143,100.16632318911346,101.93917846679688,74909429
2023-05-31,104.15524937052584,105.92810467896031,100.60953875365686,103.2688217163086,61787282
2023-06-01,101.49596464737601,102.38239228621772,100.16632318911346,101.93917846679688,30760781
2023-06-02,103.26882346201752,107.70096180802685,102.38239579281566,104.59846496582031,75012302
2023-06-05,104.5984637920673,105.04167762169472,101.93918081430289,103.7120361328125,32251072
2023-06-06,102.8256101970431,105.92810705643666,102.38239635998688,105.04167938232422,28711326
2023-06-07,106.37132080078125,111.68988684082031,105.48489312744141,110.80345916748047,67575569
2023-06-08,108.58738406499226,108.58738406499226,106.3713150024414,106.3713150024414,40742672
2023-06-09,109.47381757148771,117.00845278895852,109.0306037351659,116.56523895263672,76773784
2023-06-12,117.00844982058503,121.44058807136476,113.46273921996124,114.34916687011719,84484040
2023-06-13,118.33810159434444,123.6566679581352,117.8948877306952,122.3270263671875,68715885
2023-06-14,124.09986877441406,124.98629640851702,121.88379968915666,124.09986877441406,42272832
2023-06-15,128.08880137748457,131.63451214225924,125.42951830390359,130.30487060546875,59007416
2023-06-16,130.3048728584443,132.07772827148438,126.7591620323642,132.07772827148438,59205223
2023-06-19,131.19128662109375,134.29378326416014,129.41843139648438,132.96414184570312,35642688
2023-06-20,131.63450980350888,132.07772364123113,126.31594375084187,128.53201293945312,59937230
2023-06-21,129.41844051348494,135.6234342367342,129.41844051348494,134.29379272460938,62167623
2023-06-26,131.19130542742107,131.19130542742107,126.75916673054874,129.86166381835938,52057163
2023-06-27,124.98630580295521,127.20237505478066,122.32702270076469,125.42951965332031,47772888
2023-06-28,128.08880559603375,131.19130261739096,126.75916401545207,127.64559173583984,37765365
2023-06-29,128.97523607898492,130.30487768804662,127.64559446992321,129.86166381835938,27994590
2023-06-30,129.8616475557026,134.73699951171875,128.53200611315276,134.73699951171875,58454946
2023-07-03,137.39629965333552,145.81736318047544,137.39629965333552,142.2716522216797,70724892
2023-07-04,143.1580758640144,155.56806386461008,142.27164814968614,151.13592529296875,101639397
2023-07-05,149.36305358346584,152.02233643658394,143.60127406837665,150.24948120117188,53899520
2023-07-06,147.59020052823152,152.90876631303266,144.93091763583095,146.26055908203125,58295113
2023-07-07,143.6012938312281,147.59021865987333,141.82843835183021,142.2716522216797,51380784
2023-07-10,140.49878399188702,146.26056377704327,139.6123563326322,144.04449462890625,35704021
2023-07-11,148.0334236277321,154.23841743248735,147.1469959413385,153.35198974609375,71188169
2023-07-12,156.01128125,167.9780556640625,154.6816396484375,166.2052001953125,97517293
2023-07-13,174.1830350435697,182.6040978064904,167.97804142878607,172.8533935546875,113318277
2023-07-14,180.3880322774251,182.16088763150302,167.9780447988799,175.51268005371094,152498981
2023-07-17,171.52375322458695,179.05838837915536,170.19411172672193,173.7398223876953,62024629
2023-07-18,179.50160099909857,184.8201669546274,171.0805382361779,178.61517333984375,109918036
2023-07-19,184.37695682410038,186.14981217817825,174.18303853815252,175.51268005371094,76492149
2023-07-20,177.2855351886478,187.03623962402344,174.18303832284647,187.03623962402344,92437993
2023-07-21,180.83124778545007,201.21908454557433,179.5016062576159,200.33265686035156,136479427
2023-07-24,204.76479801661532,220.27728271484375,204.3215841680945,220.27728271484375,122696475
2023-07-25,226.0390627456143,236.23298126159298,218.5044273207605,220.27728271484375,159201693
2023-07-26,221.60692048949016,229.1415557861328,216.28835439774238,229.1415557861328,127605766
2023-07-27,235.3465262535775,236.23295384775292,222.49332613803372,223.82296752929688,102727210
2023-07-28,223.82298172083603,234.46011352539062,218.50441581855873,234.46011352539062,92874548
2023-07-31,238.89226875864983,240.22191032873508,211.4130096435547,211.4130096435547,126438263
2023-08-01,203.87836504586133,213.18585562404198,196.7869436529618,210.08335876464844,129323995
2023-08-02,210.9697645844006,214.51547491355018,189.25228881835938,189.25228881835938,165782856
2023-08-04,185.26336517333985,201.6622754877264,182.60408241965555,195.01406860351562,139594932
2023-08-07,200.33265976078255,214.5155029296875,195.90052127049975,214.5155029296875,128540775
2023-08-08,213.62905762990314,220.7204786300659,206.98085044225056,212.7426300048828,129112401
2023-08-09,201.21908549731498,215.84514237267047,200.3326578078995,206.98086547851562,108218478
2023-08-10,195.45730993130428,199.44623462377987,186.59303283691406,186.59303283691406,115067833
2023-08-11,191.46838460832635,202.1055170865667,189.69552919528627,198.11659240722656,110862767
2023-08-14,202.10549735224896,214.95869784175602,198.11657306240193,211.856201171875,155264622
2023-08-15,221.60690648076982,226.48225842334676,218.06119597707752,218.50440979003906,107489281
2023-08-16,217.1747871681496,239.33547973632812,216.28835946542245,239.33547973632812,132269054
2023-08-17,234.0169088661124,248.64296567024442,233.13048118101347,241.55154418945312,147588929
2023-08-18,240.22190684080124,243.7676176428795,218.94764202833176,226.9254913330078,156514903
2023-08-21,231.80084514808271,233.57370056030516,222.05014038085938,222.05014038085938,88631692
2023-08-22,231.35762499102773,236.6761910827755,227.3687004222169,229.1415557861328,114079823
2023-08-23,230.47119373583612,232.24404907226562,224.26620005833283,232.24404907226562,65950906
2023-08-24,249.97261125837053,249.97261125837053,228.25513262067523,232.68727111816406,159586965
2023-08-25,221.16371298618003,224.26620996193807,213.6290774736248,216.28836059570312,121642364
2023-08-28,217.1747813505285,217.61799519001934,203.43515232631137,210.96978759765625,96436841
2023-08-29,214.51549818666922,218.94763657895578,212.7426428297546,216.7315673828125,54380342
2023-08-30,223.37977965448943,225.15263504857268,219.83406886632292,220.27728271484375,53932115
2023-08-31,218.0612041766827,224.70941162109375,212.74263822115384,224.70941162109375,70967500
2023-09-01,226.03905310997595,226.03905310997595,213.18585205078125,213.18585205078125,56928062
2023-09-04,213.1858509032707,218.0612030029297,210.96978176706207,218.0612030029297,44060670
2023-09-05,215.40191887057557,218.06120181959503,213.62906357122927,217.17477416992188,26958015
2023-09-06,218.06119735597628,225.15261840820312,218.06119735597628,225.15261840820312,47610541
2023-09-07,221.60690549820188,224.26618836418032,220.27726406521268,223.3797607421875,33157700
2023-09-08,220.72049681608343,223.8229937592814,214.07228908065923,214.5155029296875,47868495
2023-09-11,213.62907456515129,214.95871610808788,194.12766526874742,202.1055145263672,97761200
2023-09-12,202.10550989423479,202.10550989423479,196.34373000689914,198.55979919433594,56288162
2023-09-13,199.44622448810603,202.99193514567236,196.3437276627355,202.54872131347656,36302842
2023-09-14,205.6512181058843,210.08335642713183,204.32157660951006,208.3105010986328,48037207
2023-09-15,209.19692639526892,210.52656787659475,205.65121577839994,206.5376434326172,42231169
2023-09-18,201.2190726633822,201.66228647982138,195.457293049673,197.2301483154297,45420377
2023-09-19,198.55980887913813,201.21909203376944,192.35481485166505,194.12767028808594,40176586
2023-09-20,192.35480672107408,203.43515273035254,190.5819513595895,193.6844482421875,55190250
2023-09-21,189.25231783792853,196.78695344271725,187.03624854240243,194.12767028808594,52348740
2023-09-22,191.91158822866586,201.66229248046875,190.13873291015625,201.66229248046875,49723452
2023-09-25,201.66229838818575,202.10551223079713,197.23015996207178,200.33265686035156,38835647
2023-09-26,201.21907143345268,205.20799575702333,196.34371948242188,196.34371948242188,46203309
2023-09-27,197.67336346170177,203.87835693359375,196.34372200343918,203.87835693359375,37403071
2023-09-28,208.31049877318063,216.28834766236625,208.31049877318063,212.29942321777344,86509850
2023-10-02,217.17477764736694,229.5847649415022,216.73156381543353,225.59584045410156,97257948
2023-10-03,227.81191813969755,228.25513198821835,219.83406886632292,220.27728271484375,48104030
2023-10-04,212.7426494666916,222.93656808697057,212.299435613636,222.05014038085938,49045023
2023-10-05,223.37978080183805,223.82299465263537,219.83406999545969,221.16371154785156,39895836
2023-10-06,223.37977129443456,228.69833727763537,222.49334363056775,225.59584045410156,57706382
2023-10-11,232.2440518932182,232.2440518932182,210.96978759765625,210.96978759765625,78147919
2023-10-12,208.310504560711,216.28835367154673,207.86729072122012,210.96978759765625,65659214
2023-10-13,210.9697890830251,212.74264445347066,196.78694611946037,200.33265686035156,80270074
2023-10-16,196.34371948242188,201.21907143345268,195.9005056686918,196.34371948242188,40863223
2023-10-17,199.0030023648023,200.7758576197226,193.24122278631137,196.34371948242188,44571311
2023-10-18,192.3548117844757,193.24123948855163,184.37696244779238,185.70660400390625,89829079
2023-10-19,183.49051847389276,187.03622897580374,180.38802178472065,184.82015991210938,49137297
2023-10-20,182.6041013535777,183.93374286828822,176.39910761826195,181.2744598388672,86621018
2023-10-23,178.61517216023663,183.93373808064067,177.2855306801356,177.72874450683594,43292572
2023-10-24,180.83124363365357,185.2633819580078,177.72874680660559,185.2633819580078,54480571
2023-10-25,186.14981898219457,189.69552981995065,183.4905358538775,186.59303283691406,42016078
2023-10-26,179.058388340326,182.60409900053048,178.17196067527487,179.50160217285156,42968004
2023-10-27,182.60410733528326,183.04732118803878,178.61518266048338,179.94482421875,36446623
2023-10-30,180.83124016326607,184.37695075470265,180.3880263393365,182.60409545898438,24897510
2023-10-31,183.49051775251115,184.37694537450398,167.53482055664062,167.53482055664062,70676587
2023-11-01,171.08053349200344,171.96696112667703,166.6483953186355,169.30767822265625,45193011
2023-11-02,176.84230986637854,180.83123414907882,175.5126684388118,178.1719512939453,49234507
2023-11-03,179.50160694122314,181.71767616271973,176.39911003112795,177.28553771972656,38302758
2023-11-06,180.83124714872264,182.6041025129258,179.05839178451947,182.160888671875,30389775
2023-11-07,181.71766542920878,183.49052070168887,179.9448101567287,180.83123779296875,23157199
2023-11-08,182.160877245526,195.45729164300965,181.71766343227654,190.58193969726562,71338649
2023-11-09,191.0251732743494,194.57088414719115,189.25231783792853,194.12767028808594,45180290
2023-11-10,192.35478535636526,192.79799914750896,187.47943365378458,189.25228881835938,33109098
2023-11-13,187.0362336982801,189.69551664185755,182.60409545898438,182.60409545898438,69396541
2023-11-14,183.93373228663162,187.03622897580374,181.71766322293726,184.82015991210938,33339074
2023-11-15,190.1387341147975,193.24123094184546,185.2633819580078,185.2633819580078,46404390
2023-11-16,187.03622897580374,190.5819394777147,183.04730466115387,184.82015991210938,37864769
2023-11-17,186.149801350326,187.03622897580374,183.93373228663162,184.82015991210938,26859525
2023-11-20,186.1498282090673,188.80911146919684,184.37697270231428,187.9226837158203,26885576
2023-11-21,191.46837789601292,194.12766092234645,190.58195022056842,192.7980194091797,48092999
2023-11-22,187.92265660128146,189.25229803949807,184.3769460993705,184.82015991210938,44246302
2023-11-23,184.37695552441647,185.70659703060215,179.94481717046415,180.38803100585938,34825618
2023-11-24,180.83124484125463,181.71767251204508,177.28553415809276,180.38803100585938,31376117
2023-11-27,179.94480876582875,179.94480876582875,171.08053247194556,174.1830291748047,50003570
2023-11-28,173.73982354953205,175.5126788918742,171.9669682071899,174.62625122070312,32848283
2023-11-29,175.9558822480007,179.05837891232315,173.73981320205613,178.1719512939453,37592569
2023-11-30,176.39911339670567,179.94482421875,174.6262579856835,179.94482421875,54851553
2023-12-01,178.1719654083252,179.05839309692385,175.5126823425293,177.28553771972656,29879069
2023-12-04,179.05838236748417,179.50159618522548,175.0694580078125,175.0694580078125,27279465
2023-12-05,173.2966073843149,174.1830350435697,170.63732440655048,172.8533935546875,28138699
2023-12-06,176.3991170706307,179.05840024254974,175.51268934665765,176.8423309326172,21977287
2023-12-07,176.84230986637854,180.3880203398899,173.73981320205613,178.1719512939453,27332725
2023-12-08,181.71767962977216,183.04732118803878,179.0583965132389,179.94482421875,29667478
2023-12-11,184.37694833792892,184.37694833792892,179.05838252048866,180.83123779296875,20799380
2023-12-12,181.71766176745666,182.6040893858345,178.1719512939453,178.1719512939453,21434046
2023-12-13,179.944806530701,181.71766176745666,177.72873748475638,178.1719512939453,23931619
2023-12-14,180.83124714872264,182.6041025129258,179.05839178451947,182.160888671875,29953645
2023-12-15,183.04731283305603,183.4905266655816,179.50160217285156,179.50160217285156,31301648
2023-12-18,179.50161036599445,182.1608934825277,176.39911339670567,179.94482421875,26713713
2023-12-19,181.71767251204508,186.1498108659974,180.38803100585938,180.38803100585938,52744531
2023-12-20,183.0473139444987,188.36587996709915,180.8312447684152,186.14981079101562,70203714
2023-12-21,183.49052659320168,192.79801707256698,180.83124359909732,191.02516174316406,66089133
2023-12-22,192.7980087635129,194.12765020326128,189.69551207076674,190.58193969726562,38308946
2023-12-25,191.46837557551478,194.12765856961917,190.13873407846262,191.02516174316406,23664923
2023-12-26,192.35479616235804,192.35479616235804,189.25229945006194,191.46836853027344,16963502
2023-12-27,191.91158940786553,192.35480324021626,189.69552024611187,191.02516174316406,16950770
2023-12-28,192.3548126220703,194.12766803794193,191.0251710601666,192.3548126220703,19577387
2023-12-29,193.24124111523872,200.77587666330996,192.79802725946982,199.00302124023438,55202885
2024-01-02,199.00300088329848,199.446214693729,189.2522970538273,189.6955108642578,41990541
2024-01-03,185.70658657038322,191.46836610597984,185.26337275995272,189.6955108642578,23058884
2024-01-04,189.69553169703374,195.01409800629636,188.3658901197181,194.12767028808594,27277062
2024-01-05,194.5708724019699,196.3437277313728,191.02516174316406,191.02516174316406,29379840
2024-01-08,192.35479372684085,193.24122134770187,189.6955108642578,189.6955108642578,18226048
2024-01-09,195.45729287465414,199.44621721903485,191.46836853027344,191.46836853027344,40139048
2024-01-10,190.58195831578806,194.57088302472317,189.69553060269138,193.24124145507812,22827097
2024-01-11,195.01408849443706,199.44622686931064,192.35480546951294,198.55979919433594,35410895
2024-01-12,197.23016548982432,207.86729801062384,195.45731006969106,204.76480102539062,52622290
2024-01-15,207.86728488004235,208.753712534115,200.3326498204246,200.77586364746094,43440398
2024-01-16,199.88944528813946,203.87836991694934,199.00301759284838,202.1055145263672,23139021
2024-01-17,203.87836281006395,206.5376458032387,201.662293649085,202.54872131347656,43825658
2024-01-18,202.10549906091282,202.99192668837296,195.45729185496174,196.34371948242188,34449346
2024-01-19,200.33264325459797,213.62905762990314,199.8894294420878,212.7426300048828,85320128
2024-01-22,223.82298396183896,230.47119140625,221.16370098407452,224.70941162109375,99110318
2024-01-23,226.03903651473544,226.03903651473544,220.72047094968286,223.82296752929688,41511314
2024-01-24,224.70941519165038,225.59584286499023,221.16370449829103,221.60691833496094,23275124
2024-01-25,225.15262784536583,226.48226934838965,220.72048950195312,220.72048950195312,31308056
2024-01-26,219.83406911802686,219.83406911802686,213.62907523163096,214.5155029296875,27751807
2024-01-29,214.51548428350944,219.39083619904372,213.6290566625032,217.61798095703125,22171520
2024-01-30,221.60690669485703,225.15261720197475,219.83405144129816,224.2661895751953,40774120
2024-01-31,221.60691481370193,222.05012864332934,217.1747765174279,218.9476318359375,32154874
2024-02-01,218.5044287222403,221.16371183042173,214.0722902086046,215.4019317626953,35173109
2024-02-02,221.1636928814673,225.15261720197475,219.39083762790847,224.2661895751953,40272770
2024-02-05,224.70940578685085,227.368688695571,222.93655051437077,226.03904724121094,37787922
2024-02-15,240.2218956580529,241.9947509765625,232.68726055438702,236.23297119140625,65367818
2024-02-16,229.14155968525998,229.14155968525998,220.27728271484375,220.27728271484375,83336905
2024-02-19,220.27727453259453,221.60691602876713,213.62906705173154,214.07228088378906,42790959
2024-02-20,214.07228204786162,217.6179927236026,212.74264054445877,214.95870971679688,32621268
2024-02-21,212.29942677384716,213.18585444304904,208.7537160970397,209.19692993164062,33913077
2024-02-22,217.6180092813543,219.3908647541148,213.18587059945298,215.84515380859375,39679214
2024-02-23,220.27728179678383,220.72049564345744,213.6290740966797,213.6290740966797,34082853
2024-02-26,212.74264640333246,215.40192948337412,210.96979101663803,213.6290740966797,18419871
2024-02-27,213.62905614709342,214.51548376596102,204.32156614898355,206.09442138671875,30950949
2024-02-29,204.3215882860381,207.4240852882122,202.10551899877086,205.65122985839844,29324835
2024-03-01,207.4240757423111,211.4130002758171,205.6512203940862,210.08335876464844,25820725
2024-03-04,213.629056411807,215.401911651739,209.64013212196,211.856201171875,25090811
2024-03-05,213.18584974639268,218.5044156444316,211.85620827188296,217.17477416992188,27412147
2024-03-06,215.40191309930827,218.9476236030006,214.95869928634673,218.50440979003906,19602670
2024-03-07,219.83405949519232,220.2772733248197,213.18585205078125,213.18585205078125,23379895
2024-03-08,213.62906705173154,218.5044192043644,212.2994255555589,214.07228088378906,26241642
2024-03-11,215.845145338284,225.59585005582454,215.4019314874867,221.16371154785156,47413219
2024-03-12,224.26619895830137,226.92548194990178,218.94763297510053,225.59584045410156,44162473
2024-03-13,226.92549276447104,227.81192047058227,219.83407111558134,222.05014038085938,35270220
2024-03-14,222.0501479632556,222.93657569963585,213.6290844676431,215.84515380859375,24443380
2024-03-15,213.1858564358313,229.14155463061286,212.29942875834345,228.255126953125,68792221
2024-03-18,234.90332360361134,237.11939269421146,224.26619196873085,226.03904724121094,57179954
2024-03-19,226.9254924610895,230.9144171332571,224.26620934631111,227.81192016601562,33085623
2024-03-20,228.25512468575474,231.35762152614362,219.83406183327057,220.72048950195312,55375181
2024-03-21,225.59584045410156,228.255123445702,224.26619895830137,225.59584045410156,33510827
2024-03-22,227.36869927563714,232.68726534056432,225.59584392066142,228.255126953125,42532536
2024-03-25,228.69833014993105,230.0279716042911,226.03904724121094,226.03904724121094,18077064
2024-03-26,228.69832893431658,232.24403946043,223.37976314514643,225.15261840820312,38718486
2024-03-27,225.1526300819175,229.14155463061286,222.4933470494539,228.255126953125,20061026
2024-03-28,230.02797104971748,248.19973754882812,229.584757232666,248.19973754882812,94992576
2024-03-29,247.31332493327676,264.1554510040017,245.09725571344453,253.96153259277344,114744000
2024-04-01,261.05293341442547,262.82578864983753,249.5293743842471,250.41580200195312,65982658
2024-04-02,253.9615379179884,265.04188424948876,253.9615379179884,264.15545654296875,80400387
2024-04-03,261.05296213907116,261.9393898543142,256.620823562856,260.1665344238281,53767058
2024-04-08,261.0529598805344,262.82581529568233,257.0640351964515,258.3936767578125,44179154
2024-04-09,260.60973302329455,260.60973302329455,250.85902872650465,254.4047393798828,38305903
2024-04-10,257.06401635569034,257.9504439982962,249.97259521484372,249.97259521484375,33451053
2024-04-11,249.9726057270499,255.29117180634884,249.08617804716675,252.1886749267578,32704505
2024-04-12,253.10406243581173,256.7656040262032,248.0694427490234,248.06944274902344,46712215
2024-04-15,245.78096315230448,249.90019717161684,237.08480244486725,238.9155731201172,38084902
2024-04-16,236.62712519154522,239.3732813833233,227.0155785203219,228.38865661621094,46510113
2024-04-17,232.50788348784383,234.33865422396858,226.55787859543838,232.965576171875,40500013
2024-04-18,228.84635392301334,232.50789558578154,227.47327579947526,229.30404663085938,25133414
2024-04-19,228.8463426672894,230.21942072329313,216.94633284859034,221.06556701660156,36117480
2024-04-22,217.8617182192595,220.60787433126697,210.53863525390625,210.53863525390625,32103726
2024-04-23,216.03094945980024,218.77710559700108,213.2847933225994,216.9463348388672,21548954
2024-04-24,228.84633948386517,238.4578857421875,227.9309541259297,238.4578857421875,44081784
2024-04-25,235.71173695902067,238.91558581089086,228.846346562156,233.88096618652344,42585294
2024-04-26,243.49250654202064,246.23866263084042,235.2540382755613,235.71173095703125,40653744
2024-04-29,238.4578903810928,241.20404650832225,236.62711962960645,239.37327575683594,15447822
2024-04-30,239.8309844970703,241.66175537109373,238.00021362304688,238.00021362304688,14704032
2024-05-02,232.5078757567424,240.74634379536712,229.7617197438675,238.9155731201172,22037978
2024-05-03,241.66174673336988,243.492517541956,234.79635620117188,234.79635620117188,22827884
2024-05-06,239.83096313476562,249.90020204500388,239.83096313476562,239.83096313476562,43172559
2024-05-07,242.57712717806356,244.40789794921875,238.45789294296435,244.40789794921875,22401447
2024-05-08,244.40790497886198,254.0194518038734,243.95021227290906,250.35791015625,43950192
2024-05-09,250.81559222556638,254.4771337179104,248.98482147939436,251.27328491210938,27241691
2024-05-10,251.7309742361693,251.7309742361693,244.4078913492989,247.6117401123047,32079709
2024-05-13,248.98482147939436,252.6463629717384,246.69635804667934,251.27328491210938,19749229
2024-05-14,251.7309813606884,265.9194548555635,248.98482520038996,264.08868408203125,46502998
2024-05-15,263.630992078615,270.038689802748,261.34252860571036,262.7156066894531,62429111
2024-05-16,265.9194550497007,267.29253313085235,253.10405962561873,253.56175231933594,80715004
2024-05-17,255.8501968383789,264.54635737492487,255.8501968383789,261.8002014160156,46645961
2024-05-20,263.17329136192376,263.17329136192376,255.85020847185285,258.138671875,24322187
2024-05-21,258.59636455562946,262.2579060006649,256.7655938331117,258.138671875,18707757
2024-05-22,258.59637312212675,261.80022199266637,256.30790964316986,261.342529296875,21802191
2024-05-23,262.7156080863845,268.2079204505598,258.5963738132531,259.9694519042969,29713493
2024-05-24,259.05405531212506,264.54636743888386,258.5963626348952,262.2579040527344,21539367
2024-05-27,265.46176994882615,270.03869701690934,263.6309991215928,268.6656188964844,40145022
2024-05-28,268.66560023806875,269.123292913091,263.63098081282385,265.0040588378906,28040196
2024-05-29,265.91945555151966,271.86946058107173,262.7156066894531,262.7156066894531,30237804
2024-05-30,261.8002032047902,262.71558853068103,257.2232765753358,257.68096923828125,18375539
2024-05-31,257.6809879776335,258.596373370094,250.8155975341797,250.8155975341797,36680041
2024-06-03,255.39252562396294,264.0886868907287,254.4771402274613,258.59637451171875,28013778
2024-06-04,259.05407082297586,260.42714893687855,249.9002167302912,251.73098754882812,27137800
2024-06-05,254.4771430513958,257.2232992713749,251.27329412808686,253.10406494140625,14643697
2024-06-06,259.96946953788853,260.88485499400787,254.47715680117255,255.85023498535156,18827927
2024-06-07,254.47713439717833,256.3079051482372,248.0694367684724,249.90020751953125,25842113
2024-06-11,253.1040556582814,255.8502117775394,250.81559222556638,251.27328491210938,17965866
2024-06-12,253.5617483448244,253.5617483448244,249.90020685248035,251.27328491210938,16630971
2024-06-13,253.56175414609237,259.9694519042969,253.56175414609237,259.9694519042969,27971741
2024-06-14,260.88484430887615,267.2925422392696,258.13868805299325,265.9194641113281,33989140
2024-06-17,265.9194548555635,265.9194548555635,260.4271425349667,264.08868408203125,17172967
2024-06-18,265.46175088259776,268.2079069262108,262.71559483898466,266.37713623046875,20418133
2024-06-19,267.75022337708293,292.92332130142404,266.834837998016,289.26177978515625,108990272
2024-06-20,292.0079396565755,303.45025704123753,291.09255426580256,302.0771789550781,72523002
2024-06-21,293.381022613,294.75410072195325,284.6848612562965,292.46563720703125,51704030
2024-06-24,286.51562921624435,290.17717080367237,278.27716064453125,278.27716064453125,42233860
2024-06-25,275.53099395251667,280.10792076235913,268.6656037377529,279.1925354003906,40789360
2024-06-26,281.9387199143023,286.973339912772,281.0233344600351,283.3117980957031,26223768
2024-06-27,278.2771500384221,282.39638416728036,273.70022322857966,279.1925354003906,19545453
2024-06-28,280.10790780874396,287.4309903658353,280.10790780874396,285.6002197265625,19574399
2024-07-01,286.5156270773716,286.5156270773716,281.48100743224205,282.3963928222656,15985543
2024-07-02,284.22715423235496,286.05792495204804,278.7348420732756,280.56561279296875,18672895
2024-07-03,284.6848462587827,284.6848462587827,280.1079194700563,281.9386901855469,13187172
2024-07-04,287.43102256997116,288.8041007032672,282.8540954589844,282.8540954589844,15133353
2024-07-05,285.6002197265625,289.26176100510816,282.85406376765326,285.6002197265625,14210800
2024-07-08,285.60024666226525,298.87333504881286,283.31178314734325,292.46563720703125,28404075
2024-07-09,301.1617908477783,313.5194935117449,298.41563470023016,307.5694885253906,67607370
2024-07-10,314.8925795569098,315.8079649625985,302.9925692829568,312.14642333984375,35949326
2024-07-11,313.97717734888977,313.97717734888977,304.3656311035156,304.3656311035156,23543564
2024-07-12,296.5848785587615,303.9079619799655,292.9233368481595,298.4156494140625,18461514
2024-07-15,302.0771926549197,304.36565623563877,295.21180191276244,295.66949462890625,17659297
2024-07-16,296.58487009447674,299.3310262990552,291.0925576853198,295.2117919921875,17147929
2024-07-17,293.838697202646,293.838697202646,286.9733070810889,287.4309997558594,19421197
2024-07-18,276.9040544241067,281.0232882915727,271.4117426008186,272.7848205566406,43202067
2024-07-19,272.7848311401778,276.90406516746236,270.4963677916864,271.86944580078125,21294863
2024-07-22,270.95406426323785,273.24252764383954,259.0540546841092,263.6309814453125,24337318
2024-07-23,269.58098245228985,271.86944580078125,267.2925191037984,271.86944580078125,17482511
2024-07-26,251.73098754882812,258.1386854137074,248.98483132102274,251.73098754882812,36010798
2024-07-29,254.47713577835646,255.850213849103,247.154052734375,247.154052734375,24380182
2024-07-30,243.49250598844012,248.5271254731635,239.3732718645755,247.6117401123047,31549538
2024-07-31,240.28866619145103,255.85021790670692,240.28866619145103,249.44252014160156,39418152
2024-08-01,261.80023045523353,266.3771575610943,257.2233033493728,264.54638671875,39810771
2024-08-02,251.27328356405846,253.56174698449615,243.03481525048275,243.4925079345703,40859651
2024-08-05,224.2694219218913,229.30404159768887,219.23480224609375,219.23480224609375,52868210
2024-08-06,228.3886526625166,229.76173073463593,213.28479386920387,226.10018920898438,44177529
2024-08-07,224.26941711425783,238.45789044189453,221.98095367431642,228.84634399414062,52826492
2024-08-08,219.69248962402344,223.35403111775716,216.03094813028972,219.69248962402344,56730041
2024-08-09,227.93095861816408,233.42327087402344,226.10018786621094,228.84634399414062,49626663
2024-08-12,238.00020025017557,248.98482487710675,234.79635140065398,244.40789794921875,48834674
2024-08-13,248.98483030165337,249.44252300441377,242.5771324630079,243.95021057128906,26687351
2024-08-14,248.0694427490234,252.18867703821385,246.2386719538277,248.06944274902344,28844838
2024-08-15,250.35790088295278,251.73097894995252,247.6117447489533,248.52713012695312,16536299
2024-08-16,254.47715225082752,257.68100128995667,252.64638137132516,254.93484497070312,28752281
2024-08-19,256.76560584418206,256.76560584418206,253.10406422786576,254.47714233398438,14672629
2024-08-20,259.05406651026766,264.54637887444295,258.5963738132531,259.9694519042969,26840428
2024-08-21,258.138671875,261.8002133200355,256.7655938331117,258.138671875,19992207
2024-08-22,259.0540755451589,259.96946097111356,252.64637756347656,252.64637756347656,15883914
2024-08-23,248.98483585965806,254.0194557024085,248.06945043370345,252.64637756347656,19259852
2024-08-26,254.93483648126775,259.05407082297586,251.73098754882812,251.73098754882812,14895348
2024-08-27,250.35790414689023,252.6463676217247,247.154055282122,252.1886749267578,16841706
2024-08-28,252.18868865144958,256.30792313032987,248.98483961232046,254.93484497070312,15959378
2024-08-29,245.7809687502244,250.35789554259355,243.9501980332767,248.9848175048828,22693820
2024-08-30,248.98481408873602,249.44250676169324,245.32327270507812,245.32327270507812,21323663
2024-09-02,247.61174679874034,249.90021026268434,244.40789794921875,244.40789794921875,11868963
2024-09-03,245.32327607098748,249.90020286335664,243.03481267480288,248.9848175048828,19100170
2024-09-04,233.42327087402344,233.42327087402344,227.01557324218751,228.84634399414062,42812306
2024-09-05,230.21942342534237,231.5925014974617,226.10018920898438,226.10018920898438,20068853
2024-09-06,228.84635107326693,238.0002051161976,227.93096566897387,234.79635620117188,27834075
2024-09-09,228.84634399414062,230.2194220581055,226.55788055419924,228.84634399414062,31844504
2024-09-10,226.10019271309042,226.10019271309042,217.86172415269442,219.23480224609375,54527225
2024-09-11,220.60788424152972,224.72711859458732,220.60788424152972,221.5232696533203,16585710
2024-09-12,228.8463426672894,235.7117329473081,228.8463426672894,231.59249877929688,38745453
2024-09-13,232.965576171875,234.33865422396858,229.3040346996255,232.965576171875,18233844
2024-09-16,233.42327418289787,234.3386595718504,230.67711801604023,232.5078887939453,13175269
2024-09-18,231.13480743408203,232.50788549804687,227.93095861816408,228.84634399414062,13305144
2024-09-19,229.76172803795856,232.50788414996603,227.0155719259511,231.59249877929688,15072098
2024-09-20,235.7117227988668,237.54249346138226,231.13479614257812,231.13479614257812,24018450
2024-09-23,233.423272811949,235.25404357910156,232.05019473658461,235.25404357910156,10598670
2024-09-24,234.33866349902533,236.627127009758,232.05019998829266,234.79635620117188,18106808
2024-09-25,240.74635888895855,251.7309836291392,240.28866619145103,249.44252014160156,47171801
2024-09-26,254.0194457066254,254.47713840159227,249.44251875695645,252.1886749267578,27178576
2024-09-27,254.47713770677035,259.05406464394247,252.1886742381843,253.56175231933594,29084059
2024-09-30,248.98482629024622,249.90021168101916,241.6617431640625,241.6617431640625,29002493
2024-10-01,245.78096537803538,248.52712141577877,243.49250201324918,245.32327270507812,13490163
2024-10-04,243.03481187893235,249.44250936726579,239.37327045702753,239.83096313476562,28719313
2024-10-07,244.8656005859375,248.06944956556657,242.57713702905957,244.8656005859375,19062186
2024-10-08,242.11943516848,243.03482055664062,240.2886643921588,243.03482055664062,12499194
2024-10-09,249.44252474434415,255.39252992173218,248.5271393324383,250.35791015625,33634736
2024-10-11,253.56174506870568,259.96944259751774,252.6463597074468,258.138671875,37256119
2024-10-14,258.5963639086096,260.8848273060309,254.93482247273548,259.5117492675781,16945056
2024-10-15,264.54639353485885,272.32716981529586,262.71562264534424,270.49639892578125,48884679
2024-10-16,265.4617692333157,272.7848525225106,263.63099841101695,270.0386962890625,29762514
2024-10-17,274.6156105384255,277.3617666438098,270.0386836961185,275.07330322265625,25936445
2024-10-18,284.2271643026644,289.2617839601995,276.9040811644315,281.0233154296875,56598857
2024-10-21,284.68486630337907,286.5156371477738,282.8540954589844,282.8540954589844,20834171
2024-10-22,285.60023694651255,295.2117833822125,283.76946619685543,292.0079345703125,43717204
2024-10-23,291.5502325593485,292.0079252321261,288.3463838499051,290.1771545410156,20966093
2024-10-24,288.34638902007555,288.34638902007555,277.8194573574379,279.1925354003906,38902304
2024-10-25,280.5656213575794,286.0579336843183,280.1079286636845,283.76947021484375,15863904
2024-10-28,286.5156263782132,287.43101176600305,280.1079286636845,283.76947021484375,18865841
2024-10-29,281.9386820273824,281.9386820273824,274.1579067116917,277.36175537109375,23056921
2024-10-30,278.2771506898682,282.39638482836955,277.3617653257568,277.8194580078125,16205521
2024-11-01,265.46175497086324,281.48099880531186,265.00406228987896,279.1925354003906,21632951
2024-11-04,280.5655998947898,287.888682436905,280.1079072359076,286.9732971191406,23577291
2024-11-05,284.2271692527915,292.9233306308962,283.31178384456996,291.0925598144531,25410159
2024-11-06,292.0079339037819,297.0425534538471,291.09254853104284,293.3810119628906,30416641
2024-11-07,295.6694832844302,301.1617956674227,292.92332709293396,297.95794677734375,28410045
2024-11-08,300.2464294433594,304.82335672145933,298.8733512599294,300.2464294433594,31781667
2024-11-11,300.2464002403846,300.2464002403846,294.7540880408654,297.500244140625,23596609
2024-11-12,292.4656299920128,293.8387080670927,286.515625,286.515625,29974660
2024-11-13,284.684850278108,295.2117820408033,284.684850278108,294.75408935546875,30441886
2024-11-14,292.0079366080522,293.3810146798769,283.76946817710405,287.8887023925781,26243215
2024-11-15,281.93868453414353,281.93868453414353,270.0386751219881,271.86944580078125,74915637
2024-11-18,270.0386984951525,272.7848547510354,264.08869327407285,265.9194641113281,29001059
2024-11-19,268.6656103199926,268.6656103199926,263.630990705819,265.4617614746094,32141834
2024-11-20,270.49639892578125,270.49639892578125,270.49639892578125,270.49639892578125,24526181
2024-11-21,265.9194724673317,271.86947787537866,264.5463942962439,269.1233215332031,18646313
2024-11-22,272.7848311401778,275.5309871583675,271.41175313108295,271.86944580078125,19974378
2024-11-25,275.988689256751,278.27715268342394,273.7002258300781,273.7002258300781,23017222
2024-11-26,271.86944580078125,275.07329448866926,268.207904443195,271.86944580078125,14832771
2024-11-27,269.58098688841284,269.58098688841284,262.2579040527344,262.2579040527344,22711911
2024-11-28,263.6309814453125,265.4617521497938,259.96944003634985,263.6309814453125,15362099
2024-11-29,261.8002094911136,268.6655996001463,260.8848241432426,266.37713623046875,13988329
2024-12-02,270.03868701921795,270.9540723989441,267.7502235699025,268.2079162597656,11485077
2024-12-03,272.3271504685334,275.07330660771186,268.2079162597656,268.2079162597656,15710058
2024-12-04,269.58101425689904,270.49639970429087,267.2925506384194,269.1233215332031,13557910
2024-12-05,272.3271705990746,272.7848633227705,269.1233215332031,269.1233215332031,10911479
2024-12-06,271.86944580078125,275.07329448866926,270.4963677916864,271.86944580078125,13808402
2024-12-09,274.1579507363809,275.0733362146326,270.0387160842483,270.9541015625,12306407
2024-12-10,271.86945777867027,273.24253584825954,266.3771455003133,268.2079162597656,14427132
2024-12-11,265.91945555151966,267.29253363526243,261.8002213002913,262.7156066894531,21335948
2024-12-12,266.3771280141977,267.2925133338341,261.8002014160156,261.8002014160156,14976319
2024-12-13,260.88483660108363,263.1733000800405,260.88483660108363,261.342529296875,12200744
2024-12-16,262.7156124600497,263.17330516468394,250.81560213955964,251.73098754882812,28991647
2024-12-17,249.9002167302912,254.0194510719993,249.9002167302912,251.73098754882812,17637500
2024-12-18,248.98483585965806,253.5617629894312,248.98483585965806,252.64637756347656,15895913
2024-12-19,249.44251416593735,252.18867028519537,246.23866536013634,251.27328491210938,23712359
2024-12-20,250.81560597462695,255.39253309095227,249.90022055136188,254.0194549560547,16457770
2024-12-23,260.8848450340614,265.9194648505082,260.42715232347535,264.54638671875,28828977
2024-12-24,267.2925215783398,268.2079069262108,265.00405820866223,266.37713623046875,18590184
2024-12-25,268.2079269200155,270.9540831683433,266.37715608779695,267.29254150390625,13632627
2024-12-26,269.5809849480174,270.03867762195284,265.9194435565332,266.37713623046875,10927365
2024-12-27,265.9194435565332,267.2925215783398,264.0886728607912,266.37713623046875,6492283
2024-12-30,265.4617521497938,266.3771375020345,263.6309814453125,263.6309814453125,9409363
2024-12-31,262.25791399487224,263.17329938403407,259.9694505219676,262.7156066894531,9669319
2025-01-02,260.88481848580494,264.54635979788645,256.3078918457031,256.3078918457031,16133262
2025-01-03,259.0540741917171,268.66562111402465,255.8502252176146,264.54638671875,29343116
2025-01-06,268.6656288095072,273.7002487701624,265.9194724673317,269.1233215332031,35113786
2025-01-07,273.7002479824318,273.7002479824318,269.58101348102394,270.49639892578125,22275626
2025-01-08,268.66561817233844,271.86946711136125,267.29254005561444,270.0386962890625,13151731
2025-01-09,270.0386789109972,271.4117569393582,263.6309814453125,263.6309814453125,15315431
2025-01-10,262.25790534448373,264.54636874190504,259.0540565880939,259.5117492675781,14645191
2025-01-13,256.30790104046326,257.22328640132207,247.6117401123047,247.6117401123047,36989579
2025-01-14,244.86558467482104,248.06943344626728,239.83096517683407,246.23866271972656,34307639
2025-01-15,245.32329711914062,248.98483886718748,238.00021362304688,238.00021362304688,30545530
2025-01-16,244.40791168212888,244.86560440063477,238.00021362304688,238.00021362304688,29433453
2025-01-17,238.91557842115523,241.20404181599386,237.0848077052843,238.4578857421875,22707181
2025-01-20,238.00020025017557,245.78097602758515,237.54250755738676,244.40789794921875,24130889
2025-01-21,244.40789199318587,246.69635540136176,243.03481394828032,246.23866271972656,12185918
2025-01-22,247.15404276945154,248.52712078483736,244.86557941047514,246.69635009765625,21735937
2025-02-03,222.43865966796875,225.64250867553207,222.43865966796875,222.43865966796875,56989643
2025-02-04,221.52326790018284,222.43865330472906,215.11557006835938,215.11557006835938,58985951
2025-02-05,215.573255443573,222.43864574432374,215.573255443573,219.69248962402344,33545796
2025-02-06,222.8963424210696,225.18480589561855,220.60787894652063,221.98095703125,26217854
2025-02-07,224.26941129896377,230.67710876464844,223.81171862284342,230.67710876464844,26247358
2025-02-10,232.05018679300943,232.05018679300943,227.93095270792642,230.67710876464844,23013509
2025-02-11,235.25404819222382,239.83097519985463,233.42327738917152,236.16943359375,26993684
2025-02-12,237.08481899527615,238.00020439680233,234.33866279069767,236.16943359375,15061730
2025-02-13,234.338671875,238.91559906005858,234.338671875,238.00021362304688,18791431
2025-02-14,235.71175003051758,239.8309844970703,235.71175003051758,238.00021362304688,14717100
2025-02-17,238.00019306321977,239.37327110012296,238.00019306321977,238.4578857421875,8036847
2025-02-18,239.37327442998472,242.1194305419922,238.00019637398097,242.1194305419922,11471037
2025-02-19,242.57711605149873,248.06942811304208,241.66173070790816,246.69635009765625,23284384
2025-02-20,245.78098138233065,247.15405949061181,243.4925178685287,243.95021057128906,13263243
2025-02-21,243.9502039026331,247.154052734375,243.0348185221354,247.154052734375,9604363
2025-02-24,242.57713317871094,243.49251858693248,240.74636236226783,242.57713317871094,15220301
2025-02-25,236.16942496009332,238.45788838024927,232.50788348784383,232.965576171875,32291063
2025-02-26,226.1002029418945,238.45790634155273,226.1002029418945,238.00021362304688,21101071
2025-02-27,238.00020807993386,238.00020807993386,228.84635392301334,229.30404663085938,35035460
2025-03-03,227.93096850732127,232.50789558578154,227.01558309162922,229.30404663085938,30185036
2025-03-04,227.0155744718629,237.08481366214716,225.18480370999305,236.6271209716797,28496178
2025-03-05,237.54249974607512,240.74634849024184,236.1694217128608,239.83096313476562,19318169
2025-03-06,240.74634913702613,242.11942717392932,238.4578857421875,238.4578857421875,12558989
2025-03-07,234.33866279069767,239.83097519985463,234.33866279069767,236.16943359375,14792239
2025-03-10,238.4578804513047,241.6617291329921,235.2540317696173,238.9155731201172,18710810
2025-03-11,230.67711275171908,234.33865422396858,227.01557127946955,232.965576171875,30410581
2025-03-12,234.7963547899544,239.83097448330622,234.33866209055876,237.54251098632812,19630815
2025-03-13,241.66173581614078,243.03481386055068,235.71173095703125,235.71173095703125,15333887
2025-03-14,237.08481971190454,238.0002051161976,234.33866349902533,234.79635620117188,12589989
2025-03-17,238.00019028607537,238.45788295970243,233.4232635498047,233.4232635498047,15581954
2025-03-18,236.16943288814124,239.83097448330622,235.71174018874564,237.54251098632812,13155231
2025-03-19,235.71172755615717,236.16942023102348,230.67710813262758,232.05018615722656,16549407
2025-03-20,234.79635088731342,237.0848143462541,234.79635088731342,235.25404357910156,8740388
2025-03-21,236.6271169781685,237.08480966091156,234.33865356445312,234.33865356445312,10963709
2025-03-24,234.79635439702648,235.25404709565618,227.93096391758127,228.38865661621094,18151602
2025-03-25,230.21942741072968,232.0501982052484,226.55788582169222,228.38865661621094,19762443
2025-03-26,228.38864538404678,230.67710876464844,227.01556735568576,230.67710876464844,10716673
2025-03-27,226.10018455691454,227.47326260078245,224.26941383175733,225.18479919433594,17785959
2025-03-28,221.98095772770927,223.81172851309242,217.86172346059712,220.60787963867188,21216020
2025-03-31,208.70786181749372,212.36940325288836,205.0463203820991,205.50401306152344,37414841
2025-04-01,207.7924823597965,214.20018005371094,207.7924823597965,214.20018005371094,16306622
2025-04-02,215.11556076901152,216.94633149896057,212.36940467408797,213.2847900390625,12766581
2025-04-07,192.23092651367188,192.23092651367188,192.23092651367188,192.23092651367188,8425423
2025-04-08,176.66937319603664,182.61937799279434,173.00783178264726,175.29629516601562,65564382
2025-04-09,176.2116974475337,183.99247369846375,159.27706678374474,163.39630126953125,71688907
2025-04-10,179.41554260253906,179.41554260253906,179.41554260253906,179.41554260253906,6330530
2025-04-11,176.2116850390512,197.2655487060547,173.92322159698557,197.2655487060547,64295981
2025-04-14,205.9617142928274,216.03095365825453,204.5886361975419,208.70787048339844,63067954
2025-04-15,208.25017778496994,212.36941207082648,204.13094349911339,208.70787048339844,31832930
2025-04-16,204.13093896269274,210.08094391003578,204.13093896269274,207.79248046875,17632325
2025-04-17,207.3347864565642,210.53863525390625,204.58863034455672,210.53863525390625,18547815
2025-04-18,210.0809372841924,211.4540153056577,207.33478124126177,210.99632263183594,12925919
2025-04-21,209.62325905109276,212.82710798855487,208.7078736403893,212.36941528320312,13549640
2025-04-22,208.70787263396602,210.99633614968934,203.67325289937472,204.58863830566406,19966350
2025-04-23,210.9963357479014,216.0309554729056,209.62325764108212,215.11557006835938,24734199
2025-04-24,215.11556210725203,216.0309474779212,210.53863525390625,210.53863525390625,14056588
2025-04-25,217.861726281998,218.7771116865442,214.20018466381316,215.11557006835938,20125126
2025-04-28,219.6924824617347,227.0155652104592,218.31940444634884,224.2694091796875,30312681
2025-04-29,223.35403511597937,223.81172781088918,221.5232643363402,221.98095703125,12645882
2025-04-30,219.2347976076778,222.43864642449145,217.86171954332906,218.3194122314453,14727427
2025-05-02,223.81172894481642,229.76173400878906,223.35403624758777,229.76173400878906,30815997
2025-05-05,229.76172060705343,230.2194132775854,224.2694085606697,225.64248657226562,23724907
2025-05-06,225.184805682325,233.42327418289787,224.26942029337246,232.5078887939453,21424280
2025-05-07,233.42327418289787,235.25404496080293,228.38865454365887,232.5078887939453,19074757
2025-05-08,234.33867109840955,234.33867109840955,229.76174392851874,230.2194366455078,16551891
2025-05-09,231.59250728614612,235.2540489033184,228.84635107326693,234.79635620117188,22380109
2025-05-12,238.00019904308206,240.2886624954194,234.33865751934235,236.6271209716797,19756236
2025-05-13,243.49250455667044,245.32327526762285,238.91557777928944,239.83096313476562,31892842
2025-05-14,245.32328898479884,253.5617576447361,244.40790357813913,253.10406494140625,48481650
2025-05-15,253.10406953278962,254.93484037931972,251.2732986862595,254.0194549560547,35160729
2025-05-16,253.56175836736506,254.4771437766335,250.81560213955964,251.73098754882812,16610638
2025-05-19,249.90020551179583,250.8155908799709,243.4925079345703,243.4925079345703,16552009
2025-05-20,247.15405949061181,249.44252300441377,243.95021057128906,243.95021057128906,11020016
2025-05-21,245.32327607098748,249.44251018411973,244.40789071251365,248.9848175048828,14665187
2025-05-22,245.32329329731309,246.23867872006423,243.95021516318633,244.8656005859375,10479593
2025-05-23,246.2386701179273,246.69636281331378,240.74635777328953,241.6617431640625,10262344
2025-05-26,241.66174247439972,245.78097672112244,241.20404978031942,243.03482055664062,8825413
2025-05-27,243.4925079345703,247.1540494072706,242.57712256639522,243.4925079345703,8953741
2025-05-28,247.15404808299692,248.98481880953764,245.32327735645623,246.23866271972656,16103397
2025-05-29,249.90020819395286,252.64636432795234,248.52713012695312,248.52713012695312,26895115
2025-06-02,247.15405735142556,248.52713544782236,246.2386719538277,248.06944274902344,19057958
2025-06-03,250.35790943492543,252.64637295809658,249.44252402565695,251.73098754882812,17896027
2025-06-04,256.3078918457031,259.0540478297642,255.39250651768276,256.3078918457031,23853254
2025-06-05,259.511739890063,262.2578958677356,255.8501985864995,257.68096923828125,16994255
2025-06-06,256.30791926729506,256.30791926729506,250.35791399859,252.64637756347656,15118830
2025-06-09,254.4771484153858,254.93484112836313,251.27329942454463,252.64637756347656,9390154
2025-06-10,253.10405175479843,259.5117492675781,253.10405175479843,259.5117492675781,18288849
2025-06-11,259.96943195464337,260.4271246165353,257.2232759832915,259.0540466308594,12965529
2025-06-12,259.05405531212506,262.2579040527344,257.22328460320546,262.2579040527344,15203754
2025-06-13,259.51176763119906,263.1733093261719,259.05407491932743,263.1733093261719,16436984
2025-06-16,261.8002014160156,262.71558673565204,259.9694307767428,261.8002014160156,9016371
2025-06-17,262.7155879259952,263.1732805878872,259.0540466308594,259.0540466308594,15474405
2025-06-18,258.59635396896743,261.3425099403193,258.13866130707544,259.0540466308594,12825922
2025-06-19,258.1386886104461,260.8848448722593,255.39253234863278,255.3925323486328,13664910
2025-06-20,256.7656204414709,259.0540840817692,255.3925422572919,255.85023498535156,16036435
2025-06-23,251.73097434618796,258.138671875,249.90020362367022,258.138671875,17281403
2025-06-24,261.8002101127348,266.8348295379797,261.8002101127348,265.0040588378906,26437298
2025-06-25,266.3771455003133,268.2079162597656,265.00406743072404,268.2079162597656,19860719
2025-06-26,269.1233030121902,270.9540737809806,264.0886833980166,265.4617614746094,24969171
2025-06-27,265.46176355899735,265.46176355899735,260.88483660108363,261.342529296875,22017601
2025-06-30,263.74014765838456,267.5763679879611,260.38345487000515,263.2606201171875,34610578
2025-07-01,265.6582560148952,271.89211400802446,265.6582560148952,269.4944763183594,30113696
2025-07-02,269.49449709628493,270.45355224609375,267.57638679666724,270.45355224609375,9206216
2025-07-03,270.93306868416926,271.4125962393625,267.5763757978167,268.5354309082031,10319023
2025-07-04,270.4535608085797,272.37167116892425,266.6173400878906,266.6173400878906,10313615
2025-07-07,266.1377917127919,267.5763743706989,262.7810988443423,265.65826416015625,6870371
2025-07-08,264.2196996913237,264.69922727697036,260.8630065917969,260.8630065917969,10302640
2025-07-09,262.3015808990036,265.65827389039856,262.3015808990036,264.69921875,10377735
2025-07-10,264.69921740856796,264.69921740856796,261.342524434184,261.8220520019531,13467185
2025-07-11,261.342524434184,264.2196898407988,259.4244141631074,261.8220520019531,9543093
2025-07-14,260.3834728460365,262.30158314324484,257.02677982592184,258.4653625488281,19240450
2025-07-15,258.9448804026831,261.8220457404907,257.9858252900806,259.4244079589844,16130611
2025-07-16,260.8630017201835,264.69922233371557,260.383474143492,261.342529296875,13658920
2025-07-17,262.3015684008158,263.74015104286786,258.94487556936116,259.9039306640625,10102379
2025-07-18,262.30157470703125,264.69921250142824,261.34251958927246,262.30157470703125,12353312
2025-07-21,263.26062982479004,263.26062982479004,260.38346447151366,262.30157470703125,8095323
2025-07-22,261.8220471191406,262.7811022367931,250.7929132661365,251.75196838378906,28883513
2025-07-23,253.1905469119211,254.14960201386018,251.75196425901245,253.67007446289062,15441924
2025-07-24,255.10867434363385,258.9448950104554,254.14961917692844,257.98583984375,15476309
2025-07-25,258.9448692279155,259.42439676352274,256.067704014272,257.50628662109375,7672314
2025-07-28,257.98584107791675,260.8630065917969,257.98584107791675,260.8630065917969,14069744
2025-07-29,260.38346164025995,260.38346164025995,254.14960344261098,256.5472412109375,13055278
2025-07-30,257.9858301233362,258.94488525390625,254.62913716634114,258.94488525390625,10254214
2025-07-31,260.3834778699316,273.330722625895,258.944895119269,269.9740295410156,46993445
2025-08-04,269.97400385629237,272.3716415459575,268.0558937045603,269.4944763183594,17019182
2025-08-05,272.37166510687933,276.2078857421875,270.4535547892253,276.2078857421875,24068241
2025-08-06,275.2488257343682,277.1669360182314,273.8102430214708,276.6874084472656,15742639
2025-08-07,276.6874035897965,281.96220677781685,276.20787602724914,277.16693115234375,20511609
2025-08-08,278.6054992675781,281.4826644923724,277.166916655181,278.6054992675781,16215315
2025-08-11,276.68739392510776,278.6055041082974,271.8921184671336,278.1259765625,17127137
2025-08-12,279.56456613709145,279.56456613709145,270.45354254085686,271.41259765625,22337638
2025-08-13,272.3716418299666,273.3306969068327,259.9039258307076,260.3834533691406,63728788
2025-08-14,260.86299062788817,262.7811008530932,257.5062977337793,259.4244079589844,21814252
2025-08-15,260.86299062788817,262.30157329679196,256.5472426211768,259.4244079589844,23456718
2025-08-18,259.4244225938081,260.3834777605135,256.06772951033923,257.98583984375,19713360
2025-08-19,256.5472363713962,257.9858190052545,255.58818128215734,257.0267639160156,14596705
2025-08-20,255.58818742167742,256.0677149778156,248.39527407960395,248.8748016357422,36664528
2025-08-21,251.27244432368332,252.23149945468975,246.47716866865122,248.39527893066406,24821447
2025-08-22,247.91575622558594,250.79292167501248,245.99764592596824,247.91575622558594,14922957
2025-08-25,252.2314884698213,257.0267639160156,249.83385074672415,257.0267639160156,24295538
2025-08-26,256.0677227092239,256.0677227092239,252.2315021442917,254.1496124267578,21263338
2025-08-27,255.58820192698653,257.98583984375,254.14961917692844,257.98583984375,17279130
2025-08-28,257.02676804621416,257.98582315086423,255.10865783691406,255.10865783691406,9588682
2025-08-29,256.5472439720517,257.5062990897042,251.75196838378906,251.75196838378906,12917153
2025-09-01,249.83386024832726,251.27244293689728,245.0385846197605,245.5181121826172,18655104
2025-09-02,246.95668854421882,249.35432629707532,242.64094058907713,243.12046813964844,15389928
2025-09-03,242.64094058907713,244.55905079136232,242.16141303850586,243.12046813964844,14449933
2025-09-04,245.51811770428014,249.3543382934095,245.51811770428014,246.4771728515625,9875579
2025-09-05,247.91575622558594,248.87481137539478,245.99764592596824,247.91575622558594,7490172
2025-09-08,249.35433959960938,251.27244990422176,248.39528444730317,249.35433959960938,13298290
2025-09-09,248.39527547200518,252.2314959426153,245.5181101190476,251.75196838378906,19631079
2025-09-10,255.58819362095423,262.7811071374914,255.58819362095423,261.8220520019531,35669086
2025-09-11,264.6992160373264,265.1787436026114,257.9858301233362,258.94488525390625,28440432
2025-09-12,261.8220423120652,263.7401525121536,260.862987212021,262.7810974121094,15114671
2025-09-15,263.74016360960144,265.1787463201993,261.34252575860506,264.69921875,21450898
2025-09-16,265.17874006030763,265.65826761918703,261.82204714815185,262.30157470703125,16421165
2025-09-17,262.30157956972226,266.6173276796446,261.8220520019531,261.8220520019531,13008415
2025-09-18,263.7401601282983,268.055908203125,261.8220498728198,268.055908203125,19916772
2025-09-19,269.0149487804263,273.33069662182356,268.0558937045603,269.4944763183594,26438451
2025-09-22,269.97400385629237,271.89211400802446,268.0558937045603,269.4944763183594,13390326
2025-09-23,271.4125942476549,276.2078697643979,271.4125942476549,274.769287109375,34172011
2025-09-24,271.41259281219,272.37164791046627,268.5354275173611,271.8921203613281,29120539
2025-09-25,269.9740259538617,276.20788445723684,268.5354432223136,273.3307189941406,21951726
2025-09-26,275.2488293028714,277.16693961160223,267.5763880679482,273.3307189941406,29092816
2025-09-30,276.20786637931036,285.7984172952586,275.7283388335129,278.1259765625,40461798
2025-10-01,281.0031452811409,285.31889324620965,273.8102320060264,274.769287109375,35534245
2025-10-02,280.04410890332696,282.9212744057584,277.6464709846341,281.96221923828125,30153788
2025-10-03,282.44174926757813,287.716552734375,281.9622216796875,287.716552734375,39470731
2025-10-07,297.78660996497354,301.14330283092335,292.5118068899096,295.8684997558594,40752333
2025-10-08,294.42991079691967,295.3889658809488,291.073218002818,293.4708557128906,20531685
2025-10-09,297.3070930634569,298.26614820237126,285.7984313964844,285.7984313964844,37268713
2025-10-13,277.6464661888032,282.921269518815,275.2488283115251,282.4417419433594,29776200
2025-10-14,286.7574692847024,286.7574692847024,272.37164306640625,272.37164306640625,29851647
2025-10-15,273.3307092840021,276.2078746448864,269.97401636297053,274.2897644042969,15687616
2025-10-16,275.728354609442,280.04410276854634,274.28977188974056,279.5645751953125,15512048
2025-10-17,277.6464635891972,279.5645738730604,275.728353305334,276.6874084472656,12838974
2025-10-20,279.08502979503714,285.3188878488782,278.605502252434,284.3598327636719,22366155
2025-10-21,284.8393834694145,285.31891105101283,279.0850524902344,279.0850524902344,16174355
2025-10-22,277.166926303264,279.56456407405346,275.2488160866324,277.6464538574219,12208364
2025-10-23,277.64644569513945,290.5936892767781,277.64644569513945,281.482666015625,33472282
2025-10-27,291.0732446525709,297.3071032695123,288.6756067229781,296.82757568359375,44396977
2025-10-28,295.38898548326995,295.86851305710644,290.5937097449052,291.5527648925781,17765962
2025-10-29,294.4299219304865,296.348032171076,292.511811689897,295.38897705078125,13100507
2025-10-30,295.3889658809488,297.30707604900687,290.5936904608035,293.4708557128906,20602549
2025-10-31,293.4708788168807,293.9504063966469,288.1960754394531,288.1960754394531,13315938
2025-11-03,287.71654657956935,290.1141844677324,283.8803259585084,285.31890869140625,11626090
2025-11-04,285.31891479492185,286.2779699707031,275.24883544921875,275.7283630371094,19508256
2025-11-05,270.45354054505344,278.1259814115798,268.53543032842185,277.6464538574219,18775068
2025-11-06,277.64645047236627,284.839363697039,275.2488127308087,281.0031433105469,14777764
2025-11-07,278.12597507383765,279.56455770352994,274.7692822712224,275.2488098144531,9629708
2025-11-10,276.2078821826758,279.5645751953125,274.28977188974056,279.5645751953125,9497885
2025-11-11,281.9622130614816,285.3189060741182,279.08504762207866,279.5645751953125,11963258
2025-11-12,276.2078857421875,277.64646848042804,273.81024784511993,276.2078857421875,15684240
2025-11-13,280.04410507469845,281.4826878062466,273.3307189941406,273.3307189941406,24935287
2025-11-14,269.49449089473393,270.9330735863428,266.6173255115161,268.055908203125,19613902
2025-11-17,269.49449445199275,270.9330771625906,263.74016360960144,264.69921875,13276681
2025-11-18,263.74016090675633,267.09685386375145,258.94488525390625,258.94488525390625,18467673
2025-11-19,259.9039390078198,262.3015768215451,256.0677185058594,256.0677185058594,14254017
2025-11-20,263.7401525121536,265.1787351622199,261.3425147620431,262.7810974121094,10134936
2025-11-21,256.5472474274812,260.8629955150463,255.58819229691116,258.94488525390625,13500642
2025-11-24,260.8630065917969,262.7811169343836,258.9448962492101,260.8630065917969,14853862
2025-11-25,266.61733886718747,268.05592163085936,262.7811181640625,263.74017333984375,9336982
2025-11-26,266.6173255115161,269.49449089473393,265.1787428199072,268.055908203125,9438475
2025-11-27,267.5763916232446,270.45355712456984,266.61733645613623,269.9740295410156,6456741
2025-11-28,269.49449709628493,272.37166254571144,264.6992213472407,270.45355224609375,12623082
2025-12-01,271.4125894686071,276.2078649009146,270.45353438214556,275.2488098144531,16398925
2025-12-02,276.20788087629984,281.0031565859578,275.728353305334,276.6874084472656,15581808
2025-12-03,275.7283450395633,281.0031481620593,275.7283450395633,280.52362060546875,14680289
2025-12-04,281.0031592169925,282.4417419433594,280.0441040660813,282.4417419433594,11435414
2025-12-05,282.44174322561054,288.6756017348346,281.9622156479779,285.31890869140625,21889164
2025-12-08,285.31890869140625,285.79843626903886,282.9212708032432,285.31890869140625,11022569
2025-12-09,286.75747536324167,289.1551131171149,281.4826723047205,283.88031005859375,14925284
2025-12-10,285.3188961713742,286.2779512845553,279.08503793569713,280.52362060546875,10023211
2025-12-11,282.9212718539768,282.9212718539768,275.728358162774,276.2078857421875,10861922
2025-12-12,278.12597997109515,278.6055075227694,273.8102320060264,274.769287109375,6161744
2025-12-15,270.9330811082271,273.8102465713233,269.01497079949627,273.3307189941406,8298474
2025-12-16,270.45354822179775,270.9330757895669,261.8220520019531,261.8220520019531,26216176
2025-12-17,258.46536056230656,259.9039432741561,254.1496124267578,254.1496124267578,49191056
2025-12-18,254.14961536114032,254.6291429372934,249.35433959960938,249.35433959960938,26916273
2025-12-19,251.7519745736752,254.1496124267578,250.79291943244215,254.1496124267578,21950230
2025-12-22,256.54724606860447,257.50630119409453,254.14960825487918,256.0677185058594,18882439
2025-12-23,257.02676731967745,257.02676731967745,252.71101936095155,253.67007446289062,17223183
2025-12-24,254.6291344382546,256.0677171186967,252.71102419766513,253.1905517578125,14381521
2025-12-26,254.14960128726162,254.14960128726162,250.31338089047276,252.2314910888672,15952492
2025-12-29,251.27243598967,254.14960128726162,249.83385334087416,252.2314910888672,14325071
2025-12-30,252.2314910888672,252.2314910888672,249.83385334087416,252.2314910888672,11968569
2025-12-31,252.71103763580322,261.34253417744355,252.71103763580322,260.8630065917969,23869710
2026-01-02,262.7810988443423,268.5354294759702,258.944878423257,265.65826416015625,22740078
2026-01-05,266.1378124978045,268.53545044823517,263.74017454737384,266.6173400878906,25469229
2026-01-06,265.65827649704954,270.45355224609375,262.30158347271856,270.45355224609375,23580699
2026-01-07,270.45355224609375,273.33071769552026,269.01496952138046,270.45355224609375,18766287
2026-01-08,269.01496551849027,269.4944930862594,260.86299686641485,261.8220520019531,23946237
2026-01-09,266.61732207928446,275.728345675519,265.6582669638913,271.41259765625,49358199
2026-01-12,273.81022907875865,274.2897566253064,266.61731588054255,269.01495361328125,20628829
2026-01-13,272.3716612238183,273.3307163689726,265.6582752077383,267.5763854980469,16835517
2026-01-14,270.4535439231179,275.2488195245916,268.5354336825284,274.2897644042969,27756504
2026-01-15,273.81023544473277,273.81023544473277,268.0559047523741,271.41259765625,15472828
2026-01-16,274.2897609783166,278.1259814115798,273.8102334241587,277.6464538574219,23531351
2026-01-19,276.68741071985124,276.68741071985124,269.97402467118934,270.45355224609375,15902921
2026-01-20,269.4944796725436,270.45353476034626,265.65825932133305,266.1377868652344,13458730
2026-01-21,264.2197009277344,268.05592163085936,262.30159057617186,263.74017333984375,14842272
2026-01-22,268.0559047523741,271.41259765625,267.096849636981,271.41259765625,15748702
2026-01-23,272.8511789049421,273.81023401532855,267.0968482426235,268.5354309082031,12105528
2026-01-26,271.4125894686071,275.2488098144531,269.0149517524533,275.2488098144531,18267347
2026-01-27,275.7283630371094,278.1260009765625,273.3307250976562,275.7283630371094,11017049
2026-01-28,276.2078649009146,280.0440852467607,272.85117209829934,275.2488098144531,14966747
2026-01-29,275.24881811782245,276.20787323321554,269.9740149831603,271.41259765625,10986703
2026-01-30,270.93306868416926,271.4125962393625,265.1787380218506,268.5354309082031,16968193
2026-02-02,268.055910382952,268.055910382952,260.3834692986457,261.8220520019531,16449715
2026-02-03,267.09685170068445,269.49448950769244,260.8629934024638,265.1787414550781,13650260
2026-02-04,263.2606469572877,267.0968676779768,261.34253659694315,266.6173400878906,9610602
2026-02-05,264.2196898407988,269.9740206540286,260.86299686641485,261.8220520019531,11297980
2026-02-06,262.3015774366894,268.5354357669946,257.5063017979931,268.055908203125,18269366
2026-02-09,272.37164306640625,273.330698147626,269.9740053633569,272.37164306640625,12411543
2026-02-10,273.3307189941406,275.2488293028714,270.9330811082271,273.3307189941406,15106626
2026-02-11,274.2897644042969,274.7692919644442,269.4944888028231,274.2897644042969,16235356
2026-02-23,276.20786830357144,276.6873958527096,270.93306526305184,271.8921203613281,20793859
2026-02-24,274.76928076945563,274.76928076945563,270.4535329039668,272.37164306640625,13327516
2026-02-25,273.81024682822346,286.7574914243041,273.81024682822346,285.31890869140625,48175085
2026-02-26,289.63465423322253,289.63465423322253,278.12599247561104,279.5645751953125,24333369
2026-03-02,279.56457428282675,289.63465328786856,277.1669364244835,288.67559814453125,43986426
2026-03-03,289.6346555751937,289.6346555751937,281.0031592169925,282.4417419433594,21602141
2026-03-04,277.16691692528775,277.64644446322075,269.4944763183594,269.4944763183594,31455993
2026-03-05,276.2078711949482,281.0031467365271,274.2897609783166,277.6464538574219,19504646
2026-03-06,275.24882090215453,277.16693115234375,270.93307283922877,277.16693115234375,12786246
2026-03-09,261.34252832290974,270.45355224609375,260.86300074800533,270.45355224609375,17989005
2026-03-10,274.2897679151687,275.72835061402446,268.0559095534603,270.9330749511719,16300354
2026-03-11,271.41260040177605,278.12598627743836,271.41260040177605,277.16693115234375,17823474
2026-03-12,277.6464635891972,278.6055187311288,272.8511878795392,276.6874084472656,14202639
2026-03-13,274.2897657770599,278.12598627743836,271.8921279643234,277.16693115234375,9844284
2026-03-16,278.12598627743836,280.04409652762763,275.72834846470187,277.16693115234375,14489156
2026-03-17,278.6055138399857,280.5236240901749,276.20787602724914,277.16693115234375,13889345
2026-03-18,280.0440882139238,282.9212535037929,279.56456066561236,281.0031433105469,18392851
2026-03-19,278.6055075227694,280.0440901777923,274.28975955770073,274.769287109375,10174768
2026-03-20,274.2897581070188,276.20786830357144,269.49448261563737,271.8921203613281,13087791
2026-03-23,267.0968482426235,270.93306868416926,264.21968291146413,268.5354309082031,15239375
2026-03-24,271.4126122916782,273.330722625895,269.4945019574614,269.9740295410156,10220480
2026-03-25,274.7693017256887,276.20788445723684,270.9330811082271,273.3307189941406,9141813
2026-03-26,275.2488098144531,279.08503016029914,272.3716445550686,275.2488098144531,11204685
2026-03-27,271.8921279643234,277.6464587148911,270.45354527668144,277.16693115234375,12806436
2026-03-30,270.4535313942254,272.8511690838905,269.0149487804263,269.4944763183594,17247411
2026-03-31,268.5354455369165,272.8511937687598,266.6173352116528,267.09686279296875,16654046
2026-04-01,275.24880650531816,279.08502680504387,273.3306963554553,278.6054992675781,18174983
2026-04-02,278.60552731800584,279.5645824894964,272.8511962890625,272.8511962890625,11027428
2026-04-07,275.24882090215453,277.6464587148911,272.3716555268707,277.16693115234375,8886237
2026-04-08,282.92126514465826,294.9094543457031,281.4826824405329,294.9094543457031,52427615
2026-04-09,292.03229627517845,301.14332029689996,282.92127225345695,300.18426513671875,45878717
2026-04-10,302.1023540585816,314.0905427116999,299.2251887818332,308.3362121582031,37845000
2026-04-13,306.8976538009405,307.3771813850044,300.1842676240449,305.9385986328125,16490167
2026-04-14,307.8567005074799,316.0086692125067,307.8567005074799,309.7748107910156,20044944
2026-04-15,310.73385387649415,311.69290898105123,294.4299170990238,295.8684997558594,33056704
2026-04-16,301.6228250596362,305.45904541015625,298.26613225293124,305.45904541015625,18097798
2026-04-17,306.8976453657121,314.09055892897095,304.50000751129244,309.7748107910156,19570331
2026-04-20,306.8976479388298,316.96772701182266,306.8976479388298,315.5291442871094,18863979
2026-04-21,319.3653496237362,327.0377904555377,318.406294519761,326.0787353515625,23951645
2026-04-22,327.9968638861357,330.87402935882113,319.8448950468604,321.2834777832031,17860191
2026-04-23,323.6811205467082,325.11970330469353,304.02048952090814,308.8157653808594,26593810
2026-04-24,311.69292107455135,313.1315037872031,304.97953508217637,309.7748107910156,17980123
2026-04-27,314.57009273593513,315.0496203163253,306.41812386930263,312.1724548339844,16103840
2026-04-28,315.0496027581046,316.4881854191005,304.49999657746787,307.856689453125,15525273
2026-04-29,308.8157653808594,308.8157653808594,304.02048952090814,308.8157653808594,11287573
2026-04-30,306.897625,307.856680078125,299.225184375,299.7047119140625,18159119
2026-05-04,304.49999515365505,308.33621556503965,302.1023573965396,304.9795227050781,17268695
2026-05-05,304.0204690238026,310.25432722145155,302.1023588091414,307.856689453125,12107580
2026-05-06,314.570072234623,333.7511742001488,314.570072234623,332.3125915527344,43497194
2026-05-07,334.7102538707644,338.0669469611589,327.0378125212913,329.91497802734375,22762782
2026-05-08,329.43542332586213,331.35353350534314,321.7629826079381,326.5582580566406,16966541
2026-05-11,335.66928291598435,335.66928291598435,327.51731461659614,329.4354248046875,14155601
2026-05-12,332.3125935274012,333.27164863137637,324.1606251436121,326.0787353515625,12568332
2026-05-13,325.5992029669001,328.9558957809919,321.7629826079381,326.5582580566406,12934119
2026-05-14,331.8330579908796,337.1078609358213,319.36534193919914,320.8039245605469,21209485
2026-05-15,297.30707604900687,304.02046163721025,292.5118006288616,293.4708557128906,63955695
2026-05-18,292.51182861328124,292.51182861328124,283.88033203125,287.716552734375,30660872
2026-05-19,287.71652747844826,290.11416520743535,278.1259765625,278.1259765625,36459558
2026-05-20,276.68739392510776,281.96219692887934,276.68739392510776,278.1259765625,35637724
2026-05-21,283.8803156072443,299.7047250921076,282.92126048694956,295.38897705078125,38439137
2026-05-22,297.30710089961184,304.02048704895793,292.99135266074654,303.0614318847656,35356329
2026-05-25,308.81575790815066,311.6929233544999,303.54095458984375,303.54095458984375,46072021
2026-05-26,308.81575790815066,313.61103365206606,303.54095458984375,303.54095458984375,45494325
2026-05-27,308.8157401451698,310.2543227855976,299.2251892089844,299.2251892089844,42843302
2026-05-28,299.7047201740877,305.93857835370875,295.8684997558594,295.8684997558594,42499117
2026-05-29,302.58189432599903,325.11968994140625,302.58189432599903,325.11968994140625,85801526
2026-06-01,351.0141883389262,357.248046875,346.21891254194634,357.248046875,74697985
2026-06-02,359.64568634604694,392.73308948988324,354.3708829463049,384.1015930175781,149304893
2026-06-03,391.7740261526131,420.06615288823633,376.90867142711613,399.9259948730469,107345095
2026-06-04,385.54017216144223,395.13072370774677,378.82678607902903,387.4582824707031,72350922
2026-06-05,376.4291270472176,379.30629234948935,359.64566278396586,374.5110168457031,67497439
2026-06-08,342.38268386415274,361.0842590332031,342.38268386415274,361.0842590332031,62364056
2026-06-09,362.52282568359374,367.3181011555989,358.20707775878907,359.6456604003906,49988953
2026-06-10,354.85039248573014,364.92047119140625,348.6165342393592,364.92047119140625,45360619
2026-06-11,358.2070958317937,369.23622997387037,344.3007962613492,354.85040283203125,47724251
2026-06-12,362.52282419512346,368.27715473790323,356.76849365234375,356.76849365234375,23898289
2026-06-15,365.8795369741079,370.67481268805426,352.9322925464527,354.85040283203125,21792529
2026-06-16,356.28896652747846,357.24802161907326,347.1779431573276,347.657470703125,19438724
2026-06-17,346.2188984264027,358.6866149902344,343.34173306551844,358.6866149902344,19621163
2026-06-18,359.1661536034117,363.961429352456,357.2480433037941,360.604736328125,22067558
2026-06-22,363.0023657949347,369.2362241243061,361.08425553974354,364.4409484863281,18712055
2026-06-23,365.4000157298658,365.4000157298658,352.93229865771815,357.248046875,15629070
2026-06-24,351.9732182000273,356.76849365234375,349.5755804738691,356.76849365234375,10798782
2026-06-25,359.64568217486993,359.64568217486993,350.05513065020676,351.49371337890625,13229175
2026-06-26,347.1779479980469,356.76849904771666,342.382672473212,347.1779479980469,20172875
2026-06-29,352.9322912231778,356.76851177995144,348.1370155272107,351.9732360839844,11309602
2026-06-30,355.80944683240807,356.28897438878596,350.53464371225107,352.9322814941406,10812609
2026-07-01,358.20707628803865,361.08424155942856,353.4118008357222,356.76849365234375,13631428
2026-07-02,351.01416164491235,356.7684921636814,350.5346341016816,353.8913269042969,8779223
2026-07-03,353.89134074648746,362.5228368622555,353.4118131845004,361.56378173828125,12753585
2026-07-06,365.8795199924045,376.9086536225818,362.5228271484375,362.5228271484375,23783284
2026-07-07,359.16615229956903,364.44095560436915,357.2480420069145,357.7275695800781,15283927
2026-07-08,360.604726614307,364.920474672191,351.973230498539,361.56378173828125,15329441
2026-07-09,363.9614230849178,364.9204782182114,358.20709228515625,358.20709228515625,13769677
2026-07-10,358.20709228515625,358.20709228515625,358.20709228515625,358.20709228515625,0
2026-07-13,361.5637720501612,369.2362128363715,358.6866067553323,362.5228271484375,14941919
2026-07-14,362.5228382311369,364.4409484863281,352.9322869551809,364.4409484863281,22083411
2026-07-15,367.7976316517106,368.2771592027559,360.60471838603183,365.3999938964844,21418515
2026-07-16,360.5,360.5,349.0,352.0,32289156
2026-07-17,346.0,349.0,324.5,325.5,32477626
2026-07-20,331.5,333.0,309.0,316.0,35410793
2026-07-21,319.5,324.0,314.0,324.0,22285659
