date,open,high,low,close,volume
2021-07-22,18.11814132922797,18.85765730184952,18.025701832650277,18.210580825805664,174823492
2021-07-23,18.58034031633018,19.181197092728915,18.16436254805413,19.134977340698242,139621332
2021-07-26,19.550954818725586,19.96693258082613,19.22741655931405,19.550954818725586,155003280
2021-07-27,19.550952836943836,19.689612076922163,18.903876383711655,18.950096130371094,78172185
2021-07-28,18.811438939711625,19.689614221909466,18.303021671070773,19.643394470214844,140058640
2021-07-29,20.244250934084352,20.244250934084352,19.134976910298906,19.458515167236328,186184443
2021-07-30,19.689615272725177,19.92071404353181,18.996318960305274,19.08875846862793,164881966
2021-08-02,19.08875659709805,19.735833091914934,18.580339351170498,19.689613342285156,114195688
2021-08-03,19.874491457079277,20.151809942526896,19.504733476482453,19.73583221435547,112099551
2021-08-04,20.105590514647655,21.67706195717184,19.96693126971905,21.630842208862305,579174175
2021-08-05,21.630842422690627,21.67706217145706,20.475348703529804,20.6140079498291,327736938
2021-08-06,20.42912980362221,20.42912980362221,19.96693229675293,19.96693229675293,131683172
2021-08-09,19.689613792631363,20.567789055682997,19.412295288509792,19.96693229675293,121521324
2021-08-10,20.151811586204147,20.151811586204147,19.50473506738108,19.550954818725586,64448920
2021-08-11,19.50473268540929,19.82827090530944,19.08875497410909,19.27363395690918,89399365
2021-08-12,19.366075212409697,19.45851471223027,19.13497646285827,19.181196212768555,45071903
2021-08-13,19.227418338551242,19.27363809417276,18.8576602935791,18.8576602935791,74386280
2021-08-16,18.580339125053367,18.903877368524448,18.303020630649588,18.39546012878418,110044102
2021-08-17,18.39546012878418,18.39546012878418,18.39546012878418,18.39546012878418,0
2021-08-18,18.303021804146145,19.134977340698242,18.210582300084802,19.134977340698242,96141352
2021-08-19,18.765218865116942,18.857658366915548,18.25680160522461,18.25680160522461,104983116
2021-08-20,18.25680249632187,18.349242002632362,17.563506198993192,17.609725952148438,150177381
2021-08-23,17.37862718637221,17.748385211614174,17.37862718637221,17.609725952148438,118607911
2021-08-24,17.517287559723588,17.563507315817844,16.269354145178635,16.454233169555664,265145328
2021-08-25,16.54667106204563,16.962648826175265,16.408011807335747,16.639110565185547,127697828
2021-08-26,16.823989420629747,16.823989420629747,16.500451162540713,16.54667091369629,74273842
2021-08-27,16.63910881590448,17.10130628301294,16.592889069193635,16.731548309326172,121146041
2021-08-30,16.777769819895425,16.870209323035347,16.54667106204563,16.639110565185547,67955881
2021-08-31,16.63910995830189,16.63910995830189,16.08447295969183,16.269351959228516,133215402
2021-09-01,16.361793657367148,16.73155170612121,16.269354145178635,16.454233169555664,84145068
2021-09-02,16.500453119692597,16.500453119692597,15.945816040039064,15.945816040039062,119580166
2021-09-03,16.038255553314652,16.176914823228035,15.89959628340127,15.945816040039062,66448169
2021-09-06,15.48361806391263,15.760936596400617,15.021420509765985,15.668497085571289,163478751
2021-09-07,16.08447295969183,16.500450708649375,15.992033459923485,16.269351959228516,143111582
2021-09-08,15.992035195486887,16.223133969988144,15.760936420985631,16.17691421508789,77077899
2021-09-09,16.31557186040501,16.454231111343297,16.176912609466726,16.361791610717773,54383167
2021-09-10,16.54667091369629,16.870209171785323,16.500451162540713,16.54667091369629,96946326
2021-09-13,16.546668135024046,16.731547108599734,16.269349674660514,16.59288787841797,52290468
2021-09-14,16.731548557875854,16.7777683052733,16.269351083901384,16.315570831298828,41630671
2021-09-15,16.269354145178635,16.73155170612121,16.17691463299012,16.454233169555664,71234252
2021-09-16,16.546670458533548,16.59289020841772,16.130692709576,16.269351959228516,54381045
2021-09-17,16.130693435668945,16.500451451386287,16.03825393173961,16.130693435668945,77929947
2021-09-22,15.622277330156624,15.668497085571289,15.06764026518065,15.668497085571289,157897108
2021-09-23,15.853373052104645,15.853373052104645,15.344955840521115,15.576054573059082,110613963
2021-09-24,15.622277156284879,16.269353724888393,15.483617891584124,16.17691421508789,102268450
2021-09-27,16.223132094075858,16.870208587856663,16.176912344520087,16.777769088745117,133043051
2021-09-28,16.68532736520581,16.823986595387577,16.361789161448357,16.59288787841797,82967494
2021-09-29,16.31557058892856,16.77776805603702,16.22313109550687,16.731548309326172,85946836
2021-09-30,17.008867042260537,17.239965779247772,16.315570831298828,16.315570831298828,155336288
2021-10-01,16.269354336503625,16.63911238960598,15.89959628340127,15.945816040039062,88290044
2021-10-04,16.13069243941988,16.26935168675014,15.52983570098877,15.52983570098877,69158016
2021-10-05,15.344958201175977,16.592891548861974,15.252518693939978,16.500452041625977,123714432
2021-10-06,16.408012989589146,16.59289200919015,16.084474705287388,16.17691421508789,82257990
2021-10-07,16.361789210089324,16.408008953620648,16.084470748901367,16.084470748901367,57190784
2021-10-08,16.269352160002057,16.50045091227481,15.760934905001992,15.807154655456543,65323500
2021-10-12,15.945813830646951,16.08447308134823,15.668495329244395,15.760934829711914,56927770
2021-10-13,15.853373944759369,15.899593693869456,15.52983570098877,15.52983570098877,47083719
2021-10-14,15.714715079478156,15.853374330179433,15.529836078543118,15.760934829711914,34948788
2021-10-15,15.899592638702831,16.130691368916537,15.80715314661735,16.038251876831055,54888300
2021-10-18,16.084475309952445,16.176914823228035,15.853376526763475,15.945816040039062,38417600
2021-10-19,16.038253209807657,16.36179145899686,15.992033459923485,16.269351959228516,43485025
2021-10-20,16.408011254142313,16.408011254142313,15.714715003967283,15.714715003967285,69440293
2021-10-21,15.714717188546825,15.899596214294434,15.43739864992541,15.899596214294434,71521620
2021-10-22,15.714713812581863,15.807153305597051,15.529834826551488,15.576054573059082,47535379
2021-10-25,15.529836226482779,15.85337448120117,15.483616475808724,15.853374481201172,26655072
2021-10-26,15.89959628340127,15.945816040039064,15.80715677012568,15.945816040039062,28530805
2021-10-27,15.945813710039312,16.36179145899686,15.89959396015514,16.269351959228516,58160590
2021-10-28,16.91642979355456,17.887044617774905,16.870210040020257,17.702165603637695,344598307
2021-10-29,17.748382568359375,18.118140538533527,17.42484434445699,17.748382568359375,200610576
2021-11-01,18.118140538533527,18.164360284805298,17.655943075815834,17.748382568359375,87646948
2021-11-02,17.79460392500225,18.025702677275007,17.47106567182039,17.563505172729492,66578913
2021-11-03,17.56350381033761,18.4878987477238,17.56350381033761,18.441679000854492,125896269
2021-11-04,18.487901103739834,18.626560362017884,18.071923328905687,18.11814308166504,89104000
2021-11-05,18.903878580544884,19.22741684475959,18.441681060238164,19.134977340698242,248462021
2021-11-08,19.273635294765093,19.7820525327565,18.765218056773687,19.50473403930664,146204726
2021-11-09,19.550953899856903,19.550953899856903,18.9500971606178,18.99631690979004,116020896
2021-11-10,18.950097274780273,19.27363552093506,18.487899780273438,18.487899780273438,98847248
2021-11-11,18.303020630649588,18.85765761945715,18.25680088158229,18.39546012878418,73373930
2021-11-12,18.580339732428488,18.76521873474121,18.39546073011577,18.76521873474121,45345247
2021-11-15,18.85765823589757,18.85765823589757,18.580339732428488,18.76521873474121,48542556
2021-11-16,18.76521962029593,18.76521962029593,18.071923328905687,18.11814308166504,90884888
2021-11-17,18.11814379336229,18.672780848261134,18.11814379336229,18.580341339111328,81084949
2021-11-18,18.857659947594932,20.429131609894508,18.765220438047898,19.874494552612305,291805682
2021-11-19,20.429129218618712,20.660227965435666,19.966931724984804,20.198030471801758,195031340
2021-11-22,20.475348967982104,20.798887213525838,20.198030471801758,20.198030471801758,112432292
2021-11-23,19.92071267714693,20.01315217912905,19.412295416245268,19.458515167236328,91766843
2021-11-24,19.41229556469207,19.643394321414593,19.31985606200306,19.550954818725586,49277625
2021-11-25,19.68961392219163,19.78205342417375,19.366075665254208,19.458515167236328,56695670
2021-11-26,19.458514401512424,19.73583289654586,18.9500971606178,18.99631690979004,67586058
2021-11-29,18.580341172853334,19.08875846862793,18.349242402046702,19.08875846862793,73103770
2021-11-30,19.319857412309787,19.4585166760345,18.580341339111328,18.580341339111328,163301948
2021-12-01,18.48789866377668,19.08875537034942,18.48789866377668,18.950096130371094,58898237
2021-12-02,18.903876383711655,19.227414610327745,18.81143689039277,18.950096130371094,46560859
2021-12-03,19.227414211209158,19.597172176809334,19.13497471980911,19.27363395690918,82314498
2021-12-06,19.273635294765093,19.59717353712326,19.088756299131855,19.50473403930664,52629412
2021-12-07,19.782051870267686,20.24424934387207,19.59717288082593,20.24424934387207,127794732
2021-12-08,20.382908585953388,20.5215678280347,20.059370354430317,20.24424934387207,108946620
2021-12-09,20.614009711119508,21.307306001852226,20.42913070025745,20.521570205688477,242102756
2021-12-10,20.75266896926605,20.983767732843624,20.336691194826418,20.521570205688477,101851638
2021-12-13,20.752668671174483,20.891327927329325,20.33669090270996,20.33669090270996,63366190
2021-12-14,20.19803194103551,20.29047144648647,19.920713424682617,19.920713424682617,63550788
2021-12-15,19.966932338398095,21.214865609547978,19.920712587614766,21.16864585876465,139019248
2021-12-16,21.399742126464844,21.723280344359562,21.21486314481072,21.399742126464844,207703996
2021-12-17,21.122426404581443,21.677063421769574,21.029986901716754,21.353525161743164,146776880
2021-12-20,21.353523822008132,21.492183067605584,21.122425079345703,21.122425079345703,92757740
2021-12-21,21.076206488897338,21.076206488897338,20.521569476031615,20.660228729248047,97213252
2021-12-22,20.752668080704936,21.029986585124156,20.521569327022252,20.56778907775879,63690904
2021-12-23,20.66022946383502,20.93754798012811,20.521570205688477,20.521570205688477,50755092
2021-12-24,20.752668380737305,20.891327634951587,20.567789375118263,20.752668380737305,39728672
2021-12-27,20.798887555294623,21.26108505652339,20.798887555294623,20.983766555786133,58297280
2021-12-28,21.168646444021736,21.2610859481441,20.891327931654637,20.93754768371582,41056725
2021-12-29,20.98376758282001,21.122426839975212,20.798888573279747,21.029987335205078,31333818
2021-12-30,21.07620635719799,21.399744612681292,21.02998660641466,21.16864585876465,67451042
2022-01-03,21.399744151967816,21.445963901756084,20.845107154508607,20.891326904296875,58673491
2022-01-04,21.029987626086136,21.492185156329786,20.98376787306177,21.214866638183594,68932685
2022-01-05,21.307304959548148,21.307304959548148,20.98376670636629,21.07620620727539,38954664
2022-01-06,20.983766095978876,20.983766095978876,20.61400810309819,20.70644760131836,54372721
2022-01-07,20.89132671225262,20.937546461616012,20.198030471801758,20.198030471801758,79856828
2022-01-10,20.151810760498048,20.98376625061035,20.013151512145996,20.798887252807617,79158944
2022-01-11,20.98376583374825,21.353523822008132,20.891326336683278,21.122425079345703,143563057
2022-01-12,21.44596495638883,21.538404460511195,20.891327931654637,20.93754768371582,75057555
2022-01-13,20.93754634686879,20.983766095978876,20.61400810309819,20.70644760131836,48721864
2022-01-14,20.521569910916416,20.56778966296803,20.013152638348668,20.33669090270996,77639329
2022-01-17,20.382908585953388,20.475348080674262,20.105590101790757,20.24424934387207,51297518
2022-01-18,20.336689719891933,20.521568717345495,20.198030471801758,20.198030471801758,34010376
2022-01-19,20.013151322288074,20.24425006734914,19.96693157327586,20.1055908203125,29585299
2022-01-20,20.475349724959475,21.168645991041622,20.42912997388733,20.660228729248047,98620866
2022-01-21,19.64339328603157,19.87449203057312,19.412294541490024,19.50473403930664,181703240
2022-01-24,19.042537238210294,19.18119648994483,18.62655948300667,18.76521873474121,109588676
2022-01-25,18.580340609258535,18.71899986753658,18.071923328905687,18.11814308166504,124530180
2022-01-26,18.30302194448618,18.718999715951774,18.256802192101112,18.62656021118164,64555391
2022-02-07,18.996315482709047,19.3198537026092,18.62655751710887,19.27363395690918,62135505
2022-02-08,19.134977340698242,19.366076100851604,19.0425378366369,19.134977340698242,54524559
2022-02-09,19.689613939979658,20.198031201340637,19.55095468688121,20.059371948242188,115413128
2022-02-10,20.19802959651163,20.33668883859295,19.87449136498856,20.24424934387207,72342783
2022-02-11,19.55095454057058,20.01315204743986,19.50473478988365,19.96693229675293,96756689
2022-02-14,19.504736688654862,19.504736688654862,19.227418157536547,19.366077423095703,78225559
2022-02-15,19.504736872280347,19.504736872280347,18.8576602935791,18.8576602935791,73093403
2022-02-16,19.27363719333938,19.319856946800623,18.811439658726922,18.903879165649414,58128663
2022-02-17,18.996317937536144,19.08875744088182,18.90387843419047,19.042537689208984,37024064
2022-02-18,18.811440537957584,18.996319560443656,18.71900102671455,18.8576602935791,41580294
2022-02-21,18.765218056773687,19.59717353712326,18.62655881004876,19.50473403930664,68365826
2022-02-22,19.22741669590033,19.22741669590033,18.811438930844798,19.042537689208984,64629696
2022-02-23,19.31985634882093,19.412295852882277,19.088757588667573,19.134977340698242,45081632
2022-02-24,19.04253827969038,19.22741729211456,18.71900000794807,18.811439514160156,58987192
2022-02-25,18.9500971606178,19.08875640813452,18.765218163928846,18.99631690979004,47351400
2022-03-01,19.18119840235016,19.504736688654862,19.042539136791003,19.366077423095703,60814836
2022-03-02,19.2274172828311,19.504735801333474,19.134977776663643,19.412296295166016,38963520
2022-03-03,19.55095378821495,19.7820525327565,19.50473403930664,19.50473403930664,46218799
2022-03-04,19.366074944442172,19.966931684961857,19.319855195171428,19.5971736907959,75386578
2022-03-07,19.50473535694362,19.550955108974293,19.088757588667573,19.134977340698242,69345044
2022-03-08,18.950097201005466,19.87449218642037,18.903877451734722,19.5971736907959,129561212
2022-03-09,19.87449292615587,19.96693242813799,19.458515167236328,19.458515167236328,80580691
2022-03-10,19.73583397360409,19.966932732077204,19.504735215130975,19.643394470214844,69097886
2022-03-11,19.735835288291753,19.96693406215934,19.597176023971205,19.874494552612305,73373727
2022-03-14,20.013151215865474,20.706447447361967,20.013151215865474,20.6140079498291,139206750
2022-03-15,20.52156917666743,20.52156917666743,20.151811173484234,20.47534942626953,91933172
2022-03-16,20.706448602338206,20.798888105027217,18.996317802591527,19.550954818725586,158250291
2022-03-17,19.782053725298713,19.828273476993335,19.366075960047105,19.643394470214844,88895869
2022-03-18,19.458515167236328,19.55095466921845,19.227416412281027,19.458515167236328,68382460
2022-03-21,19.50473403930664,19.59717353712326,19.366074792581713,19.50473403930664,41300343
2022-03-22,19.41229556469207,19.597174570070088,19.366075813347564,19.550954818725586,27891944
2022-03-23,19.64339359265538,19.78205284154471,19.504734343766046,19.689613342285156,49684402
2022-03-24,19.59717442020951,19.68961392219163,19.458515167236328,19.458515167236328,31691276
2022-03-25,19.45851650191854,19.50473625607987,19.042538714466602,19.08875846862793,60398483
2022-03-28,18.95009891911066,18.95009891911066,18.62656064488194,18.903879165649414,54721747
2022-03-29,18.67277981574993,18.718999567769114,18.30302179959647,18.534120559692383,170232942
2022-03-30,18.580339279174805,18.718998527526853,18.487899780273438,18.487899780273438,55809636
2022-03-31,18.48790051054294,18.580340013095654,18.210582002884795,18.349241256713867,71378195
2022-04-01,18.25680057409451,18.25680057409451,18.071921580939122,18.210580825805664,53448423
2022-04-06,18.071924038787387,18.580341339111328,18.071924038787387,18.580341339111328,61831221
2022-04-07,18.487900954026443,18.53412070641151,18.02570343017578,18.02570343017578,49047167
2022-04-08,18.11814132922797,18.303020322383357,18.071921580939122,18.210580825805664,27957260
2022-04-11,18.303021180002315,18.303021180002315,17.563505172729492,17.563505172729492,66838443
2022-04-12,17.563506198993192,17.840824717924665,17.37862718637221,17.609725952148438,48381070
2022-04-13,17.933263051845227,18.164361802513337,17.794603801444364,18.071922302246094,27705050
2022-04-14,18.118143822049728,18.256803085993987,17.933264803457384,17.97948455810547,32350768
2022-04-15,17.79460496476942,17.933264224235153,17.609725952148438,17.609725952148438,24741520
2022-04-18,17.3786271966022,17.42484694978465,16.962649417960126,17.008869171142578,51026028
2022-04-19,17.28618887107006,17.517287652768857,17.14752960205078,17.14752960205078,30570213
2022-04-20,17.19374600519236,17.471064489147075,16.916427521237644,17.42484474182129,52644412
2022-04-21,17.19374935839054,17.2399691147303,16.962650576691743,17.14752960205078,47151712
2022-04-22,16.916428790829045,17.23996704639135,16.823989289239815,17.05508804321289,42541980
2022-04-25,16.73154961321987,16.73154961321987,16.361791610717773,16.361791610717773,70827143
2022-04-26,16.408011254142313,16.45423100415398,15.714715003967283,15.714715003967285,92333306
2022-04-27,15.06763744354248,15.160076937061145,14.605439975949153,15.06763744354248,108451128
2022-04-28,15.252517650001927,15.899594156365646,14.97519914727462,15.807154655456543,97094236
2022-04-29,15.85337448120117,15.945813982549282,15.529836226482779,15.853374481201172,58654168
2022-05-03,15.760934856651867,16.361791610717773,15.668495356026341,16.361791610717773,45361707
2022-05-04,16.45423007349117,16.59288931568351,16.13069184170904,16.315570831298828,32638296
2022-05-05,16.500452326935743,16.823990607856054,16.500452326935743,16.685331344604492,39638940
2022-05-06,16.17691018787267,16.63910762181189,16.084470701084825,16.59288787841797,40273701
2022-05-09,16.22313271505984,16.454231471684626,15.899594455785145,15.992033958435059,47075362
2022-05-10,15.62227331358811,16.084470748901367,15.576053570056784,16.084470748901367,68793600
2022-05-11,16.0382534077293,16.08447315818385,15.760934905001992,15.807154655456543,27338296
2022-05-12,15.714715154547442,16.1306929086384,15.714715154547442,15.807154655456543,38938883
2022-05-13,15.945813754025627,16.038253254048964,15.622275503943946,15.714715003967285,37241240
2022-05-16,15.714715229179003,15.992033733223339,15.391176974460612,15.853374481201172,37975042
2022-05-17,15.85337448120117,15.945813982549282,15.76093497985306,15.853374481201172,24414434
2022-05-18,16.084474537181062,16.73155109902168,16.038254782763875,16.685331344604492,94406516
2022-05-19,16.038255553314652,16.176914823228035,15.89959628340127,15.945816040039062,67892912
2022-05-20,15.945815970731337,15.992035727168238,15.760936944983726,15.899596214294434,31327638
2022-05-23,15.853374330179433,15.945813830646951,15.714715079478156,15.760934829711914,42131460
2022-05-24,15.760933559089457,15.945812545119832,15.576054573059082,15.576054573059082,34958964
2022-05-25,15.622275579010637,15.760934829711914,15.4373965780756,15.760934829711914,45322671
2022-05-26,15.807156351815282,15.899595862644611,15.622277330156624,15.668497085571289,26206323
2022-05-27,15.85337289266009,16.130691368916537,15.80715314661735,16.038251876831055,43829773
2022-05-30,16.17691023596402,16.223129979495344,15.992031261838717,16.084470748901367,30007267
2022-05-31,16.17691304948595,16.639110565185547,15.89959454006619,16.639110565185547,66862800
2022-06-01,16.36179145899686,16.500450708649375,16.223132209344342,16.269351959228516,39812368
2022-06-02,16.26935211009225,16.408011361030535,16.176912609466726,16.361791610717773,24779457
2022-06-06,16.361792636925063,16.59289140298333,16.223133377290107,16.40801239013672,26614929
2022-06-07,16.500452041625977,16.592891548861974,16.361792780771975,16.500452041625977,23838844
2022-06-08,16.639112193932693,16.639112193932693,16.408013413461408,16.454233169555664,18775384
2022-06-09,16.500452326935743,16.87021036227324,16.454232572518556,16.685331344604492,39853994
2022-06-10,16.59289140298333,16.59289140298333,16.361792636925063,16.40801239013672,21611520
2022-06-13,16.084475240042043,16.084475240042043,15.853376457857532,15.899596214294434,29705967
2022-06-14,15.714715003967283,15.80715450399062,15.576055753932279,15.714715003967285,33094379
2022-06-15,15.62227331358811,16.315569466557996,15.62227331358811,16.084470748901367,49603162
2022-06-16,16.176912659092952,16.269352160002057,15.622275653638338,15.807154655456543,41134268
2022-06-17,15.576057986936709,15.945816040039064,15.252519690472148,15.945816040039062,60861548
2022-06-20,15.807154629368188,15.899594130124727,15.206297874450685,15.206297874450684,48605894
2022-06-21,15.344957573734112,15.576056332374685,15.113858815093538,15.483616828918457,41767348
2022-06-22,15.529835815429687,15.57605556488037,14.975198822021484,15.021418571472168,42196094
2022-06-23,15.067640619309428,15.113860375810377,14.004586219787598,14.004586219787598,77038814
2022-06-24,14.143242208113582,15.021417377898413,14.143242208113582,14.882758140563965,60231649
2022-06-27,14.928979808181078,15.6222760841028,14.83654030472485,15.483616828918457,38970075
2022-06-28,15.66849406607427,15.714713812581863,15.437395333536301,15.576054573059082,30255063
2022-06-29,15.760935339287144,15.853374842743374,15.483616828918455,15.483616828918457,38305763
2022-06-30,15.622274404654474,15.668494151413807,15.06763744354248,15.06763744354248,41777411
2022-07-01,15.067638403553504,15.160077902961808,13.912144660949707,13.912144660949707,64808552
2022-07-04,13.912143690775835,14.456747180450334,13.912143690775835,14.308218955993652,46301352
2022-07-05,14.654785747078533,14.951842214924719,14.407238690540044,14.70429515838623,31975173
2022-07-06,15.347918730515701,16.09055995941162,14.753805747398964,14.803315162658691,96883621
2022-07-07,14.951841586514524,15.248898041875739,14.5062569034727,15.050860404968262,41748192
2022-07-08,15.05086073308129,15.644973656755552,15.05086073308129,15.39742660522461,36374167
2022-07-11,15.248897449040816,15.347916263644978,14.555765746811689,14.60527515411377,40460059
2022-07-12,14.357729828148559,14.506258067750094,14.060673348945484,14.110182762145996,31268139
2022-07-13,14.555768086360052,15.149881069476788,14.555768086360052,14.803315162658691,48587772
2022-07-14,14.407239548147542,14.555767790911949,14.159692476873529,14.456748962402344,39762477
2022-07-15,14.308221010061411,14.308221010061411,13.961655103243315,14.159692764282227,41384824
2022-07-18,14.15969118892943,14.80331351569895,14.15969118892943,14.506257057189941,50444305
2022-07-19,14.506257784735295,14.65478602143907,14.357729548031521,14.407238960266113,35713804
2022-07-20,14.704295747232116,14.852823987103148,14.506258094070741,14.753805160522461,47391308
2022-07-21,14.704294565561655,14.803313384184968,14.308219291068413,14.65478515625,47749399
2022-07-22,14.70429515838623,15.050861037540114,14.654785747078533,14.70429515838623,47572298
2022-07-25,14.555765996754788,14.654784813059242,14.209200139689198,14.308218955993652,36469413
2022-07-26,14.159692764282227,14.407239840580868,14.110183349022499,14.159692764282227,23366357
2022-07-27,14.110181975538714,14.1596913859792,13.318031408490926,13.56557846069336,75544036
2022-07-28,13.664597694828824,13.862635342579967,13.070484751575398,13.119994163513184,68952451
2022-07-29,13.119995335068149,13.268523584144393,12.872448253274412,13.219014167785645,65093770
2022-08-01,13.169504243069468,13.615088973098135,13.02097599972658,13.417051315307617,33356616
2022-08-02,13.367542191375074,13.763617515563965,13.268523360327851,13.763617515563965,58649324
2022-08-03,13.565579273210107,13.961654580457116,13.51606985980423,13.714107513427734,44373885
2022-08-04,13.763616926833611,13.813126340239487,13.51606985980423,13.714107513427734,24593138
2022-08-05,13.862635021141354,13.961653842720935,13.763616199561772,13.813125610351562,20240852
2022-08-08,13.961655831672777,14.357731174415267,13.961655831672777,14.060674667358398,46935857
2022-08-09,14.060671915232517,14.308218955993652,14.01116250708029,14.308218955993652,27727745
2022-08-10,14.110182037752264,14.357729091046163,14.060672627093485,14.209200859069824,20268760
2022-08-11,14.506258038913503,15.347918061649098,14.456748625811407,15.149880409240723,91121352
2022-08-12,15.050861131276516,15.248898777740681,14.951842308044434,14.951842308044434,34663675
2022-08-15,15.050862897028688,15.248900566726434,14.951844062179815,15.100372314453125,24148138
2022-08-16,15.248898118076264,15.793501622293274,15.19938870860199,15.694482803344727,66463352
2022-08-17,15.843012665078366,16.041050323391847,15.694484421343256,15.991540908813477,58073871
2022-08-18,15.8430121354996,15.8430121354996,15.545955657958984,15.545955657958984,27532225
2022-08-19,15.54595428511808,16.98172713310669,15.54595428511808,16.783689498901367,135856518
2022-08-22,16.486636008535115,16.783692513193404,16.437126591092067,16.635164260864258,29972800
2022-08-23,16.63516345024109,16.63516345024109,15.59546573460102,15.843012809753418,77345028
2022-08-24,16.140069152548588,16.239087981705325,15.892522079656736,15.991540908813477,35804000
2022-08-25,16.14006855769187,16.14006855769187,15.793502668416277,15.942030906677246,31301116
2022-08-26,16.090559737970217,16.090559737970217,15.843012665078366,15.991540908813477,20056890
2022-08-29,15.545955294654483,15.892521177019391,15.24889882405599,15.595464706420898,48559004
2022-08-30,15.991540984409612,16.53614454734616,15.991540984409612,16.23908805847168,55334338
2022-08-31,16.04104976369374,16.58565330505371,15.99154035084283,16.58565330505371,42963519
2022-09-01,16.486635710063734,17.08074870862459,16.28859804387678,16.932220458984375,78667677
2022-09-02,16.882710603567272,17.17976709512564,16.536144696749176,16.734182357788086,50832712
2022-09-05,16.73418064775138,17.278784159956306,16.635161827350483,17.22927474975586,62030966
2022-09-06,17.179766513279507,17.526332408360073,17.080747686113632,17.32829475402832,53494856
2022-09-07,17.22927474975586,17.42731239055765,16.932218288553173,17.22927474975586,54319352
2022-09-08,17.27878452377979,17.427312757508556,17.130256290051022,17.179765701293945,44478980
2022-09-12,17.32829467110012,17.42731349779212,17.080747604370117,17.080747604370117,31024955
2022-09-13,17.229275112536868,17.32829393502271,17.03123746756518,17.179765701293945,27487866
2022-09-14,16.882709503173828,17.031237739272132,16.783690679108293,16.882709503173828,34939098
2022-09-15,17.130257256825765,17.823389053344727,17.080747842788696,17.823389053344727,112070338
2022-09-16,17.87289773825124,17.97191656228587,17.625350678164654,17.922407150268555,77599013
2022-09-19,17.922408250048964,17.922408250048964,17.47682351455051,17.773880004882812,48643047
2022-09-20,17.823389956825658,17.872899373372395,16.932220458984375,16.932220458984375,79941005
2022-09-21,16.9817301829656,17.27878668762389,16.140070086433774,16.635164260864258,127992565
2022-09-22,16.28859665503869,16.536143716665414,15.892521356435923,16.090559005737305,60460892
2022-09-23,16.041048061998584,16.189576284794867,15.644972801208498,15.644972801208496,43433701
2022-09-26,15.446936424204846,15.446936424204846,14.902332896428392,14.951842308044434,34682696
2022-09-27,15.100371877220383,15.248900125193042,14.85282479726595,14.902334213256836,33904370
2022-09-28,14.80331411815825,14.852823529924665,14.456748235793341,14.555767059326172,36379968
2022-09-29,16.33357048034668,16.33357048034668,16.33357048034668,16.33357048034668,0
2022-09-30,16.33357048034668,16.33357048034668,16.33357048034668,16.33357048034668,0
2022-10-03,16.33357048034668,16.33357048034668,16.33357048034668,16.33357048034668,0
2022-10-04,16.33357048034668,16.33357048034668,16.33357048034668,16.33357048034668,0
2022-10-05,16.33357048034668,16.33357048034668,16.33357048034668,16.33357048034668,0
2022-10-06,16.33357048034668,16.33357048034668,16.33357048034668,16.33357048034668,0
2022-10-07,16.33357048034668,16.33357048034668,16.33357048034668,16.33357048034668,0
2022-10-11,14.35576494364251,14.844661992210435,14.133539474869574,14.6224365234375,70800120
2022-10-12,14.6224365234375,14.711325354590054,13.60019885844826,14.6224365234375,76378662
2022-10-13,14.489098971482646,15.24466585671974,14.444654558711033,14.933549880981445,79244609
2022-10-14,15.200222636962751,15.511338637119499,15.06688769273723,15.244667053222656,63803326
2022-10-17,15.46689126755963,16.26690256329716,15.422446854914194,16.000232696533203,108806964
2022-10-18,16.844691159523915,16.844691159523915,16.000233702597413,16.178014755249023,72330160
2022-10-19,16.000232875187834,16.222458331787664,15.689116896858932,16.133567810058594,62504582
2022-10-20,15.733563291127489,16.622465133666992,15.42244730714952,16.622465133666992,86486072
2022-10-21,16.400239650852583,16.622465111186923,15.866898206961025,15.91134262084961,57849894
2022-10-24,15.911342819134344,16.08912386779558,15.155775905492684,15.20022201538086,63012705
2022-10-25,15.289112819295386,15.466892175761847,14.844661884960589,14.977996826171875,54423064
2022-10-26,15.06688769273723,15.378001997448177,14.711325580874774,15.244667053222656,49586530
2022-10-27,14.666880896269719,15.46689224243164,14.133539433679848,15.46689224243164,114125366
2022-10-28,15.1113319902051,15.333557460649292,14.844662103850384,15.28911304473877,43449107
2022-10-31,15.466892816768194,15.511338929311146,15.022441864013672,15.022441864013672,37527335
2022-11-01,15.333556856427874,15.600226732274418,15.200221918504601,15.555782318115234,45265274
2022-11-02,15.422447455864749,16.044677734375,15.378001346041762,16.044677734375,48647587
2022-11-03,15.733561955924053,16.044676218054096,15.600225334501955,15.644671440124512,38136693
2022-11-04,15.37800117695805,15.955788730183905,15.289112349180883,15.91134262084961,45988083
2022-11-07,15.866897699404234,16.000232632250523,15.68911665864541,15.8224515914917,31249486
2022-11-08,16.133569216308963,16.266904162801602,15.733564376831055,15.733564376831055,35996090
2022-11-09,15.866898206961025,16.00023314407249,15.778007683738148,15.91134262084961,27887207
2022-11-10,15.778007600152016,15.778007600152016,15.378001095491008,15.422447204589844,41059294
2022-11-11,15.866899323323691,16.089124799293362,15.644673847354019,15.733564376831055,58204673
2022-11-14,15.733563153672304,16.04467743948653,15.689117044666201,15.955788612365723,34941170
2022-11-15,15.86689920524946,16.08912467956543,15.733564259749041,16.08912467956543,39159695
2022-11-16,16.044676335411438,16.044676335411438,15.600225448608398,15.600225448608398,49824309
2022-11-17,15.466891040477742,15.466891040477742,15.066886246204604,15.15577507019043,57464459
2022-11-18,15.333557056561451,15.333557056561451,14.800215602461469,14.844661712646484,55844402
2022-11-21,14.800214398030997,14.800214398030997,14.489098433837249,14.533544540405273,42519128
2022-11-22,14.533545891211348,14.577990306464608,14.22242989810123,14.266874313354492,49092366
2022-11-23,14.40020979294654,14.755770172740583,14.40020979294654,14.666879653930664,40168399
2022-11-24,14.844661599551761,14.844661599551761,14.444655088162806,14.489099502563477,38915714
2022-11-25,14.489099502563477,14.711324965458289,14.400210673762137,14.489099502563477,38490889
2022-11-28,14.355764210881489,14.444654732942581,14.17798401448215,14.222429275512695,41564534
2022-11-29,14.177985132296595,14.400211454969995,14.089095450950147,14.355765342712402,23332440
2022-11-30,14.266873243829195,14.577989213616304,14.133538312619187,14.311319351196289,44425794
2022-12-01,14.533544540405273,14.622435058095718,14.355763505024388,14.533544540405273,46311014
2022-12-02,14.444655088162806,14.533545612409878,14.311320149515065,14.489099502563477,30912909
2022-12-05,14.444654819438039,14.800215214365835,14.400210405864202,14.711324691772461,47579195
2022-12-06,14.711324603680168,14.711324603680168,14.222429275512695,14.222429275512695,42924134
2022-12-07,14.133539479465313,14.266874421683275,13.911314010620117,13.911314010620117,48936908
2022-12-08,13.955759273933733,14.089095063874584,13.777979068402153,13.911314010620117,22462811
2022-12-09,14.000204311057466,14.044649573653016,13.911313785866364,13.955759048461914,18658491
2022-12-12,13.866869370993687,13.955759048461914,13.689088320611484,13.955759048461914,32473281
2022-12-13,14.13353855375608,14.177983814158651,13.689087645176043,13.733532905578613,38970668
2022-12-14,13.866869148380438,14.177984286109027,13.733533362734306,14.000204086303711,32254987
2022-12-15,13.911313837654879,14.000204363176898,13.777978897094727,13.777978897094727,39168178
2022-12-16,13.511308500356046,13.689088708047,13.377973556518555,13.377973556518555,166891214
2022-12-19,13.422418313687729,13.555753252491945,13.289082527160645,13.289082527160645,64796189
2022-12-20,13.24463804920126,13.466863525514858,13.15574836730957,13.15574836730957,67069821
2022-12-21,13.289083035644866,13.333528299521184,13.022412300109863,13.022412300109863,68314936
2022-12-22,13.200193074796145,13.822424212658634,13.200193074796145,13.600198745727539,80711253
2022-12-23,13.466862409833798,13.733533128861989,13.333527474181125,13.689087867736816,36339186
2022-12-26,13.777978897094727,13.911313837654879,13.644643956534573,13.777978897094727,18548761
2022-12-27,13.866869422616746,13.95575910041589,13.733533634333716,13.777978897094727,17731511
2022-12-28,13.777978664888657,13.822423926900612,13.42241826423874,13.466862678527832,22175084
2022-12-29,13.466863009742545,13.511308272847621,13.333528068150196,13.422418594360352,25839072
2022-12-30,13.511306796601275,13.55575205485026,13.333526611328125,13.333526611328125,14923705
2023-01-03,13.333527257401144,13.733532905578613,13.333527257401144,13.733532905578613,31530495
2023-01-04,13.689088320611484,14.177984513716796,13.689088320611484,13.955759048461914,42424521
2023-01-05,14.089094659440427,14.133539073755356,13.777978672898728,13.822423934936523,28076586
2023-01-06,13.911313515012555,14.26687391340844,13.866869101005214,14.177984237670898,44971270
2023-01-09,14.266874313354492,14.311320424053516,14.089094956895684,14.266874313354492,35622183
2023-01-10,14.222429275512695,14.266873688820397,14.044649079113356,14.222429275512695,25723717
2023-01-11,14.311319351196289,14.444654282406297,14.177983572263463,14.311319351196289,29356881
2023-01-12,14.35576443686884,14.4002105463219,14.133538975940699,14.177984237670898,17584208
2023-01-13,14.266874139408992,14.266874139408992,14.044649522683464,14.133539199829102,19543626
2023-01-16,14.177984462263357,14.266874139408992,14.08909478511772,14.133539199829102,13980458
2023-01-17,14.177983835201543,14.222429095670078,14.04464890151877,14.089094161987305,20265618
2023-01-30,14.400210898932434,14.800215721130371,14.311320373295416,14.800215721130371,79982544
2023-01-31,14.666880337160025,15.0668868427154,14.577989814209309,14.889105796813965,54029324
2023-02-01,14.889106246767389,14.933550661863018,14.533545839665079,14.800215721130371,36271513
2023-02-02,14.844661055438221,14.977995989198728,14.755770534449328,14.933549880981445,24813880
2023-02-03,14.977995622042561,14.977995622042561,14.666879653930664,14.666879653930664,25503172
2023-02-06,14.62243524224852,14.8446606915505,14.62243524224852,14.666879653930664,19097580
2023-02-07,14.800214074946458,15.20022054809862,14.800214074946458,15.111330032348633,58377565
2023-02-08,15.200222895414678,15.911343740339293,15.022441836460608,15.733564376831055,112087961
2023-02-09,15.422448490273945,15.8668994456395,15.200223012591167,15.689118385314941,67852192
2023-02-10,15.64467358134502,15.689117997604926,15.244667053222656,15.244667053222656,55574173
2023-02-13,15.20022171831317,15.33355665448038,14.666880278198624,14.711324691772461,57722040
2023-02-14,14.889106636806002,15.333557581188272,14.844662220546097,15.244667053222656,55086255
2023-02-15,15.11132978356403,15.64467117383775,15.022439269277484,15.333555221557617,57492033
2023-02-16,15.55578210853929,16.000233025926125,15.466891585972782,15.955788612365723,80688937
2023-02-17,15.822452649945799,16.311349697014847,15.733563819065763,16.178014755249023,78085097
2023-02-20,16.444684259942168,16.844690771470404,16.17801438255383,16.755800247192383,117929814
2023-02-21,16.53357696533203,16.800246877899504,16.4002420090483,16.53357696533203,55097921
2023-02-22,16.355794175884803,16.66691017150879,16.311349760272424,16.66691017150879,54289496
2023-02-23,16.622465014405297,16.666909428035108,16.133567987248846,16.266902923583984,73916076
2023-02-24,16.13357040103487,16.711356341895026,16.13357040103487,16.53357696533203,87431395
2023-03-01,16.622464295630174,16.844689745061352,16.355792739045388,16.578018188476562,64378712
2023-03-02,16.489129686853705,16.578020216589945,16.13356926335458,16.22245979309082,53798537
2023-03-03,16.489128235232933,17.066915779930035,16.400239408767856,16.844690322875977,95967854
2023-03-06,16.93357950239858,17.24469548785003,16.889135088239396,17.111360549926758,62947836
2023-03-07,16.93357994813922,17.022470474243164,16.578019539169212,17.022470474243164,49471625
2023-03-08,16.844690674080212,17.111360549926758,16.71135404071122,17.111360549926758,31471336
2023-03-09,17.200249933700213,17.200249933700213,16.444683074951172,16.444683074951172,50736374
2023-03-10,16.266902744929357,16.400239375245803,16.000232875187834,16.133567810058594,51759902
2023-03-13,16.04467873361834,16.26690421023602,15.866899369591696,16.22245979309082,29911751
2023-03-14,16.00023439316,16.044678810518217,15.60022785515266,15.689118385314941,45401805
2023-03-15,15.911343056227361,15.911343056227361,15.511338233947754,15.511338233947754,34203993
2023-03-16,15.60022740579488,15.82245287707655,15.466892462115037,15.778008460998535,35936470
2023-03-17,15.822451655060124,16.089123217269744,15.55578178829617,16.000232696533203,72306398
2023-03-20,15.955788283887765,16.089123217269744,15.866897763151226,16.000232696533203,15407673
2023-03-21,16.35579473997226,16.622466329180984,16.13356926335458,16.22245979309082,39913621
2023-03-22,16.355793266658427,16.400239375245803,16.0891233969169,16.133567810058594,18801870
2023-03-23,16.08912467956543,16.266904041750717,16.00023415074988,16.08912467956543,18214041
2023-03-24,16.178013216778854,16.489127486164687,16.13356711011973,16.444683074951172,30940648
2023-03-27,16.489128773826508,16.66690982345499,16.355793834328015,16.400239944458008,24936530
2023-03-28,16.400239375245803,16.578018723258257,16.044677288329524,16.133567810058594,31509064
2023-03-29,16.178013216778854,16.444683074951172,16.178013216778854,16.444683074951172,30237391
2023-03-30,16.444682889004266,16.48912729971523,16.133566927690744,16.31134796142578,24194867
2023-03-31,16.266902478991728,16.48912793195853,16.22245806657663,16.355792999267578,26154925
2023-04-06,16.31135147304382,16.62246750133651,16.044679865030396,16.53357696533203,29340404
2023-04-07,16.622464110696455,16.66690852190997,16.35579255707853,16.444683074951172,15877549
2023-04-10,16.400239286987937,16.53357422114116,16.311348765737232,16.48912811279297,15305811
2023-04-11,16.57801902427259,16.66690954761568,16.489128500929496,16.622465133666992,23417488
2023-04-12,16.57801836997262,16.75579940964216,16.355792918108524,16.711353302001953,29545999
2023-04-13,16.844690771470404,17.155805063274887,16.622465308498214,16.755800247192383,71460766
2023-04-14,16.933581229611622,17.155806713965823,16.7558018593958,16.97802734375,41902079
2023-04-17,16.97802734375,17.06691787658086,16.7558018593958,16.97802734375,28819951
2023-04-18,16.978026167132775,17.022470582745154,16.62246575589641,16.66691017150879,29127020
2023-04-19,16.71135516347139,16.755801276062424,16.178015375945616,16.22245979309082,41108436
2023-04-20,16.133569096250298,16.22245962506585,16.00023415074988,16.08912467956543,27937161
2023-04-21,16.22245979309082,16.666910746326185,16.089124846209376,16.22245979309082,46080857
2023-04-24,16.178013033847296,16.355792372136747,16.178013033847296,16.31134796142578,15002049
2023-04-25,16.400239529752557,16.444683943312963,15.911342503359618,15.955788612365723,31440216
2023-04-26,15.955788730183905,16.089123667295365,15.82245209762673,15.91134262084961,19283009
2023-04-27,15.911343740339293,16.00023426981633,15.644673847354019,15.733564376831055,20749952
2023-04-28,15.822450767457399,15.866896873055179,15.111330032348633,15.111330032348633,98522364
2023-05-02,15.289112385087805,15.511337845944048,15.200221861656164,15.37800121307373,38077144
2023-05-03,15.333556109053362,15.422446628484828,15.15577507019043,15.15577507019043,25755087
2023-05-04,15.155775905492684,15.289112539711478,15.022440966719623,15.20022201538086,20894573
2023-05-05,15.244666275649127,15.46689173650537,15.200221861656164,15.37800121307373,16165156
2023-05-08,15.555780659551205,15.64467117383775,15.289110812137116,15.333555221557617,29190242
2023-05-09,15.46689278839995,15.955789852800725,15.422448371384348,15.733564376831055,51012539
2023-05-10,15.644671554556053,15.733562071005776,15.511336627604258,15.600225448608398,21801195
2023-05-11,15.600226831700045,15.600226831700045,15.20022201538086,15.20022201538086,23526220
2023-05-12,15.200222801195943,15.200222801195943,15.022441743343851,15.066887855529785,21601515
2023-05-15,15.066886246204604,15.200221177628983,14.933549619334585,15.15577507019043,15806071
2023-05-16,15.15577507019043,15.244665589621896,15.066886246204604,15.15577507019043,17324067
2023-05-17,15.200220297850572,15.466890145264662,15.155774192984529,15.333555221557617,29014923
2023-05-18,15.377999630978119,15.42244573584416,15.155774192984529,15.333555221557617,26154024
2023-05-19,15.378001716092367,15.46689224243164,15.333557300645616,15.46689224243164,20092491
2023-05-22,15.600226138265999,15.866897699404234,15.55578172579912,15.8224515914917,41375126
2023-05-23,15.911341292077568,15.911341292077568,15.600225334501955,15.644671440124512,37463231
2023-05-24,15.555783437794442,15.778008915477221,15.511339020436225,15.689118385314941,19656729
2023-05-25,15.73356336564341,15.778007779802595,15.555782318115234,15.555782318115234,21838814
2023-05-26,15.555782768770914,15.733563821449462,15.46689224243164,15.46689224243164,21214975
2023-05-29,15.555783437794442,15.911343862997718,15.511339020436225,15.689118385314941,36037023
2023-05-30,15.733561955924053,15.778006366101039,15.600225334501955,15.644671440124512,20863886
2023-05-31,15.778006366101039,15.822450776278027,15.644671440124512,15.644671440124512,43909937
2023-06-01,15.733561955924053,15.778006366101039,15.644671440124512,15.644671440124512,14598484
2023-06-02,15.689117933396707,15.82245287707655,15.555782989716866,15.778008460998535,26817707
2023-06-05,15.866897251947414,16.66690852190997,15.778006734074772,16.444683074951172,78724594
2023-06-06,16.444684086980807,16.66690954761568,16.22245862634593,16.622465133666992,45839409
2023-06-07,16.666909155294377,16.8002440894476,16.444683699890454,16.48912811279297,35411136
2023-06-08,16.489129686853705,16.489129686853705,16.13356926335458,16.22245979309082,29355488
2023-06-09,16.31135032282706,16.31135032282706,16.089124846209376,16.22245979309082,23489153
2023-06-12,16.311349419643765,16.5335748839565,16.311349419643765,16.400239944458008,30019792
2023-06-13,16.444683699890454,16.53357422114116,16.266902657389043,16.48912811279297,32977095
2023-06-14,16.444682889004266,16.48912729971523,16.31134796142578,16.31134796142578,20526694
2023-06-15,16.355792999267578,16.400239107128332,16.17801365416153,16.355792999267578,26465991
2023-06-16,16.53357377676858,16.800243637907737,16.53357377676858,16.578018188476562,79831831
2023-06-19,16.53357486703454,18.089153115631557,16.48912875695004,17.95581817626953,183541701
2023-06-20,17.9558192056371,17.9558192056371,17.42247772216797,17.42247772216797,91137152
2023-06-21,17.55581210395828,18.222488512969353,17.55581210395828,17.866928100585938,92273503
2023-06-26,17.822482100981507,18.133598099557247,17.466921686371716,17.511367797851562,66281934
2023-06-27,17.422476636108957,17.4669210505251,16.755800247192383,16.755800247192383,66902413
2023-06-28,16.97802553159365,17.02246994554234,16.622465133666992,16.622465133666992,34098125
2023-06-29,16.84469122484986,16.978026167132775,16.62246575589641,16.66691017150879,27493882
2023-06-30,16.62246750133651,16.666911921615768,16.489130849606816,16.53357696533203,27012917
2023-07-03,16.711353568196895,16.84469019779579,16.48912811279297,16.48912811279297,29519824
2023-07-04,16.533575229225875,16.755800698179325,16.44468470255534,16.66691017150879,29787321
2023-07-05,16.578018188476562,16.755799226199755,16.489127669614966,16.578018188476562,25653210
2023-07-06,16.978024412655053,17.42247530463322,16.711352860200794,16.800243377685547,93835641
2023-07-07,16.666908972510235,16.666908972510235,16.355792999267578,16.355792999267578,48150070
2023-07-10,16.355795893323084,16.62246750133651,16.31135147304382,16.53357696533203,30312923
2023-07-11,16.800244564475307,17.200251073690847,16.800244564475307,17.111360549926758,63584927
2023-07-12,17.200251983964662,17.37803134545558,16.80024545357993,16.93358039855957,44773809
2023-07-13,17.111361455496297,17.200251983964662,16.889135982048295,16.93358039855957,28517080
2023-07-14,17.06691787658086,17.155806713965823,16.84469239222666,16.97802734375,30720233
2023-07-17,17.022469143824267,17.333585113149407,16.978024731968805,17.289140701293945,39480175
2023-07-18,17.378028743577918,17.422474848880437,16.88913345336914,16.88913345336914,44179247
2023-07-19,16.978025710164573,17.066916234442598,16.578019198636337,16.755800247192383,40329595
2023-07-20,16.844691117481045,17.066916585018017,16.711354480602246,17.022470474243164,26278896
2023-07-21,17.06691551208496,17.24469485767076,16.889134471053502,17.06691551208496,43601490
2023-07-24,17.200249858644135,17.24469426966371,16.800243377685547,16.800243377685547,33728004
2023-07-25,16.978026058914075,17.155805415676195,16.889135532810133,17.022470474243164,29304145
2023-07-26,17.111358772098995,17.77803508789506,17.111358772098995,17.60025405883789,96983203
2023-07-27,17.689146321138885,19.244724545028287,17.422476446650418,19.022499084472656,282257902
2023-07-28,19.022498906947163,19.20027995191083,18.533603576465634,18.889163970947266,139241600
2023-07-31,19.111389340335666,19.155833753646544,18.311378032620055,18.4002685546875,83257966
2023-08-01,18.489159008685103,18.889165545473467,18.444714591462326,18.622495651245117,49221335
2023-08-02,18.489158287141812,18.666939339986662,17.955818519498813,18.222488403320312,60808082
2023-08-04,18.222487685709204,18.578048081950975,18.133597162787336,18.53360366821289,35919716
2023-08-07,18.444714330125592,18.48915874671865,17.95581896581866,18.13359832763672,45158068
2023-08-08,18.266933272861717,18.48915874671865,18.08915391104366,18.13359832763672,38519300
2023-08-09,18.311379384900594,18.311379384900594,18.044707799004783,18.13359832763672,35135396
2023-08-10,18.272374582522165,18.318633052821436,17.485968234901833,17.532228469848633,59826294
2023-08-11,17.57848801483979,17.62474648796716,17.115896224975586,17.115896224975586,32071056
2023-08-14,17.06963556346591,17.06963556346591,16.653302300104336,16.745820999145508,31863946
2023-08-15,17.023377514073218,17.393450593035055,16.97711904094585,17.115896224975586,36954908
2023-08-16,16.977120130624623,16.977120130624623,16.653305504006067,16.69956398010254,27719773
2023-08-17,16.5607852935791,16.653304002075707,16.23697069616478,16.5607852935791,32792287
2023-08-18,16.653303338789538,16.74582204360121,16.283230284190388,16.32948875427246,29435563
2023-08-21,16.375748595506224,16.560784236035786,16.375748595506224,16.468265533447266,11493688
2023-08-22,16.699562419727044,16.7458226561488,16.375749588012695,16.375749588012695,21325168
2023-08-23,16.514525767065265,16.653302938624304,16.422007064476745,16.468265533447266,12356193
2023-08-24,16.5607852935791,16.745822710572313,16.42200811315799,16.5607852935791,20975316
2023-08-25,16.422008059786865,16.514526767982787,16.375749588012695,16.375749588012695,15761105
2023-08-28,16.422008059786865,16.7458226561488,16.329489351590944,16.375749588012695,16802871
2023-08-29,16.51452722516145,16.560785698216215,16.375750041349534,16.422008514404297,11723709
2023-08-30,16.51452722516145,16.560785698216215,16.28323133059238,16.422008514404297,21452005
2023-08-31,16.514525767065265,16.745821641212824,16.422007064476745,16.468265533447266,39941211
2023-09-01,16.5607852935791,16.653304002075707,16.468266585082496,16.5607852935791,13231062
2023-09-04,16.560786528359923,16.60704676838121,16.098194716033404,16.144454956054688,39930381
2023-09-05,16.098191828266692,16.236968994140625,15.913156195317248,16.236968994140625,29786859
2023-09-06,15.681861778323219,15.820638957008432,15.543082834990436,15.589343070983887,109579638
2023-09-07,15.358047891244045,15.40430636471726,15.126751994582682,15.219270706176758,60626364
2023-09-08,15.21926971071624,15.450565592249024,15.12675100517362,15.311786651611328,47302366
2023-09-11,15.496824764351084,15.820639366087942,15.404306054619465,15.450566291809082,48180083
2023-09-12,15.450565892298673,15.635601542329768,15.219270006274128,15.589343070983887,35622555
2023-09-13,15.63560240453862,15.774379590876556,15.496825218200684,15.496825218200684,16514328
2023-09-14,15.589344117565203,15.681862831115723,15.5430838784661,15.681862831115723,12630307
2023-09-15,15.681861379987822,15.913157260137213,15.496823970009299,15.728119850158691,47863776
2023-09-18,15.63560114516943,15.86689702531882,15.63560114516943,15.728119850158691,11479776
2023-09-19,15.774378721014982,15.820638957008432,15.543082834990436,15.589343070983887,13296186
2023-09-20,15.589343474082703,15.589343474082703,15.404306054619465,15.450566291809082,17403495
2023-09-21,15.358047387453222,15.543083039923989,15.265528678894043,15.265528678894043,20626388
2023-09-22,15.219269810418956,15.450565693466979,15.219269810418956,15.404305458068848,11311066
2023-09-25,15.450566291809082,15.543083236893088,15.358047582077463,15.450566291809082,11830591
2023-09-26,15.40430636471726,15.450566602838121,15.219270706176758,15.219270706176758,15168474
2023-09-27,15.173009872436523,15.311787052056088,15.126751400779197,15.173009872436523,12113388
2023-09-28,15.219270108741432,15.26552858039876,15.173009872436523,15.173009872436523,11257469
2023-10-02,15.265528789557283,15.265528789557283,14.802937008055547,14.84919548034668,35787727
2023-10-03,15.543083872333149,15.913158726389208,14.987975120544434,14.987975120544434,104441002
2023-10-04,14.941713599585118,14.987973834697213,14.525381189137699,14.617899894714355,47364410
2023-10-05,14.571640150035991,14.895454728521845,14.571640150035991,14.75667667388916,24055160
2023-10-06,14.756676968268327,14.756676968268327,14.525381088256836,14.525381088256836,26297570
2023-10-11,14.525382017678137,14.61790072853214,14.340345478293946,14.43286418914795,31857871
2023-10-12,14.57164067029953,14.849195024827168,14.525381317103665,14.802936553955078,27900048
2023-10-13,14.802936653399339,14.941713831595445,14.571640768189974,14.895455360412598,21691156
2023-10-16,14.710418148424882,14.756677502566856,14.52538161418078,14.571640968322754,23448478
2023-10-17,14.664159145657987,14.710417615801276,14.525381088256836,14.525381088256836,20278183
2023-10-18,14.479121735789786,14.710417615801276,14.386603913179446,14.525381088256836,45047192
2023-10-19,14.432863029397957,14.571640202203731,14.201567153172501,14.247825622558594,23818957
2023-10-20,14.109049368726824,14.294085905294548,13.924012832159102,14.155308723449707,31146901
2023-10-23,14.016530437399464,14.109049145380657,13.877753257751465,13.877753257751465,34238076
2023-10-24,13.877753381700934,14.10904927139595,13.831494027297172,14.062789916992188,31215277
2023-10-25,14.247826371652732,14.664159676606701,14.20156789983455,14.571640968322754,59328862
2023-10-26,14.247826672453224,14.432864092927634,14.155308844539832,14.34034538269043,26493929
2023-10-27,14.340345790494098,14.432864503362305,14.201568603515625,14.201568603515625,25618970
2023-10-30,14.247826275047426,14.525381515693553,14.201567803542895,14.479122161865234,24472649
2023-10-31,14.571641373105138,14.710418557062328,14.294086122866943,14.43286418914795,31536183
2023-11-01,14.525381696382219,14.525381696382219,14.062789916992188,14.062789916992188,34253581
2023-11-02,14.155309077581212,14.802937412932232,14.155309077581212,14.710418701171875,48262553
2023-11-03,14.802936260516827,15.080490609542512,14.75667690823796,15.034232139587402,36917576
2023-11-06,15.126751301981772,15.21927000933974,14.941713887265836,15.080491065979004,24302780
2023-11-07,14.9879734316103,14.9879734316103,14.71041732234493,14.75667667388916,26554887
2023-11-08,14.617900871735344,14.849195886488586,14.617900871735344,14.710418701171875,21134163
2023-11-09,14.710417847563349,14.941713731218897,14.710417847563349,14.802936553955078,18974200
2023-11-10,14.664159247502685,14.710417717967244,14.525381189137699,14.617899894714355,13705714
2023-11-13,14.710418701171875,14.710418701171875,14.525382159974988,14.710418701171875,14957743
2023-11-14,14.756678057052055,14.756678057052055,14.571641515855166,14.710418701171875,14566482
2023-11-15,14.849194830501995,15.126750946044922,14.756677007644782,15.126750946044922,39700925
2023-11-16,15.21927020693825,15.265528678894043,15.03423278981989,15.265528678894043,24284746
2023-11-17,15.311787248453296,15.358047485351562,15.173010067053701,15.358047485351562,20999021
2023-11-20,15.358047288360996,15.543082939637888,15.126751400779197,15.173009872436523,25206370
2023-11-21,15.21926971071624,15.358046886706404,15.173009475621162,15.311786651611328,21053789
2023-11-22,15.173009773336972,15.26552848069494,15.034232594623804,15.080491065979004,16407273
2023-11-23,15.126750946044922,15.265528121492622,15.034232240863947,15.126750946044922,14198779
2023-11-24,15.219270706176758,15.311787653123183,15.08049175646182,15.219270706176758,14242795
2023-11-27,15.26552848069494,15.311786952050138,15.034232594623804,15.080491065979004,15779152
2023-11-28,15.173010162614226,15.496824764351084,15.126751690072222,15.450566291809082,38852351
2023-11-29,15.404305859409016,15.4505660960124,15.21927020693825,15.265528678894043,22880189
2023-11-30,15.265528121492622,15.265528121492622,14.987973770597222,15.126750946044922,50582179
2023-12-01,15.219270706176758,15.543083549784546,15.173010468055896,15.219270706176758,27948751
2023-12-04,15.496824363644555,15.959416135693646,15.496824363644555,15.589343070983887,66339665
2023-12-05,15.543082889711446,15.774378776550291,15.450565946693967,15.774378776550293,31923330
2023-12-06,15.681861576515002,15.72812004726559,15.35804698731826,15.404305458068848,28651188
2023-12-07,15.404305458068848,15.543082634968153,15.35804698731826,15.404305458068848,11945179
2023-12-08,15.496824666751158,15.543083139001821,15.311787248453296,15.358047485351562,14855769
2023-12-11,15.358047485351562,15.450566194500492,15.265528776202633,15.358047485351562,12937150
2023-12-12,15.358048209952806,15.40430668438597,14.987975120544434,14.987975120544434,27847701
2023-12-13,15.126752308491612,15.173010782924777,14.895456407030418,14.987975120544434,18464720
2023-12-14,15.080490609542512,15.173009314100245,14.94171343502967,15.034232139587402,17371456
2023-12-15,15.126751301981772,15.311786952050138,15.080491065979004,15.080491065979004,46741132
2023-12-18,15.080491065979004,15.173009773336972,14.987974123268604,15.080491065979004,26199204
2023-12-19,15.080490908482716,15.126751144002355,14.710417847563349,14.802936553955078,47992052
2023-12-20,14.849195372701532,15.358047387453222,14.802936900745738,15.265528678894043,45747164
2023-12-21,15.080491357904771,15.358047485351562,15.080491357904771,15.358047485351562,33395544
2023-12-22,15.404305265020037,16.098192905468213,15.404305265020037,15.728119850158691,88046156
2023-12-25,15.774378874766708,15.959416291248917,15.681861931173188,15.866897583007812,28810295
2023-12-26,15.959417343139648,16.653305053710938,15.959417343139648,16.653305053710938,106702180
2023-12-27,16.7458233127307,16.7920817863186,16.46826717726032,16.607046127319336,42923238
2023-12-28,16.699560767301218,16.79207946634239,16.560783601063164,16.745820999145508,33976455
2023-12-29,16.79207992553711,17.023375797141334,16.69956122396593,16.79207992553711,35081371
2024-01-02,16.93085730477123,17.11589471019995,16.79208013302343,16.97711753845215,30037607
2024-01-03,16.745823119730527,16.79208159278529,16.422008514404297,16.422008514404297,33487292
2024-01-04,16.422008703672418,16.65330460090724,16.375750230084513,16.607046127319336,22576388
2024-01-05,16.745822366452614,17.532228725542048,16.745822366452614,17.393449783325195,101728034
2024-01-08,17.902302189845255,18.226116787886944,17.48596888312771,17.763525009155273,132442119
2024-01-09,17.856041551654563,18.041078964845333,17.34719131235128,17.393449783325195,50921654
2024-01-10,17.39344905369555,17.39344905369555,16.884598835737787,16.97711753845215,38389817
2024-01-11,17.11589603177664,17.532229343814034,16.884600139455333,16.930858612060547,41143289
2024-01-12,16.97711839304048,17.208414279145536,16.83834121430696,16.884599685668945,21980106
2024-01-15,16.792082696943233,17.208416040402483,16.653305504006067,16.69956398010254,37599979
2024-01-16,16.65330399290239,17.162154242382037,16.560785284456745,17.069637298583984,51677735
2024-01-17,16.930856632580443,17.11589403066279,16.745820999145508,16.745820999145508,44980732
2024-01-18,16.93085815703093,17.532228872622124,16.79208097829741,16.884599685668945,100038137
2024-01-19,16.930858612060547,16.977118849313378,16.375749882207508,16.930858612060547,66542604
2024-01-22,17.023376007485588,17.25467188194775,16.745821663989986,16.97711753845215,43964746
2024-01-23,17.254672993761876,18.272375259901075,17.254672993761876,17.763525009155273,184277638
2024-01-24,17.67100564539398,17.948559996484672,17.439709764602558,17.532228469848633,68720210
2024-01-25,17.532228469848633,17.578486940147904,17.393449529655758,17.532228469848633,30692728
2024-01-26,17.62474586773973,17.856041754532367,17.393449980947096,17.578487396240234,41363783
2024-01-29,17.67100504026408,17.67100504026408,17.254671763237525,17.4859676361084,36643806
2024-01-30,17.532229541712425,17.532229541712425,17.115896224975586,17.115896224975586,32441927
2024-01-31,17.162153640320003,17.208413875243775,16.884599289367493,17.02337646484375,27382719
2024-02-01,17.069636217948904,17.208413389507943,16.329488361888224,16.468265533447266,71045990
2024-02-02,16.69956398010254,16.9308598898804,16.607047027909594,16.69956398010254,26829189
2024-02-05,16.56078678716537,16.792082696943233,16.37575111813173,16.69956398010254,26708082
2024-02-15,16.838340955690697,16.930857896993714,16.37574919058543,16.5145263671875,34986794
2024-02-16,16.5607852935791,16.699562474000214,16.468266585082496,16.5607852935791,18546339
2024-02-19,16.699562270925874,17.069637100412017,16.653303799563894,16.884599685668945,29512731
2024-02-20,16.977116864424733,17.023375331621615,16.745820999145508,16.745820999145508,16882712
2024-02-21,16.838341419068918,17.02337707141454,16.5607852935791,16.5607852935791,22630960
2024-02-22,16.699561407594825,16.699561407594825,16.468265533447266,16.468265533447266,14703107
2024-02-23,16.5145263671875,16.69956201444108,16.37574919058543,16.5145263671875,23027414
2024-02-26,16.514525090535898,16.514525090535898,16.236968994140625,16.236968994140625,19437032
2024-02-27,16.236969780989256,16.236969780989256,15.866896732509105,15.959415435791016,28767749
2024-02-29,15.913159493177746,16.19071388244629,15.866899251867808,16.19071388244629,27868019
2024-03-01,16.19071171429926,16.283230419881903,15.820638656616211,15.820638656616211,36319631
2024-03-04,15.866897185620434,16.098193068106585,15.774378479696466,16.005674362182617,23930606
2024-03-05,16.00567430313397,16.236970184766815,15.774378421501122,15.820638656616211,31956494
2024-03-06,15.866897127083767,16.00567430313397,15.820638656616211,15.820638656616211,20408180
2024-03-07,15.959416600163399,16.09819378288747,15.635601997375488,15.635601997375488,35604731
2024-03-08,15.63560240453862,15.728121116979798,15.450566744303927,15.496825218200684,30833750
2024-03-11,15.774377264795907,16.28322922586354,15.728118797720398,16.236968994140625,48807493
2024-03-12,16.32949043584813,16.653305053710938,16.190713246663414,16.653305053710938,47151148
2024-03-13,16.514527864526222,16.69956352855661,16.422009150187176,16.653305053710938,30057106
2024-03-14,16.560784053932885,16.79207992553711,16.560784053932885,16.79207992553711,31317217
2024-03-15,16.884598835737787,16.97711753845215,16.514525789527827,16.97711753845215,65359079
2024-03-18,16.838340955690697,16.838340955690697,16.42200766123694,16.5145263671875,28695828
2024-03-19,16.468265533447266,16.560784236035786,16.422007064476745,16.468265533447266,14838429
2024-03-20,16.560784837839012,16.653303543789573,16.37574919058543,16.5145263671875,24075591
2024-03-21,16.69956181964654,16.97711793426063,16.653303349534617,16.838340759277344,34805530
2024-03-22,16.977117994567507,17.11589517004376,16.74582211389124,17.02337646484375,40144350
2024-03-25,17.069636699767518,17.069636699767518,16.69956187896747,17.02337646484375,28156931
2024-03-26,16.977116864424733,17.06963556346591,16.653302300104336,16.745820999145508,20324589
2024-03-27,16.74582422084676,16.838342937687454,16.653305504006067,16.69956398010254,20060696
2024-03-28,16.699560767301218,16.83833969818668,16.653302300104336,16.745820999145508,14523919
2024-03-29,16.7920817863186,16.930858971729965,16.607046127319336,16.607046127319336,13291000
2024-04-01,16.653303349534617,16.930857699501185,16.6070448794227,16.838340759277344,17907311
2024-04-02,16.838342937687454,16.884601413783926,16.653305504006067,16.69956398010254,13723794
2024-04-03,16.653303947952878,16.653303947952878,16.329489351590944,16.375749588012695,36027993
2024-04-08,16.375748415437982,16.838340158646428,16.283229713866803,16.79207992553711,28144765
2024-04-09,16.93085718828881,17.532227869471054,16.69956131541794,17.4859676361084,101851018
2024-04-10,17.485967569343707,17.902300844780626,17.300931930541992,17.300931930541992,57015374
2024-04-11,17.300931901854874,17.300931901854874,16.65330275550407,16.79207992553711,57963305
2024-04-12,16.699562474000214,16.79208118249682,16.514526821654595,16.5607852935791,34384568
2024-04-15,16.514526821654595,16.79208118249682,16.514526821654595,16.5607852935791,26616964
2024-04-16,16.5145257011046,16.56078416989036,16.14445265687611,16.28322982788086,42860181
2024-04-17,16.375747924661965,16.468264858812983,16.190710527065114,16.236968994140625,31826872
2024-04-18,16.236970049460794,16.607044868707465,16.236970049460794,16.32948875427246,27209407
2024-04-19,16.19071217952789,16.514526776047962,15.635601694728843,15.866897583007812,57096231
2024-04-22,15.959416135693646,15.959416135693646,15.496824363644555,15.589343070983887,37900857
2024-04-23,15.959416486549564,16.468266741131234,15.913158014186724,16.05193519592285,52910743
2024-04-24,15.774378029227195,15.959415435791016,15.543082153346166,15.959415435791016,69869801
2024-04-25,15.95941752526499,16.2832321468231,15.95941752526499,16.144454956054688,45001139
2024-04-26,16.236970498715767,17.208414279145536,16.190712027353783,16.884599685668945,86564855
2024-04-29,17.02337646484375,17.162153640320003,16.884599289367493,17.02337646484375,44848845
2024-04-30,17.069637559171422,17.39345039670316,16.930858612060547,16.930858612060547,51925461
2024-05-02,16.79208118249682,16.838341419068918,16.190712224240272,16.5607852935791,64897659
2024-05-03,16.745822506935426,16.884599685668945,16.514526620830374,16.884599685668945,34659225
2024-05-06,16.83834248238903,16.884600957234703,16.653305053710938,16.653305053710938,25989234
2024-05-07,16.607045073138064,16.792080720391645,16.37574919058543,16.5145263671875,24920212
2024-05-08,16.514526767982787,16.60704547617871,16.375749588012695,16.375749588012695,17055226
2024-05-09,16.422009795052663,16.560786989686935,16.19071388244629,16.19071388244629,19223699
2024-05-10,16.283232600418394,16.283232600418394,15.866899251867808,16.19071388244629,32942047
2024-05-13,16.375750041349534,16.468266987459057,16.19071261983522,16.422008514404297,21979592
2024-05-14,16.468266987459057,16.560785698216215,16.375750041349534,16.422008514404297,12361379
2024-05-15,16.607044287042207,17.069636030250653,16.468265352361705,16.79207992553711,59651782
2024-05-16,16.930859835477197,17.30093470165083,16.699563926442547,17.208415985107422,77899551
2024-05-17,17.11589403066279,17.208412729703962,16.745820999145508,16.745820999145508,40435051
2024-05-20,16.884599229389266,17.11589510924391,16.838340759277344,16.838340759277344,39319569
2024-05-21,16.884599890993425,16.930858362917935,16.514526821654595,16.5607852935791,34399029
2024-05-22,16.65330340869123,17.578486931396295,16.607044938414987,17.02337646484375,111163561
2024-05-23,16.884600957234703,17.023378146419418,16.607046578865265,16.653305053710938,56331838
2024-05-24,16.6070448794227,16.838340759277344,16.514526174551335,16.838340759277344,22672030
2024-05-27,16.93085730477123,17.16215317923339,16.699561430309068,16.97711753845215,48505897
2024-05-28,16.977118849313378,16.977118849313378,16.69956271973924,16.930858612060547,38149069
2024-05-29,16.884600498142063,16.930858971729965,16.56078588908378,16.607046127319336,38511466
2024-05-30,16.514527864526222,17.069638385912793,16.468267625032848,16.653305053710938,40929360
2024-05-31,16.699561407594825,16.792080110183345,16.468265533447266,16.468265533447266,44630857
2024-06-03,16.653302938624304,16.745821641212824,16.468265533447266,16.468265533447266,21741972
2024-06-04,16.3757513183905,16.422009795052663,16.14445540578412,16.19071388244629,41474707
2024-06-05,16.19071388244629,16.3757513183905,16.19071388244629,16.19071388244629,16581361
2024-06-06,16.329490622196662,16.560786528359923,16.144454956054688,16.144454956054688,28423614
2024-06-07,16.236972160546813,16.69956398010254,16.236972160546813,16.69956398010254,41901563
2024-06-11,16.65330460090724,16.83834202455416,16.514527415495877,16.607046127319336,42442945
2024-06-12,16.653303338789538,16.74582204360121,16.32948875427246,16.32948875427246,36594838
2024-06-13,16.46826717726032,16.7920817863186,16.375750230084513,16.607046127319336,27693425
2024-06-14,16.653304247134027,16.930858612060547,16.468266827417935,16.930858612060547,46292940
2024-06-17,17.023377963672253,17.439711291404738,16.97711948932317,17.162155151367188,87750433
2024-06-18,17.162154242382037,17.208414478928653,16.8845998816927,17.069637298583984,34805183
2024-06-19,17.115895571774,17.115895571774,16.79208097829741,16.884599685668945,39404806
2024-06-20,16.88459862710829,17.023375797141334,16.79207992553711,16.79207992553711,29349892
2024-06-21,16.83834165054199,18.08733805614928,16.792081413333964,17.43971061706543,333846709
2024-06-24,17.53222799009083,17.578486459124274,16.97711753845215,16.97711753845215,153710000
2024-06-25,16.977119209965522,17.06963792178898,16.422008703672418,16.607046127319336,156912761
2024-06-26,16.60704547617871,16.699562419727044,16.236970643395022,16.375749588012695,147232219
2024-06-27,16.283230879816774,16.560785239756957,16.236970643395022,16.375749588012695,98738157
2024-06-28,16.514525767065265,16.653302938624304,16.468265533447266,16.468265533447266,23076723
2024-07-01,16.560785239756957,16.60704547617871,16.375749588012695,16.375749588012695,20073516
2024-07-02,16.329488296666618,16.375748530099848,16.23696959444763,16.28322982788086,22479031
2024-07-03,16.37574919058543,16.5145263671875,16.32948895528638,16.5145263671875,25693778
2024-07-04,16.653305053710938,16.792082242895656,16.560786339371894,16.653305053710938,51088031
2024-07-05,16.745822701348033,17.069637298583984,16.65330399290239,17.069637298583984,55250340
2024-07-08,17.069636699767518,17.069636699767518,16.74582211389124,17.02337646484375,39311329
2024-07-09,17.023376864402465,17.069637100412017,16.699562270925874,16.884599685668945,36893114
2024-07-10,16.977118642603315,17.300933240839964,16.884599933871762,17.25467300415039,82244056
2024-07-11,17.162153061159685,17.67100504026408,17.023375890366655,17.4859676361084,94460950
2024-07-12,17.43971026500026,18.596189702140233,17.43971026500026,18.272375106811523,204296867
2024-07-15,18.318634619175597,18.318634619175597,17.578488443215086,17.67100715637207,80408717
2024-07-16,17.67100504026408,17.80978221105711,17.4859676361084,17.4859676361084,23954629
2024-07-17,17.532229119789434,18.226116787886944,17.48596888312771,17.763525009155273,84006847
2024-07-18,17.671007607328523,17.902303513799716,17.439711700857334,17.717266082763672,50251044
2024-07-19,17.809783283032868,17.856041754532367,17.578487396240234,17.578487396240234,61782691
2024-07-22,17.76352434179632,17.809782812072562,17.02337646484375,17.02337646484375,58668650
2024-07-23,17.069637307986635,17.254672960332258,16.5607852935791,16.5607852935791,95557077
2024-07-26,16.422009594228204,16.792082696943233,16.098194967609647,16.69956398010254,94615107
2024-07-29,16.792080110183345,16.930857281742384,16.422007064476745,16.468265533447266,43209970
2024-07-30,16.46826593979189,16.838340759277344,16.32948876480861,16.838340759277344,40433013
2024-07-31,16.792080720391645,17.162153779546347,16.5145263671875,16.5145263671875,58961127
2024-08-01,16.607045073138064,16.792080720391645,16.37574919058543,16.5145263671875,52760767
2024-08-02,16.468266987459057,16.560785698216215,16.28323133059238,16.422008514404297,56101923
2024-08-05,15.885977844394194,15.983438207511703,14.813918497356124,14.911378860473633,166815878
2024-08-06,15.05756781464466,15.203758352902895,14.03423776464047,14.375348091125488,92241988
2024-08-07,14.424079014632664,14.862648793129921,14.375348832699432,14.570268630981445,100503106
2024-08-08,14.570268063998347,14.911378394806189,14.375348273301386,14.667728424072266,48922477
2024-08-09,14.76518838876337,15.252488347857222,14.76518838876337,15.057568550109863,53761059
2024-08-12,15.203758523165812,15.39867831357545,15.008837803305298,15.155028343200684,33534368
2024-08-13,15.203758808414053,15.252488059842548,15.057568265775885,15.106298446655273,14868013
2024-08-14,15.30121775006554,15.49613753788181,15.252487570748757,15.349947929382324,30208630
2024-08-15,15.496137927237752,15.54486810777893,15.20375870289246,15.447408676147461,24746479
2024-08-16,15.64232703866055,16.275818435965334,15.593597789130204,16.17835807800293,62656930
2024-08-19,16.275819778442383,16.32454903199206,16.08089904643994,16.275819778442383,20944759
2024-08-20,16.32454857292066,16.32454857292066,15.983438230959866,16.032169342041016,25054361
2024-08-21,15.885977407173048,15.934708516841509,15.691058545204488,15.788518905639648,25295104
2024-08-22,15.837248208761963,16.519468875161646,15.837248208761963,16.422008514404297,55650147
2024-08-23,16.275818598308078,16.568197816209913,16.12962713045543,16.47073745727539,44078593
2024-08-26,16.909308143029875,17.055497751980795,16.422008207258997,16.47073745727539,97867622
2024-08-27,16.568197816209913,16.568197816209913,16.12962713045543,16.47073745727539,39797727
2024-08-28,16.66565906637502,16.71438831899731,16.275819468691186,16.324548721313477,50077808
2024-08-29,16.178359104544768,16.519469449606312,16.178359104544768,16.324548721313477,29113723
2024-08-30,16.373277825099997,16.47073818836048,16.032169342041016,16.032169342041016,41864882
2024-09-02,16.129627458203874,16.178358568112202,15.837248234360995,15.934708595275879,16900143
2024-09-03,15.934709092995544,15.934709092995544,15.691059112548828,15.691059112548828,18860208
2024-09-04,15.203758523165812,15.447408493540578,14.862648192860789,15.155028343200684,41712728
2024-09-05,15.301217848215451,15.447408387103541,15.008837699890137,15.008837699890137,26058973
2024-09-06,15.057568341247856,15.447408860786048,14.960108908451483,15.252488136291504,27910432
2024-09-09,14.862648848077606,15.30121862819627,14.76518848385083,15.20375919342041,31985543
2024-09-10,15.301217848215451,15.398678207474179,14.960108449711642,15.008837699890137,34211383
2024-09-11,15.057568161268927,15.54486810777893,15.057568161268927,15.447408676147461,29781039
2024-09-12,15.59359882061298,15.88597805493874,15.59359882061298,15.837248802185059,30217805
2024-09-13,15.739788437775859,15.88597805493874,15.691059185022178,15.837248802185059,14351895
2024-09-16,16.2270884994831,16.763119577538617,16.032169628382608,16.616928100585938,88425435
2024-09-18,16.47073698172469,16.714386942575356,16.227087020874023,16.227087020874023,31916331
2024-09-19,16.422009085459894,16.422009085459894,16.178359104544768,16.324548721313477,21274447
2024-09-20,16.470738482535104,16.71438846558711,16.27581961143461,16.616928100585938,45854849
2024-09-23,16.61692706622631,16.665658175144436,16.324547848324475,16.47073745727539,24096545
2024-09-24,16.373277098340868,16.568197816209913,16.324547848324475,16.47073745727539,20797051
2024-09-25,16.519468307495117,16.5681975567484,16.373276841931858,16.519468307495117,27376671
2024-09-26,16.81184856656061,17.250419272727267,16.470738223864526,16.665658950805664,73631289
2024-09-27,16.763118743896484,16.860577245149127,16.56819802358769,16.763118743896484,36405071
2024-09-30,16.71438846558711,16.958038448639112,16.616928100585938,16.616928100585938,23179011
2024-10-01,16.6656595245406,16.71438877850254,16.373278424063326,16.568199157714844,14479029
2024-10-04,16.373277098340868,16.714387425160833,16.373277098340868,16.47073745727539,19867554
2024-10-07,16.51946933505072,16.665658950805664,16.373277860393955,16.665658950805664,18692822
2024-10-08,16.71438831899731,16.76311943052144,16.275819468691186,16.324548721313477,23764767
2024-10-09,16.42200804345809,16.470737292988435,16.17835807800293,16.17835807800293,15912250
2024-10-11,16.12962666475342,16.47073698172469,16.12962666475342,16.227087020874023,14569990
2024-10-14,16.178357986017016,16.519468307495117,16.129626877862027,16.519468307495117,13096161
2024-10-15,16.568199157714844,16.763119891366358,16.373278424063326,16.568199157714844,23711867
2024-10-16,16.47073776533209,16.519468875161646,16.324548153646948,16.422008514404297,14163629
2024-10-17,16.519469594486615,16.71438846558711,16.470738482535104,16.616928100585938,14080531
2024-10-18,16.66565864229445,16.958037868391877,16.568198280628042,16.714387893676758,30271329
2024-10-21,16.763119891366358,16.811849145328296,16.519469903752906,16.568199157714844,17687850
2024-10-22,16.568198731700825,16.958038330078125,16.470738367381042,16.958038330078125,35707858
2024-10-23,17.05549823005828,17.201687843106996,16.714387893676758,16.714387893676758,24632812
2024-10-24,16.71438846558711,16.81184883058828,16.616928100585938,16.616928100585938,11058281
2024-10-25,16.616926667598218,16.958036986235193,16.568197418750803,16.860576629638672,19602803
2024-10-28,16.763119314276235,16.860577818844988,16.568198587335093,16.665658950805664,15309331
2024-10-29,16.66565875109253,16.714388002792955,16.37327766418457,16.37327766418457,14444515
2024-10-30,16.470737292988435,16.519468401420497,16.08089772004052,16.17835807800293,17981217
2024-11-01,15.78851898335444,15.983437846282435,15.593598261524672,15.934708595275879,34435825
2024-11-04,15.983437637960083,16.032168747233264,15.593598058283348,15.642327308654785,25612143
2024-11-05,15.64232788899907,16.032169342041016,15.64232788899907,16.032169342041016,20210678
2024-11-06,16.080898783757135,16.080898783757135,15.788519549431378,15.837248802185059,19798718
2024-11-07,15.837247664538914,16.665657914156675,15.78851841528563,16.519468307495117,43887260
2024-11-08,16.422008224358112,16.51946858339411,15.983437538146973,15.983437538146973,26037779
2024-11-11,15.983437767608208,15.983437767608208,15.642327435536027,15.788518905639648,25620413
2024-11-12,15.64232722828348,15.739787587427344,15.496137619018555,15.496137619018555,28487937
2024-11-13,15.496137927237752,15.642327539410399,15.398678495606283,15.447408676147461,16310598
2024-11-14,15.447408493540578,15.544867924019961,15.155028343200684,15.155028343200684,22513071
2024-11-15,15.106298693071547,15.691059014261132,15.106298693071547,15.544868469238281,18481979
2024-11-18,15.54486810777893,15.593598288320107,15.349948315065106,15.447408676147461,21080700
2024-11-19,15.496138287563998,15.691059014261132,15.301218490317773,15.544868469238281,15611948
2024-11-20,15.301218032836914,15.301218032836914,15.301218032836914,15.301218032836914,15343564
2024-11-21,15.20375860185313,15.496137824255364,15.155028421635798,15.301218032836914,14308120
2024-11-22,15.447408961041953,15.691058938790558,15.39867877960205,15.39867877960205,15975262
2024-11-25,15.69105833730628,15.739787587427344,15.447408368897491,15.496137619018555,27787556
2024-11-26,15.54486810777893,15.691058649402462,15.349948315065106,15.447408676147461,12360273
2024-11-27,15.49613842719891,15.544868609312298,15.20375919342041,15.20375919342041,15112291
2024-11-28,15.30121852965679,15.30121852965679,14.96010911596164,15.057568550109863,17259584
2024-11-29,15.057568647080245,15.349948810309659,14.960109212304385,15.20375919342041,15729266
2024-12-02,15.30121831741514,15.398678679662412,15.252488136291504,15.252488136291504,9274177
2024-12-03,15.349948391318321,15.593598365783691,15.349948391318321,15.593598365783691,11125605
2024-12-04,15.593598575910754,15.593598575910754,15.39867877960205,15.39867877960205,8012245
2024-12-05,15.496137824255364,15.593598184690029,15.301218032836914,15.301218032836914,14194370
2024-12-06,15.39867877960205,15.49613821303095,15.349948598162149,15.39867877960205,8861315
2024-12-09,15.447408493540578,15.496137744054831,15.155028343200684,15.155028343200684,12051159
2024-12-10,15.30121862819627,15.544868609312298,15.20375919342041,15.20375919342041,11976347
2024-12-11,15.203758320882837,15.691058255148944,15.057567782932487,15.349947929382324,22062861
2024-12-12,15.544867878461037,15.739787668299405,15.447408448267291,15.642327308654785,26152315
2024-12-13,15.593597896515377,15.593597896515377,15.252487570748757,15.349947929382324,20883702
2024-12-16,15.398678602480716,15.4961380347886,15.106298446655273,15.106298446655273,25189574
2024-12-17,15.155028737578007,15.203758918811236,14.716458965380758,14.765188217163086,28374122
2024-12-18,14.716458682565875,14.862648294005247,14.618998321972374,14.813918113708496,15142848
2024-12-19,14.57026796045237,14.667728319833671,14.472808530521938,14.521537780761719,22637004
2024-12-20,14.472808549988175,14.521537800293498,14.0342378616333,14.0342378616333,39925074
2024-12-23,14.326618267726024,15.008838008198524,14.277888087095656,14.960108757019043,36152541
2024-12-24,15.008837905444617,15.155028446334871,14.813918113708496,14.813918113708496,17193133
2024-12-25,14.91137876086277,14.960108942095998,14.667728784147531,14.765188217163086,14256255
2024-12-26,14.862648579629541,14.960108942095998,14.765188217163086,14.765188217163086,6237480
2024-12-27,14.716459274291992,14.76518852709719,14.667729092035875,14.716459274291992,6478439
2024-12-30,14.813918244067809,14.862648424793374,14.472808837890625,14.472808837890625,15409077
2024-12-31,14.375348660735268,14.424078842085567,14.18042886478497,14.277888298034668,19992871
2025-01-02,14.180428400901883,14.229158580658076,13.936778431571785,14.0342378616333,27987696
2025-01-03,14.131698820051461,14.22915918369425,13.936779022216797,13.936779022216797,19161953
2025-01-06,14.034238246215331,14.326618403313754,13.936778813483121,14.131698608398438,20241691
2025-01-07,14.326618194580078,14.570268167037055,14.277888014198506,14.326618194580078,29932586
2025-01-08,14.326618790529892,14.326618790529892,14.131698990346335,14.229159355163574,16067271
2025-01-09,14.131698056979943,14.180428236170044,13.693128303170736,13.74185848236084,30439707
2025-01-10,13.741859265439393,13.790588517955467,13.40074892112139,13.449479103088379,35076234
2025-01-13,13.449478533141223,13.498208713043176,12.962178593023431,13.059638023376465,41889022
2025-01-14,13.108368203278419,13.205828563082328,13.010908772925385,13.059638023376465,36113758
2025-01-15,13.205829122704355,13.693129083472405,13.205829122704355,13.449479103088379,31185709
2025-01-16,13.790588122549565,13.839318303119352,13.352018356323242,13.352018356323242,23500210
2025-01-17,13.54693853757144,13.595668719538429,13.352018739154405,13.449479103088379,16134635
2025-01-20,13.498208999633789,13.546938251119476,13.254559024401779,13.498208999633789,14491911
2025-01-21,13.644398221102628,13.790587830262666,13.352018073331683,13.400748252868652,27292732
2025-01-22,13.498209148954183,13.79058837890625,13.449478967478537,13.79058837890625,38708768
2025-02-03,13.449478432405622,13.54693786202869,13.303287893794716,13.400748252868652,29020477
2025-02-04,13.449478928701595,13.59566854325614,13.157098770141602,13.157098770141602,18826043
2025-02-05,13.254559376021312,13.59566879272461,13.254559376021312,13.59566879272461,18161103
2025-02-06,13.449478432405622,13.498208611942589,13.303287893794716,13.400748252868652,18190920
2025-02-07,13.498209285055367,13.595668719538429,13.40074892112139,13.449479103088379,12844719
2025-02-10,13.400748458373172,13.449478638657434,13.108368306118491,13.205828666687012,19178386
2025-02-11,13.303288384696147,13.400748747366446,13.157098770141602,13.157098770141602,14429494
2025-02-12,13.352018641388007,13.741859164818498,13.20582902600839,13.303288459777832,33371424
2025-02-13,13.303288073698631,13.741858766011388,13.25455882295355,13.69312858581543,37278648
2025-02-14,14.375348506479602,14.424078687306999,13.741858944076112,13.985508918762207,78755222
2025-02-17,14.131698893929173,14.32661869278284,14.03423852977688,14.082968711853027,32303780
2025-02-18,14.131698221145689,14.131698221145689,13.88804825181559,14.0342378616333,20797897
2025-02-19,14.277888190104203,14.716458889490726,14.277888190104203,14.618998527526855,67639528
2025-02-20,14.66772870850879,14.765188141021765,14.521538165562985,14.618998527526855,32101174
2025-02-21,14.667729092035875,14.716459274291992,14.570268727523644,14.716459274291992,17092337
2025-02-24,14.570268063998347,14.667728424072266,14.472808633375305,14.667728424072266,14845217
2025-02-25,14.667729092035875,14.813918709353306,14.570268727523644,14.716459274291992,29472248
2025-02-26,14.667728784147531,14.765188217163086,14.47280898866552,14.765188217163086,29871823
2025-02-27,14.667728222239111,15.057567798268703,14.57026786350628,14.862648010253906,54720886
2025-03-03,14.8139185359285,14.8139185359285,14.375348759659577,14.424078941345215,35980957
2025-03-04,14.180428582886245,14.37534837496165,13.98550879081084,14.326618194580078,26402631
2025-03-05,14.32661816964275,14.960108654598749,14.277887989345999,14.813918113708496,34490374
2025-03-06,14.911378394806189,15.15502836554011,14.667728424072266,14.667728424072266,26883312
2025-03-07,14.66772870850879,14.765188141021765,14.618998527526855,14.618998527526855,16298965
2025-03-10,14.66772870850879,14.813918322003701,14.521538165562985,14.618998527526855,24444656
2025-03-11,14.47280929246233,14.813918709353306,14.082968763864319,14.716459274291992,38547947
2025-03-12,14.57026786350628,14.862648010253906,14.472808434224314,14.862648010253906,33973458
2025-03-13,14.765187749764102,14.911378288836055,14.326617991449986,14.521537780761719,39109542
2025-03-14,14.667728882130767,15.057568475698991,14.618998700572012,14.911378860473633,65646987
2025-03-17,14.862648090452915,15.203758418407592,14.765187731194187,15.008837699890137,33640003
2025-03-18,14.911378576388673,15.008838008198524,14.765188034497568,14.960108757019043,25359853
2025-03-19,14.862648090452915,15.057567879519501,14.813917910823552,15.008837699890137,31658280
2025-03-20,15.057568188828892,15.10629836945926,14.911378576388673,14.960108757019043,24777359
2025-03-21,14.960108574843147,14.960108574843147,14.472808633375305,14.667728424072266,61550706
2025-03-24,14.716458401605525,14.862648010253906,14.521537684139865,14.862648010253906,22925229
2025-03-25,14.813918139494032,14.862648319875603,14.326618194580078,14.326618194580078,50626791
2025-03-26,14.521538240447848,14.765188217163086,14.47280898866552,14.765188217163086,36537179
2025-03-27,14.57026796045237,14.716458499524322,14.424078350831287,14.521537780761719,24604524
2025-03-28,14.570268597542187,14.570268597542187,13.936779022216797,13.936779022216797,41049216
2025-03-31,13.498209403296078,13.546938656239007,13.05963869120234,13.108368873596191,52893085
2025-04-01,13.205829122704355,13.644398901505417,13.157098940737367,13.449479103088379,25611184
2025-04-02,13.644398204067297,13.9367783514732,13.59566802459117,13.88804817199707,30266182
2025-04-07,12.523609161376953,12.523609161376953,12.523609161376953,12.523609161376953,8667821
2025-04-08,12.523608814857925,12.523608814857925,11.305358966309521,11.45154857635498,93314580
2025-04-09,11.012978775182788,11.402818353465895,10.330759048461914,10.330759048461914,73018815
2025-04-10,11.35408878326416,11.35408878326416,11.35408878326416,11.35408878326416,12905239
2025-04-11,10.866788641505568,11.64646875660012,10.769329208025564,11.549009323120117,40350889
2025-04-14,11.987579060931358,12.27995921938352,11.890118698297004,12.036309242248535,43788495
2025-04-15,12.133768641384341,12.66979877546737,12.085038460203902,12.523609161376953,32656601
2025-04-16,12.328688156024871,12.377418336096095,12.036308934499283,12.085038185119629,33865945
2025-04-17,12.085038781201781,12.3774189465996,11.841388798278755,11.987579345703125,29759038
2025-04-18,12.036309528177915,12.182499146151363,11.938849163228335,11.987579345703125,29987493
2025-04-21,12.036309141667887,12.08503839312696,11.890118598937988,11.890118598937988,11873766
2025-04-22,11.792658805847168,11.987578594073803,11.743928626427794,11.792658805847168,13303902
2025-04-23,12.085038185119629,12.182498545262078,11.987578754428059,12.085038185119629,19236651
2025-04-24,12.085038314551895,12.085038314551895,11.743928909301758,11.743928909301758,17705431
2025-04-25,11.938849163228335,12.133768963676573,11.938849163228335,11.987579345703125,19166409
2025-04-28,12.036309528177915,12.085038781201781,11.890118980753545,11.987579345703125,10196009
2025-04-29,11.98757847431821,12.182498260597601,11.938848295385649,12.133768081665039,14594452
2025-04-30,12.133768963676573,12.133768963676573,11.938849163228335,11.987579345703125,13520341
2025-05-02,12.52360930902163,12.864718722404348,12.474879127266696,12.815988540649414,51309867
2025-05-05,13.010908692945037,13.205828481903772,12.7672587243839,12.913448333740234,47896932
2025-05-06,12.913449073471709,13.108368873596191,12.767259455741076,13.108368873596191,31049806
2025-05-07,13.15709848640275,13.400748458373172,12.91344851443233,13.205828666687012,31202356
2025-05-08,13.108368203278419,13.205828563082328,12.962178593023431,13.059638023376465,25128518
2025-05-09,13.059638407471303,13.157098770141602,12.962178974251906,13.157098770141602,15151909
2025-05-12,13.157098204750223,13.303287813022658,13.108368025509124,13.254558563232422,17444507
2025-05-13,13.400748747366446,13.400748747366446,13.059638407471303,13.157098770141602,23042222
2025-05-14,13.303288175753455,13.400748536893031,13.108368382925187,13.352018356323242,24138069
2025-05-15,13.352018641388007,13.400748822998182,13.157098844398215,13.303288459777832,22661087
2025-05-16,13.303288175753455,13.449478717462819,13.303288175753455,13.352018356323242,18122989
2025-05-19,13.400748747366446,13.400748747366446,13.108368588806451,13.157098770141602,14508398
2025-05-20,13.254558643708615,13.400748252868652,13.05963792556074,13.400748252868652,22284993
2025-05-21,13.352018356323242,13.498208898032608,13.303288175753455,13.352018356323242,17989480
2025-05-22,13.303288459777832,13.449479004608357,13.20582902600839,13.303288459777832,16770170
2025-05-23,13.254558563232422,13.352017992263757,13.254558563232422,13.254558563232422,14033186
2025-05-26,13.303288673720674,13.400749038508376,13.108368873596191,13.108368873596191,18574013
2025-05-27,13.205828481903772,13.303287911657705,12.913448333740234,12.913448333740234,18418105
2025-05-28,13.010908979218597,13.108368411116889,12.62106846327276,12.864718437194824,21680391
2025-05-29,12.81598838955779,12.864718570738228,12.523609161376953,12.523609161376953,56758874
2025-06-02,12.523608583674676,12.57233783315638,12.085037902732477,12.133768081665039,27791967
2025-06-03,12.279959295120205,12.37741872890474,12.133768750267045,12.182498931884766,14044209
2025-06-04,12.231228545620352,12.474878512945656,12.231228545620352,12.279958724975586,23598095
2025-06-05,12.279958710045848,12.767258644104004,12.279958710045848,12.767258644104004,23529399
2025-06-06,12.669798285512028,12.913448252541105,12.523608677074927,12.767258644104004,31446395
2025-06-09,12.767259329270312,12.815988581730537,12.279959369060773,12.328688621520996,29894911
2025-06-10,12.426148414611816,12.669798383525773,12.377418234938851,12.426148414611816,29766235
2025-06-11,12.523608773957747,12.572338024179842,12.377418234938851,12.426148414611816,24694441
2025-06-12,12.474879167254405,12.572338601625766,12.328688621520996,12.328688621520996,22828653
2025-06-13,12.328688337278761,12.523609060429342,12.231228905154362,12.377418518066406,29112036
2025-06-16,12.328688621520996,12.377418803432132,12.1824990052385,12.328688621520996,17894494
2025-06-17,12.377418803432132,12.42614898534327,12.231229187149635,12.328688621520996,13372167
2025-06-18,12.27995880504379,12.474878594284782,12.231228625370825,12.426148414611816,19064911
2025-06-19,12.377418336096095,12.426148516167318,12.085038185119629,12.085038185119629,18443714
2025-06-20,12.085037914453316,12.182498272412962,11.646468162536621,11.646468162536621,70849631
2025-06-23,11.500278935786994,11.743928909301758,11.402818574600735,11.743928909301758,27833562
2025-06-24,11.890118315734108,11.987578675232688,11.792658885686398,11.938848495483398,24534115
2025-06-25,12.036309242248535,12.133768675431988,11.841388516979828,12.036309242248535,21631560
2025-06-26,12.085037902732477,12.426148225809552,12.03630865325077,12.133768081665039,30533581
2025-06-27,12.328688337278761,12.474878879641697,12.182498724366717,12.377418518066406,27668577
2025-06-30,12.27995921938352,12.328688471249794,11.987579060931358,12.036309242248535,20169227
2025-07-01,12.036308854981979,12.377418254325267,11.695198526187818,11.938848495483398,51059959
2025-07-02,11.938848574356836,12.085038185119629,11.938848574356836,12.085038185119629,15306290
2025-07-03,12.133768918236372,12.523609447123842,12.133768918236372,12.474879264831543,36354009
2025-07-04,12.572337942205257,12.62106812156049,12.18249836626512,12.279958724975586,28550192
2025-07-07,12.279959295120205,12.328688547287019,12.085038568649324,12.182498931884766,13951915
2025-07-08,12.182498545262078,12.279958905404525,11.987578754428059,12.085038185119629,15739384
2025-07-09,12.085038568649324,12.182498931884766,11.98757913486479,12.182498931884766,10921076
2025-07-10,12.133768285029687,12.231228644528269,11.890118315734108,11.938848495483398,19549495
2025-07-11,11.938848779847955,12.036309141667887,11.79265916656895,11.890118598937988,22618387
2025-07-14,11.938848779847955,11.938848779847955,11.79265916656895,11.890118598937988,8392339
2025-07-15,11.841388702392578,11.987579248633164,11.743929267683104,11.841388702392578,21024810
2025-07-16,11.792659089894888,11.890118521630262,11.646468548115498,11.743928909301758,22070243
2025-07-17,11.841388798278755,12.036309528177915,11.792659545254889,11.987579345703125,17857618
2025-07-18,12.03630943071336,12.085038683342638,11.841388702392578,11.841388702392578,15131594
2025-07-21,11.890118810412105,11.938848992188772,11.695199012756348,11.695199012756348,16122219
2025-07-22,11.74392901765787,11.74392901765787,11.40281867980957,11.40281867980957,31804933
2025-07-23,11.500278658781784,11.792658805847168,11.500278658781784,11.792658805847168,21655542
2025-07-24,11.792659089894888,11.841388341037131,11.597738367522368,11.743928909301758,17276683
2025-07-25,11.743928985658982,11.938848779847955,11.743928985658982,11.890118598937988,19564925
2025-07-28,11.890118394285611,12.182498545262078,11.890118394285611,12.085038185119629,24106359
2025-07-29,12.085037902732477,12.32868786794443,12.03630865325077,12.133768081665039,19866528
2025-07-30,12.133768186909887,12.279958724975586,12.036308757650284,12.279958724975586,19634816
2025-07-31,12.182498971621197,12.231229153397862,11.695199012756348,11.695199012756348,47459851
2025-08-04,11.597738649203015,11.695199012756348,11.50027921510059,11.695199012756348,26552250
2025-08-05,11.850000381469727,12.100000381469727,11.800000190734863,12.050000190734863,29940293
2025-08-06,12.050000190734863,12.25,12.0,12.100000381469727,27408368
2025-08-07,12.100000381469727,12.199999809265137,12.050000190734863,12.050000190734863,19557448
2025-08-08,12.100000381469727,12.149999618530273,11.899999618530273,11.899999618530273,22436016
2025-08-11,11.850000381469727,12.0,11.800000190734863,11.949999809265137,19127823
2025-08-12,11.899999618530273,12.149999618530273,11.899999618530273,12.050000190734863,26912084
2025-08-13,12.100000381469727,12.300000190734863,11.949999809265137,12.050000190734863,36186280
2025-08-14,12.149999618530273,12.300000190734863,12.149999618530273,12.25,45315349
2025-08-15,12.350000381469727,12.399999618530273,12.199999809265137,12.399999618530273,36636397
2025-08-18,12.399999618530273,12.699999809265137,12.300000190734863,12.550000190734863,43563275
2025-08-19,12.600000381469727,12.800000190734863,12.550000190734863,12.649999618530273,30590031
2025-08-20,12.600000381469727,12.600000381469727,12.350000381469727,12.449999809265137,27004766
2025-08-21,12.5,13.300000190734863,12.449999809265137,13.0,79103080
2025-08-22,13.0,13.0,12.649999618530273,12.649999618530273,36390596
2025-08-25,12.899999618530273,12.949999809265137,12.649999618530273,12.699999809265137,32511353
2025-08-26,12.800000190734863,13.0,12.600000381469727,13.0,77295356
2025-08-27,12.800000190734863,12.949999809265137,12.600000381469727,12.699999809265137,44316303
2025-08-28,12.800000190734863,13.100000381469727,12.800000190734863,13.050000190734863,67472299
2025-08-29,13.199999809265137,13.199999809265137,12.850000381469727,12.850000381469727,33964929
2025-09-01,12.899999618530273,12.899999618530273,12.550000190734863,12.550000190734863,27360149
2025-09-02,12.649999618530273,12.800000190734863,12.25,12.300000190734863,37471816
2025-09-03,12.300000190734863,12.449999809265137,12.25,12.25,25292091
2025-09-04,12.399999618530273,12.399999618530273,12.25,12.300000190734863,28072261
2025-09-05,12.399999618530273,12.5,12.25,12.300000190734863,30872003
2025-09-08,12.350000381469727,12.600000381469727,12.350000381469727,12.5,43807694
2025-09-09,12.550000190734863,12.600000381469727,12.350000381469727,12.449999809265137,37968151
2025-09-10,12.600000381469727,12.649999618530273,12.399999618530273,12.550000190734863,71286516
2025-09-11,12.600000381469727,12.600000381469727,12.199999809265137,12.300000190734863,60423677
2025-09-12,12.350000381469727,12.649999618530273,12.350000381469727,12.550000190734863,59888083
2025-09-15,12.600000381469727,12.600000381469727,12.449999809265137,12.5,26316497
2025-09-16,12.600000381469727,12.75,12.399999618530273,12.699999809265137,51040070
2025-09-17,12.699999809265137,13.649999618530273,12.699999809265137,13.5,152503433
2025-09-18,13.5,13.899999618530273,13.350000381469727,13.699999809265137,121904690
2025-09-19,13.699999809265137,13.699999809265137,13.300000190734863,13.550000190734863,108971181
2025-09-22,13.600000381469727,13.75,13.350000381469727,13.5,41023313
2025-09-23,13.649999618530273,13.949999809265137,13.350000381469727,13.699999809265137,80079375
2025-09-24,13.600000381469727,13.699999809265137,13.399999618530273,13.600000381469727,47137014
2025-09-25,13.600000381469727,14.899999618530273,13.600000381469727,14.100000381469727,192695950
2025-09-26,14.050000190734863,14.050000190734863,13.449999809265137,13.649999618530273,75003169
2025-09-30,13.800000190734863,13.800000190734863,13.550000190734863,13.649999618530273,35872952
2025-10-01,13.75,14.149999618530273,13.699999809265137,13.75,61210736
2025-10-02,14.100000381469727,14.300000190734863,13.75,13.800000190734863,62414410
2025-10-03,13.850000381469727,14.050000190734863,13.550000190734863,13.800000190734863,41467937
2025-10-07,13.850000381469727,14.149999618530273,13.800000190734863,14.0,50175489
2025-10-08,14.0,14.100000381469727,13.800000190734863,14.100000381469727,36596899
2025-10-09,14.199999809265137,14.399999618530273,14.0,14.0,65401057
2025-10-13,13.5,13.600000381469727,13.300000190734863,13.550000190734863,79115839
2025-10-14,13.699999809265137,13.850000381469727,13.199999809265137,13.199999809265137,67965459
2025-10-15,13.25,13.300000190734863,13.0,13.149999618530273,54743555
2025-10-16,13.199999809265137,13.399999618530273,13.149999618530273,13.25,28760666
2025-10-17,13.25,13.399999618530273,13.100000381469727,13.199999809265137,32221674
2025-10-20,13.25,13.350000381469727,13.100000381469727,13.25,30146243
2025-10-21,13.25,13.25,13.0,13.050000190734863,53822036
2025-10-22,13.100000381469727,13.149999618530273,13.0,13.149999618530273,36933034
2025-10-23,13.149999618530273,13.25,13.050000190734863,13.199999809265137,44011336
2025-10-27,13.350000381469727,13.449999809265137,13.100000381469727,13.199999809265137,51341252
2025-10-28,13.25,13.25,13.0,13.100000381469727,34824713
2025-10-29,13.100000381469727,13.199999809265137,13.0,13.050000190734863,36947254
2025-10-30,13.149999618530273,13.25,12.800000190734863,12.800000190734863,53676522
2025-10-31,12.550000190734863,12.649999618530273,12.149999618530273,12.149999618530273,104261977
2025-11-03,12.149999618530273,12.300000190734863,11.899999618530273,11.899999618530273,80999486
2025-11-04,11.949999809265137,12.100000381469727,11.649999618530273,11.649999618530273,60191644
2025-11-05,11.550000190734863,12.0,11.399999618530273,11.800000190734863,56744922
2025-11-06,11.850000381469727,12.0,11.75,11.850000381469727,49391588
2025-11-07,11.850000381469727,12.149999618530273,11.850000381469727,12.0,33670741
2025-11-10,12.100000381469727,12.100000381469727,11.850000381469727,11.899999618530273,30246593
2025-11-11,11.899999618530273,11.949999809265137,11.649999618530273,11.699999809265137,46495559
2025-11-12,11.699999809265137,11.949999809265137,11.699999809265137,11.850000381469727,26926402
2025-11-13,11.949999809265137,12.100000381469727,11.800000190734863,12.0,34770759
2025-11-14,11.899999618530273,12.0,11.699999809265137,11.699999809265137,56761521
2025-11-17,11.949999809265137,12.050000190734863,11.550000190734863,11.550000190734863,56583404
2025-11-18,11.5,11.600000381469727,11.149999618530273,11.149999618530273,43359075
2025-11-19,11.100000381469727,11.300000190734863,11.0,11.0,42889280
2025-11-20,11.100000381469727,11.199999809265137,11.050000190734863,11.149999618530273,25291745
2025-11-21,11.0,11.149999618530273,10.800000190734863,10.800000190734863,55798668
2025-11-24,10.899999618530273,11.100000381469727,10.800000190734863,10.850000381469727,592538327
2025-11-25,10.949999809265137,11.25,10.899999618530273,11.050000190734863,56893554
2025-11-26,11.149999618530273,11.399999618530273,11.149999618530273,11.300000190734863,59390723
2025-11-27,11.449999809265137,11.550000190734863,11.300000190734863,11.5,44000548
2025-11-28,11.5,11.75,11.5,11.600000381469727,44364227
2025-12-01,11.600000381469727,11.600000381469727,11.350000381469727,11.350000381469727,44666980
2025-12-02,11.350000381469727,11.5,11.25,11.350000381469727,45140798
2025-12-03,11.399999618530273,11.850000381469727,11.399999618530273,11.649999618530273,59109409
2025-12-04,11.699999809265137,11.899999618530273,11.699999809265137,11.850000381469727,40924426
2025-12-05,11.850000381469727,11.850000381469727,11.600000381469727,11.649999618530273,47471107
2025-12-08,11.699999809265137,11.850000381469727,11.600000381469727,11.600000381469727,33134936
2025-12-09,11.649999618530273,11.649999618530273,11.300000190734863,11.300000190734863,40945452
2025-12-10,11.449999809265137,11.75,11.350000381469727,11.600000381469727,54140617
2025-12-11,11.649999618530273,11.649999618530273,11.350000381469727,11.399999618530273,34231198
2025-12-12,11.449999809265137,11.550000190734863,11.350000381469727,11.350000381469727,33304159
2025-12-15,11.300000190734863,11.600000381469727,11.199999809265137,11.449999809265137,39160063
2025-12-16,11.399999618530273,11.5,11.25,11.300000190734863,35684580
2025-12-17,11.399999618530273,11.5,11.25,11.300000190734863,23194404
2025-12-18,11.300000190734863,11.350000381469727,11.100000381469727,11.149999618530273,25311583
2025-12-19,11.199999809265137,11.300000190734863,11.149999618530273,11.25,31759641
2025-12-22,11.300000190734863,11.399999618530273,11.199999809265137,11.25,28335060
2025-12-23,11.449999809265137,11.550000190734863,11.25,11.300000190734863,47519074
2025-12-24,11.5,11.649999618530273,11.350000381469727,11.449999809265137,55609566
2025-12-26,11.5,11.5,11.199999809265137,11.399999618530273,36011411
2025-12-29,11.5,12.199999809265137,11.5,11.800000190734863,205567589
2025-12-30,11.75,12.149999618530273,11.600000381469727,12.050000190734863,193201982
2025-12-31,12.050000190734863,12.800000190734863,12.050000190734863,12.25,221843581
2026-01-02,12.199999809265137,12.649999618530273,11.899999618530273,12.600000381469727,198155683
2026-01-05,12.899999618530273,13.850000381469727,12.899999618530273,13.850000381469727,263863160
2026-01-06,14.5,15.199999809265137,14.300000190734863,15.199999809265137,321872898
2026-01-07,16.399999618530273,16.700000762939453,15.800000190734863,16.700000762939453,850319924
2026-01-08,16.950000762939453,17.5,15.600000381469727,15.649999618530273,939744460
2026-01-09,15.300000190734863,15.800000190734863,14.399999618530273,14.5,462195616
2026-01-12,14.649999618530273,15.899999618530273,14.25,15.300000190734863,489605155
2026-01-13,15.550000190734863,16.200000762939453,15.0,15.149999618530273,469121753
2026-01-14,15.149999618530273,15.899999618530273,15.050000190734863,15.149999618530273,334302823
2026-01-15,15.25,15.550000190734863,15.050000190734863,15.25,240743977
2026-01-16,15.399999618530273,15.899999618530273,15.25,15.699999809265137,346453729
2026-01-19,16.049999237060547,17.25,15.899999618530273,17.25,469670004
2026-01-20,17.25,17.5,16.5,16.600000381469727,615480924
2026-01-21,16.299999237060547,16.700000762939453,15.550000190734863,15.899999618530273,413290527
2026-01-22,16.450000762939453,16.75,15.300000190734863,15.350000381469727,329328088
2026-01-23,15.399999618530273,15.600000381469727,14.899999618530273,15.050000190734863,203303856
2026-01-26,15.199999809265137,15.5,15.100000381469727,15.25,104746259
2026-01-27,15.350000381469727,15.350000381469727,14.300000190734863,14.449999809265137,200268739
2026-01-28,14.600000381469727,14.899999618530273,14.0,14.100000381469727,193395638
2026-01-29,14.100000381469727,14.149999618530273,13.649999618530273,13.800000190734863,167450106
2026-01-30,13.949999809265137,14.100000381469727,13.399999618530273,13.75,165074822
2026-02-02,13.5,13.850000381469727,13.300000190734863,13.350000381469727,102728055
2026-02-03,13.600000381469727,13.899999618530273,13.300000190734863,13.800000190734863,92521960
2026-02-04,14.600000381469727,15.149999618530273,14.25,15.149999618530273,191681495
2026-02-05,15.949999809265137,16.399999618530273,15.25,15.600000381469727,562098870
2026-02-06,15.300000190734863,15.800000190734863,15.0,15.199999809265137,288587889
2026-02-09,15.699999809265137,15.75,14.899999618530273,15.0,155051477
2026-02-10,14.699999809265137,14.949999809265137,14.600000381469727,14.75,99692129
2026-02-11,15.199999809265137,16.200000762939453,15.100000381469727,16.149999618530273,493741692
2026-02-23,16.200000762939453,16.899999618530273,15.850000381469727,15.949999809265137,501489501
2026-02-24,15.949999809265137,16.399999618530273,15.800000190734863,16.350000381469727,252547239
2026-02-25,16.75,17.600000381469727,16.049999237060547,16.100000381469727,513716195
2026-02-26,16.25,16.799999237060547,15.949999809265137,16.600000381469727,259667564
2026-03-02,15.899999618530273,17.200000762939453,15.899999618530273,16.850000381469727,348050201
2026-03-03,17.0,17.0,15.5,15.75,336726362
2026-03-04,15.199999809265137,15.5,14.75,14.949999809265137,170413030
2026-03-05,15.550000190734863,15.75,15.050000190734863,15.300000190734863,132199305
2026-03-06,15.199999809265137,16.0,14.949999809265137,15.850000381469727,153707287
2026-03-09,15.0,15.600000381469727,14.699999809265137,15.600000381469727,146620122
2026-03-10,15.949999809265137,16.200000762939453,15.350000381469727,15.699999809265137,192512711
2026-03-11,15.899999618530273,16.850000381469727,15.850000381469727,16.649999618530273,365020429
2026-03-12,16.75,18.0,16.649999618530273,17.25,596013184
2026-03-13,16.75,17.149999618530273,16.149999618530273,16.549999237060547,323886627
2026-03-16,16.549999237060547,16.600000381469727,15.399999618530273,15.699999809265137,250675496
2026-03-17,15.800000190734863,16.399999618530273,15.699999809265137,15.899999618530273,150865994
2026-03-18,16.200000762939453,16.399999618530273,15.649999618530273,16.200000762939453,144558270
2026-03-19,15.949999809265137,16.049999237060547,15.699999809265137,15.75,92362277
2026-03-20,15.899999618530273,15.949999809265137,15.399999618530273,15.600000381469727,90529152
2026-03-23,15.149999618530273,15.300000190734863,14.850000381469727,14.850000381469727,87701692
2026-03-24,15.199999809265137,15.25,14.550000190734863,14.649999618530273,75391912
2026-03-25,15.050000190734863,15.199999809265137,14.800000190734863,15.0,55066578
2026-03-26,15.100000381469727,15.300000190734863,14.75,14.800000190734863,58031109
2026-03-27,14.600000381469727,14.75,14.300000190734863,14.399999618530273,75856930
2026-03-30,14.0,14.300000190734863,14.0,14.300000190734863,45010746
2026-03-31,14.300000190734863,14.850000381469727,14.050000190734863,14.5,91667365
2026-04-01,15.149999618530273,15.949999809265137,14.949999809265137,15.949999809265137,205743504
2026-04-02,16.5,17.399999618530273,16.399999618530273,16.850000381469727,699940041
2026-04-07,17.5,17.649999618530273,16.049999237060547,16.25,343273281
2026-04-08,16.700000762939453,17.350000381469727,16.649999618530273,17.049999237060547,341171603
2026-04-09,17.200000762939453,18.75,16.799999237060547,18.75,670378623
2026-04-10,19.399999618530273,19.5,17.149999618530273,18.149999618530273,838529496
2026-04-13,18.049999237060547,18.299999237060547,17.600000381469727,18.0,246959159
2026-04-14,18.399999618530273,19.799999237060547,18.399999618530273,19.799999237060547,555455166
2026-04-15,19.950000762939453,20.600000381469727,19.299999237060547,20.049999237060547,696137309
2026-04-16,20.350000381469727,21.850000381469727,19.899999618530273,20.700000762939453,649803243
2026-04-17,20.399999618530273,20.649999618530273,19.799999237060547,19.850000381469727,364122065
2026-04-20,20.0,20.0,19.100000381469727,19.25,308693344
2026-04-21,19.350000381469727,19.700000762939453,18.700000762939453,18.899999618530273,251426753
2026-04-22,18.850000381469727,18.950000762939453,18.399999618530273,18.549999237060547,190398223
2026-04-23,18.700000762939453,18.850000381469727,17.299999237060547,17.75,314949541
2026-04-24,17.799999237060547,17.850000381469727,16.899999618530273,17.200000762939453,202479003
2026-04-27,17.25,17.5,16.700000762939453,17.350000381469727,189697305
2026-04-28,17.350000381469727,17.600000381469727,17.149999618530273,17.200000762939453,102912308
2026-04-29,17.200000762939453,17.75,17.100000381469727,17.299999237060547,124548735
2026-04-30,17.5,17.600000381469727,16.950000762939453,17.200000762939453,107005254
2026-05-04,16.899999618530273,17.25,16.600000381469727,16.950000762939453,184819967
2026-05-05,17.25,18.0,17.200000762939453,17.850000381469727,282936435
2026-05-06,18.149999618530273,18.399999618530273,17.5,18.049999237060547,247379654
2026-05-07,18.299999237060547,18.799999237060547,18.049999237060547,18.350000381469727,263162138
2026-05-08,18.450000762939453,18.899999618530273,17.75,17.850000381469727,205643583
2026-05-11,18.5,19.100000381469727,18.25,18.850000381469727,317249762
2026-05-12,19.200000762939453,20.700000762939453,18.850000381469727,20.700000762939453,728286402
2026-05-13,20.200000762939453,20.5,19.25,20.200000762939453,517635841
2026-05-14,20.700000762939453,20.700000762939453,19.299999237060547,19.549999237060547,323120834
2026-05-15,19.600000381469727,20.299999237060547,18.899999618530273,19.049999237060547,316310283
2026-05-18,18.799999237060547,19.5,18.200000762939453,19.25,207492465
2026-05-19,19.25,20.149999618530273,19.0,19.149999618530273,189604059
2026-05-20,19.25,19.299999237060547,18.600000381469727,18.75,117977172
2026-05-21,19.100000381469727,20.450000762939453,19.049999237060547,20.200000762939453,366881881
2026-05-22,20.850000381469727,22.200000762939453,20.549999237060547,22.200000762939453,392811029
2026-05-25,24.350000381469727,24.399999618530273,24.149999618530273,24.399999618530273,81590683
2026-05-26,25.5,25.799999237060547,22.0,22.0,815939256
2026-05-27,22.149999618530273,22.200000762939453,20.5,21.799999237060547,564702390
2026-05-28,21.899999618530273,23.399999618530273,21.200000762939453,21.200000762939453,536875588
2026-05-29,22.350000381469727,23.200000762939453,21.899999618530273,23.0,480407266
2026-06-01,23.799999237060547,24.799999237060547,23.100000381469727,23.799999237060547,563206897
2026-06-02,24.049999237060547,26.149999618530273,23.299999237060547,26.149999618530273,718301985
2026-06-03,27.5,28.75,26.700000762939453,28.75,704218115
2026-06-04,28.399999618530273,29.600000381469727,27.5,29.25,876417872
2026-06-05,28.0,28.399999618530273,26.350000381469727,27.100000381469727,606242181
2026-06-08,24.399999618530273,24.399999618530273,24.399999618530273,24.399999618530273,68085705
2026-06-09,25.0,25.200000762939453,24.0,24.0,504565750
2026-06-10,23.399999618530273,24.700000762939453,22.850000381469727,22.950000762939453,367012009
2026-06-11,22.75,23.75,22.200000762939453,23.149999618530273,319905910
2026-06-12,24.600000381469727,25.0,23.450000762939453,23.5,299884154
2026-06-15,24.450000762939453,25.0,24.100000381469727,24.100000381469727,233692713
2026-06-16,24.5,24.75,23.899999618530273,23.899999618530273,203155737
2026-06-17,23.600000381469727,26.25,23.350000381469727,26.25,557255250
2026-06-18,27.450000762939453,28.600000381469727,26.049999237060547,28.149999618530273,826248378
2026-06-22,29.450000762939453,30.950000762939453,29.100000381469727,30.950000762939453,295737270
2026-06-23,31.100000381469727,33.0,29.0,29.049999237060547,954650932
2026-06-24,28.399999618530273,31.950000762939453,28.25,30.5,891795127
2026-06-25,30.899999618530273,31.100000381469727,29.299999237060547,30.399999618530273,415097586
2026-06-26,30.0,30.149999618530273,27.950000762939453,27.950000762939453,365810469
2026-06-29,28.100000381469727,30.700000762939453,27.600000381469727,30.600000381469727,746813023
2026-06-30,31.0,33.25,30.399999618530273,32.70000076293945,896069692
2026-07-01,33.599998474121094,34.45000076293945,30.5,30.649999618530273,726371062
2026-07-02,29.950000762939453,31.5,29.899999618530273,30.5,370368796
2026-07-03,30.049999237060547,30.5,29.600000381469727,30.0,230249332
2026-07-06,30.399999618530273,32.0,30.149999618530273,31.700000762939453,409576144
2026-07-07,31.899999618530273,33.0,29.049999237060547,29.350000381469727,503836124
2026-07-08,30.100000381469727,30.299999237060547,28.5,29.549999237060547,263036919
2026-07-09,30.0,32.349998474121094,29.399999618530273,31.450000762939453,584096995
2026-07-10,31.450000762939453,31.450000762939453,31.450000762939453,31.450000762939453,0
2026-07-13,31.700000762939453,32.5,29.200000762939453,29.25,490871754
2026-07-14,29.049999237060547,29.399999618530273,26.5,27.549999237060547,355206948
2026-07-15,28.200000762939453,28.75,27.700000762939453,28.299999237060547,202694190
2026-07-16,27.75,28.200000762939453,27.0,27.649999618530273,159974543
2026-07-17,26.5,26.75,25.549999237060547,25.799999237060547,210023816
2026-07-20,26.25,26.450000762939453,24.549999237060547,25.399999618530273,235131648
2026-07-21,26.0,26.350000381469727,25.549999237060547,25.600000381469727,154569185
