date,open,high,low,close,volume
2021-07-22,91.56044302315549,92.35662078857422,91.56044302315549,92.35662078857422,7294800
2021-07-23,91.95854425844938,92.35663319463315,91.56045532226562,91.56045532226562,5427610
2021-07-26,91.56045532226562,91.95854425844938,91.16236638608186,91.56045532226562,3624333
2021-07-27,91.56045294427253,91.95854187011719,91.16236401842787,91.95854187011719,4553335
2021-07-28,91.95853190586485,92.35662078857422,91.16235414044611,92.35662078857422,7625623
2021-07-29,91.9585371549549,92.75471496582031,91.9585371549549,92.75471496582031,6783929
2021-07-30,92.75472213081692,92.75472213081692,91.56045532226562,91.56045532226562,6721593
2021-08-02,91.9585371549549,92.75471496582031,91.9585371549549,92.75471496582031,10775136
2021-08-03,92.75471261831431,93.15280151367188,92.75471261831431,93.15280151367188,9700382
2021-08-04,93.15279917615524,93.55088806152344,92.75471029078706,93.55088806152344,10782154
2021-08-05,93.55089333097814,93.94898223876953,93.15280442318674,93.94898223876953,14590145
2021-08-06,93.94897694689162,93.94897694689162,93.55088806152344,93.55088806152344,10390579
2021-08-09,93.55088806152344,93.94897694689162,93.15279917615524,93.55088806152344,5298980
2021-08-10,93.94898223876953,93.94898223876953,93.15280442318674,93.94898223876953,8351599
2021-08-11,93.94898223876953,93.94898223876953,93.55089333097814,93.94898223876953,9172417
2021-08-12,93.94898223876953,94.34707114656094,93.55089333097814,93.94898223876953,9616918
2021-08-13,93.94897694689162,93.94897694689162,92.75471029078706,93.55088806152344,7481446
2021-08-16,93.55088806152344,93.55088806152344,93.15279917615524,93.55088806152344,8910927
2021-08-17,93.55088806152344,93.55088806152344,93.55088806152344,93.55088806152344,0
2021-08-18,93.55088806152344,93.55088806152344,93.15279917615524,93.55088806152344,6742098
2021-08-19,93.55089277668573,93.55089277668573,92.35662606038761,92.75471496582031,9338247
2021-08-20,92.75470967128359,93.15279855399297,91.95853190586485,92.35662078857422,11412242
2021-08-23,92.35663079596185,92.75471972180651,91.95854187011719,91.95854187011719,8613625
2021-08-24,91.95854187011719,92.35663079596185,91.56045294427253,91.95854187011719,14981701
2021-08-25,91.3845971887762,91.79810215343129,90.1440822948109,90.9710922241211,34525086
2021-08-26,90.9710922241211,91.3845971887762,90.557587259466,90.9710922241211,12488127
2021-08-27,90.9710922241211,91.3845971887762,90.557587259466,90.9710922241211,8114018
2021-08-30,91.38459076752534,92.21160063872466,90.97108583192568,91.798095703125,11263067
2021-08-31,92.21159427506583,93.03860408919198,91.79808936800275,92.6250991821289,21301670
2021-09-01,92.62510494732749,93.03860988012806,91.38459014892578,91.38459014892578,12383213
2021-09-02,91.38459076752534,92.21160063872466,91.38459076752534,91.798095703125,4386589
2021-09-03,91.798095703125,92.21160063872466,91.798095703125,91.798095703125,6307961
2021-09-06,91.798095703125,92.21160063872466,91.38459076752534,91.798095703125,7961531
2021-09-07,91.798095703125,92.21160063872466,91.798095703125,91.798095703125,6994054
2021-09-08,92.21160063872466,92.21160063872466,91.38459076752534,91.798095703125,10991946
2021-09-09,91.79809508172636,92.21160001452692,91.38459014892578,91.38459014892578,4112231
2021-09-10,91.38459014892578,91.79809508172636,91.38459014892578,91.38459014892578,4099929
2021-09-13,91.798095703125,91.798095703125,91.38459076752534,91.798095703125,5981457
2021-09-14,91.798095703125,92.21160063872466,91.38459076752534,91.798095703125,6743241
2021-09-15,91.798095703125,92.62510557432432,91.798095703125,91.798095703125,7340209
2021-09-16,91.79810391413257,92.21160888671875,91.79810391413257,92.21160888671875,6632440
2021-09-17,92.21160063872466,92.21160063872466,91.798095703125,91.798095703125,10884051
2021-09-22,91.38459076752534,92.21160063872466,90.97108583192568,91.798095703125,11761689
2021-09-23,91.798095703125,92.21160063872466,91.798095703125,91.798095703125,5793771
2021-09-24,92.21160888671875,92.21160888671875,91.79810391413257,92.21160888671875,3348343
2021-09-27,92.21160063872466,92.21160063872466,91.798095703125,91.798095703125,3665863
2021-09-28,91.798095703125,92.21160063872466,91.798095703125,91.798095703125,5429373
2021-09-29,91.79810391413257,92.21160888671875,91.38459894154639,92.21160888671875,9465312
2021-09-30,91.79809508172636,92.21160001452692,91.38459014892578,91.38459014892578,9269349
2021-10-01,91.38459014892578,91.79809508172636,90.97108521612522,91.38459014892578,10209763
2021-10-04,91.798095703125,91.798095703125,91.38459076752534,91.798095703125,6178971
2021-10-05,91.79809508172636,91.79809508172636,91.38459014892578,91.38459014892578,7067781
2021-10-06,91.38459076752534,91.798095703125,91.38459076752534,91.798095703125,9480186
2021-10-07,92.21160888671875,92.21160888671875,91.79810391413257,92.21160888671875,6650748
2021-10-08,91.79810391413257,92.62511385930493,91.79810391413257,92.21160888671875,11763549
2021-10-12,91.79810391413257,92.21160888671875,91.38459894154639,92.21160888671875,17596855
2021-10-13,92.21160888671875,92.21160888671875,91.38459894154639,92.21160888671875,8611828
2021-10-14,92.21160001452692,92.21160001452692,91.38459014892578,91.38459014892578,7658310
2021-10-15,91.38459076752534,91.798095703125,91.38459076752534,91.798095703125,9375452
2021-10-18,91.798095703125,92.21160063872466,91.38459076752534,91.798095703125,6114856
2021-10-19,91.79810391413257,92.21160888671875,91.79810391413257,92.21160888671875,5066899
2021-10-20,91.798095703125,92.21160063872466,91.38459076752534,91.798095703125,7579928
2021-10-21,91.79809508172636,92.21160001452692,91.38459014892578,91.38459014892578,7783552
2021-10-22,91.38459894154639,92.21160888671875,91.38459894154639,92.21160888671875,7091367
2021-10-25,91.798095703125,92.21160063872466,91.38459076752534,91.798095703125,11108279
2021-10-26,91.79809508172636,91.79809508172636,91.38459014892578,91.38459014892578,10210510
2021-10-27,91.38459014892578,91.79809508172636,91.38459014892578,91.38459014892578,5303695
2021-10-28,91.79810215343129,91.79810215343129,90.9710922241211,90.9710922241211,9332728
2021-10-29,91.38459014892578,91.79809508172636,90.97108521612522,91.38459014892578,7581624
2021-11-01,91.798095703125,91.798095703125,91.38459076752534,91.798095703125,6686504
2021-11-02,91.79809508172636,91.79809508172636,90.97108521612522,91.38459014892578,7498311
2021-11-03,91.38459014892578,91.79809508172636,90.97108521612522,91.38459014892578,8453894
2021-11-04,91.38459076752534,91.798095703125,91.38459076752534,91.798095703125,5690310
2021-11-05,91.798095703125,91.798095703125,91.38459076752534,91.798095703125,6723849
2021-11-08,91.79810391413257,92.21160888671875,91.38459894154639,92.21160888671875,8744341
2021-11-09,91.79810391413257,92.21160888671875,91.38459894154639,92.21160888671875,6224811
2021-11-10,92.21159427506583,92.6250991821289,91.79808936800275,92.6250991821289,8604177
2021-11-11,92.625107421875,93.03861236572266,91.79809753417969,93.03861236572266,10804466
2021-11-12,92.625107421875,93.03861236572266,92.625107421875,93.03861236572266,7529483
2021-11-15,93.03861297337355,93.45211791992188,92.62510802682522,93.45211791992188,11214942
2021-11-16,93.45211912456313,94.27912902832031,93.03861417268452,94.27912902832031,10316329
2021-11-17,94.27912203193232,94.692626953125,93.86561711073963,94.692626953125,7968179
2021-11-18,94.69262758337933,95.10613250732422,94.27912265943445,95.10613250732422,4866918
2021-11-19,94.69263275956685,95.10613770611518,93.03861297337355,93.45211791992188,9796640
2021-11-22,93.45211730957031,93.86562225341797,93.03861236572266,93.03861236572266,5607390
2021-11-23,93.45211852489588,94.2791284233463,93.03861357567068,93.8656234741211,5453123
2021-11-24,93.8656234741211,94.2791284233463,93.45211852489588,93.8656234741211,2788952
2021-11-25,93.8656234741211,94.2791284233463,93.45211852489588,93.8656234741211,4379187
2021-11-26,93.45211791992188,94.27912781301852,93.03861297337355,93.45211791992188,8018304
2021-11-29,93.03861236572266,93.45211730957031,92.625107421875,93.03861236572266,5026167
2021-11-30,93.03860408919198,93.45210899625505,92.6250991821289,92.6250991821289,24350084
2021-12-01,92.62510802682522,93.45211791992188,92.62510802682522,93.45211791992188,8343022
2021-12-02,93.45211912456313,94.27912902832031,93.03861417268452,94.27912902832031,6098234
2021-12-03,93.8656234741211,94.2791284233463,93.45211852489588,93.8656234741211,4936093
2021-12-06,93.86562407644172,94.27912902832031,93.45211912456313,94.27912902832031,3196024
2021-12-07,94.27912902832031,94.27912902832031,93.86562407644172,94.27912902832031,4371956
2021-12-08,94.27912902832031,94.6926339801989,93.86562407644172,94.27912902832031,5365579
2021-12-09,94.692626953125,94.692626953125,93.86561711073963,94.692626953125,2809382
2021-12-10,94.27912902832031,94.6926339801989,93.86562407644172,94.27912902832031,2872123
2021-12-13,94.2791284233463,94.69263337257149,93.8656234741211,93.8656234741211,4171337
2021-12-14,94.27912902832031,94.27912902832031,93.86562407644172,94.27912902832031,4002606
2021-12-15,94.27912902832031,94.6926339801989,93.86562407644172,94.27912902832031,7602968
2021-12-16,94.692626953125,95.1061318743177,94.27912203193232,94.692626953125,6249300
2021-12-17,95.10613250732422,95.10613250732422,94.27912265943445,95.10613250732422,7257742
2021-12-20,94.27912265943445,95.10613250732422,94.27912265943445,95.10613250732422,5994808
2021-12-21,95.10614832758388,95.93315831304113,94.69264333485525,95.5196533203125,8185995
2021-12-22,95.5196533203125,95.93315831304113,95.10614832758388,95.5196533203125,2930994
2021-12-23,95.93315831304113,95.93315831304113,94.69264333485525,95.5196533203125,11363083
2021-12-24,95.5196533203125,95.93315831304113,95.10614832758388,95.5196533203125,7827256
2021-12-27,95.51963868634454,96.34664854510078,95.51963868634454,95.93314361572266,4514661
2021-12-28,95.93314361572266,96.34664854510078,95.51963868634454,95.93314361572266,6097315
2021-12-29,96.3466567993164,96.76016176412034,95.93315183451247,96.3466567993164,9032516
2021-12-30,96.3466567993164,96.3466567993164,95.93315183451247,96.3466567993164,4147190
2022-01-03,96.34666330576975,96.34666330576975,94.69264333485525,95.5196533203125,6858508
2022-01-04,95.5196533203125,95.93315831304113,94.69264333485525,95.5196533203125,11401188
2022-01-05,95.10614832758388,95.5196533203125,95.10614832758388,95.5196533203125,4278642
2022-01-06,95.93315831304113,95.93315831304113,95.10614832758388,95.5196533203125,4022746
2022-01-07,95.5196533203125,95.93315831304113,95.10614832758388,95.5196533203125,4399830
2022-01-10,95.51964686970854,96.3466567993164,95.1061419049046,96.3466567993164,5487036
2022-01-11,96.3466567993164,96.76016176412034,95.93315183451247,96.3466567993164,7514272
2022-01-12,96.34665738619292,96.76016235351562,95.9331524188702,96.76016235351562,6176531
2022-01-13,96.76015534096575,97.17366027832031,96.3466504036112,97.17366027832031,5357534
2022-01-14,97.17366027832031,97.58716521567487,96.76015534096575,97.17366027832031,5488945
2022-01-17,97.17366732083835,97.17366732083835,96.34665738619292,96.76016235351562,4242185
2022-01-18,96.76015534096575,97.17366027832031,96.3466504036112,97.17366027832031,3668103
2022-01-19,96.76016235351562,97.17366732083835,95.51964745154748,96.76016235351562,9895734
2022-01-20,96.76016176412034,97.17366672892427,95.93315183451247,96.3466567993164,7922647
2022-01-21,96.34665738619292,96.76016235351562,95.9331524188702,96.76016235351562,5771617
2022-01-24,96.34665738619292,97.17366732083835,95.9331524188702,96.76016235351562,6956649
2022-01-25,95.9331524188702,96.76016235351562,95.9331524188702,96.76016235351562,8639455
2022-01-26,96.76015534096575,97.17366027832031,96.3466504036112,97.17366027832031,6571481
2022-02-07,97.58716644415875,98.00067138671875,97.17366150159876,98.00067138671875,11043334
2022-02-08,98.00067077248784,98.41417571245614,97.58716583251953,97.58716583251953,4829355
2022-02-09,98.00067138671875,98.41417632927875,97.58716644415875,98.00067138671875,7761313
2022-02-10,98.41417754743887,98.82768249511719,98.00067259976056,98.82768249511719,6617431
2022-02-11,98.41417754743887,99.2411874427955,98.00067259976056,98.82768249511719,5275207
2022-02-14,98.41417814890544,99.2411880493164,98.00067319869994,99.2411880493164,5990714
2022-02-15,99.2411880493164,99.2411880493164,98.82768309911091,99.2411880493164,5242899
2022-02-16,99.2411892473205,100.06819915771484,99.2411892473205,100.06819915771484,7214055
2022-02-17,100.48169708251953,100.89520200878505,100.06819215625403,100.48169708251953,9932726
2022-02-18,100.48170530600626,101.72222018632732,100.06820034589924,100.89521026611328,10335333
2022-02-21,100.8952120267428,102.13572692871094,100.48170705942007,102.13572692871094,7714716
2022-02-22,101.72222196138823,102.13572692871094,101.3087169940655,102.13572692871094,11643755
2022-02-23,102.13572173099594,104.20324646239261,102.13572173099594,103.78974151611328,16213232
2022-02-24,103.37622768907661,103.78973259983292,102.54921786756401,102.96272277832031,17068728
2022-02-25,102.54921786756401,103.37622768907661,102.54921786756401,102.96272277832031,16649849
2022-03-01,103.37622768907661,103.78973259983292,102.54921786756401,102.96272277832031,12808150
2022-03-02,103.37624183067909,103.37624183067909,101.3087169940655,102.13572692871094,14669586
2022-03-03,102.13572574537626,102.54923070790815,100.89521085778061,101.3087158203125,11008121
2022-03-04,101.30871640957469,101.72222137451172,100.89521144463765,101.72222137451172,8004680
2022-03-07,100.89520906810918,101.30871402330635,99.65469420251767,100.06819915771484,17093689
2022-03-08,99.24119042568519,101.3087152262203,99.24119042568519,100.89521026611328,11811057
2022-03-09,100.89521085778061,101.3087158203125,100.48170589524872,101.3087158203125,4824879
2022-03-10,101.30871640957469,101.72222137451172,101.30871640957469,101.72222137451172,5871789
2022-03-11,101.3087158203125,101.3087158203125,100.89521085778061,101.3087158203125,7836756
2022-03-14,101.30871640957469,101.72222137451172,101.30871640957469,101.72222137451172,5967339
2022-03-15,101.72221618652344,103.37623596191406,100.89520629882813,103.37623596191406,14512834
2022-03-16,102.5492197672526,104.20323944091797,102.5492197672526,104.20323944091797,10055804
2022-03-17,104.20324646239261,105.44376130123062,103.37623656983394,103.78974151611328,16504007
2022-03-18,104.20325527266552,104.61676025390625,103.37624531018403,104.61676025390625,14175206
2022-03-21,103.78975029142477,105.03026523514698,103.37624531018403,104.61676025390625,9816867
2022-03-22,104.61676025390625,104.61676025390625,103.37624531018403,104.61676025390625,6966596
2022-03-23,104.20325527266552,104.61676025390625,103.37624531018403,104.61676025390625,6687478
2022-03-24,103.7897357790489,105.0302505493164,103.7897357790489,105.0302505493164,8325342
2022-03-25,104.20324945449829,105.85726928710938,104.20324945449829,105.85726928710938,9439533
2022-03-28,105.03025937080383,105.85726928710938,104.61675441265106,105.85726928710938,8046239
2022-03-29,105.44375547273891,105.85726039616142,104.6167456258939,105.0302505493164,6087801
2022-03-30,105.44375547273891,105.44375547273891,104.6167456258939,105.0302505493164,9601987
2022-03-31,105.0302505493164,105.44375547273891,104.6167456258939,105.0302505493164,5722698
2022-04-01,104.6167456258939,105.0302505493164,104.2032407024714,105.0302505493164,8164328
2022-04-06,105.0302505493164,105.0302505493164,104.2032407024714,105.0302505493164,10134158
2022-04-07,105.0302505493164,105.44375547273891,104.6167456258939,105.0302505493164,13560013
2022-04-08,105.4437643289566,105.85726928710938,104.61675441265106,105.85726928710938,10348211
2022-04-11,105.85727163461539,107.51129150390625,105.85727163461539,107.51129150390625,12424868
2022-04-12,106.68427214269971,107.09777707348537,105.8572622811284,106.27076721191406,7145495
2022-04-13,106.68427214269971,106.68427214269971,105.8572622811284,106.27076721191406,5611568
2022-04-14,106.27077660193811,107.51129150390625,106.27077660193811,107.51129150390625,7532652
2022-04-15,107.0977783203125,107.51128325591216,106.68427338471284,107.0977783203125,3924924
2022-04-18,106.27077660193811,107.51129150390625,106.27077660193811,107.51129150390625,5274462
2022-04-19,107.51128325591216,107.92478819151182,107.0977783203125,107.0977783203125,6376519
2022-04-20,106.68426769926349,108.33828735351562,106.68426769926349,108.33828735351562,7028387
2022-04-21,108.33828735351562,108.75179226707867,107.9247824399526,108.33828735351562,4333392
2022-04-22,107.92479064709333,108.75180053710938,107.92479064709333,108.75180053710938,4600703
2022-04-25,108.33829559210135,108.75180053710938,107.92479064709333,108.75180053710938,7268043
2022-04-26,108.33829619667748,109.1653060913086,108.33829619667748,109.1653060913086,5429090
2022-04-27,108.75180114399303,109.57881103862415,108.75180114399303,109.1653060913086,7334145
2022-04-28,109.16530548211739,109.57881042712542,107.51128570208532,108.75180053710938,15337714
2022-04-29,108.33828735351562,108.75179226707867,107.09777261282652,108.33828735351562,11876194
2022-05-03,107.51128851198682,107.92479346780215,105.03025877709482,105.44376373291016,18851834
2022-05-04,104.61674954814296,104.61674954814296,102.13571991459017,102.54922485351562,17892860
2022-05-05,103.37623596191406,104.20324584960937,102.9627310180664,103.37623596191406,13466207
2022-05-06,102.54923534770256,105.44377021638772,102.13573036646183,104.61676025390625,15904427
2022-05-09,104.20324584960937,104.61675079345703,102.54922607421875,103.37623596191406,10257525
2022-05-10,103.37622768907661,103.78973259983292,102.54921786756401,102.96272277832031,12129816
2022-05-11,102.9627310180664,104.20324584960937,102.54922607421875,103.37623596191406,7298857
2022-05-12,103.37623473136657,103.78973967029202,102.54922485351562,102.54922485351562,8361040
2022-05-13,102.9627297924411,103.78973967029202,102.13571991459017,102.54922485351562,7875846
2022-05-16,103.37623473136657,103.78973967029202,102.54922485351562,102.54922485351562,7313130
2022-05-17,102.96273686335637,102.96273686335637,102.13572692871094,102.13572692871094,7435171
2022-05-18,102.54922607421875,103.78974090576172,102.1357211303711,103.37623596191406,13516261
2022-05-19,103.37622768907661,103.37622768907661,102.1357129568077,102.96272277832031,9004672
2022-05-20,102.96272277832031,102.96272277832031,102.54921786756401,102.96272277832031,6144011
2022-05-23,103.37624183067909,103.37624183067909,102.13572692871094,102.13572692871094,8777120
2022-05-24,102.54922485351562,102.9627297924411,102.13571991459017,102.54922485351562,8913079
2022-05-25,102.54922607421875,103.78974090576172,102.54922607421875,103.37623596191406,11806664
2022-05-26,103.37623895383348,105.85726868872548,102.96273399801815,105.44376373291016,15217352
2022-05-27,105.44376130123062,105.85726624750995,102.9627316235546,103.78974151611328,12650983
2022-05-30,104.2032407024714,105.0302505493164,103.37623085562639,105.0302505493164,11907479
2022-05-31,104.6167456258939,105.0302505493164,103.37623085562639,105.0302505493164,23893843
2022-06-01,104.61675079345703,104.61675079345703,103.37623596191406,103.37623596191406,10580776
2022-06-02,103.78974090576172,104.61675079345703,102.9627310180664,103.37623596191406,11952627
2022-06-06,104.20323944091797,104.6167443593343,102.96272468566895,104.20323944091797,12462022
2022-06-07,104.20324646239261,104.61675140867195,103.37623656983394,103.78974151611328,10548729
2022-06-08,104.20325527266552,105.03026523514698,104.20325527266552,104.61676025390625,7877833
2022-06-09,104.6167443593343,105.03024927775064,104.20323944091797,104.20323944091797,6063211
2022-06-10,104.20324584960937,104.61675079345703,103.37623596191406,103.37623596191406,8882736
2022-06-13,103.78974090576172,103.78974090576172,102.54922607421875,103.37623596191406,8791406
2022-06-14,103.37622768907661,103.37622768907661,102.54921786756401,102.96272277832031,6585502
2022-06-15,102.9627310180664,104.20324584960937,102.54922607421875,103.37623596191406,8839562
2022-06-16,104.20324460921749,104.20324460921749,102.54922485351562,102.54922485351562,8313290
2022-06-17,102.54922607421875,103.78974090576172,102.54922607421875,103.37623596191406,13910684
2022-06-20,103.37623596191406,104.20324584960937,102.54922607421875,103.37623596191406,7656754
2022-06-21,103.78975029142477,104.61676025390625,103.37624531018403,104.61676025390625,12325197
2022-06-22,104.61675140867195,104.61675140867195,103.78974151611328,103.78974151611328,8581083
2022-06-23,104.6167456258939,105.0302505493164,104.2032407024714,105.0302505493164,16622339
2022-06-24,104.61675558164137,107.51129032105437,104.2032506188681,106.68428039550781,19047391
2022-06-27,107.09777707348537,107.51128200427102,106.27076721191406,106.27076721191406,9380420
2022-06-28,106.27077543273452,107.0977853582811,106.27077543273452,106.68428039550781,6955497
2022-06-29,106.68427460769128,107.92478942871094,106.27076966735139,107.92478942871094,20865905
2022-06-30,106.30281066894531,106.7314510345459,103.7309684753418,104.58824920654297,33461871
2022-07-01,104.58825671288275,107.1600990910684,102.87369512742566,106.30281829833984,20050206
2022-07-04,107.16009328487834,109.73193552371542,106.73145291173883,108.44601440429688,17338744
2022-07-05,109.30329705786517,109.73193743848425,107.58873553538885,108.8746566772461,15854053
2022-07-06,109.73193359375,110.16057395935059,108.87465286254883,109.73193359375,15505246
2022-07-07,109.73193167892157,111.01785275328393,108.4460106045592,109.30329132080078,24796395
2022-07-08,108.87465480819763,108.87465480819763,106.73145294189453,106.73145294189453,15535380
2022-07-11,107.1600990910684,107.58873948743268,105.4455375056113,106.30281829833984,9842416
2022-07-12,105.87417991793885,106.73146072699099,104.58825870436064,105.01689910888672,15151537
2022-07-13,105.01689710924703,107.1600990910684,105.01689710924703,106.30281829833984,22595392
2022-07-14,107.16009527687135,107.16009527687135,104.58825299022644,105.4455337524414,17769132
2022-07-15,105.01689337133392,105.4455337524414,104.58825299022644,105.4455337524414,8476202
2022-07-18,106.30281451465638,106.30281451465638,104.58825299022644,105.4455337524414,18343477
2022-07-19,105.445528006848,105.87416836459941,103.30232621809093,104.15960693359375,17131648
2022-07-20,104.15960884094238,104.58824920654297,102.87368774414062,102.87368774414062,12111980
2022-07-21,102.44505310058594,102.87369349012813,102.01641271104374,102.44505310058594,6889410
2022-07-22,102.01640892833598,102.44504930198444,100.73048780739056,101.5877685546875,9175068
2022-07-25,101.58776664733887,103.30232810974121,101.58776664733887,102.87368774414062,5874009
2022-07-26,102.87368774414062,102.87368774414062,102.01640701293945,102.87368774414062,6563994
2022-07-27,102.4450455025881,105.01688764909659,102.4450455025881,104.15960693359375,9642535
2022-07-28,104.15960693359375,104.58824729134517,103.73096657584234,104.15960693359375,3991357
2022-07-29,104.58824729134517,105.01688764909659,103.73096657584234,104.15960693359375,5825672
2022-08-01,105.01688957214355,105.01688957214355,103.7309684753418,104.58824920654297,6676687
2022-08-02,104.58825870436064,105.44553951341278,104.15961829983458,105.01689910888672,12935762
2022-08-03,104.15960693359375,105.01688764909659,103.73096657584234,104.15960693359375,8306573
2022-08-04,104.15960307141063,104.58824341326829,102.87368204583767,103.30232238769531,6256084
2022-08-05,103.7309684753418,104.58824920654297,103.7309684753418,104.58824920654297,6348596
2022-08-08,104.58825870436064,105.01689910888672,103.73097789530851,105.01689910888672,5802103
2022-08-09,104.58825870436064,105.01689910888672,104.15961829983458,105.01689910888672,5093823
2022-08-10,105.01689910888672,105.44553951341278,104.58825870436064,105.01689910888672,6508828
2022-08-11,105.87417407226563,108.0173759765625,105.87417407226563,107.16009521484375,15458225
2022-08-12,107.16009521484375,107.58873559570313,106.302814453125,107.16009521484375,6377801
2022-08-15,107.16009331515515,107.58873368841577,106.73145294189453,106.73145294189453,6632121
2022-08-16,107.16009719169092,107.16009719169092,105.44553563662387,105.87417602539062,7493451
2022-08-17,106.30281451465638,106.73145489576386,104.58825299022644,105.4455337524414,9284170
2022-08-18,105.44553951341278,105.44553951341278,104.58825870436064,105.01689910888672,6815456
2022-08-19,104.58824729134517,105.01688764909659,103.73096657584234,104.15960693359375,8200899
2022-08-22,103.7309684753418,104.58824920654297,103.7309684753418,104.58824920654297,2937000
2022-08-23,105.44553951341278,105.44553951341278,104.58825870436064,105.01689910888672,4441398
2022-08-24,105.01688957214355,105.01688957214355,104.58824920654297,104.58824920654297,6019282
2022-08-25,104.58824920654297,105.01688957214355,104.15960884094238,104.58824920654297,5097199
2022-08-26,104.58824920654297,105.01688957214355,104.15960884094238,104.58824920654297,5499080
2022-08-29,104.58825299022644,105.87417413354889,103.73097222801145,105.4455337524414,8019643
2022-08-30,105.01689910888672,105.87417991793885,104.58825870436064,105.01689910888672,6988327
2022-08-31,104.58825305276666,105.01689343413045,103.73097229003906,103.73097229003906,12363679
2022-09-01,103.73097229003906,104.15961267140287,103.30233190867527,103.73097229003906,8572045
2022-09-02,103.73097229003906,104.58825305276666,103.30233190867527,103.73097229003906,7553779
2022-09-05,103.7309684753418,104.58824920654297,103.7309684753418,104.58824920654297,6463593
2022-09-06,104.58824729134517,104.58824729134517,103.73096657584234,104.15960693359375,5698903
2022-09-07,103.73096272955297,104.15960307141063,102.87368204583767,103.30232238769531,6618473
2022-09-08,103.30233190867527,103.73097229003906,102.87369152731146,103.73097229003906,5446010
2022-09-12,104.58825305276666,104.58825305276666,102.87369152731146,103.73097229003906,8961957
2022-09-13,103.73097229003906,104.15961267140287,103.30233190867527,103.73097229003906,6266391
2022-09-14,102.87369349012813,103.30233387967034,102.44505310058594,102.44505310058594,6853643
2022-09-15,102.44505120926544,102.87369159089417,102.01641082763672,102.01641082763672,8434168
2022-09-16,101.58776664733887,102.01640701293945,100.7304859161377,101.15912628173828,16148738
2022-09-19,101.15912628173828,102.01640701293945,101.15912628173828,101.15912628173828,4568582
2022-09-20,101.58776664733887,102.01640701293945,101.15912628173828,101.15912628173828,4828675
2022-09-21,101.15913202813331,101.15913202813331,100.30185124823387,100.7304916381836,6218768
2022-09-22,99.87320518493652,100.30184555053711,99.44456481933594,99.44456481933594,7007431
2022-09-23,99.87320132048234,99.87320132048234,98.15863992442254,98.5872802734375,11164809
2022-09-26,98.15864559713863,100.30184746607179,97.30136484956536,99.87320709228516,8517050
2022-09-27,100.30184555053711,100.7304859161377,99.44456481933594,99.44456481933594,3717677
2022-09-28,100.30184746607179,100.30184746607179,97.730005223352,99.87320709228516,11651519
2022-09-29,100.30184555053711,100.7304859161377,98.58728408813477,99.44456481933594,13356968
2022-09-30,98.58729178445381,99.01593218351665,97.73001098632812,97.73001098632812,9488047
2022-10-03,96.87272842475652,97.3013688160165,95.15816685971659,95.58680725097656,16583873
2022-10-04,96.44408226013184,96.87272262573242,95.15816116333008,96.01544189453125,11471514
2022-10-05,96.01544764223655,96.44408803349654,95.58680725097656,95.58680725097656,9471574
2022-10-06,95.58681115197919,95.58681115197919,94.72953033447266,94.72953033447266,9644505
2022-10-07,94.30088992571939,95.15817074322592,93.87224951696611,94.72953033447266,9044480
2022-10-11,93.87224389872421,94.3008842818234,93.443603515625,93.443603515625,11586183
2022-10-12,93.44359970092773,94.3008804321289,93.01495933532715,94.3008804321289,8037153
2022-10-13,93.87224389872421,94.3008842818234,93.443603515625,93.443603515625,8618846
2022-10-14,93.87224389872421,94.3008842818234,92.58632274942661,93.443603515625,11049316
2022-10-17,93.0149631325258,93.87224389872421,92.58632274942661,93.443603515625,6672363
2022-10-18,93.8722419914562,93.8722419914562,92.58632086828557,93.01496124267578,8686191
2022-10-19,93.01496511060138,93.44360550281614,91.72904393395713,92.15768432617188,10214085
2022-10-20,91.72904205322266,92.15768243664893,90.44312090294383,91.72904205322266,17834465
2022-10-21,92.15767860412598,92.58631896972656,91.72903823852539,92.58631896972656,4813763
2022-10-24,92.58632471838663,93.01496511060138,91.72904393395713,92.15768432617188,8800813
2022-10-25,92.5863282907063,94.72953033447266,91.72904747319976,94.72953033447266,19558795
2022-10-26,94.3008823658464,94.72952274023662,93.01496124267578,93.01496124267578,12188012
2022-10-27,93.44359780228845,94.72951887296215,93.01495744539721,93.87223815917969,11978132
2022-10-28,93.87224389872421,94.3008842818234,93.443603515625,93.443603515625,6777773
2022-10-31,94.30088421245954,95.58680536081125,93.87224382967563,95.15816497802734,9124637
2022-11-01,94.72951887296215,94.72951887296215,93.87223815917969,93.87223815917969,5229334
2022-11-02,93.443601617066,93.443601617066,92.58632086828557,93.01496124267578,8134262
2022-11-03,93.01496124267578,93.443601617066,92.58632086828557,93.01496124267578,4811046
2022-11-04,92.15768049389536,93.01496124267578,91.72904011950514,93.01496124267578,11238971
2022-11-07,93.01495933532715,93.44359970092773,92.15767860412598,92.58631896972656,6220288
2022-11-08,92.58632086828557,93.01496124267578,92.58632086828557,93.01496124267578,4418249
2022-11-09,92.58632274942661,93.87224389872421,92.58632274942661,93.443603515625,11329982
2022-11-10,93.01496124267578,93.8722419914562,92.58632086828557,93.01496124267578,6575017
2022-11-11,93.87223815917969,94.30087851607091,93.01495744539721,93.87223815917969,13456528
2022-11-14,93.87223815917969,94.72951887296215,93.01495744539721,93.87223815917969,20311554
2022-11-15,93.87224389872421,94.3008842818234,93.0149631325258,93.443603515625,12078054
2022-11-16,93.01496124267578,93.443601617066,92.58632086828557,93.01496124267578,13477516
2022-11-17,93.01495933532715,93.44359970092773,92.15767860412598,92.58631896972656,11226626
2022-11-18,92.58632274942661,93.443603515625,92.58632274942661,93.443603515625,6662358
2022-11-21,93.443603515625,93.87224389872421,93.0149631325258,93.443603515625,5188355
2022-11-22,93.443601617066,93.443601617066,92.58632086828557,93.01496124267578,6080606
2022-11-23,93.443603515625,93.87224389872421,93.0149631325258,93.443603515625,5465406
2022-11-24,93.87224006652832,94.72952079772949,93.44359970092773,94.3008804321289,6400950
2022-11-25,94.30088229709202,97.73000528971353,94.30088229709202,96.44408416748047,19952159
2022-11-28,95.58681115197919,96.01545156073246,94.72953033447266,94.72953033447266,10916869
2022-11-29,94.72952079772949,96.87272262573242,94.72952079772949,96.01544189453125,9158053
2022-11-30,96.01544001238987,97.30136108398438,95.5867996551917,97.30136108398438,14502229
2022-12-01,97.7300092072765,97.7300092072765,95.58680725097656,95.58680725097656,10221907
2022-12-02,95.58680152893066,96.01544189453125,95.15816116333008,96.01544189453125,7119756
2022-12-05,96.01544379340277,96.87272454155816,95.58680341932508,96.44408416748047,4405981
2022-12-06,96.01544189453125,96.01544189453125,95.58680152893066,96.01544189453125,6949405
2022-12-07,96.01544379340277,96.87272454155816,95.58680341932508,96.44408416748047,9570363
2022-12-08,96.01544574359517,96.44408612637908,95.15816497802734,95.15816497802734,5780423
2022-12-09,95.58680152893066,96.44408226013184,95.15816116333008,96.01544189453125,6221075
2022-12-12,95.58680341932508,96.44408416748047,95.58680341932508,96.44408416748047,6975258
2022-12-13,96.01544574359517,96.44408612637908,95.15816497802734,95.15816497802734,8169127
2022-12-14,96.01544764223655,96.87272842475652,95.58680725097656,95.58680725097656,8017622
2022-12-15,96.44408226013184,96.44408226013184,95.58680152893066,96.01544189453125,7178759
2022-12-16,95.15817074322592,96.01545156073246,94.72953033447266,94.72953033447266,16233599
2022-12-19,94.7295264684566,96.01544764223655,94.7295264684566,95.58680725097656,7705228
2022-12-20,95.15816685971659,96.01544764223655,95.15816685971659,95.58680725097656,7023691
2022-12-21,95.58680725097656,96.44408803349654,95.58680725097656,95.58680725097656,5977026
2022-12-22,96.01544567547013,96.87272644042969,95.58680529299035,96.87272644042969,6424597
2022-12-23,96.01544379340277,96.87272454155816,95.58680341932508,96.44408416748047,6497656
2022-12-26,96.87272644042969,97.30136682290946,96.4440860579499,96.87272644042969,4827234
2022-12-27,97.30136682290946,97.30136682290946,96.87272644042969,96.87272644042969,1854101
2022-12-28,96.4440897891396,97.73001098632812,96.01544939007675,97.73001098632812,8373617
2022-12-29,96.87272644042969,97.30136682290946,96.4440860579499,96.87272644042969,3779640
2022-12-30,97.30136682290946,97.30136682290946,96.4440860579499,96.87272644042969,2561417
2023-01-03,96.87272644042969,97.30136682290946,95.58680529299035,96.87272644042969,7404693
2023-01-04,97.30136108398438,97.73000144118255,96.87272072678621,97.30136108398438,5591905
2023-01-05,97.30137058726528,97.73001098632812,96.87273018820244,97.73001098632812,7288494
2023-01-06,97.73001098632812,97.73001098632812,97.30137058726528,97.73001098632812,5058604
2023-01-09,98.15863992442254,98.5872802734375,97.30135922639266,98.5872802734375,8213144
2023-01-10,98.5872802734375,98.5872802734375,97.7299995754076,98.5872802734375,9017913
2023-01-11,98.58729178445381,98.58729178445381,97.30137058726528,97.73001098632812,8610495
2023-01-12,97.73000144118255,98.15864179838071,96.87272072678621,97.30136108398438,7284877
2023-01-13,97.73001098632812,98.15865138539097,97.30137058726528,97.73001098632812,4888239
2023-01-16,97.7299995754076,98.5872802734375,97.30135922639266,98.5872802734375,8411971
2023-01-17,98.15865138539097,98.58729178445381,97.73001098632812,97.73001098632812,7645572
2023-01-30,99.01592637774206,99.01592637774206,96.87272450809395,98.15864562988281,29033941
2023-01-31,98.15864566379123,98.15864566379123,96.44408416748047,96.44408416748047,17285032
2023-02-01,96.44408416748047,96.87272454155816,95.58680341932508,96.44408416748047,16737593
2023-02-02,96.01544189453125,96.87272262573242,95.58680152893066,96.01544189453125,12011874
2023-02-03,96.01544567547013,97.30136682290946,96.01544567547013,96.87272644042969,9364770
2023-02-06,96.44408416748047,97.30136491563584,96.01544379340277,96.44408416748047,6493829
2023-02-07,96.87272454155816,97.30136491563584,96.44408416748047,96.44408416748047,9010003
2023-02-08,96.44408416748047,96.87272454155816,96.44408416748047,96.44408416748047,11636332
2023-02-09,96.44408416748047,96.87272454155816,96.01544379340277,96.44408416748047,11541270
2023-02-10,96.01544567547013,96.87272644042969,96.01544567547013,96.87272644042969,7520314
2023-02-13,96.87272072678621,97.30136108398438,96.44408036958804,97.30136108398438,6984821
2023-02-14,97.73001098632812,98.15865138539097,96.87273018820244,97.73001098632812,9787460
2023-02-15,97.73000144118255,97.73000144118255,96.87272072678621,97.30136108398438,8799123
2023-02-16,97.30137058726528,98.15865138539097,97.30137058726528,97.73001098632812,7282653
2023-02-17,97.73000144118255,97.73000144118255,97.30136108398438,97.30136108398438,7783738
2023-02-20,97.7299995754076,98.5872802734375,97.30135922639266,98.5872802734375,5018590
2023-02-21,98.15864562988281,98.58728600381244,97.7300052559532,98.15864562988281,2324765
2023-02-22,98.15863992442254,99.01592062245244,97.7299995754076,98.5872802734375,7315372
2023-02-23,98.5872897854099,99.44457056615259,98.15864939503855,99.01593017578125,7527073
2023-02-24,99.01593017578125,99.44457056615259,98.5872897854099,99.01593017578125,11190600
2023-03-01,99.01592062245244,99.01592062245244,98.15863992442254,98.5872802734375,12214071
2023-03-02,98.58728597092525,100.30184746607179,98.58728597092525,99.87320709228516,9330543
2023-03-03,100.30185124823387,101.15913202813331,99.87321085828415,100.7304916381836,5440569
2023-03-06,101.15912628173828,102.01640701293945,100.7304859161377,101.15912628173828,6707883
2023-03-07,101.15912818103902,102.01640892833598,100.73048780739056,101.5877685546875,7401403
2023-03-08,101.15913006437927,102.01641082763672,101.15913006437927,102.01641082763672,9841915
2023-03-09,102.01640892833598,102.44504930198444,101.15912818103902,101.5877685546875,7667626
2023-03-10,101.58777241808303,101.58777241808303,100.30185124823387,100.7304916381836,7212337
2023-03-13,100.30184930112182,102.44505120926544,99.87320891949308,102.01641082763672,12199171
2023-03-14,101.15913202813331,101.58777241808303,100.7304916381836,100.7304916381836,7776951
2023-03-15,101.15913006437927,102.44505120926544,101.15913006437927,102.01641082763672,7306848
2023-03-16,101.587770446008,102.44505120926544,101.587770446008,102.01641082763672,5524789
2023-03-17,102.01640701293945,102.44504737854004,101.15912628173828,101.15912628173828,12552863
2023-03-20,101.587770446008,102.44505120926544,101.15913006437927,102.01641082763672,4135584
2023-03-21,102.01640892833598,102.44504930198444,101.5877685546875,101.5877685546875,3946628
2023-03-22,102.01641271104374,102.44505310058594,101.58777232150153,102.44505310058594,4220296
2023-03-23,102.44504737854004,103.30232810974121,102.44504737854004,102.87368774414062,6399137
2023-03-24,102.87369349012813,103.30233387967034,102.44505310058594,102.44505310058594,5436519
2023-03-27,102.87368774414062,103.30232810974121,102.44504737854004,102.87368774414062,5442223
2023-03-28,102.87369349012813,102.87369349012813,102.01641271104374,102.44505310058594,6976169
2023-03-29,102.87368774414062,102.87368774414062,102.01640701293945,102.87368774414062,6256395
2023-03-30,102.87368774414062,102.87368774414062,102.44504737854004,102.87368774414062,5231981
2023-03-31,102.87369349012813,103.30233387967034,102.44505310058594,102.44505310058594,4763194
2023-04-06,102.87368204583767,103.30232238769531,102.44504170398001,103.30232238769531,9101677
2023-04-07,103.30233190867527,103.73097229003906,102.87369152731146,103.73097229003906,5004463
2023-04-10,103.73097789530851,105.01689910888672,103.73097789530851,105.01689910888672,5819908
2023-04-11,105.01689337133392,105.4455337524414,104.15961260911894,105.4455337524414,9179497
2023-04-12,105.4455337524414,106.30281451465638,105.01689337133392,105.4455337524414,12436002
2023-04-13,105.4455375056113,106.30281829833984,105.01689710924703,106.30281829833984,12558793
2023-04-14,106.30281256863391,107.16009331515515,105.87417219537329,106.73145294189453,11122422
2023-04-17,106.7314567109978,107.58873748779297,105.87417593420264,107.58873748779297,8994658
2023-04-18,107.16009140014648,108.01737213134766,107.16009140014648,108.01737213134766,9299435
2023-04-19,108.01737406167639,108.01737406167639,106.73145294189453,106.73145294189453,7529206
2023-04-20,106.73145483398437,107.16009521484375,106.302814453125,107.16009521484375,8889299
2023-04-21,106.7314510345459,108.01737213134766,106.7314510345459,108.01737213134766,11372827
2023-04-24,107.58873176574707,108.44601249694824,107.58873176574707,108.01737213134766,6702384
2023-04-25,108.01737213134766,108.44601249694824,107.58873176574707,108.01737213134766,10201284
2023-04-26,108.01737591600794,108.8746566772461,107.58873553538885,108.8746566772461,13959600
2023-04-27,108.44601440429688,108.87465477743639,108.01737403115737,108.44601440429688,9161300
2023-04-28,108.44601629662701,108.8746566772461,108.01737591600794,108.8746566772461,6732342
2023-05-02,108.44601826458813,108.87465865298572,107.16009709939539,107.58873748779297,7866694
2023-05-03,107.16009709939539,107.58873748779297,106.7314567109978,107.58873748779297,4079566
2023-05-04,107.16009328487834,108.44601440429688,107.16009328487834,108.44601440429688,5710416
2023-05-05,108.44601440429688,108.44601440429688,107.58873365801786,108.44601440429688,2785395
2023-05-08,108.44601440429688,108.44601440429688,108.01737403115737,108.44601440429688,4096405
2023-05-09,108.01737403115737,108.44601440429688,108.01737403115737,108.44601440429688,5146252
2023-05-10,108.44601249694824,108.87465286254883,107.58873176574707,108.01737213134766,4920094
2023-05-11,108.01737213134766,108.01737213134766,107.58873176574707,108.01737213134766,4854031
2023-05-12,107.58873559570313,107.58873559570313,106.73145483398437,107.16009521484375,11515431
2023-05-15,106.7314567109978,107.58873748779297,106.7314567109978,107.58873748779297,6093072
2023-05-16,107.16009140014648,108.01737213134766,107.16009140014648,108.01737213134766,6355161
2023-05-17,107.58873553538885,108.8746566772461,107.58873553538885,108.8746566772461,9862783
2023-05-18,108.44601440429688,109.3032951505759,108.44601440429688,108.44601440429688,9076752
2023-05-19,108.87465096268,109.30329132080078,108.4460106045592,109.30329132080078,7452810
2023-05-22,108.87465865298572,108.87465865298572,107.16009709939539,107.58873748779297,11728555
2023-05-23,107.58873365801786,108.44601440429688,107.16009328487834,108.44601440429688,9011248
2023-05-24,107.58873365801786,108.44601440429688,107.16009328487834,108.44601440429688,9281820
2023-05-25,107.58873176574707,109.73193359375,107.16009140014648,109.73193359375,16137128
2023-05-26,108.44601629662701,108.8746566772461,107.16009515476978,108.8746566772461,19861824
2023-05-29,108.01737213134766,108.44601249694824,107.16009140014648,108.01737213134766,17412345
2023-05-30,107.58873748779297,108.01737787619055,106.7314567109978,107.58873748779297,18380988
2023-05-31,107.16009140014648,108.01737213134766,106.7314510345459,108.01737213134766,30755300
2023-06-01,107.58873559570313,108.0173759765625,106.73145483398437,107.16009521484375,9470029
2023-06-02,107.16009709939539,108.01737787619055,106.7314567109978,107.58873748779297,11646265
2023-06-05,107.58873559570313,107.58873559570313,107.16009521484375,107.16009521484375,5539383
2023-06-06,107.58873748779297,108.01737787619055,107.16009709939539,107.58873748779297,9385811
2023-06-07,108.0173759765625,108.0173759765625,107.16009521484375,107.16009521484375,6769690
2023-06-08,107.58873559570313,107.58873559570313,107.16009521484375,107.16009521484375,6302221
2023-06-09,107.58873748779297,108.01737787619055,107.16009709939539,107.58873748779297,6700966
2023-06-12,108.0173759765625,108.0173759765625,107.16009521484375,107.16009521484375,4169733
2023-06-13,107.16009709939539,108.01737787619055,107.16009709939539,107.58873748779297,7482332
2023-06-14,107.58873748779297,108.01737787619055,107.16009709939539,107.58873748779297,6085981
2023-06-15,107.58873748779297,108.01737787619055,107.16009709939539,107.58873748779297,3937342
2023-06-16,107.58873748779297,108.01737787619055,107.16009709939539,107.58873748779297,10413804
2023-06-19,107.58873748779297,108.01737787619055,107.16009709939539,107.58873748779297,6116054
2023-06-20,107.58873176574707,108.01737213134766,107.16009140014648,108.01737213134766,8197718
2023-06-21,107.58873176574707,108.01737213134766,107.16009140014648,108.01737213134766,8003105
2023-06-26,108.01737988379695,108.01737988379695,106.30281829833984,106.30281829833984,8697239
2023-06-27,106.30281066894531,106.30281066894531,104.58824920654297,104.58824920654297,10887767
2023-06-28,104.58824729134517,105.01688764909659,103.73096657584234,104.15960693359375,12039553
2023-06-29,104.33975576847158,105.23154855281749,104.33975576847158,104.78565216064453,15487262
2023-06-30,104.78564495692437,104.78564495692437,103.44795587236788,103.89385223388672,11194566
2023-07-03,103.89384901627251,104.33974536398183,102.55615997314453,102.55615997314453,11238620
2023-07-04,101.66437084643873,103.44795629988502,101.66437084643873,103.00205993652344,8869343
2023-07-05,103.00205632085385,103.89384901627251,102.55615997314453,102.55615997314453,8215292
2023-07-06,103.00205632085385,103.00205632085385,102.11026362543521,102.55615997314453,8362459
2023-07-07,102.55616400439666,102.55616400439666,101.66437127392365,102.11026763916016,7512264
2023-07-10,102.11027168809322,102.55616807101066,101.66437530517578,101.66437530517578,5665286
2023-07-11,102.11026362543521,103.00205632085385,102.11026362543521,102.55615997314453,6251249
2023-07-12,102.55615997314453,103.00205632085385,102.11026362543521,102.55615997314453,4869054
2023-07-13,103.00205632085385,103.00205632085385,102.55615997314453,102.55615997314453,6524536
2023-07-14,103.00205951084907,103.89385223388672,102.55616314933023,103.89385223388672,7492747
2023-07-17,104.33974859540554,104.33974859540554,103.44795587236788,103.89385223388672,4565265
2023-07-18,103.44795266856319,103.89384901627251,102.55615997314453,102.55615997314453,9568954
2023-07-19,103.44795266856319,103.89384901627251,102.55615997314453,102.55615997314453,9269600
2023-07-20,103.00205993652344,103.44795629988502,103.00205993652344,103.00205993652344,4926441
2023-07-21,103.44795629988502,103.89385266324659,103.00205993652344,103.00205993652344,8068597
2023-07-24,103.44795227050781,103.44795227050781,103.00205592451424,103.44795227050781,7040599
2023-07-25,103.44795587236788,103.89385223388672,103.00205951084907,103.89385223388672,5916645
2023-07-26,103.89385582035423,104.33975219726562,103.44795944344284,104.33975219726562,4899477
2023-07-27,104.33974859540554,104.33974859540554,103.89385223388672,103.89385223388672,4651599
2023-07-28,103.89385223388672,104.33974859540554,103.44795587236788,103.89385223388672,5171878
2023-07-31,104.33974496249495,104.33974496249495,103.44795227050781,103.44795227050781,7993658
2023-08-01,103.44795587236788,103.89385223388672,103.44795587236788,103.89385223388672,3599776
2023-08-02,103.44795227050781,103.89384861650137,103.44795227050781,103.44795227050781,6293443
2023-08-04,103.44795587236788,103.89385223388672,103.44795587236788,103.89385223388672,4893925
2023-08-07,103.44795227050781,103.89384861650137,103.44795227050781,103.44795227050781,5788751
2023-08-08,103.89385223388672,104.33974859540554,103.44795587236788,103.89385223388672,8033607
2023-08-09,103.89385582035423,104.33975219726562,103.89385582035423,104.33975219726562,5910356
2023-08-10,104.33975174467442,105.2315444946289,104.33975174467442,105.2315444946289,9831879
2023-08-11,105.2315444946289,105.67744086960614,105.2315444946289,105.2315444946289,4976743
2023-08-14,105.23154495108841,105.6774413279998,104.33975219726562,104.33975219726562,7211160
2023-08-15,105.23154495108841,105.23154495108841,104.33975219726562,104.33975219726562,3854818
2023-08-16,104.33975174467442,105.2315444946289,104.33975174467442,105.2315444946289,8335561
2023-08-17,104.78564495692437,104.78564495692437,103.89385223388672,103.89385223388672,8428239
2023-08-18,104.33975576847158,105.23154855281749,103.89385937629862,104.78565216064453,8102766
2023-08-21,104.78564857417702,105.23154495108841,104.33975219726562,104.33975219726562,5133631
2023-08-22,104.33974859540554,104.78564495692437,103.89385223388672,103.89385223388672,5298292
2023-08-23,104.33974859540554,104.78564495692437,103.89385223388672,103.89385223388672,3239129
2023-08-24,103.89385937629862,105.23154855281749,103.89385937629862,104.78565216064453,6282977
2023-08-25,104.78564495692437,105.23154131844319,103.89385223388672,103.89385223388672,4936546
2023-08-28,104.33975219726562,104.78564857417702,103.89385582035423,104.33975219726562,2315802
2023-08-29,104.33975576847158,105.23154855281749,104.33975576847158,104.78565216064453,3080588
2023-08-30,104.78564857417702,105.23154495108841,104.33975219726562,104.33975219726562,6026596
2023-08-31,104.78564130848851,104.78564130848851,103.44795227050781,103.44795227050781,17010330
2023-09-01,103.44795587236788,104.33974859540554,103.44795587236788,103.89385223388672,3802356
2023-09-04,103.89385937629862,104.78565216064453,103.44796298412567,104.78565216064453,3869110
2023-09-05,104.78564857417702,104.78564857417702,104.33975219726562,104.33975219726562,3518547
2023-09-06,104.78564857417702,104.78564857417702,104.33975219726562,104.33975219726562,4198339
2023-09-07,104.33975219726562,104.78564857417702,103.89385582035423,104.33975219726562,5767226
2023-09-08,104.33974859540554,104.33974859540554,103.89385223388672,103.89385223388672,3607873
2023-09-11,103.89385582035423,104.33975219726562,103.89385582035423,104.33975219726562,3614763
2023-09-12,104.33975219726562,104.78564857417702,103.89385582035423,104.33975219726562,4454854
2023-09-13,104.33974859540554,104.78564495692437,103.89385223388672,103.89385223388672,6076447
2023-09-14,104.33975219726562,104.33975219726562,103.89385582035423,104.33975219726562,5435470
2023-09-15,104.33975576847158,104.78565216064453,103.89385937629862,104.78565216064453,10367822
2023-09-18,104.33975219726562,104.78564857417702,104.33975219726562,104.33975219726562,2051659
2023-09-19,104.33975219726562,105.23154495108841,104.33975219726562,104.33975219726562,4556187
2023-09-20,104.33975219726562,104.78564857417702,103.89385582035423,104.33975219726562,5369871
2023-09-21,104.33974859540554,104.78564495692437,103.89385223388672,103.89385223388672,4352431
2023-09-22,103.89385582035423,104.33975219726562,103.89385582035423,104.33975219726562,5569613
2023-09-25,104.33974859540554,104.33974859540554,103.89385223388672,103.89385223388672,2525486
2023-09-26,103.89384861650137,104.33974496249495,103.44795227050781,103.44795227050781,6581376
2023-09-27,103.44795587236788,103.89385223388672,103.44795587236788,103.89385223388672,5407591
2023-09-28,103.89384861650137,104.33974496249495,103.44795227050781,103.44795227050781,4534503
2023-10-02,103.89385223388672,104.33974859540554,103.44795587236788,103.89385223388672,5153450
2023-10-03,103.89384861650137,103.89384861650137,103.44795227050781,103.44795227050781,4165567
2023-10-04,103.44795266856319,103.44795266856319,102.55615997314453,102.55615997314453,9023191
2023-10-05,102.55615997314453,103.44795266856319,102.55615997314453,102.55615997314453,8552430
2023-10-06,103.00205993652344,103.44795629988502,103.00205993652344,103.00205993652344,4833588
2023-10-11,103.89385223388672,103.89385223388672,103.00205951084907,103.89385223388672,10287534
2023-10-12,104.33974859540554,104.33974859540554,103.44795587236788,103.89385223388672,5922957
2023-10-13,103.44795227050781,103.89384861650137,103.00205592451424,103.44795227050781,7220713
2023-10-16,103.44795587236788,103.89385223388672,103.44795587236788,103.89385223388672,4891113
2023-10-17,103.89385223388672,104.33974859540554,103.44795587236788,103.89385223388672,6156682
2023-10-18,103.89384861650137,103.89384861650137,103.44795227050781,103.44795227050781,4940561
2023-10-19,103.44795227050781,103.89384861650137,103.00205592451424,103.44795227050781,6904498
2023-10-20,103.00205993652344,103.44795629988502,103.00205993652344,103.00205993652344,9628037
2023-10-23,103.00205993652344,103.44795629988502,103.00205993652344,103.00205993652344,4634133
2023-10-24,103.00205993652344,103.44795629988502,103.00205993652344,103.00205993652344,5428798
2023-10-25,103.00205993652344,103.44795629988502,103.00205993652344,103.00205993652344,5061638
2023-10-26,103.00205632085385,103.44795266856319,102.55615997314453,102.55615997314453,7264172
2023-10-27,103.00205993652344,103.44795629988502,102.55616357316187,103.00205993652344,8936659
2023-10-30,103.44795629988502,103.44795629988502,103.00205993652344,103.00205993652344,7421331
2023-10-31,103.44795227050781,103.44795227050781,103.00205592451424,103.44795227050781,8133572
2023-11-01,103.44795944344284,104.78564857417702,103.00206306653145,104.33975219726562,8197189
2023-11-02,104.33975174467442,105.2315444946289,103.89385536969718,105.2315444946289,10269115
2023-11-03,105.23154855281749,105.67744494499044,104.33975576847158,104.78565216064453,7831908
2023-11-06,105.23154855281749,105.67744494499044,104.78565216064453,104.78565216064453,7297053
2023-11-07,104.78564811965165,105.2315444946289,104.78564811965165,105.2315444946289,6007182
2023-11-08,105.23154806788965,105.67744445800781,105.23154806788965,105.67744445800781,6005395
2023-11-09,105.67744494499044,105.67744494499044,104.78565216064453,104.78565216064453,6419910
2023-11-10,104.78564857417702,105.23154495108841,104.33975219726562,104.33975219726562,5447812
2023-11-13,104.78564495692437,105.23154131844319,103.89385223388672,103.89385223388672,7875588
2023-11-14,104.33974859540554,104.78564495692437,103.89385223388672,103.89385223388672,6298683
2023-11-15,104.33975174467442,105.2315444946289,104.33975174467442,105.2315444946289,13224878
2023-11-16,105.23154495108841,105.6774413279998,104.33975219726562,104.33975219726562,12982942
2023-11-17,104.78564857417702,105.23154495108841,104.33975219726562,104.33975219726562,8133467
2023-11-20,104.33975174467442,105.2315444946289,104.33975174467442,105.2315444946289,7897490
2023-11-21,104.78564811965165,105.67744086960614,104.78564811965165,105.2315444946289,8101671
2023-11-22,105.2315444946289,105.67744086960614,104.78564811965165,105.2315444946289,4045569
2023-11-23,105.23154806788965,105.67744445800781,105.23154806788965,105.67744445800781,3927052
2023-11-24,105.67744041891659,106.12333679199219,105.23154404584099,106.12333679199219,6102974
2023-11-27,106.12333634694417,107.46102546056112,106.12333634694417,107.01512908935547,6961903
2023-11-28,107.01513314346887,107.90692591966445,106.5692367553711,106.5692367553711,11610707
2023-11-29,106.56923271814982,107.90692183176677,106.56923271814982,107.01512908935547,7631885
2023-11-30,107.01513314346887,107.46102953156667,106.5692367553711,106.5692367553711,15418291
2023-12-01,106.12333634694417,107.46102546056112,106.12333634694417,107.01512908935547,4484014
2023-12-04,107.01512864798555,107.90692138671875,107.01512864798555,107.90692138671875,5437893
2023-12-05,107.90691736794302,108.35281372070312,107.01512466242283,108.35281372070312,5771655
2023-12-06,108.79871368408203,109.24461005163974,108.35281731652431,108.79871368408203,6418930
2023-12-07,108.79871412545197,108.79871412545197,107.90692138671875,107.90692138671875,3778882
2023-12-08,107.90691777779354,108.35281413224723,107.46102142333984,107.46102142333984,4312152
2023-12-11,107.46102546056112,107.46102546056112,106.56923271814982,107.01512908935547,5985391
2023-12-12,107.01512908935547,107.01512908935547,106.56923271814982,107.01512908935547,3656755
2023-12-13,107.01513314346887,107.46102953156667,106.5692367553711,106.5692367553711,3183826
2023-12-14,107.01513314346887,107.46102953156667,106.1233403672733,106.5692367553711,9787445
2023-12-15,106.56923723824417,107.01513362836235,105.23154806788965,105.67744445800781,19487692
2023-12-18,105.67744445800781,106.12334084812599,105.23154806788965,105.67744445800781,6474565
2023-12-19,105.23154806788965,105.67744445800781,105.23154806788965,105.67744445800781,4347336
2023-12-20,105.67744445800781,106.12334084812599,105.23154806788965,105.67744445800781,6074672
2023-12-21,105.67744086960614,105.67744086960614,104.78564811965165,105.2315444946289,6972550
2023-12-22,105.67744494499044,105.67744494499044,104.78565216064453,104.78565216064453,4845803
2023-12-25,105.2315444946289,105.67744086960614,104.78564811965165,105.2315444946289,6138696
2023-12-26,105.23154404584099,106.12333679199219,105.23154404584099,106.12333679199219,5217099
2023-12-27,105.67744397917551,106.5692367553711,105.67744397917551,106.5692367553711,5593487
2023-12-28,106.12333634694417,107.01512908935547,106.12333634694417,107.01512908935547,5905395
2023-12-29,107.01512908935547,107.46102546056112,106.56923271814982,107.01512908935547,4810112
2024-01-02,107.01512506888615,107.46102142333984,106.56922871443246,107.46102142333984,3929586
2024-01-03,107.01512908935547,107.46102546056112,106.12333634694417,107.01512908935547,6619874
2024-01-04,106.56923316506779,107.01512953814338,106.12333679199219,106.12333679199219,5943302
2024-01-05,106.5692367553711,106.5692367553711,106.1233403672733,106.5692367553711,2800408
2024-01-08,106.56922871443246,107.46102142333984,106.12333235997876,107.46102142333984,7363007
2024-01-09,107.46102546056112,107.46102546056112,107.01512908935547,107.01512908935547,4199696
2024-01-10,107.01512908935547,107.46102546056112,107.01512908935547,107.01512908935547,3538106
2024-01-11,107.01512506888615,107.46102142333984,107.01512506888615,107.46102142333984,4311684
2024-01-12,107.46102546056112,107.46102546056112,107.01512908935547,107.01512908935547,2471714
2024-01-15,107.01512506888615,107.90691777779354,107.01512506888615,107.46102142333984,5616590
2024-01-16,107.01512953814338,107.46102591121898,106.12333679199219,106.12333679199219,9731902
2024-01-17,106.12334084812599,106.56923723824417,105.67744445800781,105.67744445800781,11789932
2024-01-18,105.67744445800781,106.12334084812599,105.67744445800781,105.67744445800781,4985092
2024-01-19,105.67744041891659,107.01512953814338,105.67744041891659,106.12333679199219,6775247
2024-01-22,106.56923316506779,107.01512953814338,106.12333679199219,106.12333679199219,4087907
2024-01-23,106.5692367553711,107.01513314346887,106.1233403672733,106.5692367553711,5034017
2024-01-24,106.56923271814982,107.01512908935547,106.56923271814982,107.01512908935547,3782044
2024-01-25,107.01512908935547,107.46102546056112,106.56923271814982,107.01512908935547,4231038
2024-01-26,107.01513314346887,107.01513314346887,106.5692367553711,106.5692367553711,3425392
2024-01-29,106.56923271814982,107.46102546056112,106.56923271814982,107.01512908935547,5140571
2024-01-30,107.01513314346887,107.01513314346887,106.5692367553711,106.5692367553711,6027867
2024-01-31,106.12333679199219,106.56923316506779,106.12333679199219,106.12333679199219,5874835
2024-02-01,106.12333634694417,107.01512908935547,106.12333634694417,107.01512908935547,8655253
2024-02-02,107.01512506888615,107.46102142333984,106.56922871443246,107.46102142333984,6866724
2024-02-05,107.01512466242283,108.35281372070312,107.01512466242283,108.35281372070312,10328244
2024-02-15,108.35281775608536,108.79871412545197,107.90692138671875,107.90692138671875,12471870
2024-02-16,108.35281731652431,108.79871368408203,107.9069209489666,108.79871368408203,5667119
2024-02-19,108.35281731652431,109.24461005163974,108.35281731652431,108.79871368408203,6987548
2024-02-20,108.7987172652264,109.24461364746094,108.7987172652264,109.24461364746094,4955371
2024-02-21,109.24461364746094,109.69051002969547,109.24461364746094,109.24461364746094,6240200
2024-02-22,109.24461005163974,109.69050641919745,108.79871368408203,108.79871368408203,7120399
2024-02-23,108.79871368408203,109.24461005163974,108.79871368408203,108.79871368408203,3665891
2024-02-26,108.79871368408203,109.24461005163974,108.79871368408203,108.79871368408203,4362841
2024-02-27,108.79871412545197,109.24461049481857,107.46102501735214,107.90692138671875,19652629
2024-02-29,107.01512506888615,107.90691777779354,107.01512506888615,107.46102142333984,19899245
2024-03-01,107.46102501735214,108.35281775608536,107.46102501735214,107.90692138671875,3814302
2024-03-04,107.90691736794302,108.79871007346321,107.90691736794302,108.35281372070312,5712966
2024-03-05,108.35281775608536,108.79871412545197,107.90692138671875,107.90692138671875,6388711
2024-03-06,107.90691736794302,108.79871007346321,107.90691736794302,108.35281372070312,7006712
2024-03-07,107.90692138671875,108.35281775608536,107.90692138671875,107.90692138671875,4551292
2024-03-08,107.46102142333984,107.90691777779354,107.46102142333984,107.46102142333984,5793342
2024-03-11,107.46102101518294,108.35281372070312,107.46102101518294,108.35281372070312,6698572
2024-03-12,108.79871007346321,108.79871007346321,108.35281372070312,108.35281372070312,6127035
2024-03-13,107.90692138671875,108.35281775608536,107.90692138671875,107.90692138671875,7315938
2024-03-14,107.9069209489666,108.79871368408203,107.9069209489666,108.79871368408203,5992283
2024-03-15,108.7987172652264,109.24461364746094,108.35282088299186,109.24461364746094,14360918
2024-03-18,109.24460961566709,109.69050598144531,108.79871324988885,109.69050598144531,6127785
2024-03-19,109.24460961566709,110.13640234722355,108.79871324988885,109.69050598144531,12335998
2024-03-20,109.24460961566709,110.58229871300178,109.24460961566709,109.69050598144531,10819357
2024-03-21,109.6905095644808,110.58230232516763,109.24461318413738,110.13640594482422,8660681
2024-03-22,109.69050555075368,110.5822982788086,109.69050555075368,110.5822982788086,7656713
2024-03-25,110.13640548522214,111.0281982421875,110.13640548522214,111.0281982421875,5107143
2024-03-26,111.02819778624759,111.91999053955078,110.582301409596,111.91999053955078,9035044
2024-03-27,111.9199860940768,113.25767517089844,111.9199860940768,113.25767517089844,15646989
2024-03-28,112.81178329285397,113.25767966950558,111.47409416289919,111.91999053955078,15141141
2024-03-29,111.9199860940768,113.25767517089844,111.47408973513626,113.25767517089844,7912000
2024-04-01,112.36588646206461,113.25767921176353,111.91999008721514,112.81178283691406,5355213
2024-04-02,112.81178283691406,113.25767921176353,112.36588646206461,112.81178283691406,9019098
2024-04-03,112.8117873840332,112.8117873840332,111.4740982055664,111.4740982055664,11532219
2024-04-08,111.47409371236567,112.81178283691406,111.47409371236567,112.81178283691406,8563856
2024-04-09,112.36588691620238,112.81178329285397,111.91999053955078,111.91999053955078,4284176
2024-04-10,111.9199865129259,112.36588287353516,111.9199865129259,112.36588287353516,4843688
2024-04-11,111.91999008721514,112.81178283691406,111.47409371236567,112.81178283691406,8702711
2024-04-12,111.91999053955078,112.81178329285397,111.91999053955078,111.91999053955078,6974683
2024-04-15,111.9199865129259,112.81177923414442,111.9199865129259,112.36588287353516,8565892
2024-04-16,111.91999099915286,112.36588737763554,110.58230186370481,111.0281982421875,14929437
2024-04-17,111.47409508585447,111.47409508585447,110.13640594482422,110.13640594482422,14136001
2024-04-18,110.13640191478115,111.02819464283606,109.69050555075368,110.5822982788086,11527647
2024-04-19,110.13640234722355,110.58229871300178,109.24460961566709,109.69050598144531,17819913
2024-04-22,110.1364050329444,111.91999053955078,109.6905086562928,111.91999053955078,15679606
2024-04-23,111.91999459838867,112.36589099121093,111.4740982055664,111.4740982055664,11446965
2024-04-24,111.91999099915286,112.36588737763554,110.58230186370481,111.0281982421875,13656192
2024-04-25,111.47409508585447,111.47409508585447,110.13640594482422,110.13640594482422,11276320
2024-04-26,110.13640594482422,111.02819870551106,110.13640594482422,110.13640594482422,4368881
2024-04-29,110.58230186370481,111.91999099915286,110.58230186370481,111.0281982421875,6932193
2024-04-30,111.02819464283606,111.4740910068635,110.5822982788086,110.5822982788086,7326576
2024-05-02,110.5822982788086,111.4740910068635,110.13640191478115,110.5822982788086,10536430
2024-05-03,110.5822982788086,111.4740910068635,110.5822982788086,110.5822982788086,7118595
2024-05-06,111.0281982421875,111.47409462067017,110.58230186370481,111.0281982421875,5071054
2024-05-07,111.02819778624759,111.91999053955078,111.02819778624759,111.91999053955078,7151594
2024-05-08,111.91999008721514,113.25767921176353,111.47409371236567,112.81178283691406,19428794
2024-05-09,112.36588287353516,112.81177923414442,111.9199865129259,112.36588287353516,6874583
2024-05-10,111.91999053955078,112.36588691620238,111.47409416289919,111.91999053955078,5968359
2024-05-13,111.91999008721514,112.81178283691406,111.47409371236567,112.81178283691406,7685329
2024-05-14,112.81178329285397,112.81178329285397,111.47409416289919,111.91999053955078,5845899
2024-05-15,111.91999053955078,112.36588691620238,111.47409416289919,111.91999053955078,6490060
2024-05-16,112.36588691620238,112.81178329285397,111.91999053955078,111.91999053955078,9807689
2024-05-17,111.9199865129259,112.81177923414442,111.9199865129259,112.36588287353516,5388916
2024-05-20,112.36588646206461,112.81178283691406,111.91999008721514,112.81178283691406,9138618
2024-05-21,112.36588646206461,112.81178283691406,111.91999008721514,112.81178283691406,6385920
2024-05-22,112.8117788119579,113.25767517089844,112.36588245301735,113.25767517089844,13704427
2024-05-23,112.8117788119579,114.14946788877953,112.36588245301735,113.25767517089844,17506891
2024-05-24,113.25767517089844,114.14946788877953,112.36588245301735,113.25767517089844,17804557
2024-05-27,113.25768377685547,114.1494765625,111.4740982055664,111.4740982055664,30524548
2024-05-28,112.36588287353516,113.70357195536296,111.9199865129259,112.36588287353516,22661310
2024-05-29,112.36589099121093,113.25768377685547,111.4740982055664,111.4740982055664,25045057
2024-05-30,111.47409015231663,112.81177923414442,111.47409015231663,112.36588287353516,22301631
2024-05-31,111.91998568177223,114.14946746826172,111.91998568177223,114.14946746826172,47976094
2024-06-03,113.70357152983898,114.14946788877953,111.9199860940768,113.25767517089844,26457741
2024-06-04,112.36588245301735,114.14946788877953,112.36588245301735,113.25767517089844,19092387
2024-06-05,113.70357152983898,114.14946788877953,112.8117788119579,113.25767517089844,17379246
2024-06-06,113.25767876120175,114.14947150735294,112.81178238812615,113.70357513427734,8878458
2024-06-07,113.25767921176353,113.70357558661298,112.81178283691406,112.81178283691406,8241385
2024-06-11,112.36588646206461,113.25767921176353,112.36588646206461,112.81178283691406,9916150
2024-06-12,112.81178283691406,113.25767921176353,112.36588646206461,112.81178283691406,8438253
2024-06-13,112.81178283691406,113.25767921176353,112.81178283691406,112.81178283691406,9978075
2024-06-14,113.25767475366592,114.14946746826172,112.81177839636803,114.14946746826172,8494128
2024-06-17,113.70357513427734,114.14947150735294,113.25767876120175,113.70357513427734,5972687
2024-06-18,114.14946746826172,114.14946746826172,113.25767475366592,114.14946746826172,5751895
2024-06-19,114.14947150735294,114.14947150735294,113.25767876120175,113.70357513427734,10248635
2024-06-20,113.25767921176353,113.70357558661298,112.36588646206461,112.81178283691406,10349850
2024-06-21,113.25767966950558,113.25767966950558,111.91999053955078,111.91999053955078,14556702
2024-06-24,111.91999008721514,112.81178283691406,111.91999008721514,112.81178283691406,7634506
2024-06-25,112.81177923414442,113.25767559475369,111.9199865129259,112.36588287353516,9404887
2024-06-26,112.36588691620238,112.81178329285397,111.47409416289919,111.91999053955078,11198862
2024-06-27,111.47409015231663,112.36588287353516,111.47409015231663,112.36588287353516,10523343
2024-06-28,112.36588691620238,112.81178329285397,111.91999053955078,111.91999053955078,12031834
2024-07-01,112.36588646206461,113.25767921176353,112.36588646206461,112.81178283691406,14707795
2024-07-02,112.36588691620238,112.81178329285397,111.47409416289919,111.91999053955078,17226669
2024-07-03,111.91999053955078,112.36588691620238,111.47409416289919,111.91999053955078,16054127
2024-07-04,110.30527203394894,110.76873956350335,109.37833697484012,109.84180450439453,65305885
2024-07-05,110.30526561737061,111.2322006225586,110.30526561737061,111.2322006225586,17021940
2024-07-08,111.23220235359769,111.23220235359769,109.84179982417771,110.30526733398438,21760036
2024-07-09,110.30526733398438,110.76873484379102,109.84179982417771,110.30526733398438,11100060
2024-07-10,110.30527203394894,110.30527203394894,109.37833697484012,109.84180450439453,12695309
2024-07-11,109.84180450439453,110.30527203394894,109.37833697484012,109.84180450439453,9135108
2024-07-12,109.84180450439453,110.30527203394894,109.37833697484012,109.84180450439453,9106288
2024-07-15,110.30527027082243,111.23220531511507,109.84180274867613,110.76873779296875,13774995
2024-07-16,110.76873779296875,111.69567283726137,110.76873779296875,110.76873779296875,18231645
2024-07-17,111.23220531511507,111.69567283726137,110.76873779296875,110.76873779296875,12321627
2024-07-18,111.2322035666818,112.15913859640415,110.76873605182062,111.69567108154297,22118121
2024-07-19,111.23220648647339,112.15914154052734,110.76873895944642,112.15914154052734,11333262
2024-07-22,111.2322035666818,112.15913859640415,110.76873605182062,111.69567108154297,12644601
2024-07-23,111.69567692132644,113.549547077697,111.69567692132644,112.62261199951172,17062494
2024-07-26,112.62261022450971,114.01301281987404,112.62261022450971,113.54954528808594,15911164
2024-07-29,113.549547077697,114.01301461678965,112.15914446041909,112.62261199951172,11552952
2024-07-30,112.62260906755431,113.54954412160825,112.15914154052734,112.15914154052734,9808348
2024-07-31,112.62261199951172,113.08607953860437,112.15914446041909,112.62261199951172,8919472
2024-08-01,113.08607953860437,113.08607953860437,112.15914446041909,112.62261199951172,9286416
2024-08-02,112.15914557232121,114.01301574707031,112.15914557232121,114.01301574707031,21714466
2024-08-05,112.62261199951172,113.549547077697,110.76874184314116,112.62261199951172,28343444
2024-08-06,112.62260730931015,113.08607482910156,111.69567226972735,113.08607482910156,16331653
2024-08-07,112.62261199951172,114.47648215588228,111.69567692132644,112.62261199951172,20231127
2024-08-08,112.15914446041909,113.08607953860437,112.15914446041909,112.62261199951172,11049191
2024-08-09,112.15913978951876,113.54954234889296,112.15913978951876,113.08607482910156,14307083
2024-08-12,113.08607953860437,113.549547077697,112.62261199951172,112.62261199951172,7108821
2024-08-13,113.08607482910156,113.08607482910156,112.15913978951876,113.08607482910156,7932960
2024-08-14,113.08607775629783,113.54954528808594,112.62261022450971,113.54954528808594,10450411
2024-08-15,114.01301574707031,114.01301574707031,113.54954820338304,114.01301574707031,10259196
2024-08-16,114.47647390057963,114.93994140625,114.47647390057963,114.93994140625,12404337
2024-08-19,114.93994610126201,114.93994610126201,114.01301105205829,114.47647857666016,5685547
2024-08-20,114.93994610126201,114.93994610126201,114.01301105205829,114.47647857666016,6577550
2024-08-21,114.47647857666016,114.93994610126201,114.01301105205829,114.47647857666016,8683818
2024-08-22,114.47647390057963,114.93994140625,114.01300639490927,114.93994140625,7853974
2024-08-23,114.93994140625,115.86687641759072,114.47647390057963,114.93994140625,8860293
2024-08-26,115.40340891192035,115.86687641759072,114.47647390057963,114.93994140625,6940214
2024-08-27,114.47647683017225,115.40341186523438,114.01300931264119,115.40341186523438,7668987
2024-08-28,115.40340891192035,115.40340891192035,114.47647390057963,114.93994140625,8456971
2024-08-29,114.93994610126201,115.40341362586388,114.47647857666016,114.47647857666016,6452953
2024-08-30,114.93994140625,115.40340891192035,114.47647390057963,114.93994140625,10557378
2024-09-02,114.93994140625,115.40340891192035,114.93994140625,114.93994140625,3494668
2024-09-03,115.40340891192035,115.86687641759072,114.93994140625,114.93994140625,6234372
2024-09-04,114.01300986868436,114.47647738847576,113.08607482910156,113.08607482910156,13813229
2024-09-05,114.4764832907576,114.93995083444487,114.01301574707031,114.01301574707031,5078981
2024-09-06,114.47647390057963,114.93994140625,114.01300639490927,114.93994140625,5683638
2024-09-09,114.01301105205829,114.93994610126201,114.01301105205829,114.47647857666016,5800768
2024-09-10,114.47647390057963,114.93994140625,114.47647390057963,114.93994140625,5000995
2024-09-11,114.93994610126201,115.40341362586388,114.47647857666016,114.47647857666016,5843180
2024-09-12,115.40341186523438,115.40341186523438,114.93994434770332,115.40341186523438,5005266
2024-09-13,115.40341186523438,115.40341186523438,114.93994434770332,115.40341186523438,2083381
2024-09-16,115.86688232421875,115.86688232421875,115.40341479492187,115.86688232421875,5139325
2024-09-18,115.86688232421875,115.86688232421875,115.40341479492187,115.86688232421875,5372748
2024-09-19,115.86688232421875,116.33034985351563,115.40341479492187,115.86688232421875,5310056
2024-09-20,116.33034809051999,116.79381561279297,115.866880568247,116.79381561279297,16412065
2024-09-23,116.7938185378968,117.25728607177734,116.33035100401625,117.25728607177734,7043712
2024-09-24,117.72075360565789,117.72075360565789,116.7938185378968,117.25728607177734,6905282
2024-09-25,117.72075360565789,117.72075360565789,117.25728607177734,117.25728607177734,9325906
2024-09-26,117.72075653076172,117.72075653076172,117.25728898536501,117.72075653076172,7287610
2024-09-27,118.18422113953842,118.18422113953842,117.25728607177734,117.25728607177734,5542927
2024-09-30,117.25728017495447,117.72074768552743,116.3303451538086,116.3303451538086,7951707
2024-10-01,116.33034809051999,116.79381561279297,115.866880568247,116.79381561279297,5702964
2024-10-04,114.93994434770332,115.86687938276543,114.93994434770332,115.40341186523438,9763740
2024-10-07,115.40340891192035,115.86687641759072,114.47647390057963,114.93994140625,9515778
2024-10-08,114.47648035166215,114.93994788345024,113.54954528808594,113.54954528808594,15834662
2024-10-09,114.01301281987404,114.93994788345024,113.54954528808594,113.54954528808594,6041783
2024-10-11,113.54954528808594,114.47648035166215,113.54954528808594,113.54954528808594,5612619
2024-10-14,114.01301281987404,114.47648035166215,113.54954528808594,113.54954528808594,6265050
2024-10-15,114.01301105205829,114.93994610126201,113.54954352745642,114.47647857666016,9883764
2024-10-16,114.01301281987404,114.47648035166215,113.54954528808594,113.54954528808594,9891777
2024-10-17,113.54954528808594,114.47648035166215,113.08607775629783,113.54954528808594,9806797
2024-10-18,114.01300639490927,114.93994140625,113.5495388892389,114.93994140625,8782433
2024-10-21,114.93994788345024,114.93994788345024,113.54954528808594,113.54954528808594,8106376
2024-10-22,113.54954820338304,114.01301574707031,113.08608065969577,114.01301574707031,7463419
2024-10-23,114.01300986868436,114.01300986868436,113.08607482910156,113.08607482910156,11361296
2024-10-24,113.08607482910156,113.54954234889296,112.62260730931015,113.08607482910156,6952213
2024-10-25,113.54954234889296,113.54954234889296,112.62260730931015,113.08607482910156,5159673
2024-10-28,113.08607775629783,114.01301281987404,112.62261022450971,113.54954528808594,5072956
2024-10-29,113.54954528808594,113.54954528808594,112.62261022450971,113.54954528808594,7546888
2024-10-30,113.08607482910156,113.54954234889296,112.62260730931015,113.08607482910156,6582591
2024-11-01,113.08607482910156,113.54954234889296,112.62260730931015,113.08607482910156,9119936
2024-11-04,113.08607775629783,113.54954528808594,113.08607775629783,113.54954528808594,4074417
2024-11-05,113.54954820338304,114.01301574707031,113.08608065969577,114.01301574707031,4793770
2024-11-06,114.01301281987404,114.47648035166215,113.54954528808594,113.54954528808594,5435041
2024-11-07,113.54954820338304,114.01301574707031,113.08608065969577,114.01301574707031,4386693
2024-11-08,114.01301574707031,114.4764832907576,113.54954820338304,114.01301574707031,7902597
2024-11-11,114.01301574707031,114.4764832907576,113.54954820338304,114.01301574707031,3637135
2024-11-12,114.01301281987404,114.01301281987404,113.54954528808594,113.54954528808594,9181844
2024-11-13,113.54954352745642,114.47647857666016,113.08607600285457,114.47647857666016,9077911
2024-11-14,114.01301281987404,114.47648035166215,113.54954528808594,113.54954528808594,5991122
2024-11-15,114.01301281987404,114.47648035166215,113.54954528808594,113.54954528808594,5194547
2024-11-18,114.01301281987404,114.01301281987404,113.54954528808594,113.54954528808594,4475319
2024-11-19,114.01301105205829,114.47647857666016,113.54954352745642,114.47647857666016,5168687
2024-11-20,113.54954528808594,113.54954528808594,113.54954528808594,113.54954528808594,5782061
2024-11-21,113.54954820338304,114.4764832907576,113.54954820338304,114.01301574707031,4877369
2024-11-22,114.01301574707031,114.4764832907576,114.01301574707031,114.01301574707031,3976723
2024-11-25,114.93994610126201,115.40341362586388,114.47647857666016,114.47647857666016,14504900
2024-11-26,114.47647390057963,115.40340891192035,114.47647390057963,114.93994140625,4795713
2024-11-27,114.47647857666016,115.40341362586388,114.47647857666016,114.47647857666016,6511315
2024-11-28,114.93994610126201,114.93994610126201,114.47647857666016,114.47647857666016,4864583
2024-11-29,114.01301574707031,114.93995083444487,114.01301574707031,114.01301574707031,6302220
2024-12-02,114.4764832907576,114.93995083444487,114.01301574707031,114.01301574707031,6214298
2024-12-03,114.47647857666016,114.93994610126201,114.47647857666016,114.47647857666016,7444259
2024-12-04,114.93994434770332,115.40341186523438,114.47647683017225,115.40341186523438,4938162
2024-12-05,115.40340891192035,115.40340891192035,114.93994140625,114.93994140625,3344072
2024-12-06,115.40341186523438,115.40341186523438,114.93994434770332,115.40341186523438,4148965
2024-12-09,114.93994434770332,115.86687938276543,114.93994434770332,115.40341186523438,4432273
2024-12-10,114.93994434770332,115.86687938276543,114.93994434770332,115.40341186523438,4388683
2024-12-11,115.40341362586388,115.40341362586388,114.47647857666016,114.47647857666016,6392445
2024-12-12,114.47647857666016,114.93994610126201,114.47647857666016,114.47647857666016,3713009
2024-12-13,114.47647857666016,114.93994610126201,114.01301105205829,114.47647857666016,6382668
2024-12-16,114.4764832907576,114.93995083444487,114.01301574707031,114.01301574707031,5107904
2024-12-17,114.47647857666016,115.40341362586388,114.47647857666016,114.47647857666016,9116553
2024-12-18,114.47647390057963,115.40340891192035,114.47647390057963,114.93994140625,5632106
2024-12-19,114.47647857666016,114.93994610126201,114.47647857666016,114.47647857666016,5954268
2024-12-20,114.4764832907576,114.93995083444487,114.01301574707031,114.01301574707031,9195065
2024-12-23,114.47647683017225,115.40341186523438,114.01300931264119,115.40341186523438,6057988
2024-12-24,115.40341362586388,115.40341362586388,114.47647857666016,114.47647857666016,7022572
2024-12-25,114.93994140625,115.40340891192035,114.47647390057963,114.93994140625,2168618
2024-12-26,114.93994140625,115.40340891192035,114.93994140625,114.93994140625,2068776
2024-12-27,114.93994434770332,115.40341186523438,114.93994434770332,115.40341186523438,3265575
2024-12-30,114.93994140625,115.40340891192035,114.93994140625,114.93994140625,3427117
2024-12-31,114.93994610126201,115.40341362586388,114.01301105205829,114.47647857666016,8604121
2025-01-02,114.4764832907576,114.93995083444487,113.54954820338304,114.01301574707031,10215111
2025-01-03,114.01301281987404,114.47648035166215,113.54954528808594,113.54954528808594,2885406
2025-01-06,114.01301105205829,114.93994610126201,114.01301105205829,114.47647857666016,6251521
2025-01-07,114.93995083444487,114.93995083444487,114.01301574707031,114.01301574707031,5075414
2025-01-08,114.47647857666016,115.40341362586388,114.01301105205829,114.47647857666016,7655568
2025-01-09,114.4764832907576,114.93995083444487,114.01301574707031,114.01301574707031,5486747
2025-01-10,114.01301574707031,114.4764832907576,113.54954820338304,114.01301574707031,6038152
2025-01-13,113.54954820338304,114.01301574707031,113.54954820338304,114.01301574707031,8459038
2025-01-14,114.01301105205829,114.47647857666016,114.01301105205829,114.47647857666016,4581478
2025-01-15,114.47647857666016,114.47647857666016,114.01301105205829,114.47647857666016,4582643
2025-01-16,114.47647390057963,114.93994140625,114.01300639490927,114.93994140625,4186793
2025-01-17,114.47647390057963,114.93994140625,114.47647390057963,114.93994140625,3846017
2025-01-20,114.93994610126201,114.93994610126201,114.47647857666016,114.47647857666016,2284532
2025-01-21,114.47647857666016,114.93994610126201,114.01301105205829,114.47647857666016,3766344
2025-01-22,114.93994434770332,115.40341186523438,114.47647683017225,115.40341186523438,7469338
2025-02-03,115.40341013266271,116.3303451538086,114.93994262208977,116.3303451538086,13444135
2025-02-04,116.33034985351563,116.7938173828125,115.86688232421875,115.86688232421875,9371564
2025-02-05,116.79381561279297,116.79381561279297,115.866880568247,116.79381561279297,9192651
2025-02-06,116.79381561279297,116.79381561279297,115.866880568247,116.79381561279297,5316952
2025-02-07,116.33034809051999,116.79381561279297,115.866880568247,116.79381561279297,5848677
2025-02-10,116.3303451538086,116.79381266438153,115.86687764323565,116.3303451538086,5722005
2025-02-11,116.3303451538086,116.79381266438153,116.3303451538086,116.3303451538086,3214598
2025-02-12,116.79381561279297,117.25728313506596,116.33034809051999,116.79381561279297,7230774
2025-02-13,116.79381266438153,117.25728017495447,116.3303451538086,116.3303451538086,6342989
2025-02-14,116.79381266438153,116.79381266438153,116.3303451538086,116.3303451538086,3656362
2025-02-17,116.79381561279297,116.79381561279297,116.33034809051999,116.79381561279297,4743165
2025-02-18,116.7938185378968,117.25728607177734,116.33035100401625,117.25728607177734,6448667
2025-02-19,117.25728607177734,117.72075360565789,116.7938185378968,117.25728607177734,9457856
2025-02-20,117.25728607177734,117.25728607177734,116.7938185378968,117.25728607177734,3338448
2025-02-21,117.25728898536501,117.72075653076172,116.79382143996831,117.72075653076172,4310203
2025-02-24,117.25728898536501,117.72075653076172,116.79382143996831,117.72075653076172,5161357
2025-02-25,117.25728607177734,117.72075360565789,117.25728607177734,117.25728607177734,3764420
2025-02-26,117.25728430654489,118.18421936035156,117.25728430654489,118.18421936035156,7857133
2025-02-27,118.64768981933594,118.64768981933594,117.72075474262238,118.64768981933594,18127734
2025-03-03,118.64768512889106,119.11115264892578,118.18421760885633,119.11115264892578,11633978
2025-03-04,119.11115916695181,119.11115916695181,117.72075653076172,117.72075653076172,8816265
2025-03-05,118.18421936035156,118.6476868872549,117.72075183344823,118.18421936035156,6373605
2025-03-06,118.64768981933594,118.64768981933594,118.18422228097916,118.64768981933594,5892397
2025-03-07,118.64768981933594,119.11115735769272,118.18422228097916,118.64768981933594,8527878
2025-03-10,118.64768981933594,119.11115735769272,118.18422228097916,118.64768981933594,6523920
2025-03-11,118.18421936035156,119.11115441415825,117.72075183344823,118.18421936035156,13330325
2025-03-12,118.18422228097916,119.11115735769272,118.18422228097916,118.64768981933594,6496654
2025-03-13,119.11115264892578,119.11115264892578,118.64768512889106,119.11115264892578,4202852
2025-03-14,119.11115264892578,119.57462016896052,117.72075008882159,119.11115264892578,17263590
2025-03-17,118.64768981933594,119.11115735769272,118.18422228097916,118.64768981933594,6418728
2025-03-18,119.11114797666092,120.03808298037035,119.11114797666092,119.57461547851562,14483850
2025-03-19,119.57462016896052,119.57462016896052,119.11115264892578,119.11115264892578,5605444
2025-03-20,119.57461547851562,120.03808298037035,119.11114797666092,119.57461547851562,9468322
2025-03-21,119.57462134728064,120.50155639648438,119.11115382267879,120.50155639648438,15494543
2025-03-24,120.50155048222506,120.50155048222506,119.57461547851562,119.57461547851562,4319964
2025-03-25,120.03808298037035,120.03808298037035,119.11114797666092,119.57461547851562,4347135
2025-03-26,120.03808298037035,120.03808298037035,119.11114797666092,119.57461547851562,3213738
2025-03-27,119.57462134728064,120.50155639648438,119.11115382267879,120.50155639648438,6753639
2025-03-28,120.03808887188251,120.50155639648438,119.57462134728064,120.50155639648438,5243942
2025-03-31,119.57462016896052,120.03808768899525,118.64768512889106,119.11115264892578,16261687
2025-04-01,119.57462134728064,120.50155639648438,119.57462134728064,120.50155639648438,9237923
2025-04-02,120.03808887188251,120.50155639648438,119.57462134728064,120.50155639648438,8052945
2025-04-07,114.01300639490927,117.72074644027217,113.08607138356854,114.93994140625,52589386
2025-04-08,116.33035389457162,118.18422407615842,115.86688634917492,117.72075653076172,30710900
2025-04-09,116.79381561279297,119.5746207464309,115.866880568247,116.79381561279297,36620710
2025-04-10,119.5746267123485,120.03809425774521,116.79382143996831,117.72075653076172,40402614
2025-04-11,118.18421760885633,119.57462016896052,117.72075008882159,119.11115264892578,21357957
2025-04-14,118.6476868872549,119.57462194106158,117.72075183344823,118.18421936035156,12877572
2025-04-15,118.64768047480621,119.57461547851562,118.1842129729515,119.57461547851562,13176903
2025-04-16,119.11115264892578,120.03808768899525,118.64768512889106,119.11115264892578,13867168
2025-04-17,119.5746248960495,119.5746248960495,118.64768981933594,118.64768981933594,7156969
2025-04-18,119.5746248960495,119.5746248960495,118.18422228097916,118.64768981933594,5877223
2025-04-21,118.64769162155511,119.11115916695181,117.72075653076172,117.72075653076172,5840933
2025-04-22,118.64768981933594,119.5746248960495,117.72075474262238,118.64768981933594,14079217
2025-04-23,119.11115441415825,119.57462194106158,117.72075183344823,118.18421936035156,11713941
2025-04-24,118.18422407615842,118.64769162155511,117.25728898536501,117.72075653076172,11338928
2025-04-25,117.72075360565789,118.18422113953842,117.25728607177734,117.25728607177734,11341108
2025-04-28,117.72075474262238,118.64768981933594,117.2572872042656,118.64768981933594,13747491
2025-04-29,118.64768047480621,119.57461547851562,118.1842129729515,119.57461547851562,12137475
2025-04-30,119.5746184242278,120.0380859375,119.1111509109556,120.0380859375,9550171
2025-05-02,120.03808768899525,120.03808768899525,118.64768512889106,119.11115264892578,9150310
2025-05-05,119.5746184242278,120.0380859375,119.1111509109556,120.0380859375,12127017
2025-05-06,120.03808887188251,120.96502392108623,120.03808887188251,120.50155639648438,18231840
2025-05-07,120.9650221671767,121.4284896850586,120.50155464929479,121.4284896850586,14734965
2025-05-08,121.4284884773166,121.4284884773166,120.0380859375,120.0380859375,7074111
2025-05-09,120.0380871314129,121.4284896850586,119.57461961353098,121.4284896850586,10596244
2025-05-12,121.4284896850586,121.4284896850586,120.50155464929479,121.4284896850586,8290955
2025-05-13,120.50155639648438,121.4284914456881,120.50155639648438,120.50155639648438,7662937
2025-05-14,120.9650209640444,120.9650209640444,119.5746184242278,120.0380859375,12323371
2025-05-15,120.0380871314129,121.4284896850586,119.57461961353098,121.4284896850586,10780105
2025-05-16,121.4284896850586,121.8919572029405,120.9650221671767,121.4284896850586,6634558
2025-05-19,121.4284896850586,121.8919572029405,120.9650221671767,121.4284896850586,6812263
2025-05-20,121.89196014404297,122.35542767310777,121.89196014404297,121.89196014404297,10266911
2025-05-21,122.35542591022995,122.81889343261719,121.89195838784272,122.81889343261719,9064886
2025-05-22,122.35543639677807,123.2823715209961,122.35543639677807,123.2823715209961,11310233
2025-05-23,123.2823715209961,123.2823715209961,122.35543639677807,123.2823715209961,5511574
2025-05-26,123.2823715209961,123.2823715209961,122.35543639677807,123.2823715209961,9726064
2025-05-27,123.28236273123737,123.28236273123737,121.89196014404297,121.89196014404297,12683959
2025-05-28,121.89196306286436,122.81889814319032,121.42849552270138,122.35543060302734,12783510
2025-05-29,122.8188910171332,122.8188910171332,120.0380859375,120.0380859375,31516979
2025-06-02,120.50155755684855,121.89196014404297,120.03809002778375,121.89196014404297,13456417
2025-06-03,121.89195897028996,122.35542649489183,120.50155639648438,120.50155639648438,24723685
2025-06-04,120.9650209640444,120.9650209640444,120.0380859375,120.0380859375,11057079
2025-06-05,120.03808887188251,120.96502392108623,120.03808887188251,120.50155639648438,7082178
2025-06-06,120.96502392108623,121.4284914456881,120.50155639648438,120.50155639648438,6587476
2025-06-09,120.501555820681,122.81889343261719,120.501555820681,122.81889343261719,11565504
2025-06-10,122.35543639677807,123.2823715209961,121.89196883466907,123.2823715209961,9217432
2025-06-11,122.81890395888708,123.2823715209961,122.81890395888708,123.2823715209961,7421455
2025-06-12,123.28235455413362,124.20928955078125,122.81888705580981,124.20928955078125,9763578
2025-06-13,123.28236038773147,125.13623046875,123.28236038773147,125.13623046875,12054925
2025-06-16,125.13623630299288,126.99010647044463,124.67276876112994,126.06317138671875,11207860
2025-06-17,126.06317429315476,126.99010939825149,125.5997067406064,126.52664184570312,8425384
2025-06-18,126.06316203096488,126.99009704589844,125.59969452349809,126.99009704589844,7730397
2025-06-19,126.06317429315476,126.99010939825149,125.5997067406064,126.52664184570312,8539654
2025-06-20,126.06317429315476,126.99010939825149,126.06317429315476,126.52664184570312,8155979
2025-06-23,126.06317429315476,126.52664184570312,125.5997067406064,126.52664184570312,7015451
2025-06-24,126.52663598993168,126.99010352103033,125.59970092773438,125.59970092773438,9089758
2025-06-25,126.52662953843165,126.99009704589844,126.06316203096488,126.99009704589844,7177082
2025-06-26,126.52662953843165,126.99009704589844,125.59969452349809,126.99009704589844,10492929
2025-06-27,126.52664184570312,127.45357695079984,126.06317429315476,126.52664184570312,10317799
2025-06-30,126.52663302951389,126.52663302951389,125.13623046875,125.13623046875,10871511
2025-07-01,125.59969798900462,126.99010054976851,124.67276294849536,125.13623046875,16823686
2025-07-02,125.13622751909561,126.06316253775559,124.67276000976562,124.67276000976562,13075555
2025-07-03,125.15412017589307,126.1168441772461,124.67275817521656,126.1168441772461,26829361
2025-07-04,126.11684479110542,127.56093080016387,125.15412078506645,125.63548278808594,26049412
2025-07-07,125.63548340430627,126.11684540968676,123.71003538278434,125.15412139892578,18416260
2025-07-08,125.63548465107763,125.63548465107763,123.71003661044809,124.19139862060547,9728687
2025-07-09,124.19139987230301,124.19139987230301,123.22867584228516,123.22867584228516,7530551
2025-07-10,123.71003538278434,125.15412139892578,123.71003538278434,125.15412139892578,9363177
2025-07-11,125.15412078506645,126.11684479110542,124.67275878204696,125.63548278808594,12363264
2025-07-14,125.63548278808594,126.11684479110542,125.15412078506645,125.63548278808594,11219653
2025-07-15,125.15412201752534,125.63548402528505,124.19139800200591,124.67276000976562,7532096
2025-07-16,124.67275878204696,125.63548278808594,124.19139677902747,125.63548278808594,8707175
2025-07-17,125.63548278808594,126.11684479110542,124.67275878204696,125.63548278808594,6622576
2025-07-18,125.63548465107763,126.11684666123502,124.19139862060547,124.19139862060547,12130022
2025-07-21,125.15412264092025,125.63548465107763,124.19139862060547,124.19139862060547,8829607
2025-07-22,124.67275878204696,125.63548278808594,124.19139677902747,125.63548278808594,9635313
2025-07-23,125.63548340430627,126.11684540968676,124.6727593935453,125.15412139892578,12084383
2025-07-24,124.67276000976562,125.15412201752534,124.19139800200591,124.67276000976562,10678929
2025-07-25,125.15412264092025,125.63548465107763,124.19139862060547,124.19139862060547,7103352
2025-07-28,124.67276000976562,124.67276000976562,123.7100359942462,124.67276000976562,6433574
2025-07-29,124.67276063076285,124.67276063076285,123.71003661044809,124.19139862060547,7962955
2025-07-30,125.15412201752534,125.15412201752534,124.19139800200591,124.67276000976562,8165321
2025-07-31,124.19139862060547,124.67276063076285,123.71003661044809,124.19139862060547,8845297
2025-08-04,124.67275817521656,126.1168441772461,124.67275817521656,126.1168441772461,9729124
2025-08-05,126.11685053507487,127.07957458496094,125.63548851013184,127.07957458496094,11003933
2025-08-06,127.5609359741211,128.5236600192088,127.07957395157725,127.5609359741211,15273033
2025-08-07,127.5609359741211,128.5236600192088,127.07957395157725,127.5609359741211,10176566
2025-08-08,127.56093409524036,129.00502014160156,127.07957207978662,129.00502014160156,9667011
2025-08-11,128.5236650771811,129.96775120164384,128.5236650771811,129.48638916015625,9296443
2025-08-12,129.48638090910734,129.96774291992188,129.00501889829283,129.96774291992188,10297731
2025-08-13,129.48638916015625,129.96775120164384,129.0050271186687,129.48638916015625,7271681
2025-08-14,129.48638916015625,130.93047528461898,129.0050271186687,129.48638916015625,9791531
2025-08-15,130.4491049307364,130.93046694155092,129.48638090910734,129.96774291992188,7357520
2025-08-18,129.4863784678661,131.8931884765625,129.4863784678661,131.8931884765625,10369147
2025-08-19,131.41182526298192,132.8559112548828,130.93046326568162,132.8559112548828,9077884
2025-08-20,132.85592081258585,132.85592081258585,130.93047268486723,131.41183471679688,8967669
2025-08-21,131.8931954678622,132.85591952237215,131.41183344060724,132.3745574951172,7693558
2025-08-22,132.3745517169728,132.3745517169728,130.9304656982422,130.9304656982422,7395107
2025-08-25,130.9304739751499,131.41183601182325,129.96774990180322,130.44911193847656,8303168
2025-08-26,129.48637510149666,129.48637510149666,128.52365112304688,128.52365112304688,39647528
2025-08-27,128.52365812614784,129.48638215705532,128.04229611069408,129.00502014160156,6558698
2025-08-28,129.48638342376938,129.48638342376938,128.04229736328125,128.04229736328125,8011225
2025-08-29,128.5236600192088,129.00502204175265,127.5609359741211,127.5609359741211,7561097
2025-09-01,128.52365812614784,129.48638215705532,128.04229611069408,129.00502014160156,4110205
2025-09-02,129.00501889829283,129.96774291992188,129.00501889829283,129.96774291992188,3816183
2025-09-03,129.48638215705532,130.44910618796277,129.00502014160156,129.00502014160156,4908629
2025-09-04,129.96774291992188,129.96774291992188,129.00501889829283,129.96774291992188,4186122
2025-09-05,129.96775120164384,130.4491132431314,129.0050271186687,129.48638916015625,4300988
2025-09-08,129.48638916015625,129.96775120164384,129.0050271186687,129.48638916015625,3649627
2025-09-09,129.48638786512987,130.44911193847656,129.00502582845652,130.44911193847656,5333337
2025-09-10,129.96774990180322,130.9304739751499,129.48638786512987,130.44911193847656,3812097
2025-09-11,129.96775120164384,130.93047528461898,129.48638916015625,129.48638916015625,6006731
2025-09-12,130.44911193847656,130.9304739751499,129.48638786512987,130.44911193847656,3913875
2025-09-15,130.4491049307364,130.4491049307364,129.48638090910734,129.96774291992188,4537692
2025-09-16,129.48638215705532,129.96774417250904,129.00502014160156,129.00502014160156,4787494
2025-09-17,129.48638916015625,129.96775120164384,129.0050271186687,129.48638916015625,4076022
2025-09-18,129.48638215705532,129.96774417250904,128.52365812614784,129.00502014160156,4589742
2025-09-19,129.00502014160156,129.48638215705532,128.52365812614784,129.00502014160156,11558007
2025-09-22,129.48637510149666,129.48637510149666,128.52365112304688,128.52365112304688,3600026
2025-09-23,128.52365112304688,129.00501311227177,128.04228913382198,128.52365112304688,3337614
2025-09-24,129.0050271186687,129.48638916015625,128.5236650771811,129.48638916015625,3940634
2025-09-25,129.48637510149666,129.48637510149666,128.52365112304688,128.52365112304688,4891586
2025-09-26,128.5236650771811,129.96775120164384,128.04230303569355,129.48638916015625,6881559
2025-09-30,129.96773709072156,129.96773709072156,128.04228913382198,128.52365112304688,8866305
2025-10-01,129.0050271186687,129.48638916015625,128.5236650771811,129.48638916015625,3392484
2025-10-02,129.00502140360666,129.00502140360666,128.04229736328125,128.04229736328125,5555568
2025-10-03,128.52365938344397,129.00502140360666,127.56093534311853,128.04229736328125,7804004
2025-10-07,128.04229736328125,129.00502140360666,127.56093534311853,128.04229736328125,5758975
2025-10-08,129.00501311227177,129.00501311227177,128.04228913382198,128.52365112304688,4018487
2025-10-09,128.04229736328125,128.52365938344397,127.56093534311853,128.04229736328125,5586297
2025-10-13,128.04229799666496,128.04229799666496,126.59821192903338,127.5609359741211,12625187
2025-10-14,127.07957395157725,128.04229799666496,127.07957395157725,127.5609359741211,6566260
2025-10-15,127.07957522316124,127.5609372505217,126.59821319580078,126.59821319580078,10157347
2025-10-16,127.07957458496094,127.56093660990398,126.59821256001791,127.07957458496094,5069794
2025-10-17,128.04229736328125,128.04229736328125,127.56093534311853,128.04229736328125,4286496
2025-10-20,128.04229736328125,128.52365938344397,128.04229736328125,128.04229736328125,3683488
2025-10-21,128.52365938344397,128.52365938344397,128.04229736328125,128.04229736328125,2413854
2025-10-22,128.04228913382198,128.52365112304688,128.04228913382198,128.52365112304688,3984487
2025-10-23,128.04229611069408,129.00502014160156,128.04229611069408,129.00502014160156,4361321
2025-10-27,129.0050226847331,129.0050226847331,126.59821256001791,127.07957458496094,15418313
2025-10-28,127.56093660990398,128.04229863484701,126.59821256001791,127.07957458496094,11318145
2025-10-29,127.07957458496094,128.04229863484701,126.59821256001791,127.07957458496094,5647390
2025-10-30,127.5609372505217,127.5609372505217,125.63548914107986,126.59821319580078,14567482
2025-10-31,127.07956817859912,127.07956817859912,125.63548217656958,126.1168441772461,5528940
2025-11-03,127.07957522316124,128.04229927788217,126.11685116844032,126.59821319580078,7243425
2025-11-04,126.5982061779226,127.56093017927563,125.63548217656958,126.1168441772461,9053370
2025-11-05,126.59821256001791,127.07957458496094,125.15412648518881,127.07957458496094,6114439
2025-11-06,127.07957522316124,127.5609372505217,126.59821319580078,126.59821319580078,6333164
2025-11-07,126.11684990648953,128.04229799666496,125.63548788394569,127.5609359741211,7496436
2025-11-10,127.56093534311853,128.04229736328125,127.07957332295582,128.04229736328125,3226754
2025-11-11,128.04229863484701,128.04229863484701,127.07957458496094,127.07957458496094,3578315
2025-11-12,127.56093660990398,128.04229863484701,127.07957458496094,127.07957458496094,4547951
2025-11-13,127.5609372505217,128.04229927788217,126.59821319580078,126.59821319580078,4746663
2025-11-14,127.07957522316124,127.5609372505217,126.59821319580078,126.59821319580078,3620013
2025-11-17,126.59821256001791,128.04229863484701,126.59821256001791,127.07957458496094,5331177
2025-11-18,126.5982061779226,127.07956817859912,126.1168441772461,126.1168441772461,5974671
2025-11-19,126.5982067941249,127.07956879714439,125.63548278808594,125.63548278808594,4549315
2025-11-20,126.59821256001791,127.07957458496094,126.11685053507487,127.07957458496094,4167564
2025-11-21,127.07957522316124,127.5609372505217,126.11685116844032,126.59821319580078,8232207
2025-11-24,127.07957458496094,128.04229863484701,126.59821256001791,127.07957458496094,21160337
2025-11-25,126.5982061779226,127.07956817859912,125.63548217656958,126.1168441772461,7518312
2025-11-26,126.1168441772461,126.5982061779226,125.63548217656958,126.1168441772461,5463058
2025-11-27,125.63548217656958,126.1168441772461,125.63548217656958,126.1168441772461,4183487
2025-11-28,125.63548278808594,126.11684479110542,125.63548278808594,125.63548278808594,4439013
2025-12-01,126.11684540968676,126.11684540968676,125.15412139892578,125.15412139892578,8586808
2025-12-02,125.15412139892578,125.63548340430627,125.15412139892578,125.15412139892578,6423110
2025-12-03,125.63548340430627,125.63548340430627,125.15412139892578,125.15412139892578,5249364
2025-12-04,125.15412201752534,125.63548402528505,124.67276000976562,124.67276000976562,5679352
2025-12-05,125.15412139892578,126.11684540968676,124.6727593935453,125.15412139892578,5270711
2025-12-08,125.15412201752534,125.63548402528505,124.67276000976562,124.67276000976562,5661478
2025-12-09,125.15412139892578,125.15412139892578,124.6727593935453,125.15412139892578,4789547
2025-12-10,125.15412201752534,125.15412201752534,124.67276000976562,124.67276000976562,4040872
2025-12-11,125.15412139892578,125.63548340430627,124.6727593935453,125.15412139892578,4834486
2025-12-12,125.63548278808594,125.63548278808594,125.15412078506645,125.63548278808594,2713660
2025-12-15,125.15412078506645,126.11684479110542,125.15412078506645,125.63548278808594,4015805
2025-12-16,125.15412078506645,125.63548278808594,124.67275878204696,125.63548278808594,5874207
2025-12-17,125.63548402528505,125.63548402528505,124.67276000976562,124.67276000976562,4554701
2025-12-18,124.6727593935453,125.63548340430627,124.6727593935453,125.15412139892578,3721235
2025-12-19,125.15412017589307,126.1168441772461,124.67275817521656,126.1168441772461,6499277
2025-12-22,125.63548278808594,126.11684479110542,125.15412078506645,125.63548278808594,3532015
2025-12-23,125.63548278808594,126.11684479110542,125.15412078506645,125.63548278808594,4005901
2025-12-24,125.63548278808594,126.11684479110542,125.63548278808594,125.63548278808594,1846522
2025-12-26,125.63548914107986,126.59821319580078,125.63548914107986,126.59821319580078,2533170
2025-12-29,126.11685053507487,127.07957458496094,126.11685053507487,127.07957458496094,4275657
2025-12-30,127.07956817859912,127.07956817859912,126.1168441772461,126.1168441772461,7032812
2025-12-31,126.5982067941249,127.07956879714439,125.63548278808594,125.63548278808594,3539051
2026-01-02,126.59821256001791,127.07957458496094,126.11685053507487,127.07957458496094,3213296
2026-01-05,126.59821130279312,128.04229736328125,126.59821130279312,128.04229736328125,11962134
2026-01-06,128.04229799666496,128.5236600192088,127.5609359741211,127.5609359741211,8206091
2026-01-07,127.07957332295582,128.52365938344397,127.07957332295582,128.04229736328125,12167298
2026-01-08,128.04228913382198,129.00501311227177,128.04228913382198,128.52365112304688,8183945
2026-01-09,128.04228913382198,129.00501311227177,127.56092714459709,128.52365112304688,7484956
2026-01-12,128.04228913382198,129.00501311227177,127.56092714459709,128.52365112304688,4625841
2026-01-13,128.52365112304688,129.00501311227177,128.52365112304688,128.52365112304688,7327915
2026-01-14,128.52365938344397,129.00502140360666,128.04229736328125,128.04229736328125,8297104
2026-01-15,128.52365112304688,129.00501311227177,128.04228913382198,128.52365112304688,9901788
2026-01-16,128.52365938344397,129.00502140360666,128.04229736328125,128.04229736328125,11578802
2026-01-19,128.52365812614784,129.00502014160156,128.04229611069408,129.00502014160156,5659567
2026-01-20,128.52365938344397,129.00502140360666,128.04229736328125,128.04229736328125,5205901
2026-01-21,128.52365938344397,128.52365938344397,127.56093534311853,128.04229736328125,7190815
2026-01-22,128.04229736328125,128.52365938344397,128.04229736328125,128.04229736328125,5905683
2026-01-23,128.52365812614784,129.00502014160156,128.52365812614784,129.00502014160156,4870776
2026-01-26,129.00502014160156,129.00502014160156,128.52365812614784,129.00502014160156,5190923
2026-01-27,129.00502140360666,129.48638342376938,128.04229736328125,128.04229736328125,12793007
2026-01-28,128.52365112304688,129.00501311227177,128.04228913382198,128.52365112304688,9130081
2026-01-29,128.52365112304688,129.48637510149666,128.52365112304688,128.52365112304688,10356812
2026-01-30,128.52365112304688,129.48637510149666,128.04228913382198,128.52365112304688,14567824
2026-02-02,129.00502140360666,129.00502140360666,128.04229736328125,128.04229736328125,9455335
2026-02-03,128.52365112304688,129.00501311227177,128.04228913382198,128.52365112304688,8586549
2026-02-04,128.52365938344397,129.00502140360666,128.04229736328125,128.04229736328125,9409798
2026-02-05,128.04229799666496,128.5236600192088,127.5609359741211,127.5609359741211,14608515
2026-02-06,127.56093534311853,128.04229736328125,127.07957332295582,128.04229736328125,14200849
2026-02-09,128.04229863484701,128.52366065979004,127.07957458496094,127.07957458496094,13526287
2026-02-10,127.07957395157725,128.04229799666496,127.07957395157725,127.5609359741211,10046703
2026-02-11,128.52365938344397,128.52365938344397,127.56093534311853,128.04229736328125,12382926
2026-02-23,129.00501889829283,129.96774291992188,128.5236568874783,129.96774291992188,20538249
2026-02-24,129.48638786512987,130.44911193847656,129.48638786512987,130.44911193847656,13614132
2026-02-25,129.96774168575513,130.9304656982422,129.96774168575513,130.9304656982422,11265352
2026-02-26,130.93046820341652,130.93046820341652,129.00502014160156,129.00502014160156,27610937
2026-03-02,129.967739271081,132.8559112548828,129.4863772737807,132.8559112548828,29586302
2026-03-03,132.37454925758252,132.8559112548828,131.89318726028222,132.8559112548828,16607857
2026-03-04,131.8931980484966,132.37456008516995,129.96774990180322,130.44911193847656,23956035
2026-03-05,131.41182647482321,131.8931884765625,129.9677404696054,131.8931884765625,13609086
2026-03-06,131.41183471679688,131.89319674872652,130.44911065293755,131.41183471679688,10693177
2026-03-09,129.48637967951157,131.41182770448575,129.48637967951157,130.9304656982422,16624961
2026-03-10,131.89319096317996,131.89319096317996,129.48638090910734,129.96774291992188,12554852
2026-03-11,130.9304739751499,131.8931980484966,129.96774990180322,130.44911193847656,9873960
2026-03-12,129.96774168575513,131.41182770448575,129.96774168575513,130.9304656982422,10705574
2026-03-13,130.9304656982422,131.41182770448575,130.44910369199866,130.9304656982422,7657409
2026-03-16,131.41183471679688,132.3745587806562,130.93047268486723,131.41183471679688,7249390
2026-03-17,131.8931884765625,132.37455047830179,130.93046447308393,131.8931884765625,8983971
2026-03-18,132.3745574951172,132.3745574951172,131.41183344060724,132.3745574951172,9122248
2026-03-19,131.8931980484966,131.8931980484966,129.96774990180322,130.44911193847656,11769140
2026-03-20,130.93046820341652,131.41183021887025,129.00502014160156,129.00502014160156,23694194
2026-03-23,128.04229611069408,129.96774417250904,128.04229611069408,129.00502014160156,16459732
2026-03-24,129.00502014160156,129.96774417250904,129.00502014160156,129.00502014160156,7488128
2026-03-25,130.4491049307364,130.93046694155092,129.00501889829283,129.96774291992188,6996608
2026-03-26,130.4491132431314,130.4491132431314,129.0050271186687,129.48638916015625,5036091
2026-03-27,129.48638215705532,129.96774417250904,129.00502014160156,129.00502014160156,4883631
2026-03-30,128.52365812614784,129.48638215705532,128.04229611069408,129.00502014160156,9380519
2026-03-31,128.52365938344397,129.00502140360666,128.04229736328125,128.04229736328125,12756741
2026-04-01,129.00502014160156,129.48638215705532,128.04229611069408,129.00502014160156,10579340
2026-04-02,129.48638215705532,129.48638215705532,128.52365812614784,129.00502014160156,7458421
2026-04-07,129.00502014160156,129.00502014160156,128.04229611069408,129.00502014160156,5817084
2026-04-08,129.48638215705532,129.96774417250904,128.52365812614784,129.00502014160156,7682372
2026-04-09,129.00501889829283,129.96774291992188,128.04229487666376,129.96774291992188,11272409
2026-04-10,129.96774990180322,130.44911193847656,129.48638786512987,130.44911193847656,6840505
2026-04-13,129.96775120164384,129.96775120164384,129.0050271186687,129.48638916015625,6564830
2026-04-14,129.96774291992188,129.96774291992188,129.00501889829283,129.96774291992188,9281816
2026-04-15,129.96774990180322,130.44911193847656,129.00502582845652,130.44911193847656,8197058
2026-04-16,130.93047268486723,131.41183471679688,129.9677486210079,131.41183471679688,10373494
2026-04-17,131.8931954678622,132.3745574951172,131.41183344060724,132.3745574951172,9301214
2026-04-20,132.37455047830179,132.85591248004104,131.8931884765625,131.8931884765625,12475802
2026-04-21,132.37455047830179,132.85591248004104,131.41182647482321,131.8931884765625,9157970
2026-04-22,132.3745587806562,132.3745587806562,130.44911065293755,131.41183471679688,14195786
2026-04-23,130.9304656982422,131.41182770448575,130.44910369199866,130.9304656982422,5368495
2026-04-24,130.9304739751499,130.9304739751499,129.96774990180322,130.44911193847656,8914995
2026-04-27,129.9677404696054,132.85591248004104,129.9677404696054,131.8931884765625,17076438
2026-04-28,132.37455047830179,132.85591248004104,131.41182647482321,131.8931884765625,17815508
2026-04-29,132.3745587806562,132.3745587806562,130.44911065293755,131.41183471679688,9750105
2026-04-30,130.9304656982422,131.89318971072927,130.44910369199866,130.9304656982422,9776829
2026-05-04,131.8931980484966,132.37456008516995,130.44911193847656,130.44911193847656,6970783
2026-05-05,130.44910369199866,130.9304656982422,129.96774168575513,130.9304656982422,5290308
2026-05-06,131.89318971072927,131.89318971072927,130.44910369199866,130.9304656982422,13230011
2026-05-07,130.44911193847656,131.41183601182325,130.44911193847656,130.44911193847656,14059555
2026-05-08,130.93047268486723,131.41183471679688,130.44911065293755,131.41183471679688,9282555
2026-05-11,131.41183601182325,131.41183601182325,130.44911193847656,130.44911193847656,6599853
2026-05-12,130.44911193847656,131.41183601182325,130.44911193847656,130.44911193847656,9696181
2026-05-13,131.41183344060724,132.3745574951172,130.4491093860973,132.3745574951172,14144199
2026-05-14,131.41183344060724,132.85591952237215,131.41183344060724,132.3745574951172,17400421
2026-05-15,132.37454925758252,132.8559112548828,131.89318726028222,132.8559112548828,8792646
2026-05-18,132.85591248004104,132.85591248004104,131.8931884765625,131.8931884765625,7653424
2026-05-19,131.89318933319626,138.6322574013158,131.89318933319626,137.18817138671875,52536539
2026-05-20,137.18816798367948,138.15089196952985,133.81863403320312,133.81863403320312,23001430
2026-05-21,133.8186435768821,134.78136763139204,132.3745574951172,132.3745574951172,14376464
2026-05-22,132.37455047830179,132.85591248004104,131.8931884765625,131.8931884765625,8279549
2026-05-25,132.3745587806562,132.3745587806562,130.93047268486723,131.41183471679688,11422520
2026-05-26,131.41182770448575,132.85591372321633,130.9304656982422,130.9304656982422,17913361
2026-05-27,131.8931884765625,132.85591248004104,130.93046447308393,131.8931884765625,15541553
2026-05-28,131.89319674872652,132.85592081258585,131.41183471679688,131.41183471679688,16928668
2026-05-29,132.37455047830179,133.33727448178033,131.41182647482321,131.8931884765625,27416612
2026-06-01,131.89319173466694,136.70681187096864,131.89319173466694,135.26272583007812,26792126
2026-06-02,134.78136949136223,137.18817966085084,134.78136949136223,136.70681762695312,19452116
2026-06-03,136.70681892557346,137.66954300251413,135.7440948486328,135.7440948486328,13866011
2026-06-04,135.7440865991815,137.6695346360493,135.26272458996453,136.22544860839844,13861468
2026-06-05,135.7440948486328,136.70681892557346,134.78137077169214,135.7440948486328,11507800
2026-06-08,134.30000431873307,135.26272836402865,132.85591825078973,133.3372802734375,17072400
2026-06-09,132.85592135577133,137.18817966085084,132.85592135577133,136.70681762695312,18382175
2026-06-10,136.2254530588786,138.63226318359375,136.2254530588786,138.63226318359375,14597047
2026-06-11,138.63226192079742,139.59498596191406,138.1508999002391,139.59498596191406,17349970
2026-06-12,139.59498596191406,140.07634798247238,138.1508999002391,139.59498596191406,8974047
2026-06-15,140.5577017138504,140.5577017138504,138.63225374516753,140.0763397216797,9259174
2026-06-16,140.55771571865668,141.52043979892144,139.5949916383919,141.03907775878906,12782451
2026-06-17,140.0763397216797,141.03906370602112,139.11361573733825,140.0763397216797,8968717
2026-06-18,139.59498723347983,140.07634925842285,138.63226318359375,138.63226318359375,9899868
2026-06-22,138.63225494701555,140.55770293239078,138.15089295067176,139.11361694335938,8251017
2026-06-23,139.59498723347983,140.07634925842285,138.63226318359375,138.63226318359375,11340802
2026-06-24,138.15089416503906,139.5949801667642,137.66953216446402,138.15089416503906,12525374
2026-06-25,138.63226318359375,140.07634925842285,138.15090115865073,138.63226318359375,12802437
2026-06-26,138.6322644640516,139.5949885228297,137.66954040527344,137.66954040527344,15678392
2026-06-29,138.63226576254402,139.11362779644173,136.70681762695312,136.70681762695312,23817969
2026-06-30,136.7068106176154,137.6695346360493,136.22544860839844,136.22544860839844,19472519
2026-07-01,136.7068106176154,137.18817262683234,135.7440865991815,136.22544860839844,19943344
2026-07-02,135.7440948486328,136.70681892557346,135.7440948486328,135.7440948486328,16391252
2026-07-03,135.7440948486328,137.1881809640438,135.7440948486328,135.7440948486328,17551367
2026-07-06,135.7440865991815,137.18817262683234,135.7440865991815,136.22544860839844,13240416
2026-07-07,136.22545688710315,136.70681892557346,135.26273281016248,135.7440948486328,18861407
2026-07-08,136.22545112418445,136.7068131422911,134.3000030517578,134.3000030517578,25141730
2026-07-09,134.0,135.0,133.0,133.5,59473582
2026-07-10,133.5,133.5,133.5,133.5,0
2026-07-13,134.5,135.5,133.0,133.5,19841648
2026-07-14,134.0,134.0,132.0,133.0,28234696
2026-07-15,133.0,134.0,133.0,133.0,10569842
2026-07-16,133.5,136.5,133.5,136.0,21223701
2026-07-17,136.5,140.0,136.0,138.0,37476713
2026-07-20,139.0,140.0,137.0,139.0,26140642
2026-07-21,138.0,139.5,137.0,139.0,18341340
