date,open,high,low,close,volume
2021-07-22,671.0755526902756,682.8102071635482,671.0755526902756,674.0092163085938,4204358
2021-07-23,683.5436226700663,685.0104544783711,677.6762954368468,684.2770385742188,4496889
2021-07-26,689.4108791495971,689.4108791495971,674.7425625719461,676.9428100585938,4293853
2021-07-27,680.6098726512527,695.2781888721848,677.6762094070663,687.9440307617188,7973169
2021-07-28,682.8100985752063,683.5435143631496,650.5398039057013,652.7400512695312,16290546
2021-07-29,671.0755522994749,685.7438703825236,662.2745614496457,684.2770385742188,9074984
2021-07-30,685.7438441685267,687.210675920759,665.2081996372767,667.408447265625,5727104
2021-08-02,677.6761573938537,685.0103149414062,674.7424943748326,685.0103149414062,3940140
2021-08-03,695.2781888721848,695.2781888721848,682.0767042733459,687.9440307617188,2919205
2021-08-04,695.278224455181,698.9453036980881,690.1443135151111,696.7450561523438,6059477
2021-08-05,704.079206230489,707.0128695897828,698.2118795119017,704.8126220703125,6733053
2021-08-06,701.1454885107839,701.878904293745,685.7437570686014,686.4771728515625,3774421
2021-08-09,680.6099857491856,680.6099857491856,668.1419148895562,675.47607421875,4368676
2021-08-10,682.0767384030555,682.0767384030555,671.8089165346224,676.2094116210938,2445401
2021-08-11,669.6086948939732,671.8089425223214,664.4747837611607,667.408447265625,4502303
2021-08-12,676.9427735320235,676.9427735320235,660.8076261672298,663.0078735351562,4215356
2021-08-13,666.675031389509,671.8089425223214,660.8077043805803,667.408447265625,4646391
2021-08-16,667.4083592015816,673.2756854363207,660.0742014081576,660.8076171875,3692905
2021-08-17,660.8076171875,660.8076171875,660.8076171875,660.8076171875,0
2021-08-18,638.0717207256116,668.8751831054688,634.4046418708667,668.8751831054688,6008564
2021-08-19,665.9416333447705,670.3421287192955,646.8728200551626,651.2733154296875,5483659
2021-08-20,659.3409085443067,663.007988124642,638.0718469783612,640.2720947265625,5459224
2021-08-23,646.872785850885,671.0755091310201,646.872785850885,668.141845703125,5262045
2021-08-24,674.7425001289191,674.7425001289191,662.2744321917544,666.6749267578125,2822689
2021-08-25,671.0755091310201,671.0755091310201,660.0742712764132,668.141845703125,3927236
2021-08-26,664.4748015532622,665.2082174490164,638.0718293061127,651.2733154296875,9234116
2021-08-27,640.2720003809249,657.1405639648438,640.2720003809249,657.1405639648438,5490911
2021-08-30,661.541025395979,668.8751831054688,658.6073623121831,668.8751831054688,4109689
2021-08-31,672.5422696569783,672.5422696569783,649.0729647180216,660.8076171875,7520536
2021-09-01,672.5422462702054,682.0766510701102,664.4746729779783,679.8764038085938,9142513
2021-09-02,682.0767908617614,693.0780294240479,679.8765431493041,684.2770385742188,5703535
2021-09-03,687.9441184956049,687.9441184956049,672.5423844994347,674.0092163085938,5908319
2021-09-06,665.2081378528051,672.5422959327698,656.4071481568473,657.1405639648438,8142260
2021-09-07,660.8076434806071,665.2081383317544,657.8739802465091,662.2744750976562,3726008
2021-09-08,659.340778083132,670.3420146473667,656.4071149993362,668.8751831054688,4347700
2021-09-09,662.2744487461848,665.9415276428967,658.6073698494728,660.8076171875,6296716
2021-09-10,662.2744595254434,678.4096069335938,661.5410437341638,678.4096069335938,4767470
2021-09-13,673.2756620240443,683.5434825777878,673.2756620240443,679.8764038085938,2943072
2021-09-14,683.5435622153841,696.0116314832612,683.5435622153841,694.5447998046875,8030381
2021-09-15,691.6111623835436,693.0779941171248,680.6099243816846,685.7438354492188,5098265
2021-09-16,682.076678153796,686.4771728515625,679.1430150219518,686.4771728515625,2831392
2021-09-17,689.410888671875,698.2118787400266,686.4772253158244,689.410888671875,7222343
2021-09-22,673.2757567019415,678.4096677007581,660.0742712764132,668.141845703125,8331836
2021-09-23,674.0091025764174,675.4759341380635,663.7412816448941,671.075439453125,5235288
2021-09-24,673.2757220724355,676.9428011686906,668.8752271569294,674.7425537109375,4824937
2021-09-27,675.4759046695776,703.345703125,675.4759046695776,703.345703125,10615379
2021-09-28,703.3457989827219,710.6799574705501,693.0779770997624,701.8789672851562,7201265
2021-09-29,689.4108696861308,691.611117142576,669.608642578125,669.608642578125,8299794
2021-09-30,669.6086597084341,671.0754913835895,657.1405904696132,663.7413330078125,7633321
2021-10-01,663.7413143869173,663.7413143869173,646.8727505958686,649.072998046875,6270815
2021-10-04,654.2068481445312,659.3407583878179,643.9390276579579,654.2068481445312,4562934
2021-10-05,639.5385387381056,643.9390332707072,627.0704708957342,635.8714599609375,8653551
2021-10-06,641.7388390454579,652.7400762862371,638.80517578125,638.80517578125,5342508
2021-10-07,649.0730334218064,670.3420932740464,647.6062017078588,668.141845703125,6379657
2021-10-08,674.0091901506696,678.409685407366,664.4747837611607,667.408447265625,4246459
2021-10-12,665.2081728895461,665.9415887361719,649.0730242637798,650.5398559570312,6289120
2021-10-13,653.4734645055784,654.9402960757368,632.2044067382812,632.2044067382812,5526679
2021-10-14,638.0718122209821,640.2720598493303,615.335920061384,616.0693359375,8578196
2021-10-15,625.6037510056201,630.0042463233618,621.2032556878784,628.5374145507812,6129997
2021-10-18,632.2043811837694,643.9390332707072,630.7375496729022,635.8714599609375,5973592
2021-10-19,643.2056892921771,660.0742535495546,639.5386101057907,658.607421875,5917354
2021-10-20,667.4083592015816,673.2756854363207,660.8076171875,660.8076171875,4486883
2021-10-21,668.87522675931,677.6762165850903,662.2744843899746,669.608642578125,5875235
2021-10-22,669.6086605063783,679.14306640625,664.4747496372165,679.14306640625,4483378
2021-10-25,680.6098726512527,692.3445256279983,671.8088829186934,687.9440307617188,5129397
2021-10-26,697.4785420133497,698.2119579355509,689.4109668691365,693.8114624023438,6282515
2021-10-27,696.0115961613423,702.6123383799429,683.5435275262075,690.877685546875,7944259
2021-10-28,690.8776675493289,694.5447464641343,679.8764308049128,686.4771728515625,3776228
2021-10-29,687.9440380485008,688.6774538673158,669.608642578125,669.608642578125,5373611
2021-11-01,678.4096591643294,682.0767384030555,672.5423323823676,676.2094116210938,2927412
2021-11-02,681.3433401831265,685.0104195167279,674.0091815159238,680.6099243164062,2920555
2021-11-03,685.0104108163727,688.6774901033982,681.3433315293471,683.5435791015625,3049201
2021-11-04,693.0779940506508,693.0779940506508,679.1430925829658,680.6099243164062,2340539
2021-11-05,688.6774728328623,689.410888671875,679.8764827647108,689.410888671875,3449046
2021-11-08,694.5447757020289,720.9477450000996,692.3445282605229,718.7474975585938,10466167
2021-11-09,733.4158493697278,733.4158493697278,715.8138689848544,717.2807006835938,6868045
2021-11-10,712.8802492782816,717.2807446441968,702.6124267578125,702.6124267578125,3495810
2021-11-11,686.4771659419222,704.0791445558176,686.4771659419222,699.6786499023438,3783645
2021-11-12,707.012913126669,724.6148943663371,701.1455860467796,720.9478149414062,4282008
2021-11-15,740.7500434689406,759.0854405845084,733.4158846227134,751.7512817382812,11093470
2021-11-16,751.7511089527665,766.419423273796,740.7498732119943,759.0852661132812,5633120
2021-11-17,777.4207479236195,788.4219849225386,748.0841159265018,755.4182739257812,6797429
2021-11-18,777.4207690542195,806.7574018487182,770.0866108555947,795.7561645507812,12481999
2021-11-19,817.7584878064076,821.4255662270642,777.4206251791858,799.423095703125,9960213
2021-11-22,806.7574282045717,814.091586642795,792.089111328125,792.089111328125,4887612
2021-11-23,784.754899011404,799.4232148807761,770.0865831420319,773.753662109375,6036742
2021-11-24,766.4195817800669,777.4208197960487,751.7512644254244,762.7525024414062,4207454
2021-11-25,766.419423273796,773.7535804343108,748.0840303725091,759.0852661132812,2988005
2021-11-26,748.084184788946,751.7512641261467,730.4822039703826,737.0829467773438,4249254
2021-11-29,731.9489683280871,755.4182739257812,726.8150577285915,755.4182739257812,3787113
2021-11-30,770.0865702109761,777.4207280225093,740.7499389648438,740.7499389648438,8133035
2021-12-01,748.0840600242078,784.7548472802964,740.7499025729901,781.0877685546875,6353875
2021-12-02,766.4195567943432,795.7561905472367,762.7524775752314,792.089111328125,7112276
2021-12-03,792.0890307156545,799.4231884074661,773.7536364861255,777.4207153320312,4662507
2021-12-06,777.4207690542195,795.7561645507812,762.75245265697,795.7561645507812,4605648
2021-12-07,777.4206898290787,792.0890047315141,770.086532377861,781.0877685546875,6117755
2021-12-08,795.7561737478595,814.0915694563356,792.0890946061644,803.09033203125,7323171
2021-12-09,803.0903227494059,806.7574018487182,788.4220063521565,795.7561645507812,2463930
2021-12-10,788.4220581054688,795.7562167855195,781.0878994254178,788.4220581054688,2943248
2021-12-13,784.7549787654433,803.0903754655704,784.7549787654433,788.4220581054688,3276917
2021-12-14,784.7548828125,788.4219617041472,770.0865672459113,784.7548828125,4130770
2021-12-15,781.0877941779371,788.4219518697487,766.4194787943138,777.4207153320312,2981924
2021-12-16,795.7560172824684,799.423095703125,788.4218604411553,799.423095703125,3810497
2021-12-17,788.4220581054688,803.0903754655704,784.7549787654433,788.4220581054688,4197118
2021-12-20,784.754899011404,788.421977978747,773.753662109375,773.753662109375,3226773
2021-12-21,814.0914093857511,814.0914093857511,784.7547820204989,799.423095703125,4406508
2021-12-22,803.0903227494059,803.0903227494059,792.0890854514689,795.7561645507812,1329910
2021-12-23,799.4232528895548,810.4244903146404,795.7561737478595,803.09033203125,2693726
2021-12-24,806.7574637276786,828.7599400111607,803.0903843470982,821.42578125,4983433
2021-12-27,825.0927321254946,869.0976778388543,821.4256533160479,839.7610473632812,8440835
2021-12-28,850.7623732546542,865.4306900349069,847.0952940595911,861.7636108398438,4928695
2021-12-29,865.4306383092695,880.0989542128164,858.096480357496,869.0977172851562,5074409
2021-12-30,880.098989791229,880.098989791229,861.7635941705785,872.7648315429688,3809725
2022-01-03,883.7660302203635,891.1001881475034,839.7610826575238,843.4281616210938,7374387
2022-01-04,854.4293212890625,861.7634785533463,839.7610067604949,854.4293212890625,6688764
2022-01-05,858.0965316447806,872.7648484250333,843.428214864528,861.7636108398438,7020406
2022-01-06,843.4282398643998,847.0953191681581,814.0916054343337,832.427001953125,8129690
2022-01-07,828.759922096946,839.7611600008877,799.4232876864346,806.7574462890625,8258414
2022-01-10,792.0890946061644,803.09033203125,784.7549363227739,803.09033203125,7069419
2022-01-11,799.4232697663483,803.0903489854601,781.0878736707899,792.089111328125,4406422
2022-01-12,803.0903227494059,803.0903227494059,784.7549272528441,795.7561645507812,3016339
2022-01-13,799.4232876864346,814.0916048916903,795.7562083851207,806.7574462890625,5047874
2022-01-14,799.4231621827319,799.4231621827319,773.7536111034698,781.0877685546875,5581491
2022-01-17,788.4219743531916,821.4256849075111,784.7548954027116,817.7586059570312,5457933
2022-01-18,814.0915173836962,839.7610697336326,810.4244384765625,810.4244384765625,4858889
2022-01-19,803.0903669877486,821.4257634943182,799.4232876864346,806.7574462890625,4742173
2022-01-20,810.4243309650946,814.0914093857511,784.7547820204989,799.423095703125,5235983
2022-01-21,777.4207250292056,792.0890405957944,773.7536461375585,784.7548828125,5844178
2022-01-24,777.4206251791858,799.423095703125,770.0864683378727,799.423095703125,5048568
2022-01-25,792.0890854514689,799.4232436500936,784.7549272528441,795.7561645507812,4466066
2022-01-26,784.7549787654433,803.0903754655704,784.7549787654433,788.4220581054688,5129604
2022-02-07,828.759922096946,828.759922096946,788.4220497824929,806.7574462890625,18787872
2022-02-08,825.0928068814212,825.0928068814212,799.4232528895548,803.09033203125,8746495
2022-02-09,825.0928085462183,832.4269668444068,803.0903336516524,828.7598876953125,7950712
2022-02-10,836.0940130825701,854.4294081063107,825.0927760683257,850.7623291015625,8574392
2022-02-11,843.4281616210938,858.0964774753737,839.7610826575238,843.4281616210938,4989740
2022-02-14,821.4256751979638,825.0927541050975,806.7573595694287,810.4244384765625,5433143
2022-02-15,814.0916048916903,821.4257634943182,799.4232876864346,806.7574462890625,3248639
2022-02-16,828.7598876953125,828.7598876953125,817.7586502480297,828.7598876953125,2903544
2022-02-17,828.7598876953125,832.4269668444068,821.425729397124,828.7598876953125,3007009
2022-02-18,817.7587018694196,825.0928606305803,810.424543108259,821.42578125,2500405
2022-02-21,817.7586502480297,832.4269668444068,814.0915710989353,828.7598876953125,3088278
2022-02-22,817.7586931108355,821.4257724521397,799.4232964043144,814.0916137695312,4745273
2022-02-23,814.0916224888392,821.42578125,806.7574637276786,821.42578125,3540429
2022-02-24,803.090267253372,810.4244249451835,773.7536364861255,777.4207153320312,7867454
2022-02-25,788.4220063521565,803.0903227494059,777.4207690542195,795.7561645507812,7091202
2022-03-01,810.4245255903763,821.4257634943182,803.0903669877486,806.7574462890625,5420606
2022-03-02,810.4245074236834,810.4245074236834,784.7549528899016,792.089111328125,3632197
2022-03-03,795.7561905472367,806.7574282045717,781.0878736707899,792.089111328125,3799148
2022-03-04,777.4208377000763,777.4208377000763,751.7512817382812,751.7512817382812,6254448
2022-03-07,722.4145937947088,729.7487521073455,711.413356325754,712.8801879882812,10685986
2022-03-08,693.0779943733572,723.1480449228891,691.6111626392337,706.2794799804688,7230258
2022-03-09,712.1467543576322,715.8138334222956,701.145517163642,708.4796752929688,5981552
2022-03-10,726.0815785470321,737.0828145856235,720.2142526597834,729.7486572265625,5820879
2022-03-11,733.4158670617536,733.4158670617536,704.8126482463452,706.2794799804688,5586320
2022-03-14,713.6136025250968,715.0804341849635,685.0103851576982,692.3445434570312,8517631
2022-03-15,684.2769314251115,685.7437630037291,660.8076261672298,663.0078735351562,9349160
2022-03-16,682.0766932646259,682.8101090638352,660.0742192883476,665.2081298828125,7483037
2022-03-17,697.4784639216651,717.2806916039837,696.0116322414934,709.946533203125,9344377
2022-03-18,712.1467632848781,714.3470107512577,700.4121101308533,710.679931640625,6554769
2022-03-21,722.4146116291819,722.4146116291819,716.5472848342241,717.2807006835938,3910421
2022-03-22,712.1467809745593,718.7475235376603,709.2131176131811,715.0804443359375,3925166
2022-03-23,724.6147533405034,729.7486635362358,715.8137644335337,716.5471801757812,4105013
2022-03-24,717.2806829758632,717.2806829758632,709.2131088319629,712.8801879882812,4654086
2022-03-25,715.0803916609004,715.8138074472193,707.7462337977117,712.146728515625,3500490
2022-03-28,696.7450565322306,707.0128784179688,693.8113931363055,707.0128784179688,2654466
2022-03-29,682.8100827534994,697.4783981724789,662.274441166928,668.8751831054688,12940484
2022-03-30,668.8751921106558,676.9427656997098,662.274450083248,671.075439453125,11058276
2022-03-31,660.074253819924,674.0091547339002,660.074253819924,663.7413330078125,8375072
2022-04-01,660.0742797851562,663.007943250868,654.9403687201607,660.0742797851562,9228783
2022-04-06,629.2707623332536,647.606157506134,627.070514912508,646.8727416992188,13328503
2022-04-07,629.2708921185662,639.5387155330882,623.403564453125,623.403564453125,12287176
2022-04-08,624.1369105747767,630.0042375837053,611.6688406808036,616.0693359375,12711666
2022-04-11,615.3358675577995,621.2031940660979,610.2019568630383,613.1356201171875,6163957
2022-04-12,616.069240252932,621.936566350579,608.7350826308733,617.5360717773438,7748278
2022-04-13,622.6700535860929,646.8727765170011,621.2032218933106,645.4059448242188,10111374
2022-04-14,641.0054757254464,641.0054757254464,631.4710693359375,631.4710693359375,6220281
2022-04-15,624.1368659826426,624.8702818063589,609.4685495083148,610.2019653320312,7092675
2022-04-18,606.534929547991,619.0029994419642,606.534929547991,610.9354248046875,3933699
2022-04-19,627.0706096640065,632.2045210881563,614.6025390625,614.6025390625,6253901
2022-04-20,621.2031521663488,627.8038940429688,616.8026575819355,627.8038940429688,5489289
2022-04-21,626.337158203125,639.5386439732142,623.4034946986607,636.60498046875,4505663
2022-04-22,621.936541733753,628.5372833323423,620.4697102673998,626.3370361328125,5736473
2022-04-25,610.9353553835779,614.602434347465,609.468523798023,613.8690185546875,5934807
2022-04-26,610.9354248046875,613.8690883091517,605.068097795759,610.9354248046875,6976630
2022-04-27,591.1331439632,598.4673020768874,584.5324016608814,592.5999755859375,8488189
2022-04-28,612.4022829359856,625.6037692747254,602.1344602280769,607.2683715820312,12449177
2022-04-29,623.403423263366,623.403423263366,608.735107421875,608.735107421875,6664286
2022-05-03,608.7351595250572,610.9354070896055,592.6000107183689,601.4010009765625,8296427
2022-05-04,608.0017700195312,612.4022653393349,605.0681064729955,608.0017700195312,3551729
2022-05-05,618.269566085761,621.9366453626635,613.869070953478,616.802734375,5091069
2022-05-06,593.3333676564607,611.6687622070312,592.5999518744379,611.6687622070312,5655744
2022-05-09,602.1344166810809,606.5349118090791,596.26708984375,596.26708984375,3073344
2022-05-10,587.4660997344226,604.3346643959604,587.4660997344226,601.4010009765625,5843583
2022-05-11,597.0005317200223,609.4686017927992,596.2671158333883,608.0017700195312,3755757
2022-05-12,607.2683278153582,612.4022387993045,601.4010009765625,601.4010009765625,4101437
2022-05-13,609.4686016476451,619.7364240580747,607.2683539882673,618.2695922851562,4569731
2022-05-16,622.6700339577416,629.2707763671875,605.0680541992188,605.0680541992188,4950541
2022-05-17,614.6024868088584,621.2032295072829,608.7351599658144,616.802734375,4006249
2022-05-18,626.3371407849049,627.070556640625,619.7363980834247,627.070556640625,5390518
2022-05-19,615.335833487426,621.203159670858,612.4021703957101,619.736328125,4799600
2022-05-20,616.8027084747387,623.4034508959903,613.1356293518211,620.4697875976562,3499866
2022-05-23,626.337167036208,628.5374146955859,618.2695922851562,618.2695922851562,3192724
2022-05-24,621.9365916792169,621.9365916792169,608.735107421875,608.735107421875,2917189
2022-05-25,610.9354334205636,621.9366717174526,605.8015222153488,618.2695922851562,3229937
2022-05-26,622.6700788225446,622.6700788225446,610.2020089285714,610.9354248046875,3458958
2022-05-27,617.5360986729767,624.8702566144609,614.6024354963829,624.1368408203125,3283990
2022-05-30,634.4046812991618,643.9390869140625,633.6712654826309,643.9390869140625,5134164
2022-05-31,642.4722737180593,663.7413330078125,635.8715311798601,663.7413330078125,10189792
2022-06-01,662.2745013326571,668.8752438708564,657.1405904696132,663.7413330078125,5234259
2022-06-02,659.3408377122773,664.4747485732183,657.8740060377228,658.607421875,3858451
2022-06-06,657.1405904696132,668.8752438708564,652.7400954441471,663.7413330078125,5605415
2022-06-07,660.0742091489642,660.8076249369075,652.7400512695312,652.7400512695312,5521169
2022-06-08,662.2745530651462,684.2770299111644,660.0743053805444,682.0767822265625,10296010
2022-06-09,679.8763946929536,685.7437206449963,674.7424844849161,677.6761474609375,5894187
2022-06-10,671.0755438035535,685.0104458060316,670.3421279086862,682.0767822265625,4826273
2022-06-13,661.5410936564174,665.2081728895461,649.0730242637798,650.5398559570312,8704050
2022-06-14,638.0717863603071,646.8727765170011,635.1381229747425,645.4059448242188,6417629
2022-06-15,645.4059362627262,654.9403421393347,643.9391045894018,648.339599609375,5010720
2022-06-16,664.4748199567762,665.9416517889103,637.3384310622941,640.2720947265625,4915525
2022-06-17,621.2031581984244,627.8039001391396,609.468505859375,609.468505859375,12964828
2022-06-20,614.6025041852678,624.8703264508928,610.2020089285714,616.0693359375,6893103
2022-06-21,631.4710693359375,636.60498046875,621.2032470703125,636.60498046875,7304422
2022-06-22,621.9365621611679,624.87022519023,590.3996845987502,591.8665161132812,14514935
2022-06-23,589.4483088921047,596.7055384133481,547.5176494360315,555.5812377929688,30393472
2022-06-24,549.936743346257,561.2257674032184,539.4540781505073,540.2604370117188,14518315
2022-06-27,552.3558156961536,560.4194042464625,546.7113037109375,546.7113037109375,10153354
2022-06-28,540.2605179231471,546.7113897789458,520.9079023557507,524.939697265625,16181238
2022-06-29,519.2950740473714,538.6476855025529,516.0696388048411,533.003173828125,13465426
2022-06-30,528.1651331935244,533.8096460673482,521.7142613377256,524.939697265625,9682997
2022-07-01,525.746026132621,528.1651029399796,491.8789508295994,493.4916687011719,10051624
2022-07-04,491.0725848858173,502.36160982572113,488.6535081129808,492.685302734375,8976016
2022-07-05,503.16796636814024,508.0061198909108,481.3962755156726,495.9107360839844,8934695
2022-07-06,497.52350655547843,499.13622456700347,486.2344804748031,487.8471984863281,7663311
2022-07-07,493.49162551591985,514.4569560116942,488.65347232458726,512.84423828125,8633974
2022-07-08,524.1333382836501,529.7778511574741,517.6824664278514,524.939697265625,9061449
2022-07-11,528.1650954026442,528.9714543269231,512.0379169170673,513.650634765625,5102748
2022-07-12,506.3933948429866,507.19975375197225,490.26621666327367,495.1043701171875,7334318
2022-07-13,524.1332478327706,525.7459655184099,508.8124298191973,511.23150634765625,6616953
2022-07-14,507.19973594263985,525.7459901980941,503.9743004199521,520.9078369140625,5473704
2022-07-15,520.9078510425709,525.746004457827,514.4569798222294,522.5205688476562,7738288
2022-07-18,525.745944532432,542.6794795557158,524.1332269111668,533.003173828125,7836261
2022-07-19,530.5841348423338,537.8413646502077,528.1650582397092,533.8095703125,4680873
2022-07-20,548.3241256054396,553.9686386631427,537.8414584982768,541.06689453125,8066906
2022-07-21,549.1304631579521,577.35302734375,546.711386227741,577.35302734375,11439799
2022-07-22,578.9656980690381,581.3847748019172,565.2575965827239,568.4830322265625,8280121
2022-07-25,560.4194144315497,562.8384910406069,553.9685434740643,554.77490234375,5931222
2022-07-26,547.5176534106553,561.2257537169603,544.2922180444658,549.13037109375,5330274
2022-07-27,533.0032260280592,545.9049682617188,532.1968671384556,545.9049682617188,6598262
2022-07-28,558.8067154422884,558.8067154422884,546.7113319911565,549.936767578125,4665061
2022-07-29,556.3876767249268,566.0639841462298,545.0986514000732,550.7431640625,6916095
2022-08-01,551.5495088340913,561.2258160066192,543.4859195236514,559.6130981445312,6377879
2022-08-02,547.517728255399,556.3876767249268,541.8732155929722,550.7431640625,6108080
2022-08-03,552.3558725073456,555.5813082592133,546.711359941577,553.1622314453125,3556948
2022-08-04,555.5813555801124,558.0004326000549,548.3241245202851,551.549560546875,3455237
2022-08-05,564.4512011582549,578.1593017578125,562.8384834406598,578.1593017578125,6982355
2022-08-08,574.9338705173164,580.5783825700811,569.2893584645517,571.7084350585938,5059785
2022-08-09,566.0639695928832,569.2894053170592,556.3876624203552,559.6130981445312,5278814
2022-08-10,545.9050583525332,548.3241354205651,538.6478271484375,538.6478271484375,6321671
2022-08-11,540.2604370117188,545.0985901789879,534.6159249832382,540.2604370117188,9025318
2022-08-12,543.4859704804002,551.549560546875,540.2605344538104,551.549560546875,4446417
2022-08-15,554.7748483976628,571.708383014452,553.1621308151115,569.289306640625,4793921
2022-08-16,571.708383014452,578.1592533446574,568.4829478493493,569.289306640625,5340783
2022-08-17,570.0957358565133,573.321171420058,563.6448647294242,566.8703002929688,4656601
2022-08-18,566.0640258789062,568.4831029125768,557.1940767554476,566.0640258789062,4104406
2022-08-19,565.2576344147388,565.2576344147388,558.8067626953125,558.8067626953125,4021243
2022-08-22,549.9367627097374,550.7431215993411,545.098609372115,545.9049682617188,3039000
2022-08-23,538.6477614182692,547.5177095853365,536.2286846454327,545.0986328125,3485299
2022-08-24,548.3240972287294,550.7431741282679,537.8414306640625,537.8414306640625,3956917
2022-08-25,540.2604370117188,545.9049490401994,537.0350015668727,540.2604370117188,2981905
2022-08-26,547.5176625659684,553.9685334062154,544.2922271458448,546.7113037109375,2900649
2022-08-29,529.7778038036586,531.3905216234566,524.9396503442645,526.5523681640625,4654505
2022-08-30,526.5523962197964,532.1969088898402,522.5206014554794,529.77783203125,4506040
2022-08-31,528.1651230659085,541.0668665301139,525.74604616637,537.8414306640625,4221631
2022-09-01,528.165081165455,533.003234580711,518.4887743349428,522.5205688476562,7093281
2022-09-02,516.0697454637098,520.1015403501449,499.9425659179688,499.94256591796875,9474700
2022-09-05,496.7171156893819,513.6506537242471,496.7171156893819,508.8125,5842744
2022-09-06,510.4252345050272,512.8443114458094,505.587080623463,507.1997985839844,3988122
2022-09-07,499.9425283502878,503.97432293375783,491.07258026665363,499.13616943359375,5069764
2022-09-08,501.5552438702285,504.78067952212706,497.5234493053553,502.3616027832031,3336148
2022-09-12,511.2315793562164,517.6824510200172,504.78070769241555,505.5870666503906,5000340
2022-09-13,508.8124646561595,512.8442591463034,503.9743112679868,504.7806701660156,4327108
2022-09-14,486.2344290384432,497.52345392490787,485.4280701179814,495.9107360839844,6129131
2022-09-15,492.6853073912782,499.9425377783837,492.6853073912782,496.71710205078125,3490200
2022-09-16,489.4597886657715,492.6852238464355,483.8152770996094,483.8152770996094,7961748
2022-09-19,488.6535198893768,492.685314607936,484.62172517081757,487.0408020019531,4262713
2022-09-20,489.45991649785316,492.6853525209033,486.2344804748031,487.8471984863281,3209089
2022-09-21,491.87899351514073,491.87899351514073,484.621762463278,487.8471984863281,4305556
2022-09-22,482.2026794743417,483.8153974658947,473.33273052080034,476.55816650390625,5520105
2022-09-23,476.5581194647427,478.9771962132947,467.68817138671875,467.68817138671875,4137245
2022-09-26,462.0436730678136,464.4627498901582,454.7864426007799,458.8182373046875,5078590
2022-09-27,460.430948123126,462.85002490836126,453.9800766958317,458.0118713378906,4395712
2022-09-28,461.2372652666284,464.46270068807337,439.465576171875,439.465576171875,7153489
2022-09-29,449.9482893970131,453.98008410487165,435.43382844872235,437.8529052734375,7957861
2022-09-30,432.2084176674512,446.722879454791,429.7893407028946,444.3038024902344,5765497
2022-10-03,437.8528493616703,448.33551426351505,436.2401316844634,441.8846435546875,3207800
2022-10-04,454.7864402251718,462.0436706542969,454.7864402251718,462.0436706542969,4417460
2022-10-05,480.5898955127035,490.26620213376464,477.3644599723498,483.00897216796875,9523847
2022-10-06,486.23447715850256,487.04083615876544,471.72001515377116,473.3327331542969,6813772
2022-10-07,468.49449163106647,469.30085048068963,454.7863911874724,456.39910888671875,5990213
2022-10-11,440.2719911985759,455.5928114051198,436.24019640738015,445.91650390625,8035781
2022-10-12,449.14191129646235,449.14191129646235,436.2401687816627,442.6910400390625,6779101
2022-10-13,443.49739411297963,446.7228297065286,433.8210873323328,438.65924072265625,6734775
2022-10-14,453.1737447624532,474.13907815004006,450.7546678331163,471.7200012207031,9168365
2022-10-17,458.0118205456585,467.68812661352456,455.59274402869204,466.0754089355469,6538416
2022-10-18,478.1708326274846,479.7835504441034,464.46273118622446,474.1390380859375,6492274
2022-10-19,471.7199754632325,476.5581290577272,465.26910400390625,465.26910400390625,5843559
2022-10-20,456.39910685221355,459.6245422363281,449.9482360839844,459.6245422363281,8517491
2022-10-21,457.2054748535156,466.8817811996218,455.59275712916457,457.2054748535156,4956286
2022-10-24,473.33267917762805,480.5899093524128,471.7199613610092,474.1390380859375,5684321
2022-10-25,476.5580897492159,477.36444861511984,453.98004150390625,453.98004150390625,6381937
2022-10-26,458.81821637985416,469.3008821319422,455.5927807638271,466.8818054199219,6518295
2022-10-27,474.94537353515625,477.3644501405985,470.1072203242718,474.94537353515625,6051076
2022-10-28,469.3009060209831,471.7199828561428,454.78644501002486,455.5928039550781,6036461
2022-10-31,471.7199148404396,487.0407325873941,464.462685381356,475.751708984375,16334090
2022-11-01,477.3644599723498,487.0407665934109,475.7517422021729,483.00897216796875,7663380
2022-11-02,479.78353662761504,489.4598432486762,478.17081885743823,483.00897216796875,6657914
2022-11-03,473.33261276245116,485.4279946899414,473.33261276245116,483.8152770996094,6358739
2022-11-04,483.8153474894001,483.8153474894001,472.52632271464745,481.3962707519531,4370544
2022-11-07,490.26625819052424,502.36164284982993,484.6217453495149,499.94256591796875,8093011
2022-11-08,509.6188736454133,509.6188736454133,496.7171300088206,499.94256591796875,7837433
2022-11-09,506.39334547776446,528.9713927283653,504.7806278170072,524.1332397460938,12019117
2022-11-10,522.5205921519886,532.1968994140625,516.8760795824455,532.1968994140625,7154267
2022-11-11,562.8385151018415,564.4512329101562,548.3240548270089,564.4512329101562,15760682
2022-11-14,568.4830986033895,572.5148936289455,559.6131495471665,562.0322265625,9563892
2022-11-15,567.6767010041551,592.6738284631449,564.4512652029952,582.191162109375,13610403
2022-11-16,590.2547702867798,595.0929241415895,579.7721036013588,587.835693359375,9978727
2022-11-17,596.705551252694,596.705551252694,577.3529387796336,584.6101684570312,6790953
2022-11-18,590.254751612275,598.3183411151748,577.353008407635,582.191162109375,5407566
2022-11-21,577.3529944525825,582.1911480373807,571.7084819369846,580.5784301757812,4344910
2022-11-22,570.0958060201723,576.5466779411926,566.870370059662,574.9339599609375,6221790
2022-11-23,582.1911337128768,582.1911337128768,568.4830322265625,568.4830322265625,3108090
2022-11-24,576.5465709141323,593.4801065633585,573.3211355523748,587.0292358398438,7357285
2022-11-25,587.8356181358537,593.4801302441541,582.9974649001676,586.222900390625,5668842
2022-11-28,566.8703002929688,579.7720425471473,566.8703002929688,566.8703002929688,5409513
2022-11-29,560.4194981386418,578.9657549115752,560.4194981386418,574.9339599609375,5090965
2022-11-30,575.7403359614812,595.0929522963208,573.3212589196262,591.0611572265625,9170864
2022-12-01,604.7692549856085,609.6074090254934,595.0929469058389,597.5120239257812,6799631
2022-12-02,588.6419405182256,603.1563993255243,588.6419405182256,595.899169921875,4024014
2022-12-05,595.899169921875,608.8009110839182,595.899169921875,595.899169921875,4458434
2022-12-06,595.8991923996498,599.9309866648707,580.5783741918104,584.6101684570312,4949511
2022-12-07,578.1593863204871,587.029335064595,574.9339504135388,577.35302734375,5243678
2022-12-08,583.8038515347961,584.6102104457558,568.4830322265625,568.4830322265625,4093975
2022-12-09,575.7403087223508,587.835693359375,573.3212317949459,587.835693359375,4352527
2022-12-12,576.5467015812907,577.3530606044812,568.4831113493844,574.1276245117188,4940725
2022-12-13,578.1593059760391,582.1911002994424,570.9020761939131,571.7084350585938,5634859
2022-12-14,578.1593393309867,583.8038517093925,575.7402625973842,578.9656982421875,4944047
2022-12-15,566.8702656077918,569.289342132434,549.13037109375,549.13037109375,13507515
2022-12-16,526.5523868445193,536.2286941065933,524.939668967507,532.1968994140625,12668262
2022-12-19,524.1333426498786,533.809650514184,524.1333426498786,528.9714965820312,6529791
2022-12-20,524.1332724367502,532.1968612434695,520.9078369140625,520.9078369140625,5800713
2022-12-21,523.3269092431491,533.0032157314662,520.9078326210698,527.3587036132812,4667715
2022-12-22,536.2286090706552,538.6476855025529,533.003173828125,533.003173828125,4043075
2022-12-23,524.939668967507,533.0032583525687,522.5205921519886,532.1968994140625,2381097
2022-12-26,533.0032870853735,533.0032870853735,524.939697265625,524.939697265625,1464464
2022-12-27,527.358778604647,535.4223684915682,526.5524196159549,528.9714965820312,1927473
2022-12-28,523.3269800646551,523.3269800646551,500.74892853644195,514.45703125,8725713
2022-12-29,508.0061575642451,508.8125165445058,502.36164470242016,507.1997985839844,3623909
2022-12-30,512.0378620605469,516.06965625,503.9742736816406,503.9742736816406,2332797
2023-01-03,502.3616279933764,520.1015249690654,500.7489100864956,519.295166015625,4451795
2023-01-04,515.2633148769163,519.2951092030268,512.037879416028,512.84423828125,2734185
2023-01-05,514.4570126782884,516.8760895404121,503.97434627575274,508.8125,5231120
2023-01-06,511.2315670129024,532.1968994140625,511.2315670129024,532.1968994140625,6890898
2023-01-09,541.0668615270544,544.2922973632812,536.2287077727141,544.2922973632812,6953372
2023-01-10,551.5495088340913,561.2258160066192,549.1304320409594,559.6130981445312,8579851
2023-01-11,564.4511912128713,570.095703125,559.6130381453323,570.095703125,6807896
2023-01-12,572.5148362379807,580.5784254807692,570.9021183894231,576.546630859375,6154916
2023-01-13,582.1911482137631,585.416583937939,557.1940213513992,559.6130981445312,6607197
2023-01-16,570.0957736102017,574.1275683316318,565.2576199444858,567.6766967773438,4831796
2023-01-17,569.2894292393804,571.7085061341653,558.8067626953125,558.8067626953125,4423459
2023-01-30,591.8673758087365,595.899169921875,571.7084052430438,595.899169921875,14092868
2023-01-31,591.8674408214006,606.3819012230153,577.3529804197859,578.9656982421875,10849696
2023-02-01,583.8038330078125,587.029268549292,578.965679695593,583.8038330078125,5742796
2023-02-02,602.35009765625,607.1882510510793,594.2865086648678,602.35009765625,11004915
2023-02-03,598.318270788688,607.188218199302,597.5119119331777,605.5755004882812,6331833
2023-02-06,600.73738901788,603.9628246636136,588.642005346379,589.4483642578125,7504061
2023-02-07,595.8991966513577,595.8991966513577,577.352942899015,578.1593017578125,7083578
2023-02-08,585.4166294220955,602.3501682896768,584.6102704284012,599.9310913085938,7726469
2023-02-09,596.705659629506,603.962890625,593.4802236315087,603.962890625,3943535
2023-02-10,603.9628580454233,603.9628580454233,595.8992684854044,596.7056274414062,3178891
2023-02-13,592.6737999035461,594.2865177264129,585.4165697006455,589.4483642578125,4083761
2023-02-14,594.2865555560003,598.3183503698131,589.448401779425,590.2547607421875,3253855
2023-02-15,588.6419471418354,588.6419471418354,570.9020528444103,572.5147705078125,6560069
2023-02-16,577.35296141548,578.965679184797,569.289372568895,573.3211669921875,5055383
2023-02-17,570.902113791818,582.9974975585938,570.0957548740329,582.9974975585938,3496855
2023-02-20,584.6102060365282,590.254718370674,579.7720526072604,585.4165649414062,2557688
2023-02-21,587.0292450161638,591.8673981344289,583.8038096039871,584.6101684570312,2680312
2023-02-22,578.9657549115752,582.1911908720854,574.9339599609375,574.9339599609375,4226425
2023-02-23,583.8038885539011,600.7374267578125,582.191170629719,600.7374267578125,7415265
2023-02-24,605.5755472565753,606.3819061743603,582.9974975585938,582.9974975585938,8014012
2023-03-01,594.286514070031,641.0553306454202,589.4483606311977,637.8298950195312,15610514
2023-03-02,637.0234831779234,637.0234831779234,623.3153829070061,624.9281005859375,9407400
2023-03-03,627.3471771043347,636.2171243384577,621.7026652280746,624.9281005859375,6400777
2023-03-06,632.9917226518904,641.0553114754813,626.5408515930176,632.1853637695312,7426468
2023-03-07,636.2171865550395,637.0235454733602,631.3790330451152,635.4108276367188,5137242
2023-03-08,630.5726548830669,632.1853726704916,616.8645536899567,619.2836303710938,8327224
2023-03-09,620.0900127704327,624.9281663161057,618.477294921875,618.477294921875,5235081
2023-03-10,612.0264989459325,613.6392169932209,607.1883448040675,609.607421875,5780275
2023-03-13,609.6072956504622,616.0581665039062,599.1246305136157,616.0581665039062,4934528
2023-03-14,603.9628527687664,619.2836727989487,603.9628527687664,613.63916015625,4970598
2023-03-15,617.6709027856509,623.3154149520994,610.41367285736,611.2200317382812,5204405
2023-03-16,605.5756267567791,616.8646530877976,603.1565496858466,609.607421875,5857200
2023-03-17,620.8963529875485,626.5408652874353,617.6709173876133,623.3154296875,6673769
2023-03-20,623.3154390409395,628.9599514255276,619.2836444805196,620.8963623046875,5239975
2023-03-21,625.7344307311932,628.1535071386592,615.2517662988408,621.70263671875,5224780
2023-03-22,626.5408608098342,632.9917319636033,625.734501915613,629.7662963867188,5008621
2023-03-23,628.9599609375,640.2489858774038,627.3472430889423,639.442626953125,4688952
2023-03-24,637.0234985351562,640.2489339707772,632.9917042406299,637.0234985351562,4299481
2023-03-27,636.2171912560096,637.0235501802885,628.1536020132212,628.9599609375,3000386
2023-03-28,624.9281900669826,628.9599848416083,617.6709594726562,617.6709594726562,3940649
2023-03-29,624.1217885874838,624.9281474874676,616.8645584876294,623.3154296875,2913723
2023-03-30,628.9600080083146,631.3790849621928,624.9282130851844,627.3472900390625,2970689
2023-03-31,627.3472013170564,636.2171488935187,627.3472013170564,634.6044311523438,4356288
2023-04-06,624.1217060469062,626.5407824269329,605.5754538000343,607.1881713867188,8692104
2023-04-07,603.962890625,606.381967623498,599.124736628004,603.962890625,4322843
2023-04-10,603.1564516956915,604.7691694809741,595.8992216619199,598.3182983398438,5720960
2023-04-11,599.1247545676257,612.0264989459325,599.1247545676257,609.607421875,4506545
2023-04-12,609.6073139764388,612.8327495001237,606.3818784527539,611.2200317382812,3537841
2023-04-13,612.0263332519531,612.8326920572916,603.9627451985677,604.7691040039062,5072055
2023-04-14,607.9947093616832,611.2201454856179,601.5438371138139,603.1565551757812,4358117
2023-04-17,568.482999599871,572.5147939232744,559.6130520883837,571.7084350585938,14011693
2023-04-18,566.0639265193496,566.8702853890353,552.355825734693,554.77490234375,13970100
2023-04-19,549.9368100766783,552.3558869538484,544.2922973632812,544.2922973632812,10748670
2023-04-20,533.0031982240492,551.5494517174731,533.0031982240492,542.6795043945312,9881462
2023-04-21,545.0986471305216,547.5177239668997,536.2286987304688,536.2286987304688,5084036
2023-04-24,534.615966796875,549.1304274338942,534.615966796875,545.0986328125,4674121
2023-04-25,546.7112869966948,546.7112869966948,524.1332397460938,524.1332397460938,8340199
2023-04-26,516.8760936484315,525.7460422133812,514.4570167670815,523.3269653320312,7111965
2023-04-27,527.3586993721676,537.8413646502077,526.552340504626,533.8095703125,4627385
2023-04-28,538.6477755668468,543.4859292396029,534.61598083955,536.2286987304688,6381645
2023-05-02,527.358791391114,542.6796125477365,527.358791391114,541.06689453125,6341076
2023-05-03,543.485942885455,548.3240966796875,538.6477890912224,548.3240966796875,6487920
2023-05-04,543.4859812845013,543.4859812845013,537.0351091030828,538.6478271484375,5568985
2023-05-05,544.2922973632812,546.7113742404514,541.8732204861111,544.2922973632812,3164748
2023-05-08,549.1304511176215,551.5495279947917,543.4859384042245,544.2922973632812,2957572
2023-05-09,549.1304038201337,549.1304038201337,543.4858915929076,545.9049682617188,2163899
2023-05-10,545.9050583525332,545.9050583525332,537.0351091030828,538.6478271484375,3766277
2023-05-11,537.0351091030828,543.4859812845013,535.4223910577283,538.6478271484375,3130043
2023-05-12,542.6795043945312,545.0985809371517,533.0031982240492,542.6795043945312,5100737
2023-05-15,545.0986608168657,549.9368146110983,542.6795839197495,548.3240966796875,3589435
2023-05-16,554.7749684053308,554.7749684053308,548.3240966796875,548.3240966796875,3763602
2023-05-17,548.3240405451643,555.5812704935562,545.9049638957003,552.3558349609375,7787494
2023-05-18,556.3875966286624,559.6130319714373,552.3558024501939,555.5812377929688,4371571
2023-05-19,557.1939887891184,562.8385009765625,556.3876299051979,562.8385009765625,4968629
2023-05-22,566.0639554936836,571.7084678704011,565.2575965827239,568.4830322265625,4440987
2023-05-23,572.5148734833275,582.1911812041725,570.9021555298533,577.35302734375,5240558
2023-05-24,574.9338847615045,574.9338847615045,565.2575781456026,573.3211669921875,5640355
2023-05-25,570.9021606445312,578.9657504841433,569.2894426766088,570.9021606445312,4666860
2023-05-26,570.9021912457192,594.2866030340325,570.9021912457192,588.64208984375,10749900
2023-05-29,608.8009974368542,611.2200742478616,595.0928955078125,595.0928955078125,10036727
2023-05-30,612.0264562204343,623.3154817633673,610.4137382857297,615.2518920898438,16298604
2023-05-31,610.413710361727,618.4772996663733,603.1564799875453,612.0264282226562,12027736
2023-06-01,608.8010683926669,613.6392225785689,603.1565551757812,603.1565551757812,6202943
2023-06-02,607.9945770548123,614.4454478988953,604.7691416327709,605.5755004882812,6399171
2023-06-05,610.413710361727,618.4772996663733,610.413710361727,612.0264282226562,5242068
2023-06-06,612.8327730246863,616.0582086721846,606.3819017296896,610.4136962890625,4171308
2023-06-07,612.0264003276825,620.0899892648061,609.6073236465454,619.2836303710938,5292636
2023-06-08,620.8963481585185,624.9281426270803,615.251835902532,619.2836303710938,7246478
2023-06-09,619.2836019306283,620.8963196439893,613.6390899338647,616.0581665039062,4570550
2023-06-12,620.0900127704327,620.0900127704327,615.2518592247596,618.477294921875,3852674
2023-06-13,620.8963345685574,630.5726410813143,619.2836168164314,628.153564453125,7182494
2023-06-14,629.7663198617788,630.5726787860577,625.7345252403846,628.9599609375,5287535
2023-06-15,626.5409079768328,628.1536258866831,616.8646005177311,617.6709594726562,7917545
2023-06-16,612.8327301878745,616.8645244654264,605.5755004882812,605.5755004882812,10097247
2023-06-19,620.0900771608777,639.4426933531548,616.0582821208201,632.9918212890625,19694676
2023-06-20,632.1049062726122,647.2825664514743,616.92724609375,616.92724609375,24572675
2023-06-21,615.1414942005152,621.3911175087933,609.784674221991,618.7127075195312,11451567
2023-06-26,614.2487839302007,616.0343908602304,611.5703735351562,611.5703735351562,4552895
2023-06-27,607.1062811180708,614.248707954754,607.1062811180708,607.9990844726562,4553912
2023-06-28,617.8199418980441,622.2839588192727,611.570318208324,620.4983520507812,4150494
2023-06-29,628.5336016073994,629.4264050187735,620.4983709050321,621.3911743164062,4275815
2023-06-30,617.8199931299964,617.8199931299964,612.4631723803143,614.248779296875,4338115
2023-07-03,617.8200496336831,623.1768708732815,616.0344425538169,616.92724609375,2906690
2023-07-04,621.3911886160714,626.7480092075892,616.9271714564732,624.96240234375,3753123
2023-07-05,627.6408172125796,627.6408172125796,621.3911931436065,622.2839965820312,3610090
2023-07-06,617.819969641644,624.0695936120075,614.2487559442934,616.0343627929688,4200756
2023-07-07,612.4631816606717,612.4631816606717,607.1063608298203,608.8919677734375,4297744
2023-07-10,607.106313266159,612.4631336773309,600.856689453125,600.856689453125,5647752
2023-07-11,608.8919211518312,613.3559381690734,603.5351007311407,612.463134765625,3372502
2023-07-12,615.1415873952155,615.1415873952155,607.1063562100821,611.5703735351562,3890508
2023-07-13,617.8200263528263,618.7128298591165,607.1063842773438,607.1063842773438,5058111
2023-07-14,612.4631864514654,623.1768281969721,611.5703829726732,617.8200073242188,6044895
2023-07-17,617.8199596935624,617.8199596935624,607.9991221839826,609.7847290039062,4271120
2023-07-18,607.1063187740209,612.4631392337917,605.3207119540973,609.7847290039062,4684651
2023-07-19,616.0343538481613,624.0695845505287,615.1415504367872,621.3911743164062,6185652
2023-07-20,622.2840247181799,622.2840247181799,615.1415968878421,617.8200073242188,2484977
2023-07-21,604.4279504143947,609.784771245246,582.1078636191806,608.8919677734375,11417157
2023-07-24,606.2135478153936,616.0343858506944,600.8567270688658,602.642333984375,7400747
2023-07-25,602.6422669833764,606.213480417352,593.7142333984375,593.7142333984375,6931420
2023-07-26,593.7142893085044,598.1783065213502,583.8934514402433,584.7862548828125,6972659
2023-07-27,587.4646606445312,590.1430709514211,583.8934469020113,587.4646606445312,4674341
2023-07-28,589.2502675157912,594.6070881295711,584.7862503376413,587.4646606445312,4178929
2023-07-31,616.9271662173063,623.1767901876698,610.677542246943,616.0343627929688,16722852
2023-08-01,624.9624030285764,638.354454522046,620.4983858640867,636.56884765625,13914572
2023-08-02,635.6760911605254,642.8185191510931,628.5336631699577,632.9976806640625,8947248
2023-08-04,633.8904275434888,634.7832309625642,624.0695899336602,630.3192138671875,6732210
2023-08-07,632.9976241244135,635.6760343816395,627.6408036099615,630.3192138671875,3488590
2023-08-08,629.4264141580333,629.4264141580333,616.0343627929688,616.0343627929688,5604493
2023-08-09,615.1415831039363,626.7480280681615,612.4631727275766,625.855224609375,3176525
2023-08-10,626.7479374873174,627.6407408170713,614.2486908707612,618.7127075195312,4319324
2023-08-11,614.2487314755155,615.141534864288,602.6422874214722,606.2135009765625,4857156
2023-08-14,599.9639282226562,600.8567316872733,594.607107434954,599.9639282226562,3498430
2023-08-15,608.8919535499056,610.6775604518115,603.5351328441878,605.3207397460938,2734494
2023-08-16,623.1767711002699,623.1767711002699,609.7847201453931,615.1415405273438,5944886
2023-08-17,607.1063322978487,607.9991357276984,600.8567082889002,601.74951171875,4594977
2023-08-18,598.1782979993509,606.2135288679989,597.2854945695011,601.74951171875,3179069
2023-08-21,605.3206918485496,606.2134952288573,595.499854665166,597.2854614257812,2683227
2023-08-22,602.6423386165073,608.8919628688267,596.392714364188,599.9639282226562,3686021
2023-08-23,599.9639093936289,603.5351231400196,598.1783025204336,599.0711059570312,2048921
2023-08-24,608.8920142343524,617.8200496336831,607.1064071544863,616.92724609375,5599510
2023-08-25,617.8200447896029,620.4984553884017,613.3560271249381,619.6056518554688,5624927
2023-08-28,624.9624211505884,632.9976522796674,623.1768142330153,625.855224609375,5872295
2023-08-29,637.4616556516835,639.2472625302597,626.7480143802267,633.8904418945312,5186169
2023-08-30,637.4616981581673,638.3545016569883,626.7480561723158,632.9976806640625,4253988
2023-08-31,629.4263916015625,637.4616221326463,628.5335882092198,629.4263916015625,5761753
2023-09-01,631.212031576667,635.6760487731074,625.8552109409386,633.8904418945312,2955148
2023-09-04,636.5688098848452,636.5688098848452,629.4263828454641,634.783203125,2380158
2023-09-05,635.6760165498781,641.0328369140625,634.7832131558474,641.0328369140625,4791289
2023-09-06,643.7112560486526,644.6040594551,635.676025390625,635.676025390625,3074614
2023-09-07,632.9976480609038,641.03287913643,632.1048446080675,640.1400756835938,3205892
2023-09-08,629.4264666687786,633.8904841628835,625.8552526734949,632.9976806640625,4421983
2023-09-11,638.354534501789,638.354534501789,632.1049096884848,637.4617309570312,2101421
2023-09-12,633.8903557075249,650.8536187475854,632.997552389627,649.9608154296875,6513877
2023-09-13,659.7817284422495,664.2457455494365,650.8536942278753,653.5321044921875,9197173
2023-09-14,656.2104724504125,656.2104724504125,647.2824388116313,654.4248657226562,5527046
2023-09-15,661.5673691335855,681.2090454101562,657.9961552651182,681.2090454101562,16255632
2023-09-18,670.4953365082022,707.1002749860135,669.6025331306946,698.1722412109375,11994826
2023-09-19,698.1723162218022,698.1723162218022,682.1018537000728,690.1370849609375,6244891
2023-09-20,682.9946995912334,683.8875031201108,670.4954501869494,677.6378784179688,5042205
2023-09-21,671.388192757205,680.3162272353594,664.2457651746817,666.0313720703125,5034920
2023-09-22,656.2105341443428,667.8169789659433,649.9609100096347,666.0313720703125,7559485
2023-09-25,661.5674012443087,680.3162749637831,661.5674012443087,674.066650390625,4563725
2023-09-26,667.8169309701493,674.0665546556988,657.10329036635,657.99609375,3845914
2023-09-27,649.9608632971506,657.99609375,649.9608632971506,657.99609375,3824756
2023-09-28,659.7817239151519,661.5673307457748,651.7464931773491,656.2105102539062,3769234
2023-10-02,666.9240954507917,667.816898791422,660.67447206638,665.1384887695312,3898779
2023-10-03,684.7803060897273,699.9579660682481,683.8875025615791,689.2443237304688,10288796
2023-10-04,688.3514873798077,699.0651292067308,682.1018629807693,696.38671875,7599174
2023-10-05,699.0650590503489,701.7434692382812,692.8154352785067,701.7434692382812,5604602
2023-10-06,705.3146828221911,705.3146828221911,697.2794522583939,701.7434692382812,2927223
2023-10-11,705.3146624740863,728.5275500998157,705.3146624740863,726.741943359375,12439451
2023-10-12,729.4203724118098,731.2059791986196,718.706731690951,727.634765625,6769337
2023-10-13,732.0988627454165,751.7405395507812,730.3132557631105,751.7405395507812,9828945
2023-10-16,748.1692881266276,757.9901260375977,742.8124674479167,749.9548950195312,5765614
2023-10-17,754.418935694839,762.4541669625947,732.0988488399621,736.5628662109375,8242227
2023-10-18,714.2427977014145,733.8844746382034,714.2427977014145,725.8492431640625,7594780
2023-10-19,724.063530464632,748.1692213678934,724.063530464632,741.0267944335938,7509749
2023-10-20,741.9196823783543,747.2765031897504,724.9564164756001,739.2412719726562,8501964
2023-10-23,736.5627906790023,740.1340042095671,728.5275602352314,732.9915771484375,5304563
2023-10-24,732.9916049732881,734.7772118063533,717.8139468922334,728.527587890625,5036466
2023-10-25,730.3132465297579,742.8124952478711,728.5276395700274,733.8844604492188,6474280
2023-10-26,727.6348032770426,729.42041015625,724.0635895186276,729.42041015625,5446904
2023-10-27,735.670038306609,735.670038306609,714.2427556374844,715.1355590820312,6956960
2023-10-30,731.2060367401729,771.3821926050175,730.3132332765097,765.132568359375,16172619
2023-10-31,767.8110023915343,768.7038058826872,744.5981116215577,751.7405395507812,10786996
2023-11-01,762.4540724156877,764.2396791426567,742.8123984190307,755.3116455078125,6856015
2023-11-02,770.4892913537091,782.988538258636,763.3468645508938,774.9533081054688,9692237
2023-11-03,778.5246205998563,782.0958344558189,771.3821928879311,776.739013671875,5567970
2023-11-06,784.7742263897746,794.5950642626842,779.417405731824,787.45263671875,7264020
2023-11-07,794.5950551075979,802.6302860019443,784.774217347841,792.8094482421875,7077114
2023-11-08,801.7374239531335,817.8078845668934,799.0590138508403,816.0222778320312,9312449
2023-11-09,815.129487601433,815.129487601433,802.6302402559566,807.987060546875,6788362
2023-11-10,803.5230748793657,807.0942885454963,789.2382202148438,789.2382202148438,7551994
2023-11-13,811.5583542577477,825.8432097782362,807.9871403776257,808.8799438476562,9498188
2023-11-14,817.8078977468923,818.700701128712,805.3086504014158,807.987060546875,4757053
2023-11-15,825.8431858953401,825.8431858953401,803.5230997900605,810.66552734375,8426367
2023-11-16,816.0223714010446,816.0223714010446,795.4878915955478,797.2734985351562,7645459
2023-11-17,799.9518718888274,807.9871027448536,797.2734616034854,807.0942993164062,4816081
2023-11-20,821.3791830497876,824.9503968891345,807.0943276923999,814.2367553710938,6970538
2023-11-21,823.164809027192,833.8784507932726,816.9151846636449,826.7360229492188,9543750
2023-11-22,828.5216253649152,841.0208740234375,825.8432149380889,841.0208740234375,6417661
2023-11-23,849.0560619723412,849.0560619723412,829.4143865113617,830.3071899414062,5187583
2023-11-24,834.7712450784351,848.1632971385169,832.0928346664188,843.6992797851562,4498302
2023-11-27,844.5920019426355,849.0560188662224,831.199951171875,831.199951171875,5615291
2023-11-28,829.4144288405239,841.0208740234375,825.8432149380889,841.0208740234375,5645888
2023-11-29,840.128000702033,847.2704279131024,835.6639836951147,846.3776245117188,5118355
2023-11-30,847.2704936678448,850.8417075505333,838.3424589611236,843.6992797851562,7275320
2023-12-01,841.0209067645773,845.4849243164062,837.4496927231141,845.4849243164062,3387061
2023-12-04,843.6992368054159,844.5920402306069,830.3071854275522,832.985595703125,5071102
2023-12-05,825.8432148090604,832.9856426128144,822.2720009071834,829.4144287109375,5175120
2023-12-06,825.8431164063554,832.985543359059,825.8431164063554,827.6287231445312,3093275
2023-12-07,832.9855579413097,841.9135917884835,827.6287376330055,831.199951171875,3018069
2023-12-08,840.1280283922861,844.5920455463365,836.5568146690457,841.9136352539062,4934438
2023-12-11,841.020855213453,842.8064621247343,832.092820657047,840.1280517578125,5648215
2023-12-12,848.1632447979067,848.1632447979067,834.7711935642556,838.3424072265625,4510280
2023-12-13,842.8064207706152,852.6272583007812,838.3424037114488,852.6272583007812,5889291
2023-12-14,857.9840422130767,865.1264692034041,850.8416152227493,862.4480590820312,6610988
2023-12-15,870.4833662653543,891.0178456746909,866.912152455035,889.2322387695312,11839614
2023-12-18,888.3394256375798,890.1250325232835,875.840177437654,882.9826049804688,4783607
2023-12-19,872.2690192807106,887.4466787768949,872.2690192807106,885.6610717773438,5008169
2023-12-20,886.553827978466,888.3394348827529,877.6257934570312,877.6257934570312,6393160
2023-12-21,867.8049458988378,877.625783763948,867.8049458988378,871.3761596679688,4418453
2023-12-22,874.9473322088068,883.8753662109375,874.0545288085937,883.8753662109375,3285155
2023-12-25,884.7682027692172,891.0178268049231,881.1969890345281,888.3394165039062,3304233
2023-12-26,891.910602355957,897.2674227905273,888.3393887329102,892.8034057617188,3241620
2023-12-27,901.7314611581655,937.4435982337365,901.7314611581655,928.5155639648438,8561649
2023-12-28,932.9796041349085,941.9076386242378,915.12353515625,915.12353515625,5447955
2023-12-29,915.1235300449315,919.5875472646629,901.7314783857374,906.1954956054688,5039654
2024-01-02,901.731447925626,906.1954649945648,874.9473455119936,875.8401489257812,10009034
2024-01-03,871.3761538398479,872.2689572761592,850.8416748046875,850.8416748046875,12547023
2024-01-04,861.4726204707705,867.8878421125742,844.9763362489898,850.47509765625,8449251
2024-01-05,851.3914957947374,856.8902568009466,844.059814453125,844.059814453125,5524580
2024-01-08,852.3079734470533,857.8067345660666,841.3104512090268,843.1433715820312,5553064
2024-01-09,859.6397000016838,861.4726204707705,848.6421771871633,850.47509765625,5782533
2024-01-10,856.8903278169178,856.8903278169178,844.9763446494098,846.8092651367188,4252336
2024-01-11,854.1408938200577,858.7231947525687,843.1433715820312,843.1433715820312,6787619
2024-01-12,843.14345028179,851.3915927301988,839.4776091936083,848.6422119140625,4733940
2024-01-15,856.8903630519378,856.8903630519378,842.2269985505143,844.9763793945312,4242507
2024-01-16,838.5611388137221,840.3940593357192,820.23193359375,820.23193359375,10182511
2024-01-17,815.6495432153903,827.5635253073006,805.5684814453125,805.5684814453125,11463245
2024-01-18,810.1508965975996,822.0648803710938,810.1508965975996,822.0648803710938,6754372
2024-01-19,843.1433715820312,843.1433715820312,831.2293891575025,843.1433715820312,9037844
2024-01-22,850.4751410825651,864.2220453026496,843.1434588318533,844.9763793945312,9381596
2024-01-23,841.310546741004,844.9763879032743,833.0624041258961,834.8953247070312,6015511
2024-01-24,839.4775583642161,857.8067626953125,838.5610981476613,857.8067626953125,7798880
2024-01-25,860.5561439942959,870.6372063840055,855.057382690818,864.2219848632812,8962616
2024-01-26,857.8067626953125,860.5561433449769,850.4750809628739,857.8067626953125,5273128
2024-01-29,866.0549311851388,866.0549311851388,848.642186536972,859.6397094726562,7026602
2024-01-30,859.6397025642117,891.7158108688465,859.6397025642117,882.5512084960938,9478077
2024-01-31,894.4651389428053,895.3815991261483,877.9688556426306,885.300537109375,9080284
2024-02-01,871.5536475396925,871.5536475396925,844.9763018208165,852.3079833984375,16712977
2024-02-02,853.2244616125383,857.8067626953125,848.6421605297643,857.8067626953125,7360212
2024-02-05,851.3915239820612,861.4725861605356,850.4750637840181,858.7232055664062,5742677
2024-02-15,900.8803786289545,900.8803786289545,871.5536521629051,890.79931640625,11678406
2024-02-16,894.4651920908505,895.3816523286486,882.5512089994764,888.9664306640625,4417821
2024-02-19,891.7158108688465,891.7158108688465,871.5536856487904,882.5512084960938,4193442
2024-02-20,879.8018035577902,902.7133088587743,879.8018035577902,899.9639282226562,7570527
2024-02-21,890.799343284117,903.6297865001433,890.799343284117,899.0474853515625,5334177
2024-02-22,905.4627265817427,934.7894545681959,905.4627265817427,930.2071533203125,10182733
2024-02-23,948.536289284446,1008.106201171875,925.624784712358,1008.106201171875,23431414
2024-02-26,998.941643821819,1026.4354505325111,971.4478371111267,1021.8531494140625,12036894
2024-02-27,1031.0177516509598,1063.093859480101,1012.688547177165,1021.8531494140625,17137848
2024-02-29,1021.8531429893092,1049.3469495271381,1017.270841899671,1044.7646484375,9126357
2024-03-01,1067.6761504988865,1067.6761504988865,1003.5239354474512,1012.6885375976562,12066326
2024-03-04,1021.8530931555707,1058.5115000849185,1012.6884914232337,1053.92919921875,12304302
2024-03-05,1053.92929539536,1063.0938979640152,1035.6000902580492,1058.5115966796875,8416339
2024-03-06,1049.3469371635372,1099.7522485556722,1044.7646361278887,1090.587646484375,9634661
2024-03-07,1118.0814913617887,1154.7399009146343,1113.499190167683,1127.24609375,15008514
2024-03-08,1154.7399009146343,1168.4868044969512,1095.1699853912603,1127.24609375,16121484
2024-03-11,1131.828420958227,1140.9930235570791,1104.3346131616709,1122.663818359375,5703039
2024-03-12,1099.752242476852,1122.6637475284529,1090.5876404562114,1113.4991455078125,5088394
2024-03-13,1140.9929515697338,1154.7398546006943,1108.9168444974923,1113.4991455078125,6917876
2024-03-14,1118.0814113451088,1127.2460130774457,1044.764597486413,1053.92919921875,12529434
2024-03-15,1040.182373046875,1053.929276655424,1026.435469438326,1040.182373046875,8516381
2024-03-18,1040.1823161850627,1081.4230247562766,1040.1823161850627,1072.2584228515625,5901035
2024-03-19,1053.92919921875,1067.6761018172554,1040.1822966202446,1053.92919921875,8740357
2024-03-20,1049.3470016074393,1076.8408095098175,1026.4354950221239,1035.60009765625,6032629
2024-03-21,1063.0938527960525,1063.0938527960525,1031.0177451685854,1044.7646484375,6391070
2024-03-22,1044.7646028645834,1049.3469037543402,1017.2707975260416,1031.0177001953125,5827756
2024-03-25,1026.435546875,1044.7647530691963,1021.8532453264509,1026.435546875,3241531
2024-03-26,1044.7647002903761,1072.2585081927546,1026.4354950221239,1035.60009765625,6534083
2024-03-27,1040.182341088553,1076.8407495850659,1031.0177389644248,1067.6761474609375,5980133
2024-03-28,1063.0938720703125,1081.42307676118,1040.1823662067281,1063.0938720703125,6926740
2024-03-29,1063.0938653744724,1086.00537109375,1063.0938653744724,1086.00537109375,4051000
2024-04-01,1090.5876791066137,1099.7522814520476,1058.5115708975957,1063.0938720703125,5359025
2024-04-02,1072.2584485230016,1086.005351709194,1063.0938463988734,1067.6761474609375,4164058
2024-04-03,1053.9292697248788,1076.8407755884632,1044.7646673794452,1063.0938720703125,4100953
2024-04-08,1076.8407035495925,1081.423004415761,1049.3468983525815,1053.92919921875,4066781
2024-04-09,1063.0938720703125,1076.8407755884632,1053.9292697248788,1063.0938720703125,3322521
2024-04-10,1072.2584172332636,1113.4991255883892,1067.6761163049164,1095.169921875,6393274
2024-04-11,1104.334620666504,1127.246127319336,1086.0054153442384,1099.7523193359375,6271331
2024-04-12,1090.5876982090838,1099.7523007150423,1067.676191944187,1081.423095703125,5214036
2024-04-15,1063.0937587978603,1063.0937587978603,1017.270751953125,1017.270751953125,9187015
2024-04-16,976.0301418214048,998.9416474979636,966.8655395507812,966.8655395507812,12016661
2024-04-17,976.0300441196986,985.1946454729352,957.7008414132254,962.2831420898438,7727084
2024-04-18,957.7008414132254,971.4477434430803,934.7893380301339,962.2831420898438,7168984
2024-04-19,934.7894711220732,943.9540737801328,888.9664578317755,910.0450439453125,15661098
2024-04-22,901.7968204095496,906.3791213262648,885.300537109375,885.300537109375,9091869
2024-04-23,906.3791398413388,906.3791398413388,888.9663960021219,890.79931640625,5846136
2024-04-24,911.8779136733253,934.7894190420019,910.9614534585783,925.6248168945312,6229216
2024-04-25,912.794388797305,921.0425308647506,894.4651842029816,899.0474853515625,6053259
2024-04-26,908.2120981396727,921.0425415039062,904.5462571784632,921.0425415039062,5747819
2024-04-29,966.8655633033791,966.8655633033791,921.042550824546,930.2071533203125,7963720
2024-04-30,930.2071875910605,943.9540918411747,909.1286010742188,909.1286010742188,5868406
2024-05-02,907.2956030273438,934.7894091796875,899.9639213867188,916.460205078125,5401225
2024-05-03,953.11865234375,962.2832547701322,943.9540499173678,953.11865234375,6598170
2024-05-06,971.4477586239433,971.4477586239433,948.5362548828125,948.5362548828125,4516638
2024-05-07,962.2832901512037,966.865591532876,948.5363860061865,957.7009887695312,3178782
2024-05-08,989.7772032855307,1008.1064107537813,971.4479958172802,1003.5241088867188,9985063
2024-05-09,1008.1064107537813,1031.0179200890946,998.941807019656,1003.5241088867188,7792270
2024-05-10,1012.688712620844,1012.688712620844,989.7772032855307,1003.5241088867188,4456276
2024-05-13,1021.8531494140625,1026.4354505325111,1008.1062460587164,1021.8531494140625,4025166
2024-05-14,1021.8531864050664,1063.0938979640152,1017.2708851207386,1058.5115966796875,7534580
2024-05-15,1072.2585005326705,1076.8408018169982,1049.3469941110322,1058.5115966796875,5522444
2024-05-16,1081.4230444130776,1108.9168506269696,1076.8407433774291,1090.587646484375,10020318
2024-05-17,1081.42305064713,1086.005351709194,1067.6761474609375,1067.6761474609375,6360397
2024-05-20,1067.6761413061317,1095.1699475200237,1067.6761413061317,1090.587646484375,6031212
2024-05-21,1081.4229990857712,1090.5876007729387,1067.67609655502,1076.8406982421875,3369008
2024-05-22,1090.5876722376054,1090.5876722376054,1063.0938653744724,1086.00537109375,4429872
2024-05-23,1095.1699922806988,1108.9168959494943,1086.0053898348353,1104.3345947265625,6200782
2024-05-24,1090.5876209466528,1104.3345237316946,1090.5876209466528,1095.169921875,3253977
2024-05-27,1145.5752599100194,1200.5628723857003,1131.8283567910992,1177.6513671875,14370057
2024-05-28,1191.398264178793,1209.727468243082,1177.651361130576,1200.5628662109375,10026387
2024-05-29,1200.563094264777,1205.1453961512839,1168.4869810592295,1182.23388671875,7857214
2024-05-30,1150.1577735132025,1191.3984904917636,1145.5754716266956,1182.23388671875,8407440
2024-05-31,1205.1451865748354,1205.1451865748354,1122.6637669613488,1131.828369140625,14212589
2024-06-03,1159.3221180833232,1163.9044189453125,1136.410613773376,1163.9044189453125,6293578
2024-06-04,1154.7398484753023,1163.9044504473286,1118.0814405871974,1136.41064453125,6985162
2024-06-05,1136.4106961382115,1140.9929973323171,1118.0814913617887,1127.24609375,5828522
2024-06-06,1150.1577735132025,1191.3984904917636,1131.8285659671753,1182.23388671875,9895619
2024-06-07,1182.2337201286766,1182.2337201286766,1163.9045151654411,1168.48681640625,4931241
2024-06-11,1163.9044189453125,1173.0690206692914,1145.575215497355,1163.9044189453125,5557895
2024-06-12,1163.904627403846,1200.5630408653844,1159.3223257211537,1191.3984375,7741796
2024-06-13,1228.0566547269855,1283.0442661326715,1214.309751875564,1269.29736328125,13075007
2024-06-14,1278.4620361328125,1278.4620361328125,1250.9682289041498,1278.4620361328125,5947681
2024-06-17,1260.132786847543,1273.8796899767888,1250.968184761379,1264.715087890625,4297102
2024-06-18,1260.1329002516125,1287.626708984375,1260.1329002516125,1287.626708984375,7677930
2024-06-19,1305.9558660333807,1360.9434814453125,1301.373564749053,1360.9434814453125,11552021
2024-06-20,1360.9434045410155,1374.6903076171875,1338.0318994140625,1374.6903076171875,6213796
2024-06-21,1347.1964316144085,1370.1079355534291,1324.284927675388,1365.525634765625,10724486
2024-06-24,1333.4495706761136,1342.6141725364305,1287.626561374529,1292.2088623046875,9093868
2024-06-25,1255.5504604298285,1283.0442661326715,1250.9681594793547,1269.29736328125,9382535
2024-06-26,1278.4621060734542,1310.538216261677,1278.4621060734542,1287.626708984375,4993229
2024-06-27,1264.7151325184811,1292.2089397471439,1264.7151325184811,1278.4620361328125,4724876
2024-06-28,1283.0443115234375,1287.6266126360213,1260.132805960519,1283.0443115234375,6843642
2024-07-01,1287.626536015487,1319.7026418948763,1287.626536015487,1296.7911376953125,5023006
2024-07-02,1292.2088623046875,1296.791163234846,1273.8796585840535,1292.2088623046875,5090265
2024-07-03,1310.538216261677,1310.538216261677,1273.8798046179938,1287.626708984375,6361645
2024-07-04,1292.6900071022726,1311.4246448863637,1288.00634765625,1288.00634765625,7642964
2024-07-05,1292.689968532986,1297.373627839265,1250.5370347764756,1264.5880126953125,6406820
2024-07-08,1255.2206343529929,1330.1591796875,1250.5369752695863,1330.1591796875,7726110
2024-07-09,1358.2612212716715,1367.6285400390625,1325.4756055858036,1367.6285400390625,9654123
2024-07-10,1362.9448420826982,1367.6285013338415,1320.7919088224087,1344.210205078125,5443505
2024-07-11,1344.21015693772,1367.6284523547536,1325.4755206040932,1330.1591796875,5250273
2024-07-12,1278.6389815386603,1297.373618630802,1264.5880037195543,1273.955322265625,6871306
2024-07-15,1283.322583638434,1292.6899017671817,1264.5879473809387,1269.2716064453125,3536752
2024-07-16,1269.2716150673793,1278.6389332597585,1241.1696604902418,1259.904296875,5001135
2024-07-17,1250.5371190484966,1259.9044382923055,1222.4351613170695,1241.1697998046875,5978911
2024-07-18,1189.6495265960693,1208.3841648101807,1170.914888381958,1199.016845703125,9831726
2024-07-19,1180.2821044921875,1203.700400216239,1180.2821044921875,1180.2821044921875,5871057
2024-07-22,1175.5985391422194,1180.2821986607144,1119.3946249202806,1147.49658203125,7245311
2024-07-23,1175.5984925513173,1194.3331298828125,1161.5475145526962,1194.3331298828125,6430338
2024-07-26,1114.7109473048442,1175.5985200567895,1110.027287862387,1166.231201171875,10242503
2024-07-29,1184.9656568957912,1199.016633064516,1152.1800458354335,1161.54736328125,5100068
2024-07-30,1152.1802137154507,1175.5985107421875,1133.4455760940614,1175.5985107421875,4423237
2024-07-31,1152.180184786437,1156.8638440741868,1124.0782290599386,1142.8128662109375,7379704
2024-08-01,1138.1291183213057,1156.8637540138375,1105.343505859375,1105.343505859375,12041919
2024-08-02,1058.50693056999,1067.8742485396358,1021.0376586914062,1021.0376586914062,13774887
2024-08-05,932.0481356746855,955.4664305408836,918.9338905496145,928.3012084960938,22181134
2024-08-06,1021.0376714662065,1021.0376714662065,969.5174219885538,1006.9866943359375,16439278
2024-08-07,1021.0376687754755,1077.2415771484375,1011.6703507133152,1077.2415771484375,10529284
2024-08-08,1049.1397141255604,1067.8743518778026,1030.4050763733183,1044.4560546875,8053732
2024-08-09,1077.2416612413194,1081.9253206380208,1049.139704861111,1053.8233642578125,6961644
2024-08-12,1072.5579569065824,1100.659912109375,1067.874297706117,1100.659912109375,4578908
2024-08-13,1105.3435226966594,1110.0271816911368,1077.2415687297953,1086.60888671875,3784683
2024-08-14,1100.6597823130933,1114.7107582575159,1095.9761236649524,1110.027099609375,4435983
2024-08-15,1095.976270799513,1105.343589353355,1081.92529296875,1081.92529296875,3064248
2024-08-16,1110.0272425209605,1161.5474942835367,1110.0272425209605,1152.18017578125,6964050
2024-08-19,1161.5475325261455,1184.9658295528823,1152.1802137154507,1175.5985107421875,5847224
2024-08-20,1189.649431640625,1189.649431640625,1161.5474765625,1170.914794921875,4293705
2024-08-21,1142.8128662109375,1161.5475033619366,1133.445547635438,1142.8128662109375,4500318
2024-08-22,1152.18017578125,1161.5474942835367,1138.1291980278202,1152.18017578125,3022975
2024-08-23,1128.7619439572704,1147.49658203125,1114.7109654017859,1147.49658203125,4222716
2024-08-26,1166.2311047212577,1166.2311047212577,1133.4454913355196,1138.129150390625,3699292
2024-08-27,1124.0782379907025,1138.1292159655861,1114.7109193407798,1133.445556640625,3877314
2024-08-28,1128.7619064331054,1142.8128845214844,1110.0272689819337,1124.0782470703125,4610835
2024-08-29,1100.6599072265624,1175.5984541015625,1100.6599072265624,1170.914794921875,5404585
2024-08-30,1180.281998172883,1180.281998172883,1147.496387112525,1161.54736328125,5810148
2024-09-02,1161.5475605867348,1170.9148796237246,1138.1292629942602,1147.49658203125,3182122
2024-09-03,1147.4965254986873,1147.4965254986873,1124.0782290599386,1142.8128662109375,3422128
2024-09-04,1063.1905517578125,1095.976163486027,1058.506892939496,1063.1905517578125,9683111
2024-09-05,1049.1396572353603,1058.5069756035332,1035.088679683101,1039.7723388671875,9051905
2024-09-06,1039.7723681853847,1077.241642714588,1035.0887088692343,1072.5579833984375,5102862
2024-09-09,1030.404964119061,1044.4559409025028,1021.0376462634332,1035.088623046875,7139369
2024-09-10,1044.4559806891248,1058.5069580078125,1030.4050033704368,1058.5069580078125,5579319
2024-09-11,1053.8233164194467,1063.1906347876195,1039.7723388671875,1039.7723388671875,4019795
2024-09-12,1077.241633691829,1081.92529296875,1063.190655861066,1081.92529296875,4341122
2024-09-13,1086.6089800347222,1091.2926394314236,1053.8233642578125,1053.8233642578125,3453407
2024-09-16,1049.139639795354,1058.5069580078125,1030.4050033704368,1058.5069580078125,3682733
2024-09-18,1044.4559409025028,1049.1395998303167,1025.7213051912472,1035.088623046875,7064375
2024-09-19,1035.0887914385114,1058.5070898873466,1011.6704929896764,1049.1397705078125,7749361
2024-09-20,1072.558001844618,1081.9253206380208,1053.8233642578125,1053.8233642578125,8871960
2024-09-23,1053.823346133836,1077.241642714588,1049.1396868176855,1072.5579833984375,4490555
2024-09-24,1063.1906217311714,1119.39453125,1063.1906217311714,1119.39453125,6847737
2024-09-25,1142.8129225127552,1152.180241549745,1128.7619439572704,1147.49658203125,10887978
2024-09-26,1156.863918995294,1199.0168553149606,1152.18025940422,1189.6495361328125,9413246
2024-09-27,1199.0167410714284,1222.4350367954798,1170.914786202567,1180.2821044921875,8955853
2024-09-30,1156.86382251496,1156.86382251496,1100.659912109375,1100.659912109375,8477410
2024-10-01,1119.3945786657412,1152.18019394047,1114.7109193407798,1133.445556640625,6000269
2024-10-04,1124.0782202743903,1161.5474942835367,1124.0782202743903,1152.18017578125,6956378
2024-10-07,1170.914794921875,1213.0677275390624,1152.180158203125,1170.914794921875,8959497
2024-10-08,1161.5475605867348,1170.9148796237246,1147.49658203125,1147.49658203125,4347108
2024-10-09,1180.282179499247,1194.3331578266188,1161.5475417294176,1166.231201171875,5544071
2024-10-11,1184.965848482572,1227.1187838040864,1184.965848482572,1217.75146484375,9881759
2024-10-14,1227.1186693768168,1227.1186693768168,1203.700374159702,1208.384033203125,3998990
2024-10-15,1227.1187838040864,1227.1187838040864,1208.3841458834133,1217.75146484375,5915032
2024-10-16,1180.2821518841913,1213.0677672143077,1180.2821518841913,1194.3331298828125,6461649
2024-10-17,1213.0677672143077,1213.0677672143077,1184.965811217065,1194.3331298828125,4139436
2024-10-18,1217.7513993654213,1245.8533547353927,1213.0677401370929,1222.43505859375,8327410
2024-10-21,1227.1187560576245,1259.9043716774847,1227.1187560576245,1245.8533935546875,6320618
2024-10-22,1227.11865234375,1231.8023113221614,1213.0676754085164,1227.11865234375,5200879
2024-10-23,1199.016826923077,1241.1697622445913,1194.3331674429087,1217.75146484375,5399321
2024-10-24,1217.7514936792568,1222.4351532703308,1189.6495361328125,1189.6495361328125,4473596
2024-10-25,1189.649435413201,1241.1696865531428,1189.649435413201,1231.8023681640625,6810511
2024-10-28,1245.8533281762054,1255.2206464331696,1231.8023507907596,1250.5369873046875,5375094
2024-10-29,1231.8024432842547,1231.8024432842547,1203.7004864032451,1217.75146484375,5336390
2024-10-30,1208.384033203125,1231.8023284202397,1203.700374159702,1208.384033203125,5429739
2024-11-01,1142.8128065952035,1217.751351289971,1142.8128065952035,1208.384033203125,7755216
2024-11-04,1203.70043049816,1222.4350675487149,1199.0167712355212,1213.0677490234375,3429980
2024-11-05,1203.700374159702,1217.751351289971,1199.016715116279,1208.384033203125,3613551
2024-11-06,1208.3840809087644,1236.4860362787356,1208.3840809087644,1222.43505859375,3781856
2024-11-07,1245.8533547353927,1245.8533547353927,1217.7513993654213,1222.43505859375,4276840
2024-11-08,1227.118803024292,1236.4861221313477,1199.016845703125,1199.016845703125,4130119
2024-11-11,1217.7514082860762,1227.1187268113538,1199.0167712355212,1213.0677490234375,2805531
2024-11-12,1199.0166749011858,1213.067651560184,1184.9656982421875,1184.9656982421875,4165815
2024-11-13,1184.9658295528823,1194.333148363577,1175.5985107421875,1175.5985107421875,4020882
2024-11-14,1180.2820644610324,1184.965723446989,1152.1801105452935,1156.86376953125,4261333
2024-11-15,1161.547578586368,1194.3331957238865,1152.18025940422,1189.6495361328125,4250152
2024-11-18,1180.281998172883,1184.9656568957912,1152.1800458354335,1161.54736328125,3884093
2024-11-19,1175.5983644478051,1208.3839762053137,1166.231046802803,1203.7003173828125,4308916
2024-11-20,1194.3331298828125,1194.3331298828125,1194.3331298828125,1194.3331298828125,4926471
2024-11-21,1184.9656982421875,1189.6493571285203,1175.598380469522,1184.9656982421875,2583520
2024-11-22,1199.0166984732825,1227.11865234375,1189.64938051646,1227.11865234375,6124283
2024-11-25,1241.1697816848755,1245.8534412384033,1199.016845703125,1199.016845703125,7448148
2024-11-26,1199.016845703125,1208.3841648101807,1189.6495265960693,1199.016845703125,3208553
2024-11-27,1189.649431640625,1203.7004091796875,1170.914794921875,1170.914794921875,2932917
2024-11-28,1180.282170147535,1184.9658295528823,1161.5475325261455,1175.5985107421875,4205695
2024-11-29,1156.8638731207982,1189.6494889582295,1147.4965543101034,1175.5985107421875,4141261
2024-12-02,1194.3330394948712,1231.8023113221614,1189.64938051646,1227.11865234375,4380160
2024-12-03,1241.1696865531428,1245.853345747683,1213.0677313859019,1231.8023681640625,5954597
2024-12-04,1231.8024245753434,1241.1697433934066,1222.4351057572799,1236.486083984375,4729113
2024-12-05,1241.1697998046875,1250.5371190484966,1227.118820938974,1241.1697998046875,5251677
2024-12-06,1241.169695507064,1255.2206731920498,1217.7513993654213,1222.43505859375,4223587
2024-12-09,1236.486140182783,1241.1697998046875,1217.7515016951652,1241.1697998046875,4075270
2024-12-10,1231.80239755136,1273.9553313078702,1227.118738245081,1264.5880126953125,5824301
2024-12-11,1236.486056857639,1269.2716720015915,1222.435078938802,1264.5880126953125,6205868
2024-12-12,1283.3226229902627,1311.4245782382247,1283.3226229902627,1292.68994140625,7666196
2024-12-13,1297.3735745477338,1320.7918701171875,1278.6389380921707,1320.7918701171875,6323798
2024-12-16,1344.2102513502653,1348.8939107626354,1297.3736572265625,1297.3736572265625,7194809
2024-12-17,1302.0573996025219,1353.5776564213268,1302.0573996025219,1334.843017578125,8783456
2024-12-18,1339.5264978543132,1339.5264978543132,1316.10820243728,1330.1591796875,5995195
2024-12-19,1311.424543353873,1339.5264978543132,1306.7408842704665,1330.1591796875,6353336
2024-12-20,1330.159081328687,1334.84274006576,1302.05712890625,1302.05712890625,5544646
2024-12-23,1316.1082110032967,1334.8428474588598,1311.424551889406,1320.7918701171875,4295456
2024-12-24,1339.5265730996998,1339.5265730996998,1316.1082763671875,1316.1082763671875,3196077
2024-12-25,1330.159188344969,1339.5265065727503,1320.7918701171875,1320.7918701171875,2381315
2024-12-26,1330.1591796875,1339.5264978543132,1325.4755206040932,1330.1591796875,2351336
2024-12-27,1330.1592923677883,1348.8939302884614,1330.1592923677883,1339.526611328125,2283253
2024-12-30,1339.5264978543132,1344.21015693772,1330.1591796875,1330.1591796875,2765852
2024-12-31,1320.7918049842647,1334.8427816330334,1311.4244872184188,1325.4754638671875,3224086
2025-01-02,1334.0825276692708,1338.864185474537,1276.7026340060763,1291.047607421875,6820305
2025-01-03,1305.392578125,1310.1742359203297,1276.7026313530218,1305.392578125,5752498
2025-01-06,1329.3009757058662,1362.7725830078125,1329.3009757058662,1362.7725830078125,6907233
2025-01-07,1381.899160090709,1434.497398018037,1353.2092121303483,1424.93408203125,12307998
2025-01-08,1434.4973194355869,1434.4973194355869,1396.2440575839712,1405.807373046875,10805038
2025-01-09,1405.807378133138,1415.3706936306423,1377.117431640625,1377.117431640625,7021298
2025-01-10,1396.2440989627773,1429.7157040748987,1381.8991253432966,1401.0257568359375,7157266
2025-01-13,1372.3356986285971,1396.2439860611512,1324.5191237634892,1329.30078125,9742772
2025-01-14,1324.5191628592354,1353.2091086251394,1319.7375052315847,1338.8641357421875,5279672
2025-01-15,1329.300897302762,1381.8991342463964,1329.300897302762,1357.9908447265625,6417175
2025-01-16,1386.6808245933219,1405.8074566566781,1367.5541925299658,1396.244140625,7314623
2025-01-17,1386.6808313756555,1391.462489414882,1357.9908831402972,1367.55419921875,5488719
2025-01-20,1362.7724174314717,1391.462363061608,1362.7724174314717,1381.8990478515625,3956489
2025-01-21,1377.1174674701365,1410.5890725822578,1372.3358095969763,1401.0257568359375,4428280
2025-01-22,1415.370730455418,1429.7157040748987,1401.0257568359375,1401.0257568359375,6502859
2025-02-03,1357.990791015625,1458.4056030273437,1353.2091333007813,1434.497314453125,18533177
2025-02-04,1444.060714004824,1463.1873459783978,1415.3707660444632,1424.93408203125,8166768
2025-02-05,1439.2790083087857,1463.1872974833504,1424.934034804047,1458.4056396484375,9064753
2025-02-06,1463.1872974833504,1501.4405601626536,1453.6239818135246,1458.4056396484375,9371366
2025-02-07,1458.4056396484375,1463.1872974833504,1439.2790083087857,1458.4056396484375,6741142
2025-02-10,1439.2790168556007,1444.0606747189083,1410.589069675755,1415.3707275390625,8922872
2025-02-11,1424.9340375685535,1463.1873003220717,1424.9340375685535,1444.0606689453125,8486272
2025-02-12,1463.1872632575758,1472.7505787037037,1415.370686026936,1420.15234375,7865557
2025-02-13,1429.7156135157534,1453.6239013671875,1420.15229837518,1453.6239013671875,4576098
2025-02-14,1448.8422458179766,1467.9688761258046,1439.2789306640625,1439.2789306640625,4726126
2025-02-17,1448.8422804156553,1477.5322265625,1444.0606227245146,1477.5322265625,7603778
2025-02-18,1482.3139680247352,1482.3139680247352,1453.6240202565145,1467.968994140625,5362376
2025-02-19,1467.9689525257456,1477.5322681773794,1458.4056368741121,1472.7506103515625,4447177
2025-02-20,1477.5322338867188,1477.5322338867188,1434.497314453125,1434.497314453125,6855773
2025-02-21,1434.497353256933,1458.4056424778819,1424.9340375685535,1444.0606689453125,5655119
2025-02-24,1434.497307342233,1477.5322265625,1429.7156496510922,1477.5322265625,6371982
2025-02-25,1458.4056750882055,1491.8772807459677,1444.060701234879,1482.31396484375,7905273
2025-02-26,1487.0955395820813,1506.2221703162559,1458.4055934808193,1491.877197265625,7032006
2025-02-27,1487.0956721038315,1506.222304542466,1448.8424072265625,1448.8424072265625,10335277
2025-03-03,1424.9340039726828,1429.7156617041348,1401.025715315423,1405.807373046875,10588492
2025-03-04,1372.3357245866644,1444.0605882410196,1372.3357245866644,1439.2789306640625,7871467
2025-03-05,1439.2789306640625,1463.1872185488476,1424.9339579331916,1439.2789306640625,6356979
2025-03-06,1439.279013949493,1444.0606718031459,1420.1523825348818,1429.7156982421875,3089136
2025-03-07,1410.5890725822578,1420.1523883285781,1386.6807832164568,1401.0257568359375,5464123
2025-03-10,1386.6807550683243,1396.2440706205198,1334.08251953125,1334.08251953125,9828231
2025-03-11,1262.3577321186822,1329.3009451855821,1262.3577321186822,1324.519287109375,10078176
2025-03-12,1314.9558858668552,1362.7724635347408,1314.9558858668552,1348.427490234375,7914116
2025-03-13,1367.5540411420864,1377.117356115108,1329.30078125,1329.30078125,6948447
2025-03-14,1338.8641357421875,1367.5540815080915,1329.300820486886,1338.8641357421875,7153832
2025-03-17,1353.2092666358278,1377.1175575657894,1353.2092666358278,1362.7725830078125,4878893
2025-03-18,1386.6808213056142,1434.4974013506355,1381.8991633011121,1410.589111328125,10224305
2025-03-19,1434.4973619480588,1448.8423355675395,1396.2440989627773,1401.0257568359375,7855359
2025-03-20,1429.715659196128,1434.497316919192,1401.025712857744,1420.15234375,6419295
2025-03-21,1429.7157011289853,1434.4973589922931,1410.589069675755,1415.3707275390625,4597519
2025-03-24,1434.4973589922931,1439.2790168556007,1415.3707275390625,1415.3707275390625,3925730
2025-03-25,1439.2790083087857,1472.7506131531761,1439.2790083087857,1458.4056396484375,7987673
2025-03-26,1467.969039665197,1472.7506977748556,1448.8424072265625,1448.8424072265625,3637846
2025-03-27,1434.497316919192,1444.0606323653199,1415.370686026936,1420.15234375,4779867
2025-03-28,1405.8074147090977,1429.7157040748987,1391.462441089617,1401.0257568359375,4529681
2025-03-31,1357.9907261690648,1377.117356115108,1329.30078125,1329.30078125,7884707
2025-04-01,1348.4275604666095,1396.244140625,1348.4275604666095,1396.244140625,6469737
2025-04-02,1396.2441048971036,1396.2441048971036,1372.3358154296875,1372.3358154296875,4501455
2025-04-07,1238.4493408203125,1238.4493408203125,1238.4493408203125,1238.4493408203125,1801849
2025-04-08,1200.1961253332713,1243.2310461619543,1171.5061781141492,1204.977783203125,18444110
2025-04-09,1195.414354026569,1200.1960114426754,1090.217890872231,1133.2528076171875,19089246
2025-04-10,1243.2310791015625,1243.2310791015625,1243.2310791015625,1243.2310791015625,1930024
2025-04-11,1224.1044675090252,1334.0826032617892,1195.4145190517825,1324.519287109375,16846917
2025-04-14,1348.427450997489,1362.7724238804408,1324.5191628592354,1338.8641357421875,12574667
2025-04-15,1343.6459194142035,1353.2092355666177,1314.9559709569608,1324.519287109375,6567345
2025-04-16,1310.1742359203297,1324.5192093063185,1305.392578125,1305.392578125,5403460
2025-04-17,1281.4842529296875,1291.0475682500582,1257.5759646287604,1281.4842529296875,6686132
2025-04-18,1291.047604739011,1319.737551510989,1286.2659469436812,1305.392578125,3455357
2025-04-21,1295.8291841528228,1295.8291841528228,1267.139239116229,1286.265869140625,3022376
2025-04-22,1271.9210270808294,1295.8293170635516,1243.2310791015625,1243.2310791015625,4954354
2025-04-23,1281.4843678718066,1314.955974495324,1281.4843678718066,1310.17431640625,6070924
2025-04-24,1314.9559422543173,1314.9559422543173,1267.1393625359785,1271.9210205078125,6035060
2025-04-25,1314.9558910425158,1329.3008643993433,1310.1742332569067,1319.737548828125,6909233
2025-04-28,1324.5192120587383,1329.3008698640047,1291.047607421875,1291.047607421875,5231320
2025-04-29,1291.0476840499543,1310.17431640625,1276.7027097827327,1310.17431640625,5633730
2025-04-30,1310.1742386429398,1310.1742386429398,1291.047607421875,1291.047607421875,5374395
2025-05-02,1310.174291053185,1310.174291053185,1233.6677631084735,1243.2310791015625,16309878
2025-05-05,1252.7943138800072,1276.7026023128317,1233.6676831337475,1238.4493408203125,7202362
2025-05-06,1238.4494667053223,1243.2311248779297,1219.3228340148926,1224.1044921875,6945409
2025-05-07,1228.8860696231618,1243.2310431985293,1209.7594381893382,1219.32275390625,5876206
2025-05-08,1228.886066762052,1248.0126981513445,1219.3227510674055,1233.667724609375,5977244
2025-05-09,1238.449455520342,1267.139404296875,1224.1044811320755,1267.139404296875,6464226
2025-05-12,1262.3577077887358,1267.139365772784,1248.012733836591,1257.5760498046875,5139679
2025-05-13,1291.0475659810309,1305.3925389363758,1286.2659083292494,1295.8292236328125,9166229
2025-05-14,1310.1742778104895,1314.955935758703,1286.265988069422,1300.6109619140625,6039143
2025-05-15,1305.392658317176,1319.737632584398,1291.0476840499543,1310.17431640625,5523760
2025-05-16,1305.392578125,1314.9558937156594,1300.6109203296703,1305.392578125,3498707
2025-05-19,1286.26591526643,1291.0475729440004,1252.7943115234375,1252.7943115234375,7045364
2025-05-20,1271.9210237568323,1291.0476556930253,1257.5760498046875,1257.5760498046875,5662042
2025-05-21,1267.1392799491314,1286.2659105898729,1262.3576222889458,1281.4842529296875,4399231
2025-05-22,1267.139404296875,1281.4843786851416,1262.357746167453,1267.139404296875,3287944
2025-05-23,1276.7026817408805,1281.4843397249288,1252.7943918206392,1257.5760498046875,4277084
2025-05-26,1248.012783050537,1248.012783050537,1219.3228340148926,1224.1044921875,7140240
2025-05-27,1224.1044921875,1233.6678085327148,1214.5411758422852,1224.1044921875,6424061
2025-05-28,1243.2311248779297,1248.012783050537,1214.5411758422852,1224.1044921875,7908648
2025-05-29,1228.8860725523932,1248.012704031808,1204.977783203125,1204.977783203125,19212826
2025-06-02,1195.4144674634176,1214.5410989428324,1176.2878359840029,1204.977783203125,10666133
2025-06-03,1214.541096047794,1233.6677274816177,1209.7594381893382,1219.32275390625,5610470
2025-06-04,1224.104411764706,1233.6677274816177,1204.9777803308823,1219.32275390625,10297345
2025-06-05,1204.9777861445784,1209.7594440261046,1181.069496736948,1190.6328125,15362134
2025-06-06,1195.4145431518555,1224.1044921875,1190.632884979248,1224.1044921875,10710374
2025-06-09,1233.6676438624756,1243.2309589311772,1219.3226712594237,1228.885986328125,7952617
2025-06-10,1243.2310320107676,1276.70263671875,1243.2310320107676,1276.70263671875,11338136
2025-06-11,1281.4843397249288,1286.265997708977,1248.012733836591,1257.5760498046875,11700995
2025-06-12,1243.2309589311772,1248.0126164655278,1224.1043287937744,1228.885986328125,10502334
2025-06-13,1200.1960864257812,1209.7594018554687,1195.4144287109375,1195.4144287109375,8841922
2025-06-16,1204.977825028013,1214.541141099664,1195.4145089563622,1200.1961669921875,4129774
2025-06-17,1204.9777803308823,1224.104411764706,1204.9777803308823,1219.32275390625,5360829
2025-06-18,1209.7593561907224,1233.6676438624756,1204.9776986563716,1228.885986328125,5525157
2025-06-19,1224.1043725296443,1228.8860302348382,1209.7593994140625,1209.7593994140625,4766573
2025-06-20,1209.7594018554687,1219.3227172851562,1190.6327709960938,1195.4144287109375,5271667
2025-06-23,1176.2878768130604,1204.977825028013,1171.5062187772348,1200.1961669921875,4404035
2025-06-24,1219.322795717735,1228.88611176258,1204.9778216504676,1214.5411376953125,4477491
2025-06-25,1224.1043677606176,1243.2309985068773,1224.1043677606176,1238.4493408203125,5945025
2025-06-26,1238.4493824566982,1243.2310403040215,1228.886066762052,1233.667724609375,5174101
2025-06-27,1228.885986328125,1243.2309589311772,1224.1043287937744,1228.885986328125,5856843
2025-06-30,1233.6676904296876,1243.231005859375,1195.4144287109375,1195.4144287109375,7763199
2025-07-01,1209.7594381893382,1248.0127010569852,1209.7594381893382,1219.32275390625,8523024
2025-07-02,1238.4493408203125,1243.2309985068773,1219.3227100740528,1238.4493408203125,6784867
2025-07-03,1267.704299566314,1267.704299566314,1238.4495849609375,1238.4495849609375,11618186
2025-07-04,1257.9527587890625,1272.5801164494005,1253.0769729022832,1257.9527587890625,7096708
2025-07-07,1267.7043151855469,1267.7043151855469,1248.201171875,1248.201171875,4446172
2025-07-08,1248.201156496063,1248.201156496063,1233.5737991933747,1238.4495849609375,3529215
2025-07-09,1248.2011070110702,1326.213676199262,1248.2011070110702,1321.337890625,13138793
2025-07-10,1340.841042654855,1365.219970703125,1326.213685825893,1365.219970703125,11433007
2025-07-11,1370.0957873707086,1384.72314453125,1355.4684302101673,1384.72314453125,9744661
2025-07-14,1374.971580092227,1374.971580092227,1350.5926513671875,1350.5926513671875,5631886
2025-07-15,1350.5926666806674,1370.0958098818323,1345.7168808803763,1360.34423828125,4329964
2025-07-16,1360.3442006212601,1379.8473432824967,1360.3442006212601,1374.9715576171875,5897943
2025-07-17,1370.0957404486567,1384.7230971082508,1350.5925982358644,1355.4683837890625,5213698
2025-07-18,1370.0957719518783,1374.9715576171875,1365.219986286569,1374.9715576171875,4870093
2025-07-21,1379.8474271004661,1409.1021428693805,1374.9716411389802,1389.5989990234375,5766633
2025-07-22,1404.2263029938813,1418.853660316734,1389.5989456710283,1394.4747314453125,7721986
2025-07-23,1418.853660316734,1418.853660316734,1389.5989456710283,1394.4747314453125,4835003
2025-07-24,1409.1020887681655,1413.9778745424499,1384.723159896744,1394.4747314453125,4937526
2025-07-25,1394.4747314453125,1409.1020887681655,1379.8473741224595,1394.4747314453125,5748883
2025-07-28,1399.3504699707032,1404.2262555803572,1350.592613874163,1365.219970703125,6885421
2025-07-29,1355.4684600830078,1360.3442459106445,1316.462173461914,1326.2137451171875,9487581
2025-07-30,1331.0894403872283,1350.592582370924,1326.2136548913045,1345.716796875,5594339
2025-07-31,1326.2137602645985,1350.5926896812273,1306.7106167312957,1335.96533203125,8942761
2025-08-04,1306.7105556860902,1316.4621269971806,1296.958984375,1296.958984375,4830756
2025-08-05,1316.4621427165928,1321.3379284303578,1306.7105712890625,1306.7105712890625,3718187
2025-08-06,1306.7105398467093,1316.4621110395951,1287.2073974609375,1287.2073974609375,5412343
2025-08-07,1311.586319476476,1331.089461773524,1311.586319476476,1321.337890625,5024691
2025-08-08,1321.3379439742478,1326.2137297453705,1301.834800889757,1316.462158203125,5016534
2025-08-11,1316.462105050738,1335.965247347786,1306.7105339022141,1321.337890625,3478971
2025-08-12,1326.2137451171875,1335.965316772461,1316.462173461914,1326.2137451171875,3238403
2025-08-13,1335.96533203125,1350.5926896812273,1326.2137602645985,1335.96533203125,7678115
2025-08-14,1335.9652415762703,1360.3441693422606,1331.0894560230722,1355.4683837890625,4387884
2025-08-15,1360.3442614478786,1365.2200473312043,1335.96533203125,1335.96533203125,4043678
2025-08-18,1340.8410579600234,1374.9715576171875,1340.8410579600234,1374.9715576171875,5827468
2025-08-19,1379.8473115550528,1394.474668214647,1355.4683837890625,1355.4683837890625,6127596
2025-08-20,1345.71681849631,1355.468389644834,1316.462105050738,1321.337890625,6525541
2025-08-21,1316.4621206430288,1340.841048803085,1311.5863350110176,1331.0894775390625,4264972
2025-08-22,1331.0894775390625,1340.841048803085,1321.33790627504,1331.0894775390625,2686120
2025-08-25,1350.5926292906418,1374.9715576171875,1345.7168436253326,1374.9715576171875,4859204
2025-08-26,1370.095756312779,1374.971541922433,1345.716828264509,1365.219970703125,5024316
2025-08-27,1370.095756312779,1374.971541922433,1360.344185093471,1365.219970703125,3355567
2025-08-28,1360.3442228572032,1370.0957943472192,1350.5926513671875,1350.5926513671875,3766722
2025-08-29,1355.468475564553,1370.09583321453,1335.96533203125,1335.96533203125,3723539
2025-09-01,1335.965316772461,1345.7168884277344,1316.462173461914,1326.2137451171875,3659694
2025-09-02,1326.2137451171875,1345.7168884277344,1326.2137451171875,1326.2137451171875,3283160
2025-09-03,1345.7168808803763,1365.2200240815412,1335.965309279794,1360.34423828125,4604408
2025-09-04,1370.0957943472192,1370.0957943472192,1345.7168656221797,1350.5926513671875,3400107
2025-09-05,1365.2199647484756,1399.3504638671875,1360.3441791600883,1399.3504638671875,8668643
2025-09-08,1413.9778745424499,1423.7294460910184,1389.5989456710283,1394.4747314453125,6384542
2025-09-09,1409.102089585058,1477.3630904646109,1399.3505180308362,1472.4873046875,10954327
2025-09-10,1482.2388449035236,1482.2388449035236,1448.1083451853503,1452.984130859375,6557814
2025-09-11,1467.6114720524968,1472.4872576739338,1443.2325439453125,1443.2325439453125,4509127
2025-09-12,1457.859847251815,1462.7356326941288,1433.4809200402462,1448.1082763671875,4172705
2025-09-15,1452.9840618095013,1457.859847251815,1443.2324909248737,1448.1082763671875,2733745
2025-09-16,1462.7357110138437,1506.617782344259,1457.8599253104642,1496.8662109375,8152357
2025-09-17,1506.6178051272764,1506.6178051272764,1472.4873046875,1472.4873046875,4695051
2025-09-18,1487.1146620188326,1491.9904477959437,1457.8599473561671,1472.4873046875,3539535
2025-09-19,1462.7357482910156,1467.6115341186523,1404.226318359375,1404.226318359375,13241946
2025-09-22,1389.5989686144628,1394.4747544692505,1365.2200393405249,1370.0958251953125,8578839
2025-09-23,1355.4684215198863,1370.0957785866476,1340.841064453125,1340.841064453125,10776401
2025-09-24,1311.5863413416353,1321.3379126527257,1296.958984375,1296.958984375,11129639
2025-09-25,1296.9589471639754,1331.0894457735535,1296.9589471639754,1311.5863037109375,7547381
2025-09-26,1311.5863093019443,1316.4620948383827,1277.455810546875,1277.455810546875,6728741
2025-09-30,1277.455879240435,1292.0832366363177,1257.9527360459244,1282.3316650390625,7200191
2025-10-01,1272.5800467762037,1272.5800467762037,1253.076904296875,1253.076904296875,6432244
2025-10-02,1257.9527435302734,1267.7043151855469,1248.201171875,1248.201171875,8209274
2025-10-03,1253.076898285837,1292.0831830573804,1253.076898285837,1287.2073974609375,6383512
2025-10-07,1292.083251953125,1301.8348236659788,1272.5801085274175,1292.083251953125,7016903
2025-10-08,1296.9590529538273,1316.4621966072682,1292.083267040467,1301.8348388671875,5034301
2025-10-09,1316.4620892265914,1335.9652312892076,1301.8347326796293,1311.5863037109375,4738227
2025-10-13,1296.9590224349454,1296.9590224349454,1267.7043076431796,1282.3316650390625,7286313
2025-10-14,1296.9590068247126,1306.7105783045977,1267.7042923850574,1272.580078125,5520842
2025-10-15,1292.0832366363177,1296.9590224349454,1267.7043076431796,1282.3316650390625,4146372
2025-10-16,1287.2074130639098,1306.7105556860902,1287.2074130639098,1296.958984375,3748755
2025-10-17,1306.7105556860902,1326.2136983082708,1292.083198719455,1296.958984375,6827509
2025-10-20,1301.8347855752972,1311.5863570028275,1292.083214147767,1306.7105712890625,3287582
2025-10-21,1316.4621427165928,1321.3379284303578,1301.8347855752972,1306.7105712890625,3905400
2025-10-22,1301.834770030545,1311.5863413416353,1292.083198719455,1296.958984375,3704329
2025-10-23,1292.083205293044,1296.9589909733952,1257.9527055305864,1262.8284912109375,7752802
2025-10-27,1287.2074811271068,1306.7106247805477,1277.455909300386,1301.8348388671875,5678203
2025-10-28,1296.9590224349454,1301.834808233573,1277.455879240435,1282.3316650390625,4800134
2025-10-29,1272.580131648137,1296.959061373197,1267.704345703125,1267.704345703125,7886343
2025-10-30,1272.5800250104367,1292.0831671561905,1267.704239473998,1277.455810546875,5190139
2025-10-31,1267.704239473998,1292.0831671561905,1257.9526684011212,1277.455810546875,7057671
2025-11-03,1277.455917593149,1292.083275428185,1248.201201923077,1267.704345703125,10235098
2025-11-04,1257.9527360459244,1282.3316650390625,1253.076950247297,1282.3316650390625,6324011
2025-11-05,1262.8284847861842,1296.958984375,1253.076913475094,1296.958984375,6722398
2025-11-06,1287.2074741097383,1296.959045883297,1257.9527587890625,1257.9527587890625,7307681
2025-11-07,1253.0769265795511,1262.8284979926216,1228.697998046875,1228.697998046875,7288497
2025-11-10,1218.9464111328125,1228.697982421875,1218.9464111328125,1218.9464111328125,5195821
2025-11-11,1218.9463953818045,1238.4495377079134,1209.19482421875,1209.19482421875,5414867
2025-11-12,1209.1948928526606,1228.698036285768,1209.1948928526606,1214.0706787109375,4199743
2025-11-13,1209.1948928526606,1223.8222504274913,1204.319106994384,1214.0706787109375,2865882
2025-11-14,1199.4432373046875,1223.8221648921813,1194.5674517871887,1199.4432373046875,4154705
2025-11-17,1199.4432373046875,1218.9463793746825,1194.5674517871887,1199.4432373046875,4804227
2025-11-18,1189.6916942107373,1189.6916942107373,1140.933837890625,1140.933837890625,9021735
2025-11-19,1121.4306798474543,1165.3127499284415,1121.4306798474543,1131.1822509765625,6293318
2025-11-20,1150.6853717530328,1175.0642991206817,1140.933800805973,1155.5611572265625,7131739
2025-11-21,1101.92757445756,1126.3065030960017,1101.92757445756,1116.554931640625,7293277
2025-11-24,1126.306449558424,1140.9338060461957,1116.5548785665762,1121.4306640625,9436199
2025-11-25,1145.8095862795028,1175.0642991206817,1145.8095862795028,1155.5611572265625,6872636
2025-11-26,1189.6917705829328,1267.704345703125,1184.8159846379208,1267.704345703125,11771497
2025-11-27,1326.213714144123,1335.9652855716533,1292.083214147767,1306.7105712890625,19171766
2025-11-28,1340.841095080085,1374.9715956821237,1331.0895234795028,1360.34423828125,17773470
2025-12-01,1384.7231225670416,1413.9778364240917,1365.2199799956747,1409.10205078125,19274425
2025-12-02,1409.1020029020815,1423.729359333591,1374.9715045618927,1379.8472900390625,11326485
2025-12-03,1370.095756312779,1399.3504699707032,1365.219970703125,1365.219970703125,9738032
2025-12-04,1370.0958251953125,1379.8473969048875,1350.5926817761622,1370.0958251953125,6241494
2025-12-05,1384.7232130619518,1409.1021428693805,1370.0958551774945,1389.5989990234375,7682537
2025-12-08,1394.4747467041016,1404.226318359375,1370.095817565918,1404.226318359375,5746578
2025-12-09,1399.3505016917914,1404.2262874119717,1379.8473588110696,1384.72314453125,4993367
2025-12-10,1399.350562526755,1423.7294921875,1389.5989906624573,1423.7294921875,8224726
2025-12-11,1409.1020962841621,1413.9778820844533,1360.34423828125,1360.34423828125,8965596
2025-12-12,1355.4684676309496,1379.8473969048875,1345.7168959213745,1370.0958251953125,5029971
2025-12-15,1350.5926444899867,1413.9778588523327,1350.5926444899867,1384.72314453125,9540796
2025-12-16,1384.72314453125,1413.9778588523327,1379.8473588110696,1384.72314453125,8922061
2025-12-17,1399.350570946409,1418.853714792352,1389.5989990234375,1389.5989990234375,8490679
2025-12-18,1389.5989302514304,1409.1020731321523,1379.8473588110696,1384.72314453125,5247800
2025-12-19,1404.2262716090427,1409.1020572743519,1374.9715576171875,1374.9715576171875,8034656
2025-12-22,1394.4746843610492,1399.3504699707032,1355.468399483817,1365.219970703125,5675053
2025-12-23,1370.0957404486567,1370.0957404486567,1345.7168126826664,1355.4683837890625,5114619
2025-12-24,1360.3441533627717,1365.2199388586957,1345.716796875,1345.716796875,3022674
2025-12-26,1355.4684371121955,1360.3442228572032,1345.7168656221797,1350.5926513671875,3000352
2025-12-29,1355.4684302101673,1389.5989302514304,1345.7168587698063,1384.72314453125,6343754
2025-12-30,1370.0957873707086,1394.474715971611,1365.2200016505283,1384.72314453125,4276067
2025-12-31,1384.723159896744,1413.9778745424499,1379.8473741224595,1394.4747314453125,6354048
2026-01-02,1413.977814758716,1457.8598848719175,1404.226243622449,1433.48095703125,11449412
2026-01-05,1472.4872670658299,1491.9904096759733,1457.8599101082223,1487.1146240234375,13343442
2026-01-06,1496.061142841172,1496.061142841172,1471.2096288404882,1476.179931640625,7914854
2026-01-07,1481.1502685546875,1496.0611772985267,1466.2393598108483,1481.1502685546875,7065696
2026-01-08,1486.1205074745892,1491.090810175173,1426.4768750675821,1436.41748046875,8133244
2026-01-09,1446.3581607442507,1451.3284637021347,1406.5957370811784,1411.5660400390625,7989973
2026-01-12,1436.41748046875,1441.387783169334,1416.5362696664145,1436.41748046875,4084929
2026-01-13,1446.3581148398043,1476.179931640625,1441.3878120396676,1476.179931640625,9900355
2026-01-14,1476.179912109375,1491.0908203125,1471.209609375,1491.0908203125,6058106
2026-01-15,1491.0908743839136,1491.0908743839136,1456.2987539816222,1481.1502685546875,7795923
2026-01-16,1491.0908543786338,1515.9423686182777,1481.1502486827762,1496.0611572265625,10170235
2026-01-19,1501.031445641309,1501.031445641309,1456.298720440078,1476.179931640625,5649790
2026-01-20,1471.2096288404882,1491.0908400410353,1461.2690232402147,1476.179931640625,5623268
2026-01-21,1461.2690088057273,1486.1205225609267,1441.3877978015678,1456.2987060546875,8433519
2026-01-22,1486.1205372408986,1515.9423540417192,1456.298720440078,1476.179931640625,7732602
2026-01-23,1515.9423659623035,1620.3187255859375,1515.9423659623035,1620.3187255859375,21949189
2026-01-26,1729.6653659626588,1779.3683937202065,1709.7841548596398,1759.4871826171875,23813770
2026-01-27,1744.5763080435738,1809.190245378521,1739.606005171655,1764.45751953125,11706065
2026-01-28,1744.5763416075974,1789.3090683154846,1729.6654327049685,1769.4278564453125,9806198
2026-01-29,1769.4278564453125,1804.2199772181136,1759.4872505102264,1769.4278564453125,9803415
2026-01-30,1759.4872367165306,1764.4575396451085,1724.6951162164862,1749.546630859375,10669850
2026-02-02,1704.8138968280332,1729.6654113590541,1674.9920793908082,1694.873291015625,8793337
2026-02-03,1729.665413094098,1794.2793509395674,1709.7842014493383,1784.3387451171875,11037015
2026-02-04,1749.5466579861113,1799.249688042535,1729.6654459635417,1789.30908203125,11261034
2026-02-05,1739.6059715141685,1789.3089992717162,1729.6653659626588,1759.4871826171875,15699947
2026-02-06,1734.635748969184,1744.5763549804688,1679.9624159071182,1699.8436279296875,10786108
2026-02-09,1749.546618852459,1858.8932825307377,1749.546618852459,1819.130859375,11613075
2026-02-10,1848.9526565675815,1853.9229594078167,1809.190233845698,1834.041748046875,10813438
2026-02-11,1784.338785587938,1853.9230279228436,1784.338785587938,1843.982421875,8232637
2026-02-23,1868.8338946074164,1868.8338946074164,1779.3684422059976,1784.3387451171875,15948909
2026-02-24,1799.249614057149,1814.1605224609375,1784.3387056533604,1814.1605224609375,6740003
2026-02-25,1829.0714927306149,1858.893310546875,1819.1308867918615,1858.893310546875,7857623
2026-02-26,1883.7448457458024,1963.2696941150184,1839.0121185381186,1933.4478759765625,13692370
2026-03-02,1933.4478136564555,1933.4478136564555,1868.8338764391447,1888.715087890625,8811661
2026-03-03,1888.7151208462465,1898.6557267454373,1804.219970703125,1804.219970703125,9621376
2026-03-04,1749.5466024709303,1769.4278138626453,1704.8138768395713,1709.7841796875,11024269
2026-03-05,1749.546610915493,1789.309033890845,1739.606005171655,1764.45751953125,7826693
2026-03-06,1734.6357556740218,1779.368482897707,1724.695149624314,1754.5169677734375,4418206
2026-03-09,1610.3781144425677,1655.11083984375,1600.4375087978603,1655.11083984375,11475137
2026-03-10,1719.724805546646,1719.724805546646,1674.9920793908082,1694.873291015625,5273491
2026-03-11,1749.5466647485835,1769.4278768479992,1709.784240549752,1754.5169677734375,5783121
2026-03-12,1734.6356495234813,1804.2198876132484,1724.695044082086,1774.3980712890625,6354849
2026-03-13,1719.7247853833576,1734.6356939271438,1709.7841796875,1709.7841796875,6467628
2026-03-16,1709.7842339409724,1729.6654459635417,1699.8436279296875,1699.8436279296875,4423319
2026-03-17,1719.724853515625,1729.6654596053108,1704.8139443810965,1719.724853515625,4260491
2026-03-18,1719.724853515625,1734.6357626501535,1714.7545504707823,1719.724853515625,6009078
2026-03-19,1689.9029395693826,1694.873242332822,1655.110820225307,1670.021728515625,6764438
2026-03-20,1674.9920456830193,1704.8138625201057,1645.1702288459328,1689.9029541015625,7874444
2026-03-23,1620.31869140625,1635.229599609375,1590.496875,1615.348388671875,6372639
2026-03-24,1645.1702948676216,1655.1109008789062,1590.4969618055557,1610.378173828125,5324085
2026-03-25,1655.1109008789062,1655.1109008789062,1610.378173828125,1610.378173828125,5839950
2026-03-26,1600.4374854129815,1630.2593019113601,1580.5562744140625,1580.5562744140625,7031916
2026-03-27,1550.734544435134,1575.5860595703125,1535.8236353540271,1575.5860595703125,6833766
2026-03-30,1530.8533119050082,1545.7642207872,1496.0611911798944,1501.031494140625,7235491
2026-03-31,1515.9423889569787,1530.8532977008178,1481.1502685546875,1481.1502685546875,10218910
2026-04-01,1540.7938528223656,1540.7938528223656,1451.3284033036475,1456.2987060546875,10756280
2026-04-02,1491.0908253119667,1501.0314308140464,1436.4174950505278,1456.2987060546875,8691522
2026-04-07,1471.2096487032313,1471.2096487032313,1421.506620030825,1461.26904296875,6910617
2026-04-08,1510.972087618671,1575.5860255760483,1496.0611788592762,1570.61572265625,12976420
2026-04-09,1590.4968998015872,1590.4968998015872,1540.7938716827878,1565.6453857421875,8061675
2026-04-10,1590.4968998015872,1595.4672026134672,1560.6750829303076,1565.6453857421875,5381936
2026-04-13,1635.229688856337,1655.1109008789062,1610.378173828125,1610.378173828125,8802674
2026-04-14,1635.2296369685685,1734.6356939271438,1630.2593341206396,1709.7841796875,11909857
2026-04-15,1794.2793166517545,1834.0417391814333,1759.4871969382855,1779.368408203125,20848384
2026-04-16,1839.0120260193355,1918.536870387739,1799.2496038351335,1883.7447509765625,16504496
2026-04-17,1918.5369533786525,1943.3884683187905,1873.804226486404,1913.566650390625,15450213
2026-04-20,1948.3587222450658,1953.3290251079359,1883.744785027755,1888.715087890625,11027820
2026-04-21,1918.5369727029754,2077.586669921875,1913.5666696648848,2077.586669921875,17347421
2026-04-22,2107.4085307734204,2281.369140625,2097.467924496187,2281.369140625,23044579
2026-04-23,2311.19090474217,2321.131510784072,2157.111511092692,2201.84423828125,28172336
2026-04-24,2326.1018392261294,2420.53759765625,2316.16123307559,2420.53759765625,21684950
2026-04-27,2455.3297191831366,2559.706083763796,2395.6860822799026,2420.53759765625,23842383
2026-04-28,2475.2109290974545,2659.1121427050966,2470.2406260269777,2599.468505859375,22923298
2026-04-29,2534.8545395934466,2579.5872667627427,2485.1515094053398,2559.7060546875,11761568
2026-04-30,2649.1713773647034,2669.052588451868,2549.7653219288795,2594.498046875,16785387
2026-05-04,2852.953857421875,2852.953857421875,2852.953857421875,2852.953857421875,3450749
2026-05-05,3136.26123046875,3136.26123046875,3136.26123046875,3136.26123046875,8515330
2026-05-06,3449.39010753576,3449.39010753576,3136.2610343732917,3409.627685546875,36338977
2026-05-07,3409.62786187066,3409.62786187066,3275.4296807183164,3399.687255859375,7619708
2026-05-08,3300.281158531336,3648.202365003013,3300.281158531336,3608.43994140625,8599780
2026-05-11,3553.766599045586,3961.3314397752897,3543.82599317413,3856.955078125,7943859
2026-05-12,3812.2223490947003,3886.7768930796033,3678.024169921875,3678.024169921875,9538278
2026-05-13,3603.469573581679,3658.1429050429183,3379.8059448766094,3474.24169921875,8651831
2026-05-14,3563.7072764661343,3568.677579501652,3364.8951550454294,3384.7763671875,6305692
2026-05-15,3404.657444866157,3533.885318685894,3180.993817101227,3240.637451171875,6680609
2026-05-18,3220.756218405331,3528.914992388557,3131.2907678940715,3379.805908203125,6249186
2026-05-19,3454.360626269067,3474.2418385065866,3081.5878968155707,3136.26123046875,8398806
2026-05-20,3176.0235535234856,3330.10294344403,3136.261130318184,3210.815673828125,8111772
2026-05-21,3394.7168615206865,3528.9150390625,3384.7762557768483,3528.9150390625,5636155
2026-05-22,3742.6379780349334,3856.954941507448,3653.1725283607916,3837.07373046875,19537258
2026-05-25,4219.787109375,4219.787109375,4219.787109375,4219.787109375,4181502
2026-05-26,4349.015122980473,4413.629061950469,4155.173306070486,4239.66845703125,18199859
2026-05-27,4448.420928428913,4662.143945102034,4423.5694148622715,4612.44091796875,16927911
2026-05-28,4592.559849330357,4657.173786604486,4244.638648623512,4383.80712890625,14431497
2026-05-29,4433.509958218532,4458.361471437246,4209.846339250109,4284.40087890625,20620831
2026-06-01,4413.6288376440725,4682.025185879185,4413.6288376440725,4527.94580078125,17045894
2026-06-02,4940.480971598757,4940.480971598757,4353.985242575967,4498.1240234375,14145620
2026-06-03,4513.035068155254,4622.381732802187,4393.747797631326,4518.00537109375,9478437
2026-06-04,4572.678779274831,4657.173930630996,4403.6884765625,4403.6884765625,8958387
2026-06-05,4334.104083393895,4403.688323264898,4105.470152389172,4274.46044921875,10685775
2026-06-08,3911.6284785540156,4065.70787224547,3911.6284785540156,4045.82666015625,14355996
2026-06-09,4155.173040328213,4448.4208984375,4105.470013530028,4448.4208984375,14307617
2026-06-10,4289.3714727408615,4493.153894968412,4095.529656475632,4130.32177734375,14357119
2026-06-11,4060.737548828125,4125.351487793567,3856.9551259371174,4060.737548828125,15367556
2026-06-12,4383.807279595918,4388.7775826340085,4140.262430729478,4155.17333984375,7806177
2026-06-15,4329.133719698161,4518.0052252647865,4324.1634169200925,4443.45068359375,10400900
2026-06-16,4522.975410327577,4537.886318273712,4388.777238812363,4532.916015625,9691060
2026-06-17,4468.302374732869,4508.064798534719,4353.9854063025505,4433.51025390625,8409268
2026-06-18,4508.064559901765,4562.737889735194,4349.0148731136105,4363.92578125,12120210
2026-06-22,4358.955622725364,4537.886526280795,4353.9853198488245,4438.48046875,10836913
2026-06-23,4691.966157318082,4756.580098043861,4488.183728875241,4508.06494140625,17083744
2026-06-24,4453.391627771295,4488.1837498632585,4199.906166815563,4259.5498046875,14381860
2026-06-25,4373.866326493619,4418.599050287305,4189.965128675138,4284.40087890625,9704419
2026-06-26,4125.351436654317,4160.143557204414,3856.955078125,3856.955078125,20184014
2026-06-29,3847.0144323949007,3976.2423073849104,3802.2817064368205,3886.77685546875,9868422
2026-06-30,4120.38105261705,4274.460440591873,4035.8859043727916,4219.787109375,13992183
2026-07-01,4289.371230603914,4353.985165711505,4199.905781993404,4309.25244140625,8491537
2026-07-02,4175.054570627158,4353.985480796893,4125.351540024453,4319.193359375,6530007
2026-07-03,4135.291865315852,4204.876103434148,4095.529443533969,4170.083984375,11145005
2026-07-06,4224.757575757576,4299.312121212121,4085.589090909091,4100.5,6323968
2026-07-07,4200.0,4250.0,3955.0,4030.0,7887821
2026-07-08,4000.0,4040.0,3955.0,3995.0,6014430
2026-07-09,3970.0,4050.0,3925.0,3925.0,5695649
2026-07-10,3925.0,3925.0,3925.0,3925.0,0
2026-07-13,4095.0,4095.0,3825.0,3825.0,6086965
2026-07-14,3830.0,3860.0,3515.0,3660.0,10809030
2026-07-15,3790.0,3790.0,3665.0,3740.0,6780265
2026-07-16,3735.0,3755.0,3620.0,3700.0,5480451
2026-07-17,3470.0,3570.0,3370.0,3370.0,9354981
2026-07-20,3355.0,3435.0,3240.0,3340.0,8603375
2026-07-21,3435.0,3670.0,3410.0,3670.0,7291531
