date,open,high,low,close,volume
2021-07-22,135.1626345006431,135.1626345006431,119.71547627199818,123.14817810058594,246401008
2021-07-23,126.58087173065582,134.7335380455116,120.14455621892756,132.1590118408203,212535496
2021-07-26,130.87175986944993,131.7299353440037,120.14456643752781,120.57365417480469,150019795
2021-07-27,114.56641668387553,117.99911830736244,108.55918884277344,108.55918884277344,207084269
2021-07-28,108.55919740045933,114.13733797834853,99.97744266524515,112.8500747680664,268536363
2021-07-29,116.71187815946692,124.0063705444336,112.85008807330809,124.0063705444336,231659698
2021-07-30,124.43543202949293,129.1553966926806,112.42097652319707,113.2791519165039,309622664
2021-08-02,114.13733255231338,124.00635002864122,105.98466594143385,121.43182373046875,261267825
2021-08-03,120.5736512258543,125.7227039472431,117.99912486515991,121.00273895263672,228675718
2021-08-04,121.00273945771859,124.43544128630636,120.57365172914513,123.14817810058594,120366830
2021-08-05,123.14819286360206,124.00636842362717,117.57005172343891,118.85731506347656,109835216
2021-08-06,118.42822168914364,127.86815240349567,117.57004616965709,121.86092376708984,193181727
2021-08-09,122.71908098187363,126.58087024354099,121.86090559039201,122.28999328613281,134569070
2021-08-10,126.1517849173597,127.43904802876133,118.42820624894992,119.71546936035156,164440498
2021-08-11,120.1445550629587,121.43181815291896,108.55918725331625,113.2791519165039,202518524
2021-08-12,115.42461417539276,117.57005310058594,111.99191189508369,117.57005310058594,123148003
2021-08-13,117.99912580585115,119.71547672666352,111.99189758300781,111.99189758300781,85264154
2021-08-16,113.7082485038202,115.85368715483567,110.70463439239853,111.99189758300781,66177422
2021-08-17,111.99189758300781,111.99189758300781,111.99189758300781,111.99189758300781,0
2021-08-18,108.48080085305607,118.97894287109375,106.29368793263156,118.97894287109375,109188963
2021-08-19,118.97894811630249,121.16606113314629,111.54276385903358,111.98018646240234,124973126
2021-08-20,115.0421393916292,117.22925230781988,112.4176038922004,115.91698455810547,89987477
2021-08-23,120.72863578796387,127.28997468948364,119.85379060109457,125.97770690917969,131738220
2021-08-24,128.6022491455078,129.47709437779017,121.60348728724888,122.47833251953125,143512999
2021-08-25,123.35317134857178,127.28997468948364,121.16605838139853,125.97770690917969,80488590
2021-08-26,125.54028095446135,126.85254869962993,121.60347771895559,124.66543579101562,75062261
2021-08-27,122.91573450074975,126.4151148424081,121.60346687262786,123.35315704345703,52102883
2021-08-30,124.66544560023716,125.54029083251953,122.47833251953125,122.47833251953125,37890758
2021-08-31,123.35316871194279,124.2280138801126,118.54152028700885,118.97894287109375,53776077
2021-09-01,119.4163556822543,120.2912007788276,110.66790471652139,112.41759490966797,111739578
2021-09-02,110.23048442118876,115.0421325506851,108.48079419228101,113.29244232177734,78234568
2021-09-03,114.16730167951242,114.60472429131131,107.16853989073005,109.79307556152344,91375667
2021-09-06,109.35565172615698,109.7930743330616,103.23173522949219,103.23173522949219,80227386
2021-09-07,106.73111522197723,112.85503166913986,106.29369261860847,111.98018646240234,121169737
2021-09-08,111.10532911996992,112.41759678674123,108.91821634201776,110.23048400878906,73858902
2021-09-09,111.5427528351192,112.85502051553236,109.79306259456831,110.66790771484375,55171837
2021-09-10,110.2304858947068,117.66666946696877,109.79306333163258,116.79182434082031,81520037
2021-09-13,117.66666597308534,119.85377872351444,115.47955322265625,115.47955322265625,79679711
2021-09-14,116.79182437170854,117.66666949808838,107.60595054472023,108.04337310791016,82022919
2021-09-15,108.91822814941406,110.23049595844316,104.54400211931711,108.91822814941406,76078276
2021-09-16,109.79306451735957,109.79306451735957,108.0433742461666,108.48079681396484,28631146
2021-09-17,109.35565084218979,112.85503166913986,108.48080563545227,111.98018646240234,46218257
2021-09-22,108.48079907226563,111.5427571105957,108.48079907226563,109.35564422607422,34751086
2021-09-23,111.98018535539217,113.29245315252567,111.10534015730316,111.54276275634766,31557678
2021-09-24,113.29245231400675,118.54152346369045,113.29245231400675,117.22925567626953,74969747
2021-09-27,119.41636289299215,121.16605319179057,114.6047145712965,115.0421371459961,80947557
2021-09-28,111.10534339692013,111.98018862051794,109.35565294972454,109.79307556152344,66913829
2021-09-29,106.29368926257621,110.23049256859755,106.29368926257621,107.60595703125,49770821
2021-09-30,109.35563889760819,111.10532911996992,107.60594867524647,110.23048400878906,31842729
2021-10-01,107.16852801486785,107.60595057819384,99.294921875,99.294921875,124308272
2021-10-04,99.73234193383193,100.1697644861733,89.67162322998047,89.67162322998047,128959231
2021-10-05,84.94746794469148,91.85874494534094,83.81016919774918,90.10905456542969,132177284
2021-10-06,91.42131489478737,91.42131489478737,85.29739906451454,85.55985260009766,90137213
2021-10-07,88.79677812529773,93.17100364871142,87.48451046827363,89.67162322998047,102303380
2021-10-08,90.1090476989746,90.98389282226563,86.78463623046875,87.48451232910156,58250534
2021-10-12,84.5975327971232,86.34722323760144,78.73606982152107,79.17349243164062,101594630
2021-10-13,82.2354544813076,84.33508310636226,80.83570206460449,81.27312469482422,79016699
2021-10-14,83.1977726715184,86.17224614242441,80.22329920061237,83.37274169921875,97262139
2021-10-15,83.81017036153614,84.33507748279835,81.79802639669758,82.14796447753906,56239062
2021-10-18,80.13580966305423,80.83568572998047,74.79925465274167,80.83568572998047,109832310
2021-10-19,81.18563446743798,82.9353248654431,80.22330474853516,80.22330474853516,55016931
2021-10-20,81.1856291455826,82.67286588639607,79.87336143310011,79.96084594726562,43127483
2021-10-21,80.92318201789111,82.4104188765983,80.39827489128857,80.66072845458984,36248201
2021-10-22,81.27310527921257,81.62304329979045,77.86120957857824,78.03617858886719,54780895
2021-10-25,77.24882572970635,84.6850094069714,77.16134121585617,83.37274169921875,83641868
2021-10-26,84.07262197628884,85.03495167632961,81.97299353983625,83.1977767944336,57657568
2021-10-27,82.23544498969768,83.02280563321607,81.09814628239336,81.18563079833984,42900819
2021-10-28,81.4480913432371,84.4225651409493,81.4480913432371,81.53557586669922,48649103
2021-10-29,82.93531659763663,88.79677884662571,82.76034757527874,87.04708862304688,90324307
2021-11-01,89.2342114804396,90.98390190162469,87.48452105925452,87.92194366455078,58101563
2021-11-02,89.67162886120025,94.04585465930758,88.35936112176805,91.8587417602539,72723779
2021-11-03,93.17100272859847,100.16976349694389,93.17100272859847,97.98265075683594,122443842
2021-11-04,101.48203308941567,102.35687820225546,95.35811729953713,95.79553985595703,98522240
2021-11-05,96.23296503435101,99.73234558105469,94.48327476099918,99.73234558105469,76241166
2021-11-08,103.66914856818414,108.48079681396484,100.16976802579818,108.48079681396484,141156146
2021-11-09,106.73110961914064,110.66791284279746,104.98141929751537,106.73110961914062,97050818
2021-11-10,105.85626761118571,108.91822576522827,104.54399983088176,104.9814224243164,72504570
2021-11-11,105.41883609719473,107.1685263228743,94.48327218669735,95.79553985595703,111465569
2021-11-12,98.42007983425806,100.6071927194638,94.9206992179289,97.54523468017578,65173723
2021-11-15,100.16976349694389,101.04460859298706,96.67038311277118,97.98265075683594,41926462
2021-11-16,97.98265273600941,104.54399108886719,97.10780762229504,104.54399108886719,65710336
2021-11-17,104.98142340244391,105.41884599995409,101.48204262236244,102.35688781738281,61524311
2021-11-18,102.79430725995233,106.29368793263156,101.91946209178252,104.10657501220703,49820627
2021-11-19,104.98142340244391,106.73111379248463,101.48204262236244,102.35688781738281,51874054
2021-11-22,103.66914597515282,106.73110387315312,102.79430086143844,104.54399108886719,50450312
2021-11-23,104.98141364572437,106.73110387315312,104.10656853201,104.54399108886719,42053372
2021-11-24,104.9814224243164,105.85626761118571,103.2317320505778,104.9814224243164,27817273
2021-11-25,105.8562699283462,110.23049595844316,105.4188473253365,108.91822814941406,72699243
2021-11-26,108.91822225836259,110.23048999641514,103.23172872680149,103.66915130615234,83268288
2021-11-29,104.9814224243164,107.60595798492432,104.10657723744711,104.9814224243164,65951269
2021-11-30,108.04338294339468,109.35565075242376,107.16853773737529,108.91822814941406,48135949
2021-12-01,109.35565075242376,110.23049595844316,107.60596034038498,108.91822814941406,38952317
2021-12-02,109.35563969432859,118.5415134286522,108.91821713555127,116.35440063476562,133912314
2021-12-03,118.54151459311724,119.85378228233995,115.4795566515976,116.79182434082031,90621489
2021-12-06,119.41635415909138,124.22800212887162,118.9789316163841,123.35315704345703,96628852
2021-12-07,124.22801653544109,128.16481987635296,122.47832616170248,125.97770690917969,108949683
2021-12-08,128.6022491455078,130.35193961007255,124.66544560023716,125.54029083251953,94156469
2021-12-09,127.28996391818947,128.16480903102928,124.22800602325022,127.72738647460938,52007908
2021-12-10,125.54029083251953,125.97771344866071,121.60348728724888,122.47833251953125,78605247
2021-12-13,123.7906003679548,125.10286821637834,122.47833251953125,122.47833251953125,37634783
2021-12-14,122.91573901642533,124.22800669275728,116.35440063476562,116.35440063476562,77807352
2021-12-15,117.22924948429716,121.16605263862057,116.79182691159455,120.72863006591797,47474398
2021-12-16,123.35315704345705,124.22800212887162,121.16604432992057,123.35315704345703,45699337
2021-12-17,122.91573333740233,125.9776911073732,122.47831079883507,122.91573333740234,43494088
2021-12-20,123.3531678014522,124.66543554402085,119.41636457374628,121.60347747802734,35922766
2021-12-21,122.47832065757508,123.79058837890625,119.4163626411357,123.79058837890625,38216909
2021-12-22,124.22802298409597,124.22802298409597,122.47833251953125,122.47833251953125,21880601
2021-12-23,123.79059038230842,124.22801296316463,121.60347747802736,121.60347747802734,20897356
2021-12-24,122.915745220596,124.22801296316463,120.72863231631493,121.60347747802734,21848171
2021-12-27,122.91573866977485,122.91573866977485,121.16604843960013,122.0408935546875,14468049
2021-12-28,123.35317775181362,126.85255868094308,122.91575513567243,125.54029083251953,49639788
2021-12-29,126.852552096049,128.16481987635296,125.54028431574504,125.97770690917969,31887622
2021-12-30,126.85254869962993,126.85254869962993,123.35316804584704,124.66543579101562,33780643
2022-01-03,124.66542889994959,125.10285145749327,116.35440030661961,122.0408935546875,74894548
2022-01-04,122.04088826026779,123.3531558759696,120.72862064456599,122.91573333740234,27130912
2022-01-05,122.91573450074975,125.9776922997008,121.60346687262786,123.35315704345703,30923580
2022-01-06,122.04089395483057,126.41511954460944,121.60347139585268,125.10285186767578,37300349
2022-01-07,125.9776911073732,126.85253618450774,121.60346572170053,122.91573333740234,42279051
2022-01-10,122.040894309243,124.22800711048392,118.10409126700935,119.4163589477539,54600708
2022-01-11,118.97894605949743,120.29121384691837,116.79183308046255,117.22925567626953,39013042
2022-01-12,118.54151058568102,118.97893313396766,111.98017236138134,112.41759490966797,62042207
2022-01-13,112.41759678674123,114.16728700910295,110.23048400878906,110.23048400878906,37788272
2022-01-14,110.66790517171223,115.47955322265625,108.48079242128314,115.47955322265625,55660478
2022-01-17,114.16729721309632,114.60471980778252,111.10533905029297,111.10533905029297,42559532
2022-01-18,109.79307126623439,112.85502942903774,108.91822607686201,111.10533905029297,34666815
2022-01-19,109.7930688352001,111.98018176020409,105.85626557019292,107.16853332519531,53173228
2022-01-20,107.1685291105701,109.35564194956133,105.85626140717537,108.48079681396484,28452358
2022-01-21,106.73111027969428,107.16853286280778,101.04461669921876,101.04461669921875,71028154
2022-01-24,97.98265752377718,101.91946072785751,96.67038978908373,100.60719299316406,61013830
2022-01-25,99.73234405517579,99.73234405517579,96.23296356201172,96.23296356201172,41419217
2022-01-26,97.10780044150563,100.16975811308464,97.10780044150563,98.85749053955078,30841950
2022-02-07,101.04461316139466,108.48079681396484,100.60719059359643,108.48079681396484,56831972
2022-02-08,108.91821564075558,116.79182159068972,108.04337053520734,112.85501861572266,101460510
2022-02-09,115.04213137959324,116.3543990379156,111.98017351017441,112.85501861572266,46548462
2022-02-10,115.04213067257044,116.35439832282789,112.41759537205552,115.47955322265625,44579196
2022-02-11,116.79182744479452,118.10409516889334,114.6047145712965,115.0421371459961,61346198
2022-02-14,115.04213371276856,118.54151420593263,113.72986602783203,113.72986602783203,56169684
2022-02-15,115.04213067257044,116.35439832282789,113.72986302231297,115.47955322265625,26797529
2022-02-16,118.104092030043,118.54151459311724,116.35440177774608,116.79182434082031,34191098
2022-02-17,117.22924690389455,119.41635971926571,116.35440177774608,116.79182434082031,42334650
2022-02-18,116.35440462469633,124.2280109526833,115.47955947714222,123.79058837890625,79461471
2022-02-21,125.10286821637834,129.039671761649,125.10286821637834,128.6022491455078,99109717
2022-02-22,127.28997128135279,128.60223902652137,118.54151964689557,124.66543579101562,118977206
2022-02-23,126.85254669189453,129.47708214069235,126.41512411709489,126.85254669189453,61905765
2022-02-24,123.79058837890625,128.60223669045385,121.16605293624393,123.79058837890625,101190263
2022-02-25,128.16482652936662,128.6022491455078,125.10286821637834,125.54029083251953,58426818
2022-03-01,127.72739651195235,132.1016224198959,126.41512873956927,131.66419982910156,89985622
2022-03-02,131.2267794467435,134.72616023199,130.3519342504319,132.53904724121094,75775397
2022-03-03,135.16357265008944,142.16233369345977,134.28872751966816,140.4126434326172,91383741
2022-03-04,141.28748508669295,149.59851362120432,139.10037231445312,139.10037231445312,171683996
2022-03-07,140.41263661163532,141.72490424351977,132.1016082763672,132.1016082763672,134593268
2022-03-08,129.47709437779017,134.28874315534318,121.16606467110769,128.6022491455078,155439766
2022-03-09,133.41387235201321,136.475830078125,130.35191462590143,136.475830078125,104500609
2022-03-10,140.85005540114182,142.16232299804688,136.475830078125,136.475830078125,97075180
2022-03-11,135.60100889205933,139.97523498535156,135.60100889205933,139.97523498535156,77417141
2022-03-14,142.16232763597668,145.22428546198233,141.72490508940444,143.91201782226562,84776113
2022-03-15,144.34944056257416,146.09913075121142,137.78810235518444,138.22552490234375,119569207
2022-03-16,140.41264143190185,143.03717678576916,124.6654293086979,125.10285186767578,211888739
2022-03-17,127.72740282703178,129.47709327671714,121.16606364071166,128.16482543945312,124383133
2022-03-18,126.8525373851154,127.2899599278227,122.47831195804245,123.35315704345703,65771991
2022-03-21,123.35317243424254,126.85255321251893,121.1660594478198,126.41513061523438,51182108
2022-03-22,125.97770353618421,127.28997128135279,124.66543579101562,124.66543579101562,29639216
2022-03-23,125.54029083251953,126.85255868094308,123.7906003679548,125.54029083251953,27507834
2022-03-24,124.6654234916714,125.9776911073732,122.91573333740233,122.91573333740234,33766215
2022-03-25,122.47832330667748,122.47832330667748,115.91698455810547,115.91698455810547,65503518
2022-03-28,111.98017504699249,117.66666831109757,111.10532992943784,116.35440063476562,37343796
2022-03-29,117.22925788031684,120.29121610853407,117.22925788031684,118.1041030883789,24376151
2022-03-30,118.97894829644098,119.416370900472,116.79183527628581,118.1041030883789,22628748
2022-03-31,118.54152569240993,119.85379350450305,116.79183527628581,118.1041030883789,15435413
2022-04-01,117.22924319931747,121.16604614257812,116.79182065006627,121.16604614257812,27459704
2022-04-06,118.104092030043,118.54151459311724,116.35440177774608,116.79182434082031,30262213
2022-04-07,114.60470765110121,116.79182039253443,112.41759490966798,112.41759490966797,29730202
2022-04-08,114.60470856951612,119.41635663922862,114.16728601772407,118.54151153564453,38354743
2022-04-11,119.41636545517866,121.16605579151827,118.54152028700885,118.97894287109375,35852412
2022-04-12,119.4163697820614,119.85379238199567,115.47956638265278,117.66667938232422,30719400
2022-04-13,119.41637420654297,122.91575513567243,118.97895159040178,122.47833251953125,40758497
2022-04-14,122.91574292943098,124.22801064753878,120.72863006591797,120.72863006591797,29431867
2022-04-15,119.85378521491276,124.2280109526833,119.85378521491276,123.79058837890625,30935385
2022-04-18,123.35316550213358,123.79058807483618,120.72863006591797,120.72863006591797,22670434
2022-04-19,122.47832065757508,124.66543352646035,122.04089808379803,123.79058837890625,24934894
2022-04-20,125.10286821637834,126.4151360648019,124.22802298409597,125.54029083251953,38708922
2022-04-21,126.85254781926211,129.03966071269767,126.85254781926211,127.28997039794922,30204327
2022-04-22,126.41512218410685,130.35192529710673,125.54027704788466,129.03965759277344,32538712
2022-04-25,125.97769657258064,126.85254168766801,121.60347099714382,122.0408935546875,55642333
2022-04-26,123.3531678014522,124.66543554402085,121.60347747802736,121.60347747802734,19784091
2022-04-27,117.22926112583706,122.91575513567243,116.35441589355469,122.47833251953125,36207641
2022-04-28,124.22801064753878,124.22801064753878,120.72863006591797,120.72863006591797,24533039
2022-04-29,122.91574351869781,127.28996926669417,122.47832094389817,126.85254669189453,45315784
2022-05-03,127.72740282703178,128.16482543945312,125.9777123773464,128.16482543945312,28336690
2022-05-04,129.91451165227608,133.85131503567837,129.91451165227608,132.53904724121094,46099772
2022-05-05,134.72616246958248,136.03843028584464,131.66420423163743,133.4138946533203,48537524
2022-05-06,130.78934741329837,135.163573079295,129.91450228009904,134.7261505126953,49897132
2022-05-09,133.41389792306083,134.72616577148438,128.6022491455078,128.6022491455078,57719124
2022-05-10,125.10285775613464,131.6641964496382,124.66543517656774,130.3519287109375,46069572
2022-05-11,129.91451139351076,131.2267791853644,126.41513061523438,126.41513061523438,32680232
2022-05-12,127.28997102915812,129.03966135258298,121.60347747802736,121.60347747802734,48166747
2022-05-13,124.66544560023716,125.97771344866071,124.22802298409597,125.54029083251953,25901423
2022-05-16,125.10286254882811,125.10286254882811,119.41636879660865,120.29121398925781,50804357
2022-05-17,120.72862429460476,122.0408919499809,118.10408898385249,118.54151153564453,32662455
2022-05-18,120.2912139892578,121.16605918190696,119.85379139293323,120.29121398925781,20390631
2022-05-19,117.22925253475414,119.41636545517866,113.72987186207492,118.97894287109375,52910297
2022-05-20,119.85379350450305,121.16606131659614,117.66668048434788,118.1041030883789,28549050
2022-05-23,120.72863578796387,128.6022424697876,120.29121319452922,125.97770690917969,74971930
2022-05-24,127.28997012930857,128.16481528483646,124.22801208496094,124.22801208496094,37327597
2022-05-25,126.41511954460944,127.7273872215431,123.79058419074211,125.10285186767578,27564892
2022-05-26,126.41512497378068,126.85254755154463,123.35316692943304,124.22801208496094,18652718
2022-05-27,126.41513061523438,127.28997580980348,124.66544022609618,126.41513061523438,23139628
2022-05-30,127.28997468948364,127.7273972829183,125.97770690917969,125.97770690917969,23696416
2022-05-31,126.85253618450774,127.72738126164228,122.91573333740233,122.91573333740234,34560801
2022-06-01,123.79059503152709,126.85255321251893,123.35317243424254,126.41513061523438,25381428
2022-06-02,125.54028542066528,126.85255321251893,124.66544022609618,126.41513061523438,14272495
2022-06-06,127.72740391322544,129.47709437779017,125.54029083251953,125.54029083251953,28757886
2022-06-07,125.97770801794982,127.28997580980348,125.10286282338073,126.41513061523438,13035128
2022-06-08,127.28997039794923,128.16481555532346,125.97770266188789,127.28997039794922,18960191
2022-06-09,122.47833251953125,124.22802298409597,122.04090990339006,122.47833251953125,45914854
2022-06-10,121.16605489717114,122.47832263973977,119.8537871546025,121.60347747802734,22272366
2022-06-13,117.22923986208393,117.66666239888275,113.72985956769337,114.16728210449219,44029320
2022-06-14,112.85502427249807,115.4795597206957,112.41760169779847,115.0421371459961,42198541
2022-06-15,115.04214468598366,115.91698989272118,111.98018646240234,111.98018646240234,34874832
2022-06-16,113.72986478286808,114.16728733972526,104.10656853201,104.54399108886719,77603788
2022-06-17,103.66914597515282,105.85625875943875,101.91945574772409,104.54399108886719,57691048
2022-06-20,104.98141354077482,104.98141354077482,94.92069474311724,95.79553985595703,84319936
2022-06-21,97.98265380859375,98.85749893188476,94.9206958770752,96.23296356201172,53628255
2022-06-22,96.23296849867877,96.23296849867877,88.35936198515051,89.23420715332031,104812690
2022-06-23,89.67162538145385,90.54647050712657,84.07261657714844,84.07261657714844,85582410
2022-06-24,86.52218276992998,89.6716252165604,85.38488410864677,86.34721374511719,56173730
2022-06-27,89.23420652046731,94.92070007324219,89.23420652046731,94.92070007324219,70700304
2022-06-28,94.04585491127682,96.23296781619024,91.42131942538072,94.92070007324219,105185243
2022-06-29,98.06724111149819,100.37470560823932,93.34742736816406,93.34742736816406,139126565
2022-06-30,92.9278801631702,93.03276490376068,88.62760579896029,88.73249053955078,66132303
2022-07-01,89.57157442862528,90.93507614709381,83.59314381687862,83.69802856445312,74497432
2022-07-04,84.43221250591856,86.94944617069129,83.0687109375,86.5299072265625,51253530
2022-07-05,89.3618061409301,94.92069783749031,86.00549417319564,91.98392486572266,77993691
2022-07-06,90.62041254643793,94.0816088589755,89.78133465248943,89.99110412597656,57248814
2022-07-07,91.03995330948635,93.6620717803817,89.36179748811334,92.71810913085938,50181764
2022-07-08,96.80861807023823,99.32585190955103,96.59884858362884,97.22815704345703,69465264
2022-07-11,97.96234879746856,98.48677250623444,96.07442344591135,96.8086166381836,34001041
2022-07-12,93.45230551796092,93.97672923018293,88.1031836532965,90.3057632446289,57505202
2022-07-13,94.18650241505813,94.81581089444605,91.3546142578125,91.3546142578125,40093907
2022-07-14,91.87903893072873,95.34023560277673,91.77415418309091,95.02558135986328,40234027
2022-07-15,95.02556508439118,95.23533454373862,93.45229413928537,93.66206359863281,29728232
2022-07-18,94.29137197667514,95.6548734624335,93.45229413928537,93.66206359863281,19967510
2022-07-19,94.50116110056248,97.75258839703022,94.50116110056248,96.07443237304688,44361794
2022-07-20,97.54281595797842,97.75258545466224,93.66208026932766,94.08161926269531,36883745
2022-07-21,94.92068259946761,97.54280090332031,94.92068259946761,97.54280090332031,37321696
2022-07-22,98.48677551366721,100.37470092287488,97.22815857419542,98.80142974853516,36847176
2022-07-25,98.38188703207706,98.38188703207706,95.23534480290614,96.59884643554688,30048212
2022-07-26,95.9695365514724,97.75257712128118,94.92068915746724,96.17930603027344,20682157
2022-07-27,96.70374163363843,98.80143667992125,96.59885688132428,98.59166717529297,24470310
2022-07-28,99.22096066682235,99.4307301396909,96.17930331022843,96.49395751953125,27870665
2022-07-29,98.4867688164037,101.52842621328942,98.38188407858004,100.16492462158203,49026750
2022-08-01,100.58446375528972,101.52842639741444,99.1160774230957,101.31865692138672,23704860
2022-08-02,99.64050832668684,99.64050832668684,97.54281341454606,97.85746765136719,36479588
2022-08-03,99.01120335656687,99.32585760452206,97.22816261815412,97.7525863647461,22490750
2022-08-04,97.75258915677985,98.69655192760712,96.49397212901015,98.59166717529297,23928064
2022-08-05,100.89911973091864,104.15054666611456,100.58446551138356,104.04566192626953,49396269
2022-08-08,102.99681343607384,106.9824335079382,101.73819657127456,105.93358612060547,44500183
2022-08-09,105.9335927327474,111.17782999674479,104.88474527994791,110.12898254394531,51986710
2022-08-10,109.08013560471026,111.17783052018545,107.50686441810386,108.03128814697266,38486643
2022-08-11,110.12898306244786,111.70225424905425,107.50686441810386,108.03128814697266,37829041
2022-08-12,108.5557078214792,109.60455524004422,107.50686040291419,109.08013153076172,19838119
2022-08-15,107.50687124741138,108.03129500959388,104.3603286743164,104.3603286743164,47379060
2022-08-16,103.83589637512773,104.88474381326034,101.84308624267578,101.84308624267578,31626611
2022-08-17,102.78704560785303,104.88474041617657,102.78704560785303,103.10169982910156,30623702
2022-08-18,102.68216287967861,104.25543401675235,102.26262390979228,102.57727813720703,17526966
2022-08-19,103.521233858381,103.73100332921865,102.36750176877392,102.78704071044922,14449179
2022-08-22,101.00400817394257,101.52843189239502,99.01119804382324,100.6893539428711,20899200
2022-08-23,99.22096812411688,100.7942392888756,99.11608337979963,99.74539184570312,15534730
2022-08-24,99.74538866471778,100.37469711055196,96.59884643554688,96.59884643554688,26104063
2022-08-25,97.6477016154277,99.01120335656687,97.12327786883571,97.7525863647461,15988163
2022-08-26,98.90630813027448,99.32584708310704,98.06723022460938,98.06723022460938,13116780
2022-08-29,92.29857981815273,93.45231206587964,90.7253085712524,92.19369506835938,34360094
2022-08-30,92.4034534627741,93.13764662309126,91.87902977683328,92.29856872558594,13429377
2022-08-31,91.45949567403825,93.34742104345648,89.6764550473655,92.61322784423828,30983478
2022-09-01,91.45949191560325,92.0888003462152,90.41064453125,90.41064453125,20719422
2022-09-02,90.2008784161308,90.2008784161308,83.5931396484375,83.5931396484375,47026495
2022-09-05,82.64917427062989,85.58594696044922,82.33452005386353,83.90779113769531,27616966
2022-09-06,85.4810651458136,86.3201430858952,84.11756349318098,84.74687194824219,10179463
2022-09-07,84.74687194824219,84.74687194824219,84.74687194824219,84.74687194824219,0
2022-09-08,84.74687194824219,84.74687194824219,84.74687194824219,84.74687194824219,0
2022-09-12,84.74687194824219,84.74687194824219,84.74687194824219,84.74687194824219,0
2022-09-13,84.74687194824219,84.74687194824219,84.74687194824219,84.74687194824219,0
2022-09-14,84.74687194824219,84.74687194824219,84.74687194824219,84.74687194824219,0
2022-09-15,84.74687194824219,84.74687194824219,84.74687194824219,84.74687194824219,0
2022-09-16,84.74687194824219,84.74687194824219,84.74687194824219,84.74687194824219,0
2022-09-19,77.82446882710654,78.03423828486154,70.9020767211914,70.9020767211914,67824165
2022-09-20,71.9509367790775,72.58024526402569,70.27278081921563,72.37047576904297,44902449
2022-09-21,72.16069750170092,72.790005910146,69.85323333740234,69.85323333740234,60601012
2022-09-22,68.59462437262901,69.01416335961757,64.60900399623773,65.44808197021484,75967693
2022-09-23,65.23831526840789,67.96531880052784,65.23831526840789,66.28716278076172,53980374
2022-09-26,64.6090003469146,65.02853931020626,61.04291915893555,61.04291915893555,80056051
2022-09-27,62.721067670890484,65.02853169891655,61.88198984251737,64.39922332763672,58332736
2022-09-28,63.76992416381836,63.97969365119934,60.203842878341675,60.413612365722656,61723199
2022-09-29,62.09176826477051,63.56015467643738,60.413612365722656,60.413612365722656,48119170
2022-09-30,58.31592021576346,61.672232170627545,57.686611724226445,61.25269317626953,55165166
2022-10-03,61.25269427347343,64.60900628845827,61.04292477253687,62.7210807800293,68369520
2022-10-04,65.0285349494199,65.44807388457745,62.51130133847462,63.14060974121094,50247996
2022-10-05,63.769917871407756,66.49692093827716,63.56014840472549,65.2383041381836,55155503
2022-10-06,64.81876520481906,65.44807360486585,62.93084000467871,65.2383041381836,47663784
2022-10-07,64.39922627145454,66.07738200491264,63.97968733809002,65.2383041381836,28527465
2022-10-11,64.39923450274345,66.28715994419196,64.18946500924918,65.44808197021484,43962542
2022-10-12,65.2383110798946,65.44808056889748,61.6722297668457,61.6722297668457,58550119
2022-10-13,62.51130797706261,62.93084695677444,60.203843588647544,60.623382568359375,34130624
2022-10-14,62.72107368844454,64.60899898341444,61.46245682513127,63.97969055175781,51922445
2022-10-17,62.51130520956857,62.51130520956857,57.68660715648106,58.73545455932617,79179260
2022-10-18,59.57453393597975,60.83315085012016,58.94522547890954,59.15499496459961,49153430
2022-10-19,59.78430390357971,61.46245980262756,59.36476492881775,60.413612365722656,46834621
2022-10-20,58.31591507292142,58.73545403028057,55.588911850086966,57.476837158203125,62619855
2022-10-21,57.0572998497319,58.1061472734402,56.847530364990234,56.847530364990234,33493109
2022-10-24,58.945228146639735,60.20384511774236,57.47684168035334,57.68661117553711,43133460
2022-10-25,58.10614847965378,58.94522643603867,57.05730103417267,58.31591796875,30408935
2022-10-26,57.89637899055756,58.525687457846225,56.00845358869155,58.31591796875,47428958
2022-10-27,58.94522383840461,59.7843017578125,57.47683747944079,59.7843017578125,31515005
2022-10-28,58.735458651455964,59.36476713700728,57.0573026899858,57.68661117553711,30413622
2022-10-31,56.847533194802025,57.68661117553711,55.37914672851562,57.68661117553711,42037271
2022-11-01,57.89637705485026,58.10614653693305,56.21822119818793,56.637760162353516,28390416
2022-11-02,57.896376115562276,59.36476246631929,57.05729820084398,57.476837158203125,47039080
2022-11-03,55.379143269856776,57.0572991265191,55.169373787773985,56.637760162353516,34074404
2022-11-04,56.00845358869155,58.31591796875,55.79868409959533,58.31591796875,34982129
2022-11-07,60.41361164797474,60.83315061775234,59.15499473864193,60.20384216308594,52448330
2022-11-08,61.462453408968656,63.769917530124474,60.413606081170556,61.88199234008789,54107970
2022-11-09,62.5113060434258,62.9308450101602,61.672228109957,62.301536560058594,34426079
2022-11-10,61.672224183745726,63.97968835388588,61.46245471373299,63.350379943847656,38621243
2022-11-11,66.2871549987793,66.70669395446777,62.721073875427244,62.930843353271484,60946623
2022-11-14,63.14060947136097,65.44807360486585,62.72107053799644,65.2383041381836,47117704
2022-11-15,66.07738900953724,66.07738900953724,63.76992463142641,65.0285415649414,31346168
2022-11-16,65.02854084891409,65.86761879535169,64.39923238908588,64.81877136230469,29778699
2022-11-17,65.02854012823724,65.8676180653758,64.39923167538333,64.60900115966797,20296993
2022-11-18,64.81876548184113,65.0285349494199,62.930840273632164,63.14060974121094,21126662
2022-11-21,62.93083966788599,62.93083966788599,61.67222287452827,61.88199234008789,21562418
2022-11-22,61.67222346815952,63.35037920878971,61.46245400058075,63.14060974121094,16170485
2022-11-23,63.76991495635688,64.81876224182328,63.5601454992636,64.39922332763672,21824918
2022-11-24,65.02854246530474,67.96531535083463,63.979695006186915,67.5457763671875,40224075
2022-11-25,67.54576800099785,69.22392372773072,66.91645960347303,67.33599853515625,39798100
2022-11-28,66.91646285284133,68.17507970900763,65.86761547270275,66.07738494873047,30359503
2022-11-29,66.07738992442255,67.96531535083463,65.2383119571283,67.5457763671875,20697426
2022-11-30,67.12623268548695,68.59461902548199,66.70669373120266,68.38484954833984,21110692
2022-12-01,69.43370324594004,70.06301173457393,67.75554727624964,67.96531677246094,25706280
2022-12-02,67.3360032764519,68.1750811988999,66.4969253540039,66.4969253540039,19367632
2022-12-05,66.28716417228651,67.75555072040677,66.28716417228651,66.70670318603516,20934223
2022-12-06,66.28715480116547,67.12623271004098,63.97969055175781,63.97969055175781,30171797
2022-12-07,63.350384476161246,64.81877087130405,62.72107602110004,63.56015396118164,22814493
2022-12-08,63.14061047383491,63.76991888387313,62.301532593783946,63.350379943847656,14132124
2022-12-09,63.56015444264828,65.02854084891409,63.35038495603889,64.81877136230469,16608098
2022-12-12,64.18946290247649,65.44807982213288,63.769923929257686,64.81877136230469,11976863
2022-12-13,65.6578500316989,66.2871584984564,64.39923309818391,65.0285415649414,22067912
2022-12-14,65.02853330812957,65.23830277041385,63.35037760985525,63.76991653442383,22547689
2022-12-15,63.979696893388294,65.86762237548828,63.979696893388294,65.86762237548828,21657961
2022-12-16,64.81877699130919,71.32163164092273,64.60900748648294,68.80439758300781,81350779
2022-12-19,69.01416425351744,70.27278123078523,67.12623878761575,67.96531677246094,43931274
2022-12-20,67.96531171828791,69.6434675631839,66.28715587339191,66.4969253540039,38151949
2022-12-21,67.54578055405035,69.43370609748654,67.12624154439786,68.80439758300781,38085074
2022-12-22,70.06300251685497,72.16069720298835,69.43369411101494,71.950927734375,60855886
2022-12-23,70.90208216425198,71.53139058582819,69.43369584724084,70.27277374267578,36715409
2022-12-26,70.69231304462139,70.69231304462139,68.17507934570312,68.17507934570312,23661784
2022-12-27,68.80438777043268,70.06300461989183,67.96530987079326,68.17507934570312,19106328
2022-12-28,67.9653202272811,68.80439825477839,66.70670318603516,66.70670318603516,20189077
2022-12-29,66.70668940544128,67.54576725959778,66.07738101482391,67.12622833251953,17346004
2022-12-30,67.7555411169134,69.01415797976628,67.7555411169134,68.38484954833984,21686678
2023-01-03,68.38484511375428,68.80438404083252,67.12622833251953,67.12622833251953,23603780
2023-01-04,67.54577690515762,67.7555463986519,65.44808197021484,65.44808197021484,25203463
2023-01-05,66.28716066013129,67.33600813893084,65.65785217285156,65.65785217285156,20371487
2023-01-06,66.28716417228651,66.91647269290948,65.44808614478922,66.70670318603516,12082461
2023-01-09,66.2871584984564,66.49692798737557,64.81877207602224,65.0285415649414,33000304
2023-01-10,65.2383041381836,66.07738200491264,65.02853467150133,65.2383041381836,12539289
2023-01-11,65.86762166861146,67.12623864317092,65.65785217285156,65.65785217285156,19372242
2023-01-12,66.07738532394659,66.28715480116547,63.97969055175781,63.97969055175781,21891580
2023-01-13,64.60899898341444,64.81876846063332,63.97969055175781,63.97969055175781,13580480
2023-01-16,64.18946241624285,64.39923190126325,62.72107602110004,63.56015396118164,17000205
2023-01-17,64.39922950619557,65.23830741507108,63.76992107453893,63.97969055175781,17135992
2023-01-30,64.18945707910481,64.39922654668358,62.930840273632164,63.14060974121094,20560721
2023-01-31,63.76991653442383,64.3992249212767,63.35037760985525,63.76991653442383,13682310
2023-02-01,63.97968599670812,64.3992249212767,63.35037760985525,63.76991653442383,14204870
2023-02-02,64.60900399623773,65.44808197021484,64.60900399623773,65.44808197021484,26405172
2023-02-03,66.4969308695216,67.12623936355493,65.44808337946606,65.86762237548828,33929688
2023-02-06,65.44807464397506,65.65784411398779,63.14061047383491,63.350379943847656,27857547
2023-02-07,63.76991888387313,63.76991888387313,63.14061047383491,63.350379943847656,10225713
2023-02-08,63.76992344620204,63.76992344620204,63.350384476161246,63.56015396118164,8760868
2023-02-09,63.5601517868042,63.76992126464843,62.930843353271484,62.930843353271484,11986342
2023-02-10,63.35038567886871,63.56015516787159,61.46246027784282,61.6722297668457,25130873
2023-02-13,61.25268958752994,61.462459072418746,59.78430319330833,60.20384216308594,20851631
2023-02-14,61.04291663713903,62.51130294799805,60.83314716415917,62.51130294799805,24410678
2023-02-15,62.51130311725083,62.51130311725083,61.2526862759639,61.46245574951172,16260716
2023-02-16,61.67222739554741,62.091766357421875,61.0429189527357,62.091766357421875,9969020
2023-02-17,61.46246267344854,61.672232170627545,61.04292367909053,61.25269317626953,10223590
2023-02-20,61.25269078883995,61.88199925584858,60.833151810834195,61.6722297668457,8806970
2023-02-21,62.30153820899225,65.0285415649414,61.672229742234755,65.0285415649414,42223916
2023-02-22,64.60899898341444,65.44807689228996,63.76992107453893,63.97969055175781,35219109
2023-02-23,64.39923725852483,66.49693228323248,64.39923725852483,66.28716278076172,34299954
2023-02-24,66.4969308695216,66.91646986554383,65.23831388145496,65.86762237548828,32154792
2023-03-01,66.07739045069768,66.28715994419196,64.60900399623773,65.44808197021484,21240175
2023-03-02,66.2871512059482,67.54576800099785,66.0773817401066,67.33599853515625,33776976
2023-03-03,67.54577163977125,68.38484954833984,66.49692425406052,68.38484954833984,36959064
2023-03-06,69.01415252685547,69.22392198742342,67.75553576344777,69.01415252685547,29508197
2023-03-07,68.59462331289268,69.64347076416016,67.9653148421322,69.64347076416016,24520372
2023-03-08,68.80439331812889,69.01416280995245,67.5457763671875,67.5457763671875,24727610
2023-03-09,67.75553576344777,69.22392198742342,67.54576630287983,69.01415252685547,26309649
2023-03-10,67.12622810132575,71.95092574610855,66.49691971287582,69.22392272949219,88291710
2023-03-13,69.22393060499623,71.5313949584961,69.01416111831442,71.5313949584961,48003545
2023-03-14,70.06300180000171,71.74115753173828,69.01415446766636,71.74115753173828,62807494
2023-03-15,74.04862350189757,75.30724033195816,69.8532340683623,70.06300354003906,147746174
2023-03-16,70.06301602450284,70.27278553355823,66.49693437056108,66.91647338867188,79852301
2023-03-17,67.54577778003834,67.96531677246094,67.12623878761575,67.96531677246094,30665332
2023-03-20,68.59462526109483,69.64347274215133,67.75554727624964,67.96531677246094,31761114
2023-03-21,68.3848458643643,68.5946153302059,67.33599853515625,67.33599853515625,18432225
2023-03-22,67.75554656982422,68.17508555787266,67.12623808775155,67.75554656982422,21000308
2023-03-23,66.91647338867188,67.33601240678267,66.07739535245028,66.91647338867188,26422287
2023-03-24,67.12622906931463,67.54576800099785,66.70669013763143,67.33599853515625,15077398
2023-03-27,66.28715941624611,67.75554585901106,66.07738992442255,67.5457763671875,24955849
2023-03-28,67.54576800099785,68.17507639852268,67.12622906931463,67.33599853515625,13559739
2023-03-29,67.5457727570639,67.75554223767591,66.4969253540039,66.4969253540039,10533533
2023-03-30,67.12624079064477,67.33601029311554,66.28716278076172,66.28716278076172,11379164
2023-03-31,67.12623379583991,67.3360032764519,66.4969253540039,66.4969253540039,9825495
2023-04-06,67.12624079064477,67.5457797955863,66.28716278076172,66.28716278076172,14378321
2023-04-07,66.7067018561407,68.5946273803711,66.49693235344843,68.5946273803711,25627495
2023-04-10,69.43370539114017,69.8532443965247,67.9653188722943,68.5946273803711,23952687
2023-04-11,69.01415252685547,69.64346090855932,68.80438306628753,69.01415252685547,10896642
2023-04-12,69.64346386792066,70.27277227636573,69.01415545947559,69.85323333740234,29171340
2023-04-13,69.85323333740234,70.27277227636573,69.01415545947559,69.85323333740234,15049245
2023-04-14,70.06301534316118,71.53140189226936,69.64347632913028,71.3216323852539,41999928
2023-04-17,72.5802480703097,73.20955657958984,71.74117005793617,73.20955657958984,39503361
2023-04-18,73.62909696242389,73.62909696242389,70.902093371223,71.3216323852539,34783467
2023-04-19,71.53139906837826,71.74116856711251,70.27278207597278,70.48255157470703,19470553
2023-04-20,70.69231701176886,71.7411644451779,70.48254752508706,71.5313949584961,19524767
2023-04-21,71.32162668618811,71.5313961764416,69.22393178365317,69.64347076416016,20317849
2023-04-24,69.22392272949219,69.64346165512548,68.8043838038589,69.22392272949219,11609147
2023-04-25,69.22393374972873,69.85324223836264,67.75554727624964,67.96531677246094,17674970
2023-04-26,67.54576725959778,67.96530618667603,66.91645886898041,67.12622833251953,17907390
2023-04-27,66.70670318603516,67.33601170665813,66.49693367916083,66.70670318603516,15757608
2023-04-28,67.75554656982422,68.80439403994534,67.5457770758,67.75554656982422,16279021
2023-05-02,67.12622933832395,67.33599880500621,64.6089957381368,65.2383041381836,45541310
2023-05-03,64.60899917602539,64.81876865386963,62.721073875427244,62.930843353271484,49056854
2023-05-04,62.930840273632164,63.97968761152603,62.72107080605339,63.14060974121094,20051763
2023-05-05,63.350384476161246,63.76992344620204,63.14061499114084,63.56015396118164,10333122
2023-05-08,63.560149413860394,63.76991888387313,62.72107153380943,63.350379943847656,11849003
2023-05-09,63.350379943847656,63.76991888387313,63.14061047383491,63.350379943847656,8605467
2023-05-10,63.56015514250725,65.23831105386057,63.56015514250725,65.0285415649414,22341115
2023-05-11,64.39922729391135,64.81876623393684,63.350379943847656,63.350379943847656,15771459
2023-05-12,63.35038212010117,64.18946002897668,63.140612642882296,63.97969055175781,7563891
2023-05-15,62.93084316566342,64.39922950619557,62.09176525678791,63.97969055175781,21625990
2023-05-16,63.97968835388588,64.18945782389862,63.14061047383491,63.350379943847656,17342203
2023-05-17,63.76991888387313,63.97968835388588,63.14061047383491,63.350379943847656,17121102
2023-05-18,63.560149413860394,63.97968835388588,63.350379943847656,63.350379943847656,11669514
2023-05-19,63.35037920878971,63.76991814394726,62.930840273632164,63.14060974121094,15244624
2023-05-22,63.5601454992636,64.81876224182328,63.140606585077045,64.39922332763672,21596375
2023-05-23,64.39923190126325,64.39923190126325,63.350384476161246,63.56015396118164,15769005
2023-05-24,63.56015396118164,63.979692931222445,63.56015396118164,63.56015396118164,8661782
2023-05-25,63.5601517868042,63.5601517868042,62.930843353271484,62.930843353271484,18905719
2023-05-26,63.140612642882296,64.60899898341444,62.72107368844454,63.97969055175781,23590333
2023-05-29,64.39923588941052,66.0773918734994,64.1894663913994,65.86762237548828,28507123
2023-05-30,65.86760952728967,65.86760952728967,64.39922332763672,64.39922332763672,20245189
2023-05-31,65.02853867275263,65.86761659111073,64.18946075439453,64.18946075439453,24900767
2023-06-01,64.81876224182328,64.81876224182328,63.76991495635688,64.39922332763672,17398650
2023-06-02,64.81876846063332,64.81876846063332,63.76992107453893,63.97969055175781,19947376
2023-06-05,63.97968835388588,64.18945782389862,62.930841003822174,63.350379943847656,26154661
2023-06-06,63.350384476161246,63.979692931222445,63.14061499114084,63.56015396118164,23209860
2023-06-07,63.560149413860394,63.97968835388588,63.350379943847656,63.350379943847656,16597224
2023-06-08,63.560153738244786,65.23830961252187,63.560153738244786,64.60900115966797,36400825
2023-06-09,64.81877207602224,65.23831105386057,64.18946360926475,65.0285415649414,16501183
2023-06-12,64.6089957381368,65.44807360486585,64.18945680477228,65.2383041381836,20778520
2023-06-13,65.44808337946606,66.28716137151049,64.81877488543273,65.86762237548828,26214563
2023-06-14,66.07739061763043,68.17508555787266,65.86762112360621,67.75554656982422,42797566
2023-06-15,68.38485576488354,68.80439475730614,67.33600828382704,67.96531677246094,28255927
2023-06-16,68.38485382263919,69.85324025441365,67.9653148421322,69.64347076416016,54913005
2023-06-19,69.64347274215133,69.64347274215133,67.96531677246094,67.96531677246094,37572793
2023-06-20,68.38484882061297,69.01415724534255,67.96530987079326,68.17507934570312,34859911
2023-06-21,68.1750883029986,68.1750883029986,66.28716278076172,66.28716278076172,49054154
2023-06-26,66.70668940544128,67.33599779605866,66.28715047836305,67.12622833251953,48173905
2023-06-27,67.33600687536394,68.1750848426582,67.33600687536394,67.5457763671875,40054088
2023-06-28,67.7555407569522,67.96531023297992,65.44807652064732,66.07738494873047,48746421
2023-06-29,66.2871584984564,66.49692798737557,64.18946360926475,65.0285415649414,115108898
2023-06-30,70.30732947416082,71.5313949584961,68.47122832925562,71.5313949584961,145846948
2023-07-03,75.58611909944177,78.4167709350586,75.35660426442216,78.4167709350586,74346097
2023-07-04,82.62449523057983,85.6846617206013,79.56432874055835,80.7118911743164,197611521
2023-07-05,81.0944172511591,82.24197975943022,78.41677139852649,81.85945892333984,76578066
2023-07-06,81.47693634033203,82.62449882399868,80.32937385666538,81.47693634033203,40849647
2023-07-07,81.85945482607241,83.0070172769052,81.09441319218388,82.62449645996094,41868879
2023-07-10,82.24197077408932,82.24197077408932,79.5643252140027,79.94684600830078,31151174
2023-07-11,80.32936499669002,81.09440656808707,78.41676106819739,79.56432342529297,29063648
2023-07-12,78.799292417308,78.799292417308,76.50416739544465,76.88668823242188,40813560
2023-07-13,76.50416215685128,76.88668296763554,73.06147485979297,73.36749267578125,62030178
2023-07-14,74.59155680602079,76.0451370290887,73.59700038055213,73.8265151977539,37176765
2023-07-17,75.28009033203125,76.12163487687717,74.43854578718535,75.28009033203125,26574752
2023-07-18,75.89212929106115,77.65172741952594,74.8975786488544,75.43310546875,36531448
2023-07-19,76.42766015721816,77.26920478454038,74.43855308260078,75.05058288574219,40264586
2023-07-20,75.05058133313467,77.26920318603516,75.05058133313467,77.26920318603516,29802583
2023-07-21,76.8866823781835,78.79928641744179,76.42765857612237,77.26920318603516,30926427
2023-07-24,76.88668317269092,76.88668317269092,75.5861147472776,75.96863555908203,25547918
2023-07-25,76.50416540466631,76.88668623168965,75.89212974670714,76.27465057373047,14952392
2023-07-26,76.88668587628533,79.18181082781624,76.50416505103018,78.03424835205078,34940747
2023-07-27,78.79928588867188,79.5643274992415,78.03424427810224,78.79928588867188,20526961
2023-07-28,79.56432821584302,82.62449468568315,79.56432821584302,82.24197387695312,48346927
2023-07-31,84.15457285367525,84.15457285367525,78.79928185389592,79.56432342529297,42770928
2023-08-01,79.94684955181104,81.0944119855691,79.18180792930566,80.7118911743164,16990092
2023-08-02,80.71188939412436,80.71188939412436,79.18180618286134,80.3293685913086,18194205
2023-08-04,81.09441662709648,83.38954162597656,80.7118957939498,83.38954162597656,33783096
2023-08-07,81.85945716822091,81.85945716822091,79.5643322008876,81.47693634033203,32974594
2023-08-08,81.4769322594931,82.62449468568315,81.09441145076308,82.24197387695312,19805973
2023-08-09,82.2419779961098,83.38954047977644,81.09441551244315,81.47693634033203,15935907
2023-08-10,81.47693808724948,82.6245005955206,80.32937557897836,81.85945892333984,14133207
2023-08-11,81.85945482607241,82.62449645996094,80.32937155829535,82.62449645996094,15754199
2023-08-14,82.62449882399868,83.00701965188756,80.71189468455427,81.47693634033203,21683213
2023-08-15,81.47694224231648,82.24198395351195,80.71190053112102,81.09442138671875,10783812
2023-08-16,80.32936499669002,81.09440656808707,78.79928185389592,79.56432342529297,24197253
2023-08-17,79.1818171087301,81.47694224231648,78.41677539753465,81.09442138671875,23057628
2023-08-18,81.0944172511591,84.53710477597247,80.71189641506874,81.85945892333984,53741253
2023-08-21,82.24197260538737,82.24197260538737,80.3293685913086,80.3293685913086,18006817
2023-08-22,81.47693634033203,81.85945716822091,80.71189468455427,81.47693634033203,9908730
2023-08-23,81.85945716822091,82.62449882399868,81.09441551244315,81.47693634033203,8650435
2023-08-24,81.09442138671875,81.85946309791422,80.71190053112102,81.09442138671875,9296111
2023-08-25,80.7118911743164,81.85945360807446,80.7118911743164,80.7118911743164,9313653
2023-08-28,81.0944101969401,81.0944101969401,79.56432698567708,80.3293685913086,10139854
2023-08-29,80.7118911743164,81.0944119855691,79.94684955181104,80.7118911743164,6191772
2023-08-30,81.0944119855691,81.47693279682177,80.7118911743164,80.7118911743164,6091256
2023-08-31,81.09441551244315,81.47693634033203,80.71189468455427,81.47693634033203,7826914
2023-09-01,81.0944119855691,81.47693279682177,80.32937036306372,80.7118911743164,8951882
2023-09-04,81.09441145076308,82.24197387695312,80.71189064203307,82.24197387695312,13673752
2023-09-05,82.2419698337256,83.00701141357422,81.8594490438013,83.00701141357422,11694669
2023-09-06,83.38954226770134,83.38954226770134,81.85945892333984,81.85945892333984,8892966
2023-09-07,82.24197975943022,82.24197975943022,81.0944172511591,81.85945892333984,6230568
2023-09-08,81.85945892333984,82.6245005955206,81.0944172511591,81.85945892333984,8060191
2023-09-11,81.47693634033203,81.85945716822091,80.32937385666538,81.47693634033203,11844819
2023-09-12,81.47693634033203,81.47693634033203,80.71189468455427,81.47693634033203,6443912
2023-09-13,81.47693634033203,81.85945716822091,81.09441551244315,81.47693634033203,7208394
2023-09-14,81.85945254809236,83.77205657958984,81.47693174179287,83.77205657958984,25924684
2023-09-15,83.77205793163444,91.804994993572,83.77205793163444,90.65743255615234,86935826
2023-09-18,89.5098648071289,92.1875103355473,88.36230243780675,89.5098648071289,42843945
2023-09-19,89.8923896921092,89.8923896921092,87.21474404170596,88.74482727050781,25884571
2023-09-20,88.74483252992022,91.80499916888297,88.74483252992022,89.89239501953125,30032826
2023-09-21,89.50986708603897,90.27490868506493,87.59726308847402,88.3623046875,17969472
2023-09-22,87.59727478027344,88.74483733198008,87.21475392970456,87.59727478027344,14852407
2023-09-25,87.59726484890642,89.12734807770828,87.21474404170596,88.74482727050781,9249993
2023-09-26,88.3623046875,89.50986708603897,87.59726308847402,88.3623046875,10900595
2023-09-27,87.97978565610688,89.50986888490874,87.59726484890642,88.74482727050781,12854748
2023-09-28,88.74482727050781,89.12734807770828,88.36230646330735,88.74482727050781,8337086
2023-10-02,88.74483379078332,89.12735462608842,85.68466710834251,86.83222961425781,22189530
2023-10-03,86.449705857497,87.21474750225362,84.15458092322717,84.53710174560547,16134710
2023-10-04,84.15457916259766,84.91962079134855,83.00701671947132,84.15457916259766,12526979
2023-10-05,85.302141053336,86.83222430092947,85.302141053336,85.68466186523438,12130304
2023-10-06,86.83222848015863,86.83222848015863,84.53710349830422,84.91962432861328,12748517
2023-10-11,83.38953742428103,83.77205823815387,78.79928765780684,79.18180847167969,36400463
2023-10-12,78.41677539753465,81.09442138671875,78.41677539753465,81.09442138671875,12547915
2023-10-13,80.3293685913086,80.71188939412436,79.56432698567708,80.3293685913086,7924523
2023-10-16,79.56432342529297,79.56432342529297,78.41676106819739,79.56432342529297,8934816
2023-10-17,79.5643274992415,79.94684830452631,78.79928588867188,78.79928588867188,5708023
2023-10-18,79.1818126027177,80.32937510420636,78.4167709350586,78.4167709350586,16989483
2023-10-19,78.416766843934,80.32937091329823,78.416766843934,79.18180847167969,7505091
2023-10-20,78.79928765780684,79.18180847167969,78.03424603006114,79.18180847167969,13268541
2023-10-23,79.18180847167969,79.94685009942539,78.79928765780684,79.18180847167969,6958906
2023-10-24,79.18180618286134,80.71188939412436,78.79928538004557,80.3293685913086,7273349
2023-10-25,80.7118911743164,81.0944119855691,80.32937036306372,80.7118911743164,5279534
2023-10-26,80.32937385666538,81.47693634033203,79.5643322008876,81.47693634033203,11548977
2023-10-27,81.47693400912814,82.62449645996094,81.09441319218388,82.62449645996094,10940885
2023-10-30,83.38953753384676,84.15457916259766,82.24197509072043,84.15457916259766,13508344
2023-10-31,84.1545779206032,84.1545779206032,81.85945306822312,82.24197387695312,15219329
2023-11-01,82.6244999596832,83.77206245912325,82.6244999596832,83.38954162597656,8172693
2023-11-02,83.77206010084886,84.53710174560547,83.38953927847056,84.53710174560547,8140568
2023-11-03,84.91961622660139,86.44969940185547,84.91961622660139,86.44969940185547,11578121
2023-11-06,83.77206245912325,84.53710412541662,82.24197912653652,83.38954162597656,18205636
2023-11-07,83.00701141357422,84.15457378334713,83.00701141357422,83.00701141357422,6218068
2023-11-08,83.38953630314317,83.77205711187318,81.85945306822312,82.24197387695312,10256655
2023-11-09,82.6244999596832,84.15458329226993,82.24197912653652,83.38954162597656,8125043
2023-11-10,83.77206245912325,84.15458329226993,82.6244999596832,83.38954162597656,10114766
2023-11-13,83.38953220349852,84.53709457327145,82.62449062364992,83.00701141357422,11999551
2023-11-14,86.06718213934647,89.89239023442853,86.06718213934647,87.2147445678711,52257713
2023-11-15,87.97978388798701,88.3623046875,86.44970068993507,88.3623046875,25225109
2023-11-16,88.7448232275808,89.89238559690297,87.9797816480327,89.5098648071289,25057764
2023-11-17,89.5098730336065,89.5098730336065,87.97978973388672,87.97978973388672,12074843
2023-11-20,87.97978618688751,87.97978618688751,86.06718213934647,87.2147445678711,12967599
2023-11-21,86.83222961425781,87.21475044956291,86.44970877895271,86.83222961425781,10249494
2023-11-22,86.44970348903111,87.21474511282784,85.302141053336,85.68466186523438,11198615
2023-11-23,86.06718267713273,86.83222430092947,85.302141053336,85.68466186523438,8390398
2023-11-24,86.44969940185547,86.44969940185547,85.3021370204149,86.44969940185547,6080018
2023-11-27,86.83222961425781,87.21475044956291,86.44970877895271,86.83222961425781,8371666
2023-11-28,86.83222375836289,87.97978618688751,86.44970294885468,87.2147445678711,11771528
2023-11-29,87.21474511282784,87.21474511282784,85.68466186523438,85.68466186523438,12549384
2023-11-30,86.44970348903111,86.83222430092947,85.302141053336,85.68466186523438,11281643
2023-12-01,86.06719137799791,87.97979563084232,86.06719137799791,87.59727478027344,14983874
2023-12-04,88.36230768131304,91.03995336862556,87.5972660563666,90.65743255615234,42094729
2023-12-05,91.03995750914228,91.80499916888297,88.74483252992022,89.89239501953125,25706241
2023-12-06,90.27490638667702,90.27490638667702,88.36230243780675,89.5098648071289,12622561
2023-12-07,89.12734628652598,89.12734628652598,87.97978388798701,88.3623046875,10421878
2023-12-08,89.12734930625948,90.65743255615234,88.74482849378626,90.65743255615234,13615084
2023-12-11,91.80499967981557,93.3350830078125,91.0399580158171,93.3350830078125,31568822
2023-12-12,93.33507733012355,99.8379310785338,92.95255652139353,98.69036865234375,64169145
2023-12-13,99.07289123535156,99.07289123535156,96.77776634186853,99.07289123535156,34241988
2023-12-14,99.45541026980378,100.2204518872638,97.5428062261537,98.69036865234375,24392354
2023-12-15,99.83793349764241,102.89810004163145,99.45541267964377,102.51557922363281,46618054
2023-12-18,105.95826262888554,110.5485122734582,104.0456586103136,108.25338745117188,99453667
2023-12-19,109.78347487676712,112.46112060546875,108.63591242160928,112.46112060546875,82304365
2023-12-20,112.84363733755576,113.22615814208984,110.54851251035123,113.22615814208984,58886721
2023-12-21,113.60867048564711,117.05135747006065,112.07858738146331,116.28631591796875,82930423
2023-12-22,116.66884790059008,117.43388952616772,114.37372302385717,117.0513687133789,60587580
2023-12-25,111.69607651401573,112.84363894395425,107.48834760424117,108.63591003417969,88809584
2023-12-26,109.01843152355416,112.84363964718763,108.6359107111908,112.07859802246094,39276996
2023-12-27,113.99120387901255,115.90380797094228,112.46112060546875,112.46112060546875,32800217
2023-12-28,113.22617132013494,113.22617132013494,108.63592113148083,109.40096282958984,28617739
2023-12-29,109.40095695469022,110.54851944022893,108.25339446915152,109.78347778320312,16608138
2024-01-02,115.52128601074219,118.58145252758304,113.22616112311154,115.52128601074219,60522711
2024-01-03,118.1989306049962,119.34649303805443,115.90380573887978,118.58145141601562,55024834
2024-01-04,120.87658217530813,126.23187379066988,119.72901968630204,123.17170715332031,93312709
2024-01-05,124.70178809532753,125.46682974008414,122.40666316105771,124.31926727294922,50614189
2024-01-08,124.70178094311295,124.70178094311295,120.49405213828399,122.78917694091797,40391557
2024-01-09,117.8164126959571,118.58145433683994,114.37372531198433,115.90380859375,66416055
2024-01-10,115.13876216476028,115.52128296929438,111.6960749239535,113.22615814208984,46141553
2024-01-11,113.60867488784278,115.90379963305172,113.22615409697461,113.99119567871094,23006038
2024-01-12,117.43389419701916,120.11153999304238,116.66885254101251,119.72901916503906,44724789
2024-01-15,120.49405263425425,123.17169824834878,119.34649022821372,121.25909423828125,33366844
2024-01-16,121.64161239773132,122.40665398513843,117.05136287328864,117.43388366699219,34833498
2024-01-17,117.81640855132557,119.72901258624968,114.37372128846216,116.6688461303711,37969530
2024-01-18,117.81642015674446,120.87658691406249,116.28633677808544,120.8765869140625,32617905
2024-01-19,120.87657628213205,121.25909709315145,117.4338889829574,118.58145141601562,24022486
2024-01-22,115.52128370941662,116.6688461303711,113.6086796744925,116.6688461303711,29774833
2024-01-23,117.05136693735592,118.96397097228004,116.28632532338628,116.6688461303711,13968769
2024-01-24,117.43388366699219,120.1115292229171,116.66884207958508,117.43388366699219,16791435
2024-01-25,117.05137105507427,117.43389187551568,115.52128777330859,115.90380859375,16425065
2024-01-26,116.28632763995239,117.81641089837282,114.75624438153197,115.52128601074219,16893748
2024-01-29,115.13876695286717,116.28632941419143,114.75624613242574,115.90380859375,12156792
2024-01-30,116.28632941419143,117.05137105507427,115.13876695286717,115.90380859375,10254985
2024-01-31,116.28632585392442,117.43388828011446,114.75624261900437,115.13876342773438,11166019
2024-02-01,115.90380521640655,120.11153411865234,115.90380521640655,120.11153411865234,35775462
2024-02-02,117.81641510009764,117.81641510009764,114.75624847412108,114.7562484741211,35496727
2024-02-05,115.52127436587686,116.66883669401471,114.75623281378496,116.28631591796875,12454852
2024-02-15,112.4611125152383,113.99119567871094,111.69607093350199,113.99119567871094,31499830
2024-02-16,115.52128296929438,117.05136618743072,113.22615814208984,113.22615814208984,17670751
2024-02-19,113.99119567871094,114.3737164695791,112.4611125152383,113.99119567871094,11251402
2024-02-20,115.5212796984744,118.58144604810286,114.75623811106729,117.43388366699219,26851793
2024-02-21,118.1989306049962,120.87657628213205,117.8164097939768,118.58145141601562,30007253
2024-02-22,119.34649658203126,124.70178809532753,117.81641329251804,124.31926727294922,52667772
2024-02-23,125.0843137304611,125.84935540465352,121.25910535949899,122.0241470336914,27461056
2024-02-26,122.40665435791016,122.78917515277863,120.87657117843628,122.40665435791016,11275763
2024-02-27,122.40666787078763,124.31927205626867,121.6416261965952,122.0241470336914,14880458
2024-02-29,123.936749322897,127.37943680408858,123.55422849165349,126.61439514160156,35950540
2024-03-01,126.61438573201498,128.9095105489095,124.31926091512045,126.23186492919922,25583198
2024-03-04,125.84934607217478,132.35219982058504,123.5542212197947,131.587158203125,44032960
2024-03-05,131.20462757297483,135.79487693412847,130.82210679287869,132.73471069335938,38934012
2024-03-06,132.35219803078877,133.88228124501754,130.43959401300282,131.2046356201172,21299837
2024-03-07,131.58716232944542,136.17741217814702,131.58716232944542,135.79489135742188,38632150
2024-03-08,137.70748722852105,143.4452991963761,134.26480004780802,137.32496643066406,73214089
2024-03-11,139.2375722249349,140.7676554361979,136.17740580240886,137.70748901367188,32969126
2024-03-12,138.47252693684896,143.8278180338542,136.1774021809896,143.44529724121094,38029982
2024-03-13,144.97537770695712,148.80058556202195,144.59285692145065,146.12294006347656,52579380
2024-03-14,146.8880013198229,147.65304299336364,137.3249804005636,140.38514709472656,60195396
2024-03-15,130.05707062042512,131.96967460013727,126.61438345694329,127.37942504882812,106245661
2024-03-18,127.76193858787282,127.76193858787282,123.17168929729057,125.84933471679688,48640232
2024-03-19,127.37943164372848,135.41236877441406,126.61439001223461,135.41236877441406,72299218
2024-03-20,136.9424484426325,142.29773972251198,133.4997611912814,134.64732360839844,91460898
2024-03-21,138.47254377092634,138.85506461007256,133.11725202287948,133.88229370117188,51343376
2024-03-22,135.02985395543718,135.41237478817212,128.52699979894302,130.0570831298828,53633386
2024-03-25,131.58714835307097,134.64731459384006,129.67454445259028,132.73471069335938,32471565
2024-03-26,132.35219803078877,134.26480204857472,128.52698999521684,131.2046356201172,37617400
2024-03-27,133.49975942410634,135.41236342731705,131.58715542089567,134.26480102539062,36105007
2024-03-28,136.17740683122113,137.32496924833816,130.439594745636,134.64732360839844,68902378
2024-03-29,135.0298562186105,135.41237705775671,131.58716866629464,133.88229370117188,44141000
2024-04-01,131.587157474347,131.587157474347,128.14447021484375,128.14447021484375,41253228
2024-04-02,128.1444784665756,128.90952012906263,123.936749322897,126.61439514160156,43423697
2024-04-03,125.46682332356772,128.144468943278,125.46682332356772,126.23186492919922,21448547
2024-04-08,126.99690955025808,129.29203442164828,126.23186792646135,128.52699279785156,20962580
2024-04-09,129.2920298436929,131.96967543217175,128.52698824698467,130.82211303710938,24502710
2024-04-10,131.58714736848188,132.3521889229498,129.29202270507812,129.29202270507812,17274940
2024-04-11,129.2920436314174,134.6473353794643,128.90952279227122,133.88229370117188,39094475
2024-04-12,133.88229888829562,135.79490315812842,133.11725718036251,135.0298614501953,23135953
2024-04-15,135.0298514634036,137.70749724313114,130.82212238097458,136.1774139404297,35584176
2024-04-16,135.02983997154794,135.794881557789,130.05706966098103,130.43959045410156,36308808
2024-04-17,131.58715283346316,133.1172360059453,129.29202807473996,130.43959045410156,21402834
2024-04-18,130.4395968573434,131.5871592930385,128.52699279785156,128.52699279785156,19371861
2024-04-19,130.05707671676856,136.94245136647984,129.67455590289572,131.9696807861328,52314399
2024-04-22,133.882274846921,140.0026074113517,133.1172332763672,133.1172332763672,64650361
2024-04-23,133.88227303364778,135.41235615403235,131.58714835307097,132.73471069335938,26174315
2024-04-24,134.64732259114584,138.09000981648765,132.73471857706707,137.70748901367188,37106976
2024-04-25,137.32498687406928,139.2375911480814,135.7949034548596,138.47254943847656,17044317
2024-04-26,139.23758163044158,145.35791488892255,138.0900191444764,143.0627899169922,61636786
2024-04-29,147.65304039539308,148.03556122543296,143.82783209499428,146.50547790527344,53626335
2024-04-30,146.1229500078589,146.50547081939777,141.91522108093102,144.9753875732422,33213749
2024-05-02,145.3579106606728,146.50547311325704,138.47253594516724,138.8550567626953,37830322
2024-05-03,139.2375722249349,140.00261383056642,136.55992660522463,137.70748901367188,24056212
2024-05-06,138.47253240442672,141.15017805865597,136.55992836569155,138.0900115966797,22194671
2024-05-07,138.47253889448186,141.53270549988477,136.1774139404297,136.1774139404297,27619527
2024-05-08,136.94245136647984,138.8550554358441,131.58715997225997,131.9696807861328,56829509
2024-05-09,134.6473288952465,138.4725371024978,133.88228725379622,135.79489135742188,55836352
2024-05-10,138.09002618518602,149.1831307817799,137.7075053370276,148.0355682373047,120239424
2024-05-13,153.77337691035584,160.65875199589416,153.77337691035584,157.216064453125,154541830
2024-05-14,157.59857319676598,172.13436392850653,156.06848996184593,164.48394775390625,164624198
2024-05-15,157.59856277953202,159.1286459133139,154.5383965119683,155.6859588623047,81981976
2024-05-16,157.21604465888942,166.01402282714844,156.0684822891165,166.01402282714844,75968840
2024-05-17,167.9266342924213,168.6916759065098,161.041259765625,161.041259765625,60884038
2024-05-20,165.24898035386028,169.83922980813418,161.04125168744255,162.5713348388672,65226335
2024-05-21,163.33637549326968,163.33637549326968,157.21604292209332,159.12864685058594,45937171
2024-05-22,158.7461296337073,161.42377519379394,156.83352566221686,159.89369201660156,37372161
2024-05-23,160.27621281089966,162.18881678239012,159.5111712223035,159.89369201660156,26408823
2024-05-24,162.18882358698747,169.0741981732275,162.18882358698747,167.9266357421875,68321952
2024-05-27,171.36932017236546,175.57704901588338,165.63150811302287,170.60427856445312,90606453
2024-05-28,172.51688180744512,174.42948581861413,167.16159057617188,167.16159057617188,55107928
2024-05-29,170.22177075027327,174.0469790817401,166.01404158565978,166.77908325195312,52224819
2024-05-30,167.5441113784057,169.07419458734088,164.48394496053524,167.16159057617188,29220425
2024-05-31,169.07419671355404,172.89940478399643,160.65873895858076,161.041259765625,70682054
2024-06-03,165.6315119626074,166.7790744011474,161.42378302129404,164.86647033691406,36320333
2024-06-04,163.71890721614892,164.1014280274016,160.65874072612743,161.4237823486328,32213603
2024-06-05,162.953856507754,169.0741891465429,162.953856507754,166.01402282714844,55219025
2024-06-06,169.07420699660844,170.22176948753565,165.63151952382682,169.83924865722656,47751676
2024-06-07,169.07420825083324,170.22177075027327,165.6315207525131,166.77908325195312,39912201
2024-06-11,168.30915465535998,169.8392378794996,150.33067677171925,151.09571838378906,110187144
2024-06-12,149.94816537563233,151.47824869579185,142.29774877483476,146.50547790527344,83398786
2024-06-13,151.09573146275113,152.62581481933594,146.12296055385045,147.27052307128906,42907664
2024-06-14,148.41807793852072,153.00832777167085,147.65303629966238,152.2432861328125,33826907
2024-06-17,153.00831604003906,155.68596157073975,150.71319129943848,153.00831604003906,29388359
2024-06-18,154.53841104938758,154.92093186881675,151.47824449395415,152.2432861328125,17526607
2024-06-19,153.00833304921292,156.4510205428202,152.62581221658988,153.39085388183594,29948436
2024-06-20,155.30344165158448,157.2160456128109,154.5384000670939,156.4510040283203,19122339
2024-06-21,159.12866330614278,160.65874660716338,155.68597587884642,156.06849670410156,33288217
2024-06-24,156.0685014867071,157.21606399763877,153.0083347908893,153.77337646484375,22311708
2024-06-25,156.4510104113286,156.8335312191803,153.0083231406637,154.5384063720703,22577545
2024-06-26,155.30344078063965,155.30344078063965,153.00831604003906,153.00831604003906,35695555
2024-06-27,153.38277315664413,158.21372664189278,152.98019369954008,156.60340881347656,36962504
2024-06-28,157.4085575558361,158.2137164180143,155.39566040039062,155.39566040039062,15796584
2024-07-01,157.00599193572998,158.6163098017375,153.78535620371503,154.59051513671875,21690965
2024-07-02,156.2008072660351,157.0059660663755,153.38275146484375,153.38275146484375,22704897
2024-07-03,154.9930776226583,158.61629242422694,153.78533935546875,153.78533935546875,26122938
2024-07-04,155.7982399937961,155.7982399937961,151.36986624720242,151.77244567871094,21827918
2024-07-05,152.17502527651578,152.57760470846424,148.14923095703125,148.14923095703125,28690559
2024-07-08,142.51311238606772,143.31827121310764,137.27958001030817,141.3053741455078,57300450
2024-07-09,145.73375976219606,146.94149810276673,142.51312418734088,143.3182830810547,30964598
2024-07-10,144.5260197698733,145.73375809664105,141.70796367408192,142.51312255859375,18895866
2024-07-11,143.72085922414607,144.1234386617487,141.7079620361328,141.7079620361328,15115022
2024-07-12,140.09763250433403,140.90279131183019,137.6821560818455,139.69505310058594,22700951
2024-07-15,139.29247369683785,140.90279131183019,137.2795766780974,139.69505310058594,19551807
2024-07-16,140.50022394386048,141.30538282032958,137.68216787621856,138.08474731445312,16215664
2024-07-17,138.08474052784055,138.48731994628906,134.4615257618039,138.48731994628906,57028863
2024-07-18,140.09763931539018,140.50021873871026,137.68216277546966,139.29248046875,21288603
2024-07-19,138.88990642067915,138.88990642067915,134.46153259277344,134.46153259277344,26407411
2024-07-22,131.2409041604878,132.0460630817178,127.61768901495284,130.4357452392578,36351146
2024-07-23,132.04605595937034,136.0718503483755,130.83831764266876,134.46153259277344,21839150
2024-07-26,131.24090216599203,133.25379943847656,129.6305843480044,133.25379943847656,16241774
2024-07-29,134.05896038479275,134.05896038479275,129.6305863180278,130.4357452392578,18797057
2024-07-30,132.85121483717137,134.46153259277344,131.24089708156927,134.46153259277344,18540081
2024-07-31,133.65637189132377,137.2795867919922,133.25379245791618,137.2795867919922,15200943
2024-08-01,138.48733991350448,141.30539624895368,136.8770220075335,140.90281677246094,22702179
2024-08-02,138.48731825086807,142.51311238606772,137.68215942382812,137.68215942382812,28422195
2024-08-05,133.6563705491871,133.6563705491871,127.21509967934676,129.22799682617188,40108370
2024-08-06,132.85121998397963,139.29249125593017,131.24090216599203,133.25379943847656,37024288
2024-08-07,134.86411315573136,142.51312255859375,132.85121594445178,142.51312255859375,28919632
2024-08-08,140.90280505194178,141.30538449494733,137.27959006489186,138.88990783691406,21564468
2024-08-09,143.72085412527096,144.92859239523122,136.87700392882948,139.29248046875,40542640
2024-08-12,140.5002153184679,145.73374769422745,139.69505649142795,144.9285888671875,30304615
2024-08-13,146.53891170726104,146.53891170726104,141.70795857405463,143.72085571289062,22081780
2024-08-14,145.33117839718653,148.55181392953415,144.92859895564308,146.13633728027344,37832841
2024-08-15,146.13634369636802,150.16213828855447,145.7337642371494,149.3569793701172,27098411
2024-08-16,150.56471088368406,150.56471088368406,147.74665479762578,149.75955200195312,18965742
2024-08-19,150.1621330791616,150.56471252441406,148.55181529815184,150.56471252441406,11919756
2024-08-20,152.57760454172796,154.59050169927053,150.96728681569388,151.77244567871094,17799435
2024-08-21,151.77244401041668,152.98018229166667,149.759546875,150.96728515625,15595183
2024-08-22,150.96728006998697,152.17501831054688,150.564700656467,152.17501831054688,8968417
2024-08-23,152.57760620117188,153.78534450883285,151.36986789351087,152.57760620117188,12024289
2024-08-26,152.57759772406683,155.3956536187066,151.36985948350696,152.17501831054688,18286312
2024-08-27,152.57761173092376,152.98019118140115,146.94149942424056,147.7466583251953,24346651
2024-08-28,147.74664986198715,148.14922928940402,145.73375272490287,147.3440704345703,10907020
2024-08-29,146.94148593478732,148.5518035888672,146.1363271077474,148.5518035888672,9093719
2024-08-30,149.35697579891124,151.369873046875,148.55181689972574,151.369873046875,17907428
2024-09-02,151.36986298613496,151.36986298613496,145.73375106643846,146.53890991210938,22078578
2024-09-03,146.53890991210938,148.14922760345124,146.53890991210938,146.53890991210938,9536698
2024-09-04,142.11053800182182,145.33117342395943,139.2924820074514,143.72085571289062,23439495
2024-09-05,144.9286057277279,146.5389235691471,143.7208673466635,145.7337646484375,11721422
2024-09-06,144.9285888671875,146.1363271077474,143.31827121310764,144.9285888671875,9933312
2024-09-09,142.1105463464833,144.12344360351562,141.30538744367036,144.12344360351562,14391850
2024-09-10,145.3311717288595,146.13633057500275,141.7079569212148,142.9156951904297,11665139
2024-09-11,143.3182827884204,147.74665669480416,142.5131238963506,146.94149780273438,15208679
2024-09-12,148.95438300238715,149.7595418294271,147.34406534830728,148.5518035888672,12578209
2024-09-13,149.35696578856766,150.16212463378906,147.7466480981249,150.16212463378906,10742051
2024-09-16,148.95438300238715,149.7595418294271,147.34406534830728,148.5518035888672,9531503
2024-09-18,148.55181529815184,152.17503030542383,148.55181529815184,150.56471252441406,19453960
2024-09-19,150.96729680111534,152.98019409179688,150.16213788484274,152.98019409179688,18711110
2024-09-20,154.59049479166669,154.59049479166669,151.36985948350696,152.17501831054688,14272362
2024-09-23,152.98018704927884,157.0059814453125,152.17502817007212,157.0059814453125,26407675
2024-09-24,158.61629875033512,165.05756976557714,158.21371931188247,164.25241088867188,60124687
2024-09-25,165.46015059805714,168.6807861328125,164.25241227252386,168.6807861328125,44706198
2024-09-26,169.48593135944847,172.70656663468742,165.05755785599496,165.8627166748047,48604254
2024-09-27,168.2782182513543,170.69369506835938,166.26532090385007,170.69369506835938,30943425
2024-09-30,169.08337493441,169.08337493441,159.8240472594304,161.83694458007812,36744836
2024-10-01,164.25240409869727,166.66788062956047,163.4472452550762,164.6549835205078,15883443
2024-10-04,149.35697256108764,152.57760808801137,148.9543931202222,149.75955200195312,61019558
2024-10-07,149.759555248504,151.369873046875,147.34407855094747,151.369873046875,18637645
2024-10-08,150.96728006998697,152.17501831054688,150.564700656467,152.17501831054688,10300909
2024-10-09,151.77245282996904,151.77245282996904,147.7466583251953,147.7466583251953,21783128
2024-10-11,149.35697256108764,150.56471088368406,148.9543931202222,149.75955200195312,9047500
2024-10-14,150.1621330791616,151.36987141491895,149.75955363390918,150.56471252441406,8220387
2024-10-15,151.77244401041668,152.57760286458333,150.56470572916666,150.96728515625,8783738
2024-10-16,150.96728845762388,154.18792394471987,149.75955014996288,152.57760620117188,14807721
2024-10-17,152.98019680964734,159.42146825426408,152.98019680964734,158.21372985839844,21393203
2024-10-18,158.21372985839844,159.42146825426408,157.00599146253282,158.21372985839844,9722529
2024-10-21,159.42145762724036,165.05756976557714,158.61629875033512,164.25241088867188,22598620
2024-10-22,165.46013726539982,168.27819313123388,162.64208139956577,165.8627166748047,23757899
2024-10-23,166.26531822780044,167.47305661686434,164.6550003757152,165.4601593017578,14477521
2024-10-24,165.0575714111328,167.47304806592987,161.8369358714034,165.0575714111328,22520426
2024-10-25,165.46014735210372,168.2782033897308,165.46014735210372,167.07046508789062,13596879
2024-10-28,169.88851076885334,170.2910901782582,165.46013726539982,165.8627166748047,16451806
2024-10-29,165.05756294231833,165.05756294231833,162.64208641145513,164.6549835205078,15611497
2024-10-30,165.0575798387365,167.87563607988565,164.6550003757152,165.4601593017578,10979113
2024-11-01,166.66788708324162,171.9014197694304,166.26530764584248,171.49884033203125,46282556
2024-11-04,172.3040027754324,172.70658222116938,167.87562887232548,169.48594665527344,24624937
2024-11-05,170.29110181084997,176.3297933644262,169.4859429370398,175.12205505371094,30724683
2024-11-06,175.1220465805124,175.52462599793887,172.30399065852714,174.71946716308594,19053388
2024-11-07,171.0962557848239,173.9143117624563,169.08335865794362,172.70657348632812,29494236
2024-11-08,174.71948403174724,177.94011968210202,174.3169045754529,175.52464294433594,25776703
2024-11-11,177.53753662109375,177.94011606921413,175.12205993237137,177.53753662109375,17958649
2024-11-12,176.73237772485297,179.55043386169572,175.92721882861215,177.53753662109375,22061499
2024-11-13,178.7452733207129,179.14785276512893,174.7194788765527,176.7323760986328,22789865
2024-11-14,177.9401075883345,179.55042530406604,175.52463101473722,177.13494873046875,36465907
2024-11-15,178.34267688793142,184.78394738501245,177.94009748186386,183.1736297607422,44839433
2024-11-18,182.36848116664422,183.1736400238921,180.3555840235245,180.75816345214844,21643123
2024-11-19,181.5633333173849,190.0175018310547,180.3555949582892,190.0175018310547,44673122
2024-11-20,188.00460815429688,188.00460815429688,188.00460815429688,188.00460815429688,43249484
2024-11-21,189.61491212086696,194.04328586466642,188.80975325835797,192.43296813964844,25076148
2024-11-22,189.61492237802278,192.83555800227796,187.60202511286332,190.0175018310547,23741344
2024-11-25,190.8226472955001,191.22522672017413,181.96589995267098,183.5762176513672,51793764
2024-11-26,181.16075104358148,185.58912495798015,180.35559215005446,184.78396606445312,25046984
2024-11-27,181.9659074444637,183.17364576821015,171.49884197199455,172.3040008544922,66096589
2024-11-28,172.30399065852714,176.3297848327918,171.09625240624774,174.71946716308594,23084649
2024-11-29,177.13494366764473,178.7452613373506,173.914308328233,174.71946716308594,23305707
2024-12-02,177.1349503875318,179.14784755102647,176.32979152213395,177.9401092529297,14961881
2024-12-03,179.14786043125468,184.78397289426044,178.34270150796814,184.3813934326172,24977023
2024-12-04,184.38137983239216,185.18653869628906,181.1607443768045,185.18653869628906,15475539
2024-12-05,183.9787936927998,184.38137311007068,181.9658966064453,181.9658966064453,10651033
2024-12-06,183.97879707604122,186.7968530487596,183.5762176513672,183.5762176513672,12237334
2024-12-09,186.39427845948822,191.6278111160181,185.99169902437052,189.6149139404297,35156899
2024-12-10,187.19943752536525,188.80975526751894,185.18654034767314,185.99169921875,19098464
2024-12-11,185.58912856988445,187.60202584287669,182.7710723876953,182.7710723876953,14194191
2024-12-12,183.57623129689222,185.58912856988445,181.16075456930153,182.7710723876953,11852330
2024-12-13,183.57622096849525,186.79685642408288,182.77106210459834,185.18653869628906,13154927
2024-12-16,187.19942903096697,187.60200844823785,179.5504201028199,181.9658966064453,16810222
2024-12-17,183.5762226055195,187.60201696090368,183.17364316998106,185.99169921875,16230072
2024-12-18,184.78397289426044,186.7968702024768,181.96591666275756,184.3813934326172,21913031
2024-12-19,183.17364827739905,187.60202219179772,182.77106883063556,184.78396606445312,20219841
2024-12-20,186.39428548750803,188.00460328869602,183.97880878572607,185.58912658691406,28907242
2024-12-23,185.1865353500634,185.58911477473742,181.16074110332286,183.5762176513672,30712574
2024-12-24,185.1865419848212,190.01749525399043,183.57622422843144,186.79685974121094,34372679
2024-12-25,187.60202547077486,188.0046049245748,184.38138984037528,186.394287109375,24648592
2024-12-26,186.39427865428843,187.19943752536525,183.5762226055195,185.99169921875,24456835
2024-12-27,187.19942903096697,187.60200844823785,181.9658966064453,181.9658966064453,18202060
2024-12-30,182.36848283924178,184.78395943313902,179.95300624534454,181.56332397460938,11908220
2024-12-31,181.56333079020183,183.17364857991535,180.75817189534504,181.16075134277344,8129220
2025-01-02,182.3684929330969,185.186549115286,181.96591347849844,182.7710723876953,12653339
2025-01-03,185.18654874797517,187.19944601697492,183.5762309327754,186.394287109375,14179000
2025-01-06,185.99170440474367,187.19944274503422,183.9788071709261,184.78396606445312,12933313
2025-01-07,185.18654387158952,185.18654387158952,182.77106721239488,183.9788055419922,12668676
2025-01-08,183.1736550476874,185.99171127919027,182.36849612440085,184.3813934326172,11193957
2025-01-09,183.57623809238652,183.57623809238652,170.69369506835938,170.69369506835938,59963608
2025-01-10,169.08336532450167,173.1091597369898,165.46015035326235,172.3040008544922,33022589
2025-01-13,169.88852472072696,171.49884249059167,165.0575714111328,165.0575714111328,26869524
2025-01-14,165.46014898286447,169.88852279992412,165.46014898286447,167.87562561035156,12739226
2025-01-15,167.8756241446058,168.27820357900535,163.44725036621094,163.44725036621094,14477996
2025-01-16,163.44724870436264,164.65498699528155,159.01887497099318,162.64208984375,31589678
2025-01-17,161.03178047839506,163.44725718557098,159.8240421248071,163.044677734375,11553064
2025-01-20,161.03177560600722,161.43435504502222,159.42145784994713,160.6291961669922,9374423
2025-01-21,161.03178565181904,164.25242136485542,160.62920618768948,161.83694458007812,10063298
2025-01-22,162.64208641145513,164.6549835205078,161.43434814602355,164.6549835205078,9518615
2025-02-03,161.03178047839506,166.2653133439429,160.62920102719906,163.044677734375,14811031
2025-02-04,163.84982483222356,163.84982483222356,156.20081581057187,157.40855407714844,20603466
2025-02-05,161.8369358714034,165.86273029606517,161.03177698647104,165.0575714111328,18492244
2025-02-06,163.8498330837343,165.0575714111328,163.8498330837343,165.0575714111328,5513507
2025-02-07,166.26529608420955,167.07045490301928,163.84981962778036,165.8627166748047,11617259
2025-02-10,166.6678924560547,168.27821025756248,165.46015410492387,166.6678924560547,13557519
2025-02-11,168.6807759363511,171.09625244140625,167.47303768382352,171.09625244140625,14379760
2025-02-12,173.9143083639706,175.12204661649815,170.69367302389705,171.09625244140625,16624000
2025-02-13,170.2910985747512,173.9143134380438,169.48593971624175,173.51173400878906,8421887
2025-02-14,172.30400442569814,173.91432222406914,169.8885277281416,170.29110717773438,14012251
2025-02-17,171.49884520636664,173.91432189941406,169.8885274110017,173.91432189941406,8923409
2025-02-18,173.5117456628642,175.52464294433594,171.9014278376868,175.52464294433594,9919047
2025-02-19,175.9272139275211,175.9272139275211,173.51173730609062,175.12205505371094,6971447
2025-02-20,175.12206388022358,176.32980225181132,171.90142822265625,171.90142822265625,11130493
2025-02-21,172.3039992068295,173.51173751902692,171.49884033203125,171.49884033203125,9074511
2025-02-24,171.09625237251782,178.34268188476562,170.6936729551707,178.34268188476562,24621701
2025-02-25,178.34269551733453,178.74527496545494,175.92721882861215,177.53753662109375,11102679
2025-02-26,179.55043220954494,180.758170542793,176.7323760986328,176.7323760986328,9361798
2025-02-27,177.13495749014396,179.14785473435012,173.91432189941406,173.91432189941406,18391366
2025-03-03,171.9014278376868,175.52464294433594,171.49884838139246,175.52464294433594,9978988
2025-03-04,173.9143116572132,176.3297882080078,172.30399395668343,176.3297882080078,7977460
2025-03-05,176.32979665421678,177.13495554304882,174.3168994321367,176.7323760986328,7981129
2025-03-06,176.73237095483287,178.34268868562862,176.32979152213395,177.9401092529297,8387602
2025-03-07,178.74527784171084,183.97881075149067,177.94011893251394,182.7710723876953,26870163
2025-03-10,181.16074288077237,182.77106059526815,179.55042516627663,180.75816345214844,14404457
2025-03-11,180.75816675316682,184.38138167694967,179.14784900926333,182.3684844970703,25973699
2025-03-12,182.77106721239488,187.60202053078416,181.16074943959845,183.9788055419922,26833046
2025-03-13,185.58912658691406,187.60202383839902,183.57622933542908,185.58912658691406,30770883
2025-03-14,181.96590187766336,184.38137845126064,176.73236930153587,177.13494873046875,65694548
2025-03-17,178.34269648156817,185.99170603721103,175.12206087919222,185.58912658691406,45367607
2025-03-18,184.78396254572377,187.6020186194058,183.173644789334,186.79685974121094,20757661
2025-03-19,186.39428220118685,186.79686164438596,182.36848776919578,183.9788055419922,16699320
2025-03-20,184.3813866176896,184.78396606445312,183.17364827739905,184.78396606445312,11646102
2025-03-21,184.3813679789449,184.78394738501245,182.77105035467463,183.1736297607422,15787262
2025-03-24,183.97879707604122,184.78395592538934,182.77105880201907,183.5762176513672,6904690
2025-03-25,184.3813866176896,185.18654551121665,183.57622772416258,184.78396606445312,8357493
2025-03-26,185.18653869628906,185.58911812823752,184.38137983239216,185.18653869628906,7996617
2025-03-27,184.38138167694967,185.5891199848773,181.16074618914269,182.3684844970703,15658259
2025-03-28,179.55042350478885,182.36847947907927,178.74526465499162,179.9530029296875,15278464
2025-03-31,176.73237772485297,179.55043386169572,175.92721882861215,177.53753662109375,15047838
2025-04-01,178.3426901373116,182.77106393304618,177.53753126535983,182.3684844970703,12876332
2025-04-02,182.7710723876953,182.7710723876953,181.56333402389998,182.7710723876953,7432483
2025-04-07,164.6549835205078,164.6549835205078,164.6549835205078,164.6549835205078,3422460
2025-04-08,150.56471734297904,155.79825029875104,148.5518200522975,152.98019409179688,51645139
2025-04-09,147.74664476182727,150.564700656467,137.68215942382812,137.68215942382812,45128638
2025-04-10,151.369873046875,151.369873046875,151.369873046875,151.369873046875,6022417
2025-04-11,148.14923021810685,166.2653045654297,144.52601534864226,166.2653045654297,67747105
2025-04-14,173.1091530209496,180.75816210792178,167.47304106212798,169.08335876464844,73831255
2025-04-15,171.90142141324336,174.31689806073624,169.8885242069993,172.3040008544922,23771997
2025-04-16,170.29110201983383,171.9014197694304,167.87562539543904,171.49884033203125,13383572
2025-04-17,170.2911075094472,170.69368695982413,166.26531300567774,166.6678924560547,14339343
2025-04-18,167.87562395578408,172.30399772919804,166.6678856539439,167.07046508789062,17653308
2025-04-21,161.0317637251861,164.25239899968983,159.42144608793424,162.239501953125,20840101
2025-04-22,159.8240305328369,162.23950706481932,159.01887168884278,161.03176879882812,13310381
2025-04-23,164.25242091269388,168.27821554290696,163.44726198665126,165.4601593017578,12547226
2025-04-24,167.0704686234637,167.87562750839606,165.0575714111328,165.0575714111328,7669121
2025-04-25,167.87561889499207,168.2781983168026,163.4472452550762,164.6549835205078,9643965
2025-04-28,166.26530973853136,166.66788918099752,164.65499196866665,165.0575714111328,6707326
2025-04-29,165.86272678605044,167.87562395578408,164.25240905026357,167.07046508789062,8012758
2025-04-30,166.2653045654297,166.6678839953702,164.65498684566765,166.2653045654297,7704860
2025-05-02,167.47304106212798,171.90141474405925,166.26530278523762,169.08335876464844,13203333
2025-05-05,169.08336057501324,169.08336057501324,165.86272513548917,166.2653045654297,11379352
2025-05-06,166.26530113402737,168.68077766381953,165.46014229076332,168.2781982421875,8313031
2025-05-07,167.07045490301928,167.47303431242415,165.46013726539982,165.8627166748047,8563736
2025-05-08,165.46015410492387,167.47305135680858,165.46015410492387,166.6678924560547,5333605
2025-05-09,168.27820156874816,169.88851928710938,168.27820156874816,169.88851928710938,10084583
2025-05-12,172.70657843228045,175.12205505371094,172.30399899537537,175.12205505371094,14610892
2025-05-13,190.82264719317035,191.6278060420867,183.57621755292337,187.19943237304688,54273885
2025-05-14,188.8097662542284,197.26393489247744,187.19944841837145,195.25103759765625,57958140
2025-05-15,198.06908334394092,202.90003659623218,195.25102728010438,197.66650390625,47066549
2025-05-16,198.87423670909683,213.36709606441562,197.66649842948692,209.74388122558594,77514069
2025-05-19,209.3413071548072,211.7567837758242,204.51035391277318,204.91293334960938,37371800
2025-05-20,205.31551768478838,207.73099436343296,202.90004100614382,207.3284149169922,24499610
2025-05-21,206.52325439453125,208.13357216758803,204.51035717821028,206.52325439453125,20288746
2025-05-22,204.91293475811298,211.35420579176684,202.90003756009617,209.34130859375,29410204
2025-05-23,210.14646077156067,213.3670961856842,204.51034879684448,206.12066650390625,27532184
2025-05-26,205.71809743044403,207.7309946655756,203.7052001953125,203.7052001953125,11055715
2025-05-27,204.5103590893651,205.71809743044403,200.08198517207572,203.7052001953125,15525296
2025-05-28,205.31552693930016,205.31552693930016,198.87425550591036,200.4845733642578,17903409
2025-05-29,199.2768199897251,200.48455829269315,195.65360508082102,196.86134338378906,22351254
2025-06-02,198.4716576332988,198.87423706054688,195.6536016425623,198.87423706054688,14435949
2025-06-03,198.87423857131807,203.3026123046875,198.06907971070544,203.3026123046875,14287391
2025-06-04,204.51034891723876,206.1206666252485,200.48455464721437,202.49745178222656,25479081
2025-06-05,201.28972991174007,201.69230937156354,191.62782287597656,191.62782287597656,49005463
2025-06-06,192.83555800227796,194.84845526743743,189.2123429249909,190.0175018310547,30026060
2025-06-09,189.2123243543837,192.03038024902344,185.99168904622397,188.40716552734375,30678752
2025-06-10,188.80975670844757,190.42007446289062,188.4071772698368,190.42007446289062,23548326
2025-06-11,190.82264699995147,194.44586181640625,190.42006757590096,194.44586181640625,28069794
2025-06-12,195.25103801438786,195.25103801438786,191.22524341615306,191.62782287597656,21979889
2025-06-13,192.43296813964844,195.25102415842989,192.03038870839393,192.43296813964844,31165048
2025-06-16,194.04329082394435,195.2510291485747,192.0303936162271,194.84844970703125,34849953
2025-06-17,194.84843949298468,197.263916015625,192.4329629703444,197.263916015625,47321469
2025-06-18,198.06908498767908,199.67940275180655,196.4587672235516,198.47166442871094,59339975
2025-06-19,198.93538071576288,201.71769373276655,197.08050537109375,197.08050537109375,58389253
2025-06-20,198.00793953401498,198.00793953401498,192.4433135986328,192.4433135986328,23727781
2025-06-23,191.052163026391,191.97960071098515,189.19728765720274,190.12472534179688,19339290
2025-06-24,192.90703498803828,195.22562915856759,191.97959731982655,193.83447265625,15417253
2025-06-25,193.3707529332516,194.29819059720006,190.58843994140625,190.58843994140625,16743578
2025-06-26,191.97960071098515,193.8344760801734,190.12472534179688,190.12472534179688,14075722
2025-06-27,191.51587760535472,192.44331526930316,190.12472110943204,190.58843994140625,9502601
2025-06-30,191.51587136426764,191.51587136426764,184.56008911132812,184.56008911132812,25031802
2025-07-01,185.95124556191604,189.6609960968171,184.56008911132812,184.56008911132812,16640671
2025-07-02,185.48752514284047,187.34240039426888,185.0238063299834,186.4149627685547,6282051
2025-07-03,188.73357053108404,189.66100822411147,187.34241399154286,188.2698516845703,9692606
2025-07-04,189.197279932493,190.58843640258485,185.9512481689453,185.9512481689453,8221437
2025-07-07,185.95124453961697,185.95124453961697,179.45918113923133,181.31405639648438,16818586
2025-07-08,181.7777794471154,182.70521709735576,180.850341796875,180.850341796875,8537615
2025-07-09,182.2415033976237,184.56009758843317,181.3140657212999,183.63265991210938,9591043
2025-07-10,183.63265474759615,183.63265474759615,180.3866229717548,180.850341796875,11030439
2025-07-11,181.31406319111053,183.63265734956462,181.31406319111053,182.2415008544922,8429243
2025-07-14,183.16894190483,186.87869262695312,180.85034770350305,186.87869262695312,14676130
2025-07-15,187.80613203694048,188.26985088147615,184.09638128065524,185.02381896972656,10035932
2025-07-16,186.4149627685547,190.12471327141148,184.09636870426917,186.4149627685547,40411265
2025-07-17,188.26984488609992,188.73356371586866,185.95125073725634,187.3424072265625,10840545
2025-07-18,187.3424089050293,188.269846572876,185.48753356933594,185.48753356933594,11962319
2025-07-21,184.56010185917722,185.48753955696202,182.7052264636076,183.1689453125,9640536
2025-07-22,184.56009930980449,185.95125583726534,181.7777862548828,181.7777862548828,9599328
2025-07-23,182.7052264636076,185.02382070806962,182.7052264636076,183.1689453125,6998442
2025-07-24,185.48753610615697,188.2698491477493,185.02381726589158,186.87869262695312,10947495
2025-07-25,187.8061260563312,189.19728254563736,187.3424072265625,187.3424072265625,7329657
2025-07-28,187.3424089050293,187.80612773895263,185.0238147354126,185.48753356933594,5388541
2025-07-29,185.02381216668962,186.41496864914592,184.09637451171875,184.09637451171875,5674783
2025-07-30,184.5601001251909,185.95125665879786,184.09638128065524,185.02381896972656,3790260
2025-07-31,185.48753526475693,185.95125410291882,183.16894107394748,183.63265991210938,7027452
2025-08-04,183.1689385178738,183.1689385178738,181.31406319111053,182.2415008544922,9058203
2025-08-05,183.16894278234366,183.6326616248306,181.7777862548828,181.7777862548828,8378340
2025-08-06,182.7052239398567,183.16894278234366,181.7777862548828,181.7777862548828,5840062
2025-08-07,181.7777837052137,182.70522137717907,180.38662719726562,180.38662719726562,12161612
2025-08-08,181.31406991693038,183.6326641613924,180.85035106803798,183.1689453125,6799377
2025-08-11,183.16893592247595,183.16893592247595,179.9229041466346,180.850341796875,8963700
2025-08-12,181.3140657212999,184.09637875027127,181.3140657212999,183.63265991210938,8412025
2025-08-13,185.02380955884905,185.02380955884905,182.24149663315205,182.70521545410156,8156159
2025-08-14,183.63265147760288,185.02380792819076,183.16893266074024,184.56008911132812,7211943
2025-08-15,184.56009758843317,185.02381642659506,182.70522223578558,183.63265991210938,8100064
2025-08-18,184.0963830102848,185.02382070806962,182.24150761471518,183.1689453125,7585252
2025-08-19,182.70522137717907,182.70522137717907,180.38662719726562,180.38662719726562,12788606
2025-08-20,180.38662890149402,180.85034774185775,176.6768781785841,178.53175354003906,15237661
2025-08-21,179.45919375075508,181.3140691383598,178.9954749038539,179.92291259765625,5251730
2025-08-22,179.92291179666995,179.92291179666995,176.6768798828125,176.6768798828125,10397768
2025-08-25,177.14059617784287,177.14059617784287,173.89456431070963,175.2857208251953,13243688
2025-08-26,174.82200622558594,176.21316277380015,173.43084967737173,174.82200622558594,11422704
2025-08-27,174.82199518731298,175.749432827564,173.43083872693649,174.3582763671875,9582191
2025-08-28,175.2857140074385,178.53174574831698,174.3582763671875,174.3582763671875,11860550
2025-08-29,174.82200112561333,174.82200112561333,172.03968811035156,172.03968811035156,12080116
2025-09-01,173.43084202642027,174.35827968431556,170.64852905273438,170.64852905273438,9963421
2025-09-02,171.11225640969198,172.03969411380956,169.25738100145685,169.72109985351562,9498868
2025-09-03,169.72109985351562,171.11225640969198,168.79366214939807,169.72109985351562,6319214
2025-09-04,170.1848169687632,172.9671300527212,169.72109812143685,171.5759735107422,8274327
2025-09-05,172.9671173095703,173.4308361227327,171.57596087008315,172.9671173095703,5046596
2025-09-08,172.9671173095703,174.35827374905747,172.03967968324554,172.9671173095703,6587431
2025-09-09,173.4308377397739,173.8945565572599,171.11224365234375,171.11224365234375,7269891
2025-09-10,171.5759692744746,172.96712578210548,170.64853160272068,172.03968811035156,6549096
2025-09-11,172.96713181792714,172.96713181792714,169.72109985351562,169.72109985351562,7763718
2025-09-12,169.72109393096676,172.50340694622852,169.72109393096676,172.03968811035156,5405608
2025-09-15,172.50340865548364,172.50340865548364,170.184814453125,170.184814453125,5123603
2025-09-16,171.11225213406846,172.0396898150119,170.184814453125,170.184814453125,5974757
2025-09-17,170.184814453125,172.96712749595537,169.72109561265327,170.184814453125,7876311
2025-09-18,171.5759624698298,171.5759624698298,170.1848060173717,171.11224365234375,4209910
2025-09-19,172.50341197856224,175.28572507499067,171.57597427975278,174.82200622558594,11980307
2025-09-22,172.50340865548364,172.50340865548364,169.72109561265327,170.184814453125,15791837
2025-09-23,170.18481189602025,170.18481189602025,168.7936553955078,168.7936553955078,11297895
2025-09-24,170.64852812283587,170.64852812283587,167.40249633789062,167.40249633789062,8506587
2025-09-25,168.32993825276694,169.2573759290907,166.93878173828125,166.93878173828125,8553427
2025-09-26,166.93878345275192,167.86622113860057,164.62018923813037,165.0839080810547,10618705
2025-09-30,165.08389964183615,166.93877491871072,162.3015867265243,166.01133728027344,11400962
2025-10-01,167.4024910940251,167.4024910940251,164.62017822265625,164.62017822265625,5939148
2025-10-02,164.62017822265625,166.47505347023548,164.62017822265625,164.62017822265625,5516032
2025-10-03,165.08390220578687,168.32993399073212,165.08390220578687,167.40249633789062,6854435
2025-10-07,168.32993825276694,168.32993825276694,166.47506290011935,166.93878173828125,7090617
2025-10-08,167.40250483860876,168.32994253854565,166.01134828870343,166.47506713867188,5280284
2025-10-09,166.93877917377887,166.93877917377887,165.54762268066406,165.54762268066406,5060819
2025-10-13,162.76530554574296,166.93877491871072,162.3015867265243,166.01133728027344,10273543
2025-10-14,166.93878173828125,179.92290920681424,166.93878173828125,175.2857208251953,54420794
2025-10-15,172.50340436852497,173.43084202642027,169.25737256589144,170.64852905273438,23994676
2025-10-16,171.5759692744746,172.50340694622852,169.72109393096676,172.03968811035156,9359544
2025-10-17,172.50339849640793,178.06802425435657,172.50339849640793,172.9671173095703,19682188
2025-10-20,175.285713009718,175.74943182720403,171.11224365234375,171.11224365234375,11902438
2025-10-21,172.0396872300368,172.50340606354095,168.7936553955078,168.7936553955078,11908374
2025-10-22,169.2573699951172,171.1122452827349,169.2573699951172,169.2573699951172,6237183
2025-10-23,170.1848169687632,172.50341120539485,170.1848169687632,171.5759735107422,6699789
2025-10-27,173.43084461798244,173.8945634538594,171.5759692744746,172.03968811035156,8862461
2025-10-28,173.4308429361979,174.82199943033854,173.4308429361979,173.89456176757812,8091748
2025-10-29,174.35827476099917,177.1405876561215,173.89455594514544,176.21315002441406,12617020
2025-10-30,178.06803551498723,186.41497467975228,178.06803551498723,181.7777862548828,48996375
2025-10-31,180.3866203761532,183.16893328683935,179.4591827392578,179.4591827392578,20776263
2025-11-03,181.31406228653506,182.70521877466706,178.5317493102711,178.99546813964844,9706123
2025-11-04,178.9954645684425,180.38662102881898,173.894557547062,174.3582763671875,14781098
2025-11-05,173.8945634538594,174.35828228973637,171.5759692744746,172.03968811035156,9475304
2025-11-06,173.89456852677645,176.67688162320488,172.967130827967,174.82200622558594,5652727
2025-11-07,173.89456601066385,176.21316022413936,173.43084716796875,173.43084716796875,5477848
2025-11-10,171.57596410463933,171.57596410463933,168.79365117321277,169.2573699951172,10882769
2025-11-11,170.1848136054145,170.1848136054145,166.93878173828125,166.93878173828125,10331560
2025-11-12,169.7210897630261,174.3582780079175,169.7210897630261,172.50340270996094,13734468
2025-11-13,174.82199943033854,175.74943709309895,172.5034052734375,173.89456176757812,12763354
2025-11-14,173.8945634538594,177.1405953049981,172.03968811035156,172.03968811035156,15083486
2025-11-17,171.11225386690504,171.5759727120728,168.32994079589844,168.32994079589844,9369425
2025-11-18,168.32994253854565,170.18481793841943,166.47506713867188,166.47506713867188,12129438
2025-11-19,167.40250483860876,170.18481793841943,166.47506713867188,166.47506713867188,7810425
2025-11-20,168.79365117321277,171.57596410463933,168.32993235130832,169.2573699951172,7273273
2025-11-21,167.86621941460504,169.7210947672526,166.47506290011935,166.93878173828125,7643348
2025-11-24,167.40249373792935,167.866212557148,165.5476184610548,166.01133728027344,9094984
2025-11-25,166.4750586850491,168.79365281715286,166.4750586850491,167.40249633789062,5844286
2025-11-26,169.25737422901196,171.1122495630285,167.86621772849952,168.7936553955078,8941508
2025-11-27,169.72109046999435,170.18480929641512,167.40249633789062,167.40249633789062,6875588
2025-11-28,167.8662236885772,168.32994253854565,166.47506713867188,166.47506713867188,6237699
2025-12-01,167.40250310556291,169.25737848623396,166.93878426039515,168.32994079589844,4626841
2025-12-02,167.86622195073068,169.72109733140172,167.40250310556291,168.32994079589844,6269126
2025-12-03,168.79365117321277,170.18480763892606,168.32993235130832,169.2573699951172,3893869
2025-12-04,169.7210871998857,171.5759624698298,169.7210871998857,171.11224365234375,8010316
2025-12-05,171.57597526175078,171.57597526175078,169.25738100145685,169.72109985351562,5631784
2025-12-08,169.2573759290907,169.2573759290907,166.47506290011935,166.93878173828125,9055731
2025-12-09,166.4750603427406,166.4750603427406,165.08390384962578,165.54762268066406,8799782
2025-12-10,166.01133728027344,166.93877491871072,165.08389964183615,166.01133728027344,6023426
2025-12-11,166.01133985862836,167.86621516431137,166.01133985862836,167.40249633789062,5562767
2025-12-12,168.79366214939807,170.18481870557443,168.32994329733927,169.72109985351562,9282473
2025-12-15,170.184814453125,171.11225213406846,169.25737677218154,170.184814453125,7859404
2025-12-16,169.72109561265327,171.57597097454018,169.25737677218154,170.184814453125,7337726
2025-12-17,170.64852905273438,171.57596671062967,170.18481022378674,170.64852905273438,5816062
2025-12-18,170.6485375576332,171.11225640969198,167.8662244452805,169.72109985351562,5104592
2025-12-19,169.2573750950898,172.03968811035156,168.79365625921287,172.03968811035156,9415152
2025-12-22,172.50340270996094,172.9671215344501,171.11224623649352,172.50340270996094,7829299
2025-12-23,172.9671215344501,172.9671215344501,171.57596506098267,172.50340270996094,6638680
2025-12-24,172.50341197856224,175.74944392439542,172.0396931291575,174.82200622558594,10832617
2025-12-26,175.2857191475274,178.0680321498691,174.35828148008017,177.14059448242188,14064762
2025-12-29,178.06803641732284,178.5317552621596,176.21316103797574,176.6768798828125,8823659
2025-12-30,177.14059448242188,177.6043133161455,175.2857191475274,177.14059448242188,6551432
2025-12-31,177.60430647197524,177.60430647197524,175.74943120856034,176.21315002441406,7714341
2026-01-02,178.5317493102711,180.3866246277804,178.06803048089378,178.99546813964844,14963800
2026-01-05,179.92290055124383,179.92290055124383,176.21315002441406,176.21315002441406,9927799
2026-01-06,176.21315425178307,178.06802955969655,175.7494354248047,175.7494354248047,5823947
2026-01-07,176.21314943903852,182.70521283942415,175.74943062472528,181.31405639648438,19973330
2026-01-08,180.85033919460088,182.70521446839166,179.4591827392578,179.4591827392578,9530919
2026-01-09,180.85033919460088,181.3140580130486,179.4591827392578,179.4591827392578,10515876
2026-01-12,181.31405639648438,181.77777521079764,179.45918113923133,181.31405639648438,7249460
2026-01-13,182.2414982722356,183.63265474759615,180.3866229717548,180.850341796875,11029293
2026-01-14,180.85035029145862,181.3140691383598,179.92291259765625,179.92291259765625,7307201
2026-01-15,180.3866229717548,181.7777794471154,179.9229041466346,180.850341796875,5222686
2026-01-16,178.99546291953638,179.4591817353901,175.74943120856034,176.21315002441406,22744081
2026-01-19,173.89456176757812,176.21315592447917,172.03968644205727,173.89456176757812,14070947
2026-01-20,175.2857191475274,179.45918865103997,174.82200031380378,177.14059448242188,10575802
2026-01-21,178.0680321498691,180.3866263184872,176.67687564869826,177.14059448242188,13253934
2026-01-22,178.06803469967534,179.9229100611303,177.60431585931158,178.53175354003906,8505943
2026-01-23,178.53174838667493,178.53174838667493,175.2857165978263,175.7494354248047,8795797
2026-01-26,174.3582873761812,175.74944392439542,172.967130827967,174.82200622558594,9024543
2026-01-27,174.35828485335895,176.21316022413936,173.43084716796875,173.43084716796875,10534899
2026-01-28,174.35827318827313,178.06802368164062,174.35827318827313,178.06802368164062,12161906
2026-01-29,178.06802528782896,178.99546291953638,175.74943120856034,176.21315002441406,7117382
2026-01-30,175.74943448138492,177.14059095485237,172.50340270996094,172.50340270996094,11365489
2026-02-02,172.50340436852497,172.50340436852497,169.72109139483908,170.64852905273438,8287772
2026-02-03,172.50341120539485,173.89456774737383,171.5759735107422,171.5759735107422,7696508
2026-02-04,172.0396931291575,175.28572507499067,171.11225543034803,174.82200622558594,5563612
2026-02-05,174.35828485335895,175.28572253874916,173.43084716796875,173.43084716796875,4552178
2026-02-06,172.96712410481769,173.89456176757812,170.64852994791664,173.89456176757812,4298159
2026-02-09,173.8945549358951,174.82199256221986,172.50339849640793,172.9671173095703,4596965
2026-02-10,173.89455918342836,174.3582780079175,172.50340270996094,172.50340270996094,5724138
2026-02-11,173.89455918342836,173.89455918342836,172.50340270996094,172.50340270996094,5662303
2026-02-23,174.3582873761812,177.60431932201436,173.89456852677645,174.82200622558594,17572504
2026-02-24,176.21316103797574,178.06803641732284,176.21316103797574,176.6768798828125,9501821
2026-02-25,177.6043048699697,178.9954613049825,176.6768672466278,178.06802368164062,14050621
2026-02-26,179.9229025284046,183.16893427505104,179.9229025284046,182.70521545410156,24799216
2026-03-02,195.68933948335194,198.0079335530599,185.4875255766369,194.76190185546875,48962119
2026-03-03,198.00793971530834,203.5725656557854,197.0805020585622,200.79025268554688,56140536
2026-03-04,204.96372020785165,206.35487667985063,191.97959313586105,194.29818725585938,64307896
2026-03-05,196.61677874051608,204.03627982506384,188.2698400203998,192.9070281982422,39692106
2026-03-06,195.68935055404265,196.61678823439357,190.12472447193716,195.2256317138672,16015168
2026-03-09,194.76191287369173,200.32653895579722,190.12472447193716,195.2256317138672,47932850
2026-03-10,191.97959643732892,194.76190942917427,188.73356461350937,190.58843994140625,23133726
2026-03-11,190.5884325299944,196.6167771112351,189.19727608816964,194.76190185546875,17996793
2026-03-12,196.15306091308594,197.54421737346243,193.83446681245843,196.15306091308594,11396114
2026-03-13,195.2256265663239,196.15306422222093,191.97959477068432,192.4433135986328,13730530
2026-03-16,196.61678162319436,203.57256399193943,196.61678162319436,202.64512634277344,40126150
2026-03-17,202.64513057743738,202.64513057743738,198.47166106897757,202.18141174316406,14936314
2026-03-18,203.10884941171068,204.0362870802573,200.79025524034412,202.18141174316406,11180717
2026-03-19,203.1088536755792,205.89116673962823,201.7176971435547,201.7176971435547,13656009
2026-03-20,202.1814151656962,202.1814151656962,197.08050790234148,198.47166442871094,23399294
2026-03-23,192.90703148935356,193.37075031504912,187.8061244067024,189.19728088378906,18574377
2026-03-24,191.05216476365263,191.05216476365263,187.34241399154286,188.2698516845703,7949614
2026-03-25,190.12471689761264,191.05215454101562,188.26984161080668,191.05215454101562,8662494
2026-03-26,191.05216476365263,191.51588361016636,187.80613283805658,188.2698516845703,5867911
2026-03-27,187.806119207126,189.6609944585544,185.0238063299834,186.4149627685547,9354696
2026-03-30,185.02381559554715,191.052160464575,185.02381559554715,188.7335662841797,9332378
2026-03-31,189.19728857054747,190.12472625961877,184.09638128065524,185.02381896972656,10276066
2026-04-01,187.3424014065843,190.1247142987613,186.4149637758586,189.66099548339844,7443255
2026-04-02,189.19727828414352,189.6609971034674,186.41496536820023,187.80612182617188,5892112
2026-04-07,188.2698516845703,189.66100822411147,187.80613283805658,188.2698516845703,4382949
2026-04-08,188.73356371586866,188.73356371586866,185.4875319074876,187.3424072265625,13258985
2026-04-09,186.41497629851543,188.2698516845703,185.487538605488,188.2698516845703,6976467
2026-04-10,188.73355946481962,189.19727828414352,186.8786841875241,187.80612182617188,8191542
2026-04-13,187.80612773895263,188.269846572876,185.48753356933594,185.48753356933594,8169360
2026-04-14,187.34240039426888,187.34240039426888,185.95124395569758,186.4149627685547,7535399
2026-04-15,187.34241399154286,189.19728937759774,185.9512574520017,188.2698516845703,9997076
2026-04-16,188.2698491477493,189.6610056685455,185.48753610615697,186.87869262695312,13305462
2026-04-17,186.87869177924262,186.87869177924262,183.63265991210938,183.63265991210938,14624061
2026-04-20,184.09637191695006,184.56009073789954,181.77777781220257,182.70521545410156,13703719
2026-04-21,184.56009842562617,187.34241146721854,184.09637958536078,186.87869262695312,11365939
2026-04-22,187.3424072265625,188.26984488609992,186.41496956702505,187.3424072265625,8079462
2026-04-23,188.73355683284018,189.6609944585544,185.0238063299834,186.4149627685547,13645930
2026-04-24,187.34241146721854,187.80613030748393,185.02381726589158,186.87869262695312,9948073
2026-04-27,186.87869434786919,187.34241319240485,184.5601001251909,185.02381896972656,8479089
2026-04-28,185.95125240325928,186.87869007110595,184.56009590148926,185.48753356933594,8313201
2026-04-29,186.87869262695312,188.2698491477493,185.95125494642235,186.87869262695312,5508420
2026-04-30,185.95125073725634,188.26984488609992,185.4875319074876,187.3424072265625,6320460
2026-05-04,187.34240396740367,193.3707486495231,187.34240396740367,191.05215454101562,13261307
2026-05-05,191.05215292710523,195.6893411049476,189.66099647375253,192.9070281982422,11334722
2026-05-06,195.68935307916604,198.00794730996185,193.8344776945294,196.61679077148438,13648103
2026-05-07,197.08049693766466,198.93537220296034,196.15305930501682,198.0079345703125,10182021
2026-05-08,197.08049855333692,198.47165501371342,195.68934209296043,196.15306091308594,12228813
2026-05-11,198.00794558658777,199.39910211295725,197.08050790234148,198.47166442871094,8980993
2026-05-12,200.32653979720357,200.7902586393267,198.00794558658777,198.47166442871094,8594303
2026-05-13,199.39908999488466,199.39908999488466,194.29818304152715,194.76190185546875,9157782
2026-05-14,194.29818563258394,197.54421737346243,191.97959153195643,196.15306091308594,8805475
2026-05-15,192.90703051940463,193.3707493427686,185.9512481689453,185.9512481689453,24196789
2026-05-18,185.48753955696202,185.95125840585442,182.7052264636076,183.1689453125,17769548
2026-05-19,183.16893427505104,185.48752837979853,181.31405899125306,182.70521545410156,16487677
2026-05-20,194.76191119025736,200.790256060432,191.9795981732537,197.08050537109375,47404718
2026-05-21,196.61679077148438,198.93538500228019,195.2256342330069,196.61679077148438,20383068
2026-05-22,198.9353716079503,203.1088409423828,198.47165279301333,203.1088409423828,29484482
2026-05-25,204.03629053418882,205.89116590268145,198.47166442871094,198.47166442871094,30711918
2026-05-26,199.8628114740899,202.6451243948429,196.15306091308594,196.15306091308594,27696875
2026-05-27,197.54421737346243,200.79024911434092,193.83446681245843,196.15306091308594,33663232
2026-05-28,196.61678397373,199.39909695449035,195.68934631347656,195.68934631347656,27546158
2026-05-29,197.08050114448082,200.7902517542593,195.6893446658139,197.54421997070312,30012708
2026-06-01,201.25396919250488,208.67347036089217,200.79025036948067,207.74603271484375,34297830
2026-06-02,208.67347221869926,214.23809814453125,204.50000277432528,214.23809814453125,35281045
2026-06-03,216.092968582604,224.90362609992047,211.9194992322962,219.80271911621094,38150233
2026-06-04,219.802727586132,223.0487594281213,214.2381015712932,218.8752899169922,26985536
2026-06-05,221.6576063879605,223.51248175522377,215.16554260253906,215.16554260253906,23370149
2026-06-08,205.89115742274694,211.9195021220616,205.89115742274694,207.74603271484375,22124068
2026-06-09,210.0646284979743,211.45578497809333,204.9637214042045,205.8911590576172,22218916
2026-06-10,207.2823223575883,209.13719772544144,204.96372814777186,206.818603515625,21407666
2026-06-11,207.28231227503414,210.992062830292,205.89115581681241,209.6009063720703,22281402
2026-06-12,210.52834239758943,215.16553055612664,210.0646235817357,211.45578002929688,18614108
2026-06-15,213.31066989686283,213.7743887444647,207.28232487803845,208.2097625732422,20122186
2026-06-16,206.81859410430837,206.81859410430837,203.10884353741497,204.5,31799241
2026-06-17,198.0,198.0,192.0,194.0,58981636
2026-06-18,194.5,196.0,193.0,193.0,15484054
2026-06-22,194.5,194.5,192.5,193.0,15150215
2026-06-23,194.0,194.0,188.0,189.0,20873136
2026-06-24,189.0,189.0,185.5,186.5,24069092
2026-06-25,187.0,188.0,185.0,185.0,13903055
2026-06-26,184.5,185.0,180.5,181.0,26000523
2026-06-29,184.5,186.0,181.0,184.0,17508619
2026-06-30,186.0,186.0,183.0,184.5,14616692
2026-07-01,186.5,187.5,185.0,185.5,10583275
2026-07-02,185.5,187.0,183.5,185.5,6731545
2026-07-03,185.5,197.5,185.5,195.0,24531600
2026-07-06,197.0,198.5,194.5,195.5,8324095
2026-07-07,191.0,191.5,186.5,188.0,22689953
2026-07-08,190.0,196.0,189.5,196.0,15809201
2026-07-09,196.5,196.5,193.5,194.5,5229104
2026-07-10,194.5,194.5,194.5,194.5,0
2026-07-13,194.0,196.5,191.5,195.0,8826755
2026-07-14,196.5,197.5,192.0,194.5,9152336
2026-07-15,194.5,200.0,194.0,199.5,15223805
2026-07-16,199.5,201.0,198.0,200.0,6345812
2026-07-17,200.0,202.5,198.0,198.0,16738089
2026-07-20,201.0,202.5,196.0,196.0,9918266
2026-07-21,198.0,206.0,198.0,203.0,17290685
