date,open,high,low,close,volume
2021-07-22,72.60598871631554,73.31549349204501,65.51094095902087,66.45694732666016,457172732
2021-07-23,67.16645681899028,70.71398094675385,63.61893269122671,68.82196807861328,436556301
2021-07-26,68.82196022482479,69.53146496941062,63.38242384966682,64.32843017578125,255498229
2021-07-27,61.72691158372529,63.38242262236926,57.94288635253906,57.94288635253906,332744840
2021-07-28,58.179392798472264,59.12539918543929,52.26685287992834,55.81437683105469,484201545
2021-07-29,57.23338314925382,61.253910064697266,56.76037998273106,61.253910064697266,54288059
2021-07-30,63.85543529803936,63.85543529803936,55.34137725830078,55.34137725830078,52108867
2021-08-02,54.158869663874306,59.12540356318156,52.03035513559977,56.7603874206543,38158594
2021-08-03,56.996886298769994,60.544410342261905,56.996886298769994,59.59840393066406,32671042
2021-08-04,60.07140767297079,61.963420513064364,60.07140767297079,61.01741409301758,23482798
2021-08-05,61.01741149416008,61.01741149416008,59.361900329589844,59.361900329589844,22267674
2021-08-06,59.59839746606259,63.855425856495636,59.59839746606259,61.96341323852539,25682576
2021-08-09,62.19991705552587,64.09192974162552,62.19991705552587,62.67292022705078,19107099
2021-08-10,63.38242639394907,63.38242639394907,59.598400937593894,61.490413665771484,28983418
2021-08-11,59.83490148925782,60.071403076171876,55.34137133789063,59.125396728515625,33350409
2021-08-12,58.888898613747585,63.14592742919922,57.23338740773862,63.14592742919922,314757286
2021-08-13,62.909420013427734,66.22044211939762,61.96341369743634,62.909420013427734,456816160
2021-08-16,63.85543278285435,64.56493759155273,59.125400724865145,59.59840393066406,301986018
2021-08-17,59.59840393066406,59.59840393066406,59.59840393066406,59.59840393066406,0
2021-08-18,58.415892464774,64.56493377685547,57.23338452014294,64.56493377685547,325038288
2021-08-19,63.855430844273016,65.03793882287067,59.598402121321485,59.834903717041016,347972902
2021-08-20,61.25391785486448,62.19992430822146,59.59840656148977,61.72692108154297,186312063
2021-08-23,63.61892434943962,67.63945116706219,63.61892434943962,65.98394012451172,276593345
2021-08-24,67.87595964453034,68.11246124607923,63.38242921510151,63.61893081665039,227857033
2021-08-25,64.09193100912046,65.98394373263693,62.67292146648311,65.51094055175781,130581450
2021-08-26,65.51093897138323,67.16645006452288,63.38242470877511,66.22044372558594,149774451
2021-08-27,64.80143737792969,66.69345014808822,63.85543099285042,64.80143737792969,134770170
2021-08-30,65.51093808342429,66.2204428280101,64.32843017578125,64.32843017578125,69159343
2021-08-31,64.56493703434977,65.27444183692504,61.72691782404867,63.14592742919922,121160450
2021-09-01,63.382425292968755,63.618926879882814,59.125396728515625,59.125396728515625,157523256
2021-09-02,58.1793943132673,60.307908739362446,57.23338790166946,59.59840393066406,123935259
2021-09-03,60.07140407324827,60.544407254927386,56.05087702897574,56.996883392333984,138300629
2021-09-06,56.7603862391109,56.99688784844053,53.449363708496094,53.449363708496094,153855582
2021-09-07,55.34137225645706,58.415892937371346,54.868369074777945,56.996883392333984,213431201
2021-09-08,56.99688181329946,57.94288815044966,55.57787230757417,57.70638656616211,128711395
2021-09-09,57.469886779785156,58.17939155484424,56.287378821353364,57.469886779785156,79939631
2021-09-10,56.996884380203795,59.834903519467055,56.523881190326584,59.361900329589844,118471981
2021-09-13,60.071401021566736,60.78090575804193,58.888893127441406,58.888893127441406,86681221
2021-09-14,59.598396138941986,59.834897710921915,55.341367843303274,55.5778694152832,95473958
2021-09-15,56.05087722966701,58.17939155484424,54.158864496176136,57.469886779785156,105026802
2021-09-16,57.46988800824699,57.46988800824699,55.81437683105469,55.81437683105469,58338677
2021-09-17,56.05087936215284,58.652396969678925,55.814377761468656,58.17939376831055,113084609
2021-09-22,56.7603815948614,57.942889544754344,56.287378414904225,56.52388000488281,68618624
2021-09-23,57.70638837147152,58.41589314653059,56.99688359641244,57.469886779785156,52503114
2021-09-24,58.415894142723836,60.5444085041996,58.179392547004305,59.834903717041016,92927699
2021-09-27,61.017407336867,61.490410494517135,58.888893127441406,58.888893127441406,82800338
2021-09-28,56.9968850111761,57.469888206289596,56.28738021850586,56.28738021850586,72094019
2021-09-29,54.63186666791531,56.76038095367824,54.63186666791531,55.1048698425293,70833629
2021-09-30,55.81437523494704,56.7603815948614,55.104870465011274,56.52388000488281,48040396
2021-10-01,54.86836836073133,55.1048699484931,51.08434295654297,51.08434295654297,162350771
2021-10-04,51.08434201729047,51.08434201729047,45.97590637207031,45.97590637207031,202527764
2021-10-05,43.18519432655561,47.773323999885015,42.901389514821346,46.44891357421875,202860492
2021-10-06,47.11111818463636,47.15841778307788,43.705496574654184,43.7527961730957,134362378
2021-10-07,45.45560806443552,47.77332453074189,45.12450725870381,46.590816497802734,142043265
2021-10-08,47.06381988324189,47.205722291205234,44.9353054161606,45.786712646484375,100120804
2021-10-12,44.367702035677134,44.74610243412632,41.24587799828502,41.34048080444336,144949619
2021-10-13,42.94869141179429,44.22579859070859,41.813483025688264,41.860782623291016,140009596
2021-10-14,43.13789171906034,44.79340296981616,41.29318206948637,43.70549774169922,153080371
2021-10-15,44.03659587903277,44.4622994680254,43.279791503450255,43.65819549560547,86072248
2021-10-18,42.75949144851661,42.75949144851661,39.54306813619745,42.097286224365234,174696764
2021-10-19,42.00268685164999,42.854090471713626,41.62428283691406,41.62428283691406,82328270
2021-10-20,42.333788180884554,43.13789221122014,41.67158295128151,41.76618576049805,67330571
2021-10-21,42.19188212836399,42.995989697997054,41.955380538835655,42.23918533325195,52387317
2021-10-22,42.381085479924856,42.57028747935648,40.0160695088495,40.25257110595703,107741045
2021-10-25,39.73226843466306,43.18519320640474,39.54306643465716,42.33378601074219,118471483
2021-10-26,42.80678292828479,43.32708564544663,41.86077667572601,42.759483337402344,75213903
2021-10-27,42.23918533325195,42.71218851230862,41.90808094267556,42.23918533325195,46729872
2021-10-28,42.28648921538062,44.225801724327404,42.28648921538062,42.85409164428711,85587657
2021-10-29,43.516295279863584,46.49621694360635,43.27979367508171,45.64480972290039,148712773
2021-11-01,46.59081065898039,47.773318543726084,45.881305928132974,46.35430908203125,105702058
2021-11-02,47.01652062341589,48.95583309680958,46.6381166052633,48.00982666015625,117261253
2021-11-03,48.719332611505884,52.266856830790296,48.482830996886925,51.32085037231445,168576341
2021-11-04,52.976355210790096,53.449358382315005,49.90183459587817,50.138336181640625,129756059
2021-11-05,50.61134157402571,51.32084636244663,48.955830401043556,50.847843170166016,87996210
2021-11-08,53.212859266895364,55.81437683105469,50.611341702736034,55.81437683105469,196783089
2021-11-09,55.10487165122197,56.99688441177894,54.3953668660131,54.868370056152344,203616161
2021-11-10,54.63186826291292,56.996884205030355,54.39536666870117,54.39536666870117,144428323
2021-11-11,54.39536472536483,55.577872654177106,48.95582825282835,50.138336181640625,180388575
2021-11-12,51.08434843681228,51.79385327621245,49.66533875801194,50.37484359741211,112061097
2021-11-15,51.793847056797574,52.03034864153181,49.66533279418945,49.66533279418945,67224637
2021-11-16,49.90183908289129,52.03035354614258,49.42883586883545,52.03035354614258,88977037
2021-11-17,52.03035115086755,52.26685274700786,50.13833838174509,50.847843170166016,76302543
2021-11-18,50.84784729840004,52.73986022113121,50.611345683058644,51.793853759765625,60979225
2021-11-19,52.03035115086755,52.97635753542878,50.61134157402571,50.847843170166016,65733382
2021-11-22,51.557348536150485,53.44936132646794,51.084345338571126,52.26685333251953,83950769
2021-11-23,52.503353118896484,53.685861072024785,52.03034993764516,52.503353118896484,66586205
2021-11-24,52.73985470952214,53.21285789077346,52.03034993764516,52.503353118896484,40157975
2021-11-25,52.73984984018917,54.86836395929994,52.503348271399084,54.15885925292969,83139709
2021-11-26,54.15886974774198,54.86837459159886,51.08434875769549,51.32085037231445,108132023
2021-11-29,51.320848725058816,53.21286158128218,51.320848725058816,52.03035354614258,88870797
2021-11-30,53.685860109535646,54.631866455078125,53.2128569367644,54.631866455078125,84237095
2021-12-01,54.868369857124655,55.341373045548146,53.92236348027768,54.39536666870117,60295423
2021-12-02,54.395364386136414,59.36189765617496,54.15886280184887,57.70638656616211,200289522
2021-12-03,58.8888981874324,59.59840298487135,56.99688539426189,57.2333869934082,123753373
2021-12-06,57.94289075995821,60.54440830428287,57.94289075995821,59.361900329589844,124112783
2021-12-07,59.834903717041016,61.017411695638664,58.65239573844337,59.834903717041016,138613578
2021-12-08,61.2539192259781,62.19992570051058,59.12540465828002,60.0714111328125,133124652
2021-12-09,61.01741208918828,61.25391368643319,59.361900908473864,60.78091049194336,69595267
2021-12-10,59.834905162934334,60.07140676436886,58.41589555432719,58.65239715576172,72550917
2021-12-13,59.59840608484605,61.49041897642846,59.36190447339824,60.30791091918945,89064425
2021-12-14,60.30791163444519,60.78091486295064,56.7603874206543,56.7603874206543,116284079
2021-12-15,56.99688004474251,58.1793879294882,56.28737531389509,57.94288635253906,63467246
2021-12-16,58.65239290331231,59.12539607188741,57.70638656616211,57.70638656616211,47742874
2021-12-17,58.17939576060183,59.59840541329944,57.9428941518189,58.415897369384766,51301945
2021-12-20,58.41589131902476,58.88889448759986,56.99688181329946,57.70638656616211,44773888
2021-12-21,57.94289075995821,59.598401924528446,57.2333859751424,59.361900329589844,55944394
2021-12-22,59.598403561499815,59.598403561499815,58.65239715576172,58.65239715576172,29518895
2021-12-23,59.3618958142339,59.83489896813218,57.94288635253906,57.94288635253906,35046873
2021-12-24,58.415889506437345,58.88889266033562,57.706384775589925,57.94288635253906,25615749
2021-12-27,58.415889506437345,58.65239108338648,57.706384775589925,57.94288635253906,21385845
2021-12-28,58.6523935546875,60.071403076171876,58.41589196777344,59.125396728515625,56101338
2021-12-29,59.5983978639166,60.071401021566736,58.65239154861634,58.888893127441406,39054170
2021-12-30,58.8888981874324,59.12539978657872,56.76038379511557,57.2333869934082,82102651
2022-01-03,56.760376509620635,56.99687807841072,53.44935454655943,54.15885925292969,106421791
2022-01-04,54.3953648686925,54.86836804146374,53.685860109535646,54.631866455078125,36712529
2022-01-05,54.39536666870117,55.341373045548146,53.685861886065936,54.39536666870117,35269388
2022-01-06,53.685856115349516,55.34136709688011,53.685856115349516,54.15885925292969,35819509
2022-01-07,54.63186601815245,54.868367602646615,52.50335175770495,53.68585968017578,37415863
2022-01-10,52.73985290527344,54.15886240048258,51.55734499259914,52.73985290527344,46760778
2022-01-11,52.97635269165039,54.39536213874817,52.2668479681015,52.97635269165039,41055195
2022-01-12,53.68586042192247,53.92236200968424,50.8478413687812,51.08434295654297,53873063
2022-01-13,51.320843887329104,51.793847056797574,49.66533279418945,49.66533279418945,47617507
2022-01-14,49.66533518946448,50.847843170166016,48.719328804903256,50.847843170166016,56104364
2022-01-17,50.13833798955402,50.37483958384437,49.428833206682974,49.90183639526367,30071674
2022-01-18,49.42883714487855,51.08434843681228,49.19233553174516,50.37484359741211,31650942
2022-01-19,49.66533642548781,50.84784443561848,48.71933001738328,49.19233322143555,51452970
2022-01-20,49.19233322143555,49.901838027513946,48.955831619409416,49.19233322143555,28166607
2022-01-21,48.71932906333846,48.95583066073331,46.82731628417969,46.82731628417969,65061281
2022-01-24,45.88131121414824,47.77332404772137,45.6448096099516,47.253021240234375,48649992
2022-01-25,46.827314267762226,46.87461386345885,44.982601165771484,44.982601165771484,48102213
2022-01-26,45.45560320790339,47.253016669424305,45.45560320790339,46.63811111450195,50876033
2022-02-07,47.53681914011637,51.08434295654297,47.3003175523546,51.08434295654297,59401731
2022-02-08,51.557341512044275,55.10486501057943,51.320839945475264,53.212852478027344,155360572
2022-02-09,53.922358989715576,54.631863713264465,52.5033495426178,52.97635269165039,62083873
2022-02-10,53.68586548587732,54.15886870601721,52.73985904559754,53.922367095947266,41906069
2022-02-11,53.922358989715576,54.39536213874817,52.97635269165039,52.97635269165039,55437642
2022-02-14,52.73985653009889,54.63186932041634,52.26685333251953,52.26685333251953,71000689
2022-02-15,52.976356300147806,53.21285789077346,52.26685152827083,52.503353118896484,31462416
2022-02-16,53.685855611165366,53.685855611165366,52.97635091145833,53.212852478027344,30043216
2022-02-17,53.44935584068298,54.15886056423187,52.739851117134094,52.97635269165039,39620648
2022-02-18,52.976355556766364,55.81437460445028,52.50335238215238,55.1048698425293,103625969
2022-02-21,55.577873644968456,57.233384774818575,55.34137205498986,56.52388000488281,101657063
2022-02-22,55.57787235612911,55.814373940623284,52.03034858871662,53.68585968017578,104704406
2022-02-23,54.15886527094348,55.34137324629159,53.922363675873854,54.868370056152344,58720824
2022-02-24,53.685855611165366,55.341366577148435,52.2668462117513,53.212852478027344,74456915
2022-02-25,55.34137121423498,55.34137121423498,53.92236169592126,54.631866455078125,67136346
2022-03-01,56.05087702897574,57.23338498317354,55.104870665617504,56.996883392333984,98629176
2022-03-02,56.760381801494425,57.94288975569222,56.28737861981531,56.996883392333984,75496594
2022-03-03,58.179390380859374,59.59839990234375,57.70638720703125,59.125396728515625,105988682
2022-03-04,59.59839790745785,65.03793422440837,58.41589001246861,62.909420013427734,294474511
2022-03-07,63.145925848607526,64.09193222836194,59.12539873465124,59.361900329589844,220566269
2022-03-08,57.46988800824699,59.83490397566456,54.15886565386239,55.81437683105469,197229702
2022-03-09,57.94289075995821,59.598401924528446,56.28737959538798,59.361900329589844,147265673
2022-03-10,60.78091156867243,61.253914771541474,58.65239715576172,58.65239715576172,141408430
2022-03-11,58.41589394983542,60.07140511440566,58.17939235489682,59.361900329589844,89521419
2022-03-14,60.54440595518868,62.909421812813235,60.307904369426225,62.67292022705078,193832581
2022-03-15,63.38242639394907,64.56493434906005,61.490413665771484,61.490413665771484,301552028
2022-03-16,64.32844026820867,64.80144350547491,57.94289656511442,60.0714111328125,295342152
2022-03-17,61.490410539440646,63.38242317142343,59.834899486455704,62.909420013427734,172891413
2022-03-18,62.67292162088247,62.67292162088247,60.780908892704886,61.490413665771484,115397202
2022-03-21,61.72691745540488,62.43642225374287,60.7809110576209,62.199920654296875,73323129
2022-03-22,61.9634148144814,62.67291956426554,61.253910064697266,61.253910064697266,39647649
2022-03-23,61.96342269488222,62.436425921560705,61.01741624152524,61.72692108154297,44066469
2022-03-24,61.017413914203644,61.7269187271595,60.544410705566406,60.544410705566406,44365950
2022-03-25,60.54440557761271,60.54440557761271,57.70638656616211,57.70638656616211,102665527
2022-03-28,55.57787058304768,58.1793879294882,55.57787058304768,57.94288635253906,54256707
2022-03-29,58.415897369384766,59.59840541329944,58.17939576060183,58.415897369384766,40873245
2022-03-30,59.12540035863076,59.598403561499815,58.179393952892674,58.65239715576172,40611830
2022-03-31,58.65239154861634,59.36189628509154,58.17938839096621,58.888893127441406,34446628
2022-04-01,58.415894142723836,60.07140531276054,57.942890951284774,59.834903717041016,51320933
2022-04-06,58.6523989781677,58.88890058695063,58.17939576060183,58.415897369384766,35461871
2022-04-07,57.469888206289596,58.179392998959834,56.28738021850586,56.28738021850586,54867669
2022-04-08,56.99688594572006,58.888898757196245,56.99688594572006,58.65239715576172,49882511
2022-04-11,58.41589314653059,59.125397921589666,57.469886779785156,57.469886779785156,45068350
2022-04-12,57.7063938776652,57.94289549191792,56.523885806401566,56.7603874206543,56193158
2022-04-13,57.70638523331608,58.888893127441406,57.469883654491014,58.888893127441406,48598892
2022-04-14,59.598399240462506,59.598399240462506,57.70638656616211,57.70638656616211,42352670
2022-04-15,57.469889148589104,58.888898757196245,57.23338754715458,58.65239715576172,33073967
2022-04-18,58.65239658828609,58.8888981874324,57.2333869934082,57.2333869934082,33760338
2022-04-19,57.942892167626354,58.88889857036311,57.942892167626354,58.17939376831055,32363704
2022-04-20,58.88890058695063,59.12540219573357,58.17939576060183,58.415897369384766,36599295
2022-04-21,59.125396728515625,60.071403076171876,58.888895141601566,59.125396728515625,48074068
2022-04-22,58.65239573844337,60.30790690848007,58.415894142723836,59.834903717041016,55817910
2022-04-25,58.65239473821695,59.125397921589666,56.99688359641244,57.469886779785156,63325313
2022-04-26,58.179393389993464,58.41589498913978,57.2333869934082,57.2333869934082,31303889
2022-04-27,55.81437739853031,57.706390191700834,55.34137420023768,57.2333869934082,46755936
2022-04-28,57.70638816485266,57.94288975569222,56.760381801494425,56.996883392333984,25710381
2022-04-29,57.942892710367836,59.83490553356352,57.70639110746838,59.59840393066406,86272601
2022-05-03,59.834903717041016,60.07140531276054,58.88889733416289,59.834903717041016,35775605
2022-05-04,60.54440730168269,61.96341684781588,60.30790571066049,61.490413665771484,76923242
2022-05-05,62.43642002986027,62.90942321190467,61.01741048372708,61.490413665771484,71131655
2022-05-06,60.07140978816825,61.96342269488222,59.83490817482901,61.72692108154297,56803143
2022-05-09,61.49041675385975,61.72691835675921,59.59840393066406,59.59840393066406,71822391
2022-05-10,58.179396416159236,60.54441253063725,57.942894804711436,60.30791091918945,56033041
2022-05-11,59.598403561499815,60.07140676436886,58.65239715576172,58.65239715576172,39312207
2022-05-12,58.8888981874324,59.59840298487135,56.99688539426189,57.2333869934082,51668242
2022-05-13,58.415897369384766,58.88890058695063,57.9428941518189,58.415897369384766,27554368
2022-05-16,57.70638980384634,57.94289140140309,56.050878620949106,56.28738021850586,72626237
2022-05-17,56.05087619175727,56.523879366371254,54.86836825522231,55.1048698425293,61062276
2022-05-18,55.81437098726313,56.05087255924306,55.341367843303274,55.5778694152832,30668496
2022-05-19,54.15886507448943,54.63186826291292,52.9763571034307,54.39536666870117,56020186
2022-05-20,55.104866271323345,56.28737413122299,54.86836469934342,55.5778694152832,37272730
2022-05-23,56.5238868533157,60.54441437007874,56.28738523468258,60.0714111328125,134198878
2022-05-24,60.54440625,60.78090783691406,59.125396728515625,59.125396728515625,71433394
2022-05-25,60.0714111328125,60.54441437007874,59.12540465828002,60.0714111328125,46767349
2022-05-26,60.54440830428287,60.78090989922147,59.12539873465124,59.361900329589844,41993806
2022-05-27,60.30790910124779,60.544410705566406,59.59840428829193,60.544410705566406,43955787
2022-05-30,60.78091598871186,60.78091598871186,59.83490951417938,60.0714111328125,50479147
2022-05-31,60.307902600391806,60.54440417921687,58.41588996979127,58.888893127441406,49997902
2022-06-01,59.125400724865145,60.07140713646299,58.65239751906622,59.59840393066406,32023701
2022-06-02,59.12539892988242,60.07140531276054,59.12539892988242,59.834903717041016,16548005
2022-06-06,60.30790690848007,61.017411695638664,59.598402121321485,59.834903717041016,41449587
2022-06-07,59.83490951417938,60.54441437007874,59.59840789554626,60.0714111328125,22717623
2022-06-08,60.780908892704886,61.72691525679368,60.54440730168269,61.490413665771484,75641886
2022-06-09,59.598402121321485,60.5444085041996,59.12539892988242,59.834903717041016,75302396
2022-06-10,59.125400724865145,60.07140713646299,58.88889912196568,59.59840393066406,45127047
2022-06-13,58.17939134653179,58.415892937371346,56.760381801494425,56.996883392333984,62339084
2022-06-14,56.28738289033836,58.6523989781677,56.28738289033836,58.415897369384766,47609958
2022-06-15,58.41589131902476,59.12539607188741,57.469884981874564,57.70638656616211,34238892
2022-06-16,58.41589821709527,58.88890144152519,55.34137725830078,55.34137725830078,84129128
2022-06-17,54.6318672850541,56.7603815948614,54.6318672850541,56.52388000488281,77077035
2022-06-20,56.52387822583117,56.760379808366025,51.08434182752943,52.73985290527344,123500063
2022-06-21,53.212863451814,53.68586668249679,50.84784729840004,51.793853759765625,94838818
2022-06-22,52.0303476919042,52.26684927232194,47.536817663967014,47.773319244384766,114956836
2022-06-23,47.77332362290614,48.482828429186924,45.2191055985497,45.502906799316406,129917079
2022-06-24,46.73272125348138,48.24633016820835,46.023216398066545,46.496219635009766,148676207
2022-06-27,51.009251161675266,51.128013610839844,50.474811079440606,51.128013610839844,100662166
2022-06-28,51.89998951608702,55.047240111666426,51.365549368008224,54.45341873168945,155103384
2022-06-29,53.02825159518516,53.56268721831995,50.771728515625,50.771728515625,138343762
2022-06-30,50.29666569991217,50.356051458326654,47.86199911132856,48.871498107910156,102270940
2022-07-01,49.16840941248772,49.762230760317294,46.199302673339844,46.199302673339844,93318003
2022-07-04,46.61497683376212,47.62447133516054,44.892893980937664,46.43682861328125,74204200
2022-07-05,47.62446986615918,50.35605166662245,45.961772825113385,48.75273132324219,106093151
2022-07-06,48.15891133325408,49.28717282202646,47.68385696411133,47.68385696411133,59532175
2022-07-07,48.0401507338421,49.584085421712054,47.38694811941607,49.40593719482422,64725553
2022-07-08,50.59358136425389,51.89999115987878,50.59358136425389,51.36555099487305,93108612
2022-07-11,52.37504196166992,52.67195264066011,51.36554746530226,52.37504196166992,58965838
2022-07-12,50.534195351110945,51.0092542374082,48.2182912087821,48.75273132324219,74554416
2022-07-13,50.77172658742099,51.00925603895871,49.82161331176758,49.82161331176758,50317260
2022-07-14,49.94037243723204,52.07812829731565,49.8809912109375,51.95936584472656,59999084
2022-07-15,51.6624553591706,51.781217812165224,50.771723370219384,51.068634033203125,49548164
2022-07-18,51.30616699891269,51.84060713514565,50.712345632097716,50.83110809326172,29919106
2022-07-19,51.06863578609959,52.553189151974586,51.00925455756406,52.137516021728516,64887578
2022-07-20,52.731336414455036,52.90948009683998,51.18739731746865,51.4249267578125,51417165
2022-07-21,51.84060779433535,52.73133985588409,51.72184080116366,52.43442916870117,49002350
2022-07-22,52.67195191121837,53.503302706977195,52.25627877858764,53.147010803222656,53472869
2022-07-25,52.73134231962143,52.73134231962143,51.187403049735636,51.60308074951172,39919987
2022-07-26,51.4249289201879,52.13751727118319,50.712345099690054,51.484310150146484,25728302
2022-07-27,51.662458144292444,52.553190181263005,51.662458144292444,52.37504196166992,32760787
2022-07-28,52.6719562600002,52.73134202427685,51.06864029548071,51.36555099487305,36548558
2022-07-29,52.19689967212156,53.68145310687759,52.137518440830824,53.20639419555664,80302998
2022-08-01,53.147017055087616,53.62207600297471,52.5531956354777,53.44392776489258,29790470
2022-08-02,52.67194962125538,52.731335378047085,51.6624551827567,51.95936584472656,43631110
2022-08-03,52.31566294242665,52.553192401754444,51.42493086782064,51.66246032714844,28285443
2022-08-04,51.424925747081375,52.01874707102111,50.831104423141646,51.95936584472656,31200151
2022-08-05,52.85010499058507,53.74083709716797,52.67195675706938,53.74083709716797,62646108
2022-08-08,53.02825025728064,54.15650723809713,52.256280662566446,54.09712600708008,49590712
2022-08-09,53.74083603851102,55.52230021658321,53.443925342165656,55.40353775024414,56557228
2022-08-10,54.57218491621151,55.4629169729598,54.09712600708008,54.09712600708008,50121896
2022-08-11,54.92847463586828,55.3441477668597,53.85959439832271,54.037742614746094,34261978
2022-08-12,54.394036692662844,54.51280368519446,53.85959655251436,54.09712600708008,27897905
2022-08-15,53.8002110428403,53.8002110428403,51.84060339213749,51.95936584472656,78897022
2022-08-16,51.721836585667916,52.078128475148965,50.89048582321401,51.068634033203125,45667564
2022-08-17,51.30616760253907,51.89998897634045,51.24678637125844,51.30616760253906,31528080
2022-08-18,51.06864029548071,51.662461694265374,50.8311108298673,51.36555099487305,17269560
2022-08-19,51.48431129638096,51.72184075200102,51.12801937819963,51.30616760253906,18828600
2022-08-22,50.71234974815069,50.71234974815069,49.34655868142324,49.94038009643555,28081000
2022-08-23,49.16841176181193,49.99975806409816,49.10902599979357,49.287174224853516,22737404
2022-08-24,49.40593389402794,49.64346333717656,48.396439423767895,48.75273132324219,25169991
2022-08-25,48.99026005806207,49.82161083181348,48.81211184565204,49.52470016479492,19550831
2022-08-26,49.94037328642201,50.11852149883204,49.52470016479492,49.52470016479492,18726757
2022-08-29,46.97127015776302,47.44632907300997,46.37744877895313,47.26818084716797,44593821
2022-08-30,47.149419239717965,47.44632993451405,46.55559785012579,46.852508544921875,29305348
2022-08-31,46.31806838818939,47.03065224350093,45.48671753666082,46.852508544921875,54117289
2022-09-01,46.19930152718936,46.43682643603061,45.605480194091804,45.6054801940918,29552626
2022-09-02,45.427335675875845,45.427335675875845,41.92378861961074,42.220699310302734,105941497
2022-09-05,41.033053945365495,42.93328496358701,41.033053945365495,42.04255294799805,58013600
2022-09-06,42.51760750992256,42.8145181832188,41.745642477650726,41.92378616333008,34134631
2022-09-07,41.27058626636607,41.745645186667176,40.49861665350117,41.3299674987793,52686291
2022-09-08,41.626875711067655,41.74564269931519,40.082941107828546,40.26108932495117,65662821
2022-09-12,40.795524998568,42.933285486412196,40.43923309409309,42.16131591796875,66783099
2022-09-13,42.99266891830097,43.05205015033985,42.0425556141861,42.220699310302734,32858885
2022-09-14,40.67676312856167,42.636375427246094,40.67676312856167,42.636375427246094,42400067
2022-09-15,42.75513920124862,44.12093018237642,42.398847280671056,43.11143112182617,55872064
2022-09-16,42.339465021493936,43.645870208740234,42.16131680027968,43.645870208740234,49433667
2022-09-19,42.75513772403493,42.75513772403493,40.14232284591109,40.379852294921875,77064817
2022-09-20,41.092434751334686,41.686256088958004,40.676761627197266,40.676761627197266,47433031
2022-09-21,40.67676573141808,41.686260295035204,39.66727116780095,40.9142951965332,73113350
2022-09-22,40.37985252437735,40.676763204703654,39.19220980307213,39.48912048339844,59689756
2022-09-23,39.370356996728965,40.854910359644876,39.370356996728965,40.0235595703125,48647445
2022-09-26,39.25159144518459,39.54850212862849,36.52001406360017,36.57939529418945,92923484
2022-09-27,37.41074657632411,38.123330413197934,36.995071161315195,37.88580322265625,61517282
2022-09-28,37.529513247879855,37.58889448227845,35.74804903293539,35.807430267333984,65090232
2022-09-29,36.698159742069144,37.113835148785284,35.56990051269531,35.56990051269531,63870068
2022-09-30,34.56040557017772,36.638780448355526,34.38225960509797,36.520015716552734,65846167
2022-10-03,36.223103440652686,38.42024068960803,35.98557398740137,37.70765686035156,74833108
2022-10-04,38.89530001189252,39.01406247453898,37.47012780764734,37.88580322265625,57934226
2022-10-05,38.18271358568771,39.310970495809805,38.063946600597795,38.42023849487305,61840588
2022-10-06,38.53900744155622,38.776536893328796,37.23259998730455,38.598388671875,51495347
2022-10-07,38.12332813849598,39.13282713274732,38.12332813849598,38.65776824951172,30678690
2022-10-11,37.70765891193218,38.5390097782948,37.470129445757465,37.82642364501953,41061359
2022-10-12,37.94518625023041,38.18271570308502,36.10433865372895,36.57939529418945,52825684
2022-10-13,36.75754077113377,36.995067940999384,35.09483925583158,35.21360397338867,42375966
2022-10-14,36.34186747889729,38.00456682441574,35.7480461222658,37.2919807434082,65316411
2022-10-17,36.5793972363972,36.5793972363972,33.61029024431143,35.6292839050293,104729589
2022-10-18,36.10433682682099,37.17321478008322,36.044955599236445,36.75754165649414,49951494
2022-10-19,36.93568710340159,37.94518381538376,36.75754115781617,37.410743713378906,45464738
2022-10-20,36.57939354341719,36.698158264160156,34.857313021014456,36.698158264160156,61903362
2022-10-21,36.22310256958008,36.99506987620991,35.985573122040726,36.22310256958008,28028713
2022-10-24,37.41074861316401,37.88580528536075,36.81692720660585,36.87630844116211,42156410
2022-10-25,36.87630764671225,37.113837110317824,36.34186975147298,36.520015716552734,34671032
2022-10-26,36.520012215658696,36.816922884078686,35.51051548998101,36.75754165649414,39560648
2022-10-27,36.81692441123136,37.529510498046875,36.223103049759885,37.529510498046875,39959516
2022-10-28,36.87630483773945,37.2919802347616,35.86681035743394,35.985572814941406,46113525
2022-10-31,35.748046875,36.2824847480726,35.391752694369515,35.748046875,35863039
2022-11-01,35.98557303157831,36.10433775504943,34.916695050835635,35.09484100341797,39795029
2022-11-02,35.98557375859467,36.46063266207675,35.33237116417991,35.51051712036133,52273581
2022-11-03,34.50102064066644,35.80742810581404,34.32287468297557,35.748046875,34704917
2022-11-04,35.213607812327005,36.698161280513204,35.154226579699085,36.34186935424805,50156654
2022-11-07,37.113832312886494,37.41074297138959,36.579392221481505,36.99506759643555,45087638
2022-11-08,37.47012905232989,38.83592007062069,37.17321835535343,37.648277282714844,72505276
2022-11-09,38.063949879456054,38.420241804422574,37.4107472619345,38.30147933959961,47917617
2022-11-10,37.588888971755665,38.6577668909753,37.52950774606234,38.18271255493164,37856711
2022-11-11,39.78603192363491,40.082942609632184,38.182716031448635,38.7171516418457,65542760
2022-11-14,38.95468219396102,39.548503582681455,38.53900903405577,39.31097412109375,42918182
2022-11-15,39.667267037747386,39.667267037747386,38.47962436632378,38.77653503417969,40955187
2022-11-16,38.83591781703079,39.07344726692802,38.18271522768648,38.36085891723633,37384878
2022-11-17,38.420243750684136,38.776540224197255,38.12333304308844,38.47962951660156,20450845
2022-11-18,38.47962391738861,38.53900514416755,37.35136248659997,37.410743713378906,31197176
2022-11-21,37.173216142341325,37.41074559188133,36.40124882920939,36.46063232421875,25409189
2022-11-22,36.28248450824803,37.11383532564191,36.28248450824803,36.63877868652344,19212480
2022-11-23,36.99506965803425,37.47012628506263,36.81692370605469,37.113834381103516,24133365
2022-11-24,37.47012687799478,38.36085891723633,36.87630551850042,38.36085891723633,41657565
2022-11-25,38.47962786137304,39.192211716751274,38.18271716654917,38.53900909423828,48487880
2022-11-28,38.1827157668542,38.65777014285935,37.588892133725906,37.70765686035156,34211256
2022-11-29,37.58889029272888,39.014060146689786,37.35136311635971,38.65776824951172,39096000
2022-11-30,38.3014811875401,39.3703615445078,38.24209995226364,39.25159454345703,40157264
2022-12-01,39.904794172079775,40.37985307932972,38.776537195731805,38.83591842651367,60250917
2022-12-02,38.59839198744069,39.01406516587553,38.360862515264564,38.47962951660156,22431725
2022-12-05,38.063949181874705,38.65777055610207,37.82642199133302,37.88580322265625,38800681
2022-12-06,37.88580264736551,38.12332983430038,36.52001396043163,36.63877868652344,43569380
2022-12-07,36.520011061995405,36.99506766341067,36.044954460580136,36.163719177246094,33677795
2022-12-08,36.16372134031958,36.46063201711942,35.86681066351975,36.22310256958008,19117868
2022-12-09,36.40124870846096,37.2919807434082,36.34186747889729,37.2919807434082,29786043
2022-12-12,36.93568770564608,37.35136309562213,36.638777036412996,36.698158264160156,17765874
2022-12-13,37.351364542655176,37.94518590412665,36.87630564127902,37.529510498046875,39484179
2022-12-14,37.1732169657818,37.3513651895074,36.63877909035129,36.816925048828125,31139447
2022-12-15,36.93568883552879,37.52951019216028,36.876305340716414,37.2919807434082,27909293
2022-12-16,36.87630404160356,40.02355893307502,36.87630404160356,38.77653503417969,168587185
2022-12-19,39.192206983209395,39.78602830113681,38.18271255493164,38.18271255493164,104189425
2022-12-20,38.53900798758633,39.31097305366274,37.945186614990234,37.945186614990234,92265511
2022-12-21,38.42023962273114,39.489119867432,38.30147716465209,39.014060974121094,90991395
2022-12-22,39.84541216727196,40.7955254328177,39.54850148863282,40.379852294921875,150613413
2022-12-23,39.90479423130827,40.261090677523306,39.48912108472074,39.96417999267578,57108877
2022-12-26,39.78603140024038,40.082942082331726,38.598388671875,38.598388671875,51574397
2022-12-27,38.89529769112952,39.31097081608772,38.59838702173158,38.65776824951172,30902567
2022-12-28,38.47962675642623,38.89529990504449,37.82642188742126,37.945186614990234,28883703
2022-12-29,37.82642460074167,38.53901075202113,37.76704110007317,38.47962951660156,24114124
2022-12-30,39.01406046066643,39.31097113245384,38.77653554763435,38.89529800415039,32312709
2023-01-03,39.13282849677797,39.25159095647787,38.301477687386374,38.36085891723633,34563366
2023-01-04,38.47962645079398,38.71715137354781,37.70765686035156,37.70765686035156,28737697
2023-01-05,38.12333207986462,38.5390097782948,37.76704014585142,37.82642364501953,23111038
2023-01-06,38.00456971953217,38.00456971953217,37.5295130510878,37.76704025268555,17246911
2023-01-09,37.88580074336711,38.0639466909275,37.17321468787694,37.588890075683594,31335819
2023-01-10,37.707656042644075,37.94518549074446,37.29198064109274,37.35136413574219,22208836
2023-01-11,37.707656453438574,38.18271535481473,37.529510498046875,37.529510498046875,22281162
2023-01-12,37.52951114798423,37.76703833753709,36.816925048828125,36.816925048828125,25198114
2023-01-13,36.99506883208095,37.113833552498676,36.63877693607642,36.75754165649414,19670869
2023-01-16,36.876307350915916,36.876307350915916,36.04495876546261,36.28248596191406,26538664
2023-01-17,36.57939559402651,36.995071007304965,36.520014362950484,36.816925048828125,17187307
2023-01-30,36.995074169088255,37.173220142790335,36.34187151043099,36.40125274658203,35407205
2023-01-31,36.52001303100586,37.232599104172785,36.52001303100586,37.113834381103516,26720627
2023-02-01,37.23260076338515,37.47012795486003,36.935690075104965,37.0544548034668,18453575
2023-02-02,37.41074617641179,37.94518631360288,37.29198144978613,37.70765686035156,30276053
2023-02-03,38.242099186378795,38.539009887312645,37.70765901859833,37.76704025268555,43392572
2023-02-06,37.58889196476038,37.648275460430646,36.63877868652344,36.63877868652344,27983337
2023-02-07,36.52001396043163,36.935689369128575,36.52001396043163,36.63877868652344,11931444
2023-02-08,36.93568770564608,36.93568770564608,36.638777036412996,36.698158264160156,10324818
2023-02-09,36.69815991694497,36.935689369128575,36.63877868652344,36.63877868652344,10057312
2023-02-10,36.63877765747584,36.69815888622957,35.92619158618767,35.985572814941406,27813718
2023-02-13,35.74804753494859,35.80742876685887,34.85731546480161,35.03546142578125,27210274
2023-02-14,35.391751366583385,36.163720929696545,35.272988909410905,36.04495620727539,21280180
2023-02-15,35.92619460423788,36.16372406970429,35.45113793855393,35.6292839050293,16284825
2023-02-16,35.807430267333984,35.92619500138006,35.51051956484324,35.807430267333984,10584442
2023-02-17,35.62928184623185,35.62928184623185,35.39175239449081,35.51051712036133,10708871
2023-02-20,35.510517821178674,35.9855744687875,35.451136589695864,35.92619323730469,9937875
2023-02-21,36.044956800581545,37.351364238220576,35.9261920762055,37.2919807434082,43916997
2023-02-22,37.29198250341869,37.64827669336226,37.05445530870512,37.1732177734375,43570643
2023-02-23,37.588888971755665,38.30147500631828,37.52950774606234,38.18271255493164,45918976
2023-02-24,38.47962590743366,38.71715082683346,37.82642105284063,38.36085891723633,47501942
2023-03-01,38.182716175018705,38.301478637665156,37.529511304219334,37.88580322265625,24864522
2023-03-02,38.30147878836373,39.192210853209396,38.30147878836373,38.954681396484375,48008495
2023-03-03,39.4297362843531,39.96417637479632,38.77653374292121,39.84540939331055,76229363
2023-03-06,40.37985365125868,40.43923488288161,39.54850281704501,40.082942962646484,56207938
2023-03-07,40.08294079872967,40.261089014478515,39.60788191039765,40.0235595703125,32731987
2023-03-08,39.726649419104085,39.84541187749708,39.192209295340874,39.370357513427734,37688705
2023-03-09,39.429741697989705,39.96418186181065,39.25159346655015,39.786033630371094,34401538
2023-03-10,39.54850067852696,42.814518076656775,39.073446320733744,40.79552459716797,242850750
2023-03-13,40.85491446335856,41.508117102553705,40.43923676169054,41.033058166503906,88660853
2023-03-14,40.32047241963575,40.85491256523722,39.66726981078843,40.082942962646484,85550002
2023-03-15,40.73614443466943,40.91429265506418,39.48912048339844,39.48912048339844,81936292
2023-03-16,39.310970495809805,39.60788116278872,38.24209481298404,38.42023849487305,58764719
2023-03-17,38.776537195731805,38.954680888077405,38.5983889728887,38.83591842651367,29939168
2023-03-20,39.13282559189708,39.4891174750462,38.89529615963197,39.07344436645508,22845157
2023-03-21,39.370356574365125,39.370356574365125,38.65776824951172,38.65776824951172,19192237
2023-03-22,38.895297489123145,39.13282692950732,38.59838682126724,38.77653503417969,12631884
2023-03-23,38.53900850157258,38.59838973352464,38.00456835300888,38.06394958496094,27869343
2023-03-24,38.18271874310986,38.30148121374403,37.94518927134366,38.12333297729492,17118395
2023-03-27,38.06395174197784,38.36086244906112,37.82642453546056,38.12333297729492,16935477
2023-03-28,38.063951241861105,38.657772648225546,38.00457000732422,38.00457000732422,18069116
2023-03-29,38.1827157668542,38.36085945891957,37.70765686035156,37.70765686035156,17009058
2023-03-30,37.88580074336711,37.94518423605299,37.588890075683594,37.588890075683594,16145567
2023-03-31,37.945183121661245,38.420237457704914,37.76703491408418,38.18271255493164,21070169
2023-04-06,38.42024317958021,38.59839141368866,37.88580527300155,38.00457000732422,21832694
2023-04-07,38.18271632525,39.192210853209396,38.0639493316387,38.954681396484375,36886759
2023-04-10,39.429738638392486,39.60788232551105,38.83591728700253,39.014060974121094,29919563
2023-04-11,39.192210853209396,39.370359078377554,38.895300164927505,38.954681396484375,14808817
2023-04-12,39.31097391035572,39.54850337067008,39.073448980539,39.42974090576172,23307926
2023-04-13,39.48911997182073,39.607882430213714,39.07344683694788,39.370357513427734,17601067
2023-04-14,39.54849986083741,39.9047917544401,39.25158919441897,39.667266845703125,26989882
2023-04-17,40.20170974731445,40.37985799183057,39.964184795290365,40.20170974731445,28927618
2023-04-18,40.61738367683588,40.61738367683588,39.37035967330753,39.42974090576172,28314112
2023-04-19,39.48911799806537,39.607880450522345,38.954677901014676,39.19220733642578,16330203
2023-04-20,39.42974090576172,40.0235622912988,39.42974090576172,39.42974090576172,21263821
2023-04-21,39.54850364444039,39.60788487730563,38.47962786137304,38.53900909423828,27647900
2023-04-24,38.479624252666625,38.71714916185197,38.12332782789413,38.42023849487305,13293732
2023-04-25,38.47962854437556,38.77653924446951,37.82642364501953,37.82642364501953,21295432
2023-04-26,37.76703864314022,37.76703864314022,36.935690075104965,37.0544548034668,29645930
2023-04-27,36.81692464303677,36.935689369128575,36.52001396043163,36.63877868652344,26588018
2023-04-28,37.351364645291234,37.648275326842835,37.17321642416129,37.47012710571289,17216626
2023-05-02,37.2325982729164,37.29197950050094,36.40124749524098,36.75754165649414,28796024
2023-05-03,36.63877755413249,36.63877755413249,35.98557271344048,36.04495620727539,29029052
2023-05-04,35.807428908386846,36.4012502908319,35.807428908386846,36.104339599609375,17432324
2023-05-05,36.10433989323872,36.460634084752705,36.04495866061081,36.34186935424805,16060461
2023-05-08,36.341868653430694,36.401249884913504,35.92619323730469,35.92619323730469,19521129
2023-05-09,35.98557623577865,36.22310570387081,35.74804903293539,35.807430267333984,14848421
2023-05-10,35.68866324385774,36.57939529418945,35.62928201326846,36.57939529418945,20205750
2023-05-11,36.34186834976273,36.40124958074936,35.688663482666016,35.688663482666016,19007158
2023-05-12,35.629282148123174,35.9855740635049,35.629282148123174,35.748046875,8759005
2023-05-15,35.866812697478224,36.34186935424805,35.154226579699085,36.34186935424805,21697528
2023-05-16,36.40124634532945,36.520011061995405,36.104335686288834,36.163719177246094,13759895
2023-05-17,36.40125058687597,36.63878004788529,36.28248585637131,36.34186935424805,14271922
2023-05-18,36.520017484133064,36.6387822216841,36.22310677287995,36.40125274658203,11748225
2023-05-19,36.46063624798202,36.579398720284104,36.22310677287995,36.40125274658203,8611586
2023-05-22,36.46063526877051,37.11383790988493,36.282487034603946,36.87630844116211,15044999
2023-05-23,36.935689369128575,36.935689369128575,36.57939519085317,36.63877868652344,9943548
2023-05-24,36.63877693607642,36.99506883208095,36.63877693607642,36.75754165649414,8186271
2023-05-25,36.57939665641499,36.63878015446447,36.28248596191406,36.28248596191406,11393458
2023-05-26,36.34187151043099,36.6387822216841,36.10434203532891,36.40125274658203,12236605
2023-05-29,36.520014362950484,36.995071007304965,36.520014362950484,36.816925048828125,16748951
2023-05-30,36.935692932937215,36.995074169088255,36.40125274658203,36.40125274658203,13628595
2023-05-31,36.52001502037067,36.757544479448214,36.104339599609375,36.104339599609375,20141557
2023-06-01,36.10433814990875,36.46063232421875,35.8074274706081,36.46063232421875,17726580
2023-06-02,36.638780448355526,36.75754518015831,36.34186975147298,36.520015716552734,17356208
2023-06-05,36.5793922877041,36.5793922877041,36.104335686288834,36.163719177246094,19266014
2023-06-06,36.2231032778265,36.69815991694497,36.2231032778265,36.63877868652344,16000932
2023-06-07,36.75754341261524,36.75754341261524,36.460632730010104,36.63877868652344,12325347
2023-06-08,36.69816111876155,37.52951196338107,36.63877988639536,37.1732177734375,39037803
2023-06-09,37.41074536514294,37.470126594543686,36.876305239541416,37.35136413574219,20803051
2023-06-12,37.291978994572425,37.410743713378906,36.87630361137405,37.410743713378906,14682970
2023-06-13,37.58889172809453,37.58889172809453,37.23259981731114,37.529510498046875,18751448
2023-06-14,37.52950774606234,38.36085623201159,37.47012425512047,38.18271255493164,31899388
2023-06-15,38.42024150717088,38.53900850157258,37.88580362385596,38.06394958496094,26754298
2023-06-16,38.063951807668865,38.53901075202113,38.0045705722493,38.47962951660156,30411263
2023-06-19,38.47962645079398,38.53900768148244,37.70765686035156,37.70765686035156,23782266
2023-06-20,37.64827522339091,37.88580240883027,37.470127002750495,37.529510498046875,16518193
2023-06-21,37.410747807200366,37.58889377228012,36.34186975147298,36.520015716552734,47222066
2023-06-26,36.63878015446447,36.876307350915916,36.28248596191406,36.28248596191406,23453980
2023-06-27,36.34186945996354,36.75754488531461,36.28248596191406,36.28248596191406,20945324
2023-06-28,36.460631603125094,36.520012831711334,35.74804553384684,36.04495620727539,32797257
2023-06-29,35.985574168096676,36.04495766433207,35.51051752445737,35.688663482666016,38733096
2023-06-30,36.0449551102259,37.470124940157845,35.985571618198364,37.410743713378906,115890291
2023-07-03,38.36085808882418,41.15182113647461,38.301476860256585,41.15182113647461,276680809
2023-07-04,45.24195861816406,45.24195861816406,44.40723614618396,45.24195861816406,165504481
2023-07-05,45.57584859399912,45.65932275703227,42.40390363565502,43.155155181884766,205152257
2023-07-06,43.071678772844905,43.32209806467233,42.40390142447009,42.57084655761719,68586497
2023-07-07,42.23695755004883,42.90473810253808,41.90307045801786,42.23695755004883,41057145
2023-07-10,41.98653993943351,42.070014097628196,40.73445622443521,40.77619171142578,64567483
2023-07-11,41.151818248587894,41.652653654679106,40.233624780407744,40.400569915771484,47666660
2023-07-12,40.317095533118746,40.317095533118746,38.52244409446642,38.60591506958008,74145845
2023-07-13,38.43897135946463,38.52244552188495,36.72779083251953,36.72779083251953,86809611
2023-07-14,37.22862243652344,37.97987396445079,37.22862243652344,37.22862243652344,42979352
2023-07-17,37.687722207533525,37.97987380930425,37.312096445104274,37.604248046875,28169017
2023-07-18,38.18855492756318,39.56584834617716,37.77119367152424,38.64765167236328,54631148
2023-07-19,39.19021971213886,39.64931642335609,38.73112300092164,39.06501007080078,46665198
2023-07-20,39.23195715243892,40.400569915771484,39.23195715243892,40.400569915771484,43289328
2023-07-21,39.81626367066068,40.52577651812293,39.35716693499607,39.52410888671875,39361735
2023-07-24,39.19022045345707,39.19022045345707,38.146817369947634,38.18855285644531,26471666
2023-07-25,38.3137661742198,38.77286293814597,38.06334686279297,38.06334686279297,17680332
2023-07-26,38.230290417228844,39.357167719088864,38.14681943970456,39.14848709106445,28590255
2023-07-27,39.60758383587542,39.85799995266197,39.023277440564335,39.14848709106445,26226182
2023-07-28,39.73279205296696,40.19189200222161,39.482375925145945,39.858001708984375,39797196
2023-07-31,40.48403918358587,40.56751015563984,38.81459426879883,38.81459426879883,35607739
2023-08-01,39.10674555650899,39.35716483918516,38.93980361367615,39.06501007080078,11621350
2023-08-02,39.10674472882816,39.27368985234112,38.564177057677774,38.772857666015625,15884662
2023-08-04,38.981540536633084,39.60758239797875,38.93980504938609,39.3571662902832,24739499
2023-08-07,39.10674745172066,39.10674745172066,37.68772176359121,38.73112487792969,26037638
2023-08-08,38.89806682885296,39.14848612366508,38.60591523052363,38.73112487792969,14095403
2023-08-09,38.772857788703455,39.023273882658586,38.2720224165798,38.39723205566406,12440453
2023-08-10,38.35549941815175,38.397234906207075,37.771193032736306,37.97987365722656,18999020
2023-08-11,37.97987620844011,38.313766503738314,37.31209880205756,37.812931060791016,14550129
2023-08-14,37.47904350840363,37.6877241444544,36.68605645456795,36.769527435302734,26779238
2023-08-15,36.81125924057431,36.978204369545175,36.31042703787522,36.393898010253906,17086753
2023-08-16,36.060014598362855,36.10175008879037,35.058346907033425,35.10008239746094,27899913
2023-08-17,34.89139893750699,35.767856902412305,34.30709256616561,35.51744079589844,22458840
2023-08-18,35.559175870943406,38.14681743284122,35.559175870943406,36.644317626953125,48454723
2023-08-21,36.81125823495683,36.97820335936705,35.93480031206993,35.97653579711914,15070819
2023-08-22,36.14348220825195,36.35216282514049,35.80959513175841,36.14348220825195,10571934
2023-08-23,36.35216586691843,36.81126262564556,35.76785945389582,35.85133361816406,14569431
2023-08-24,35.809596196491704,35.851331684267635,34.93313503212905,35.01660919189453,24158929
2023-08-25,34.93313725153706,35.350498524239846,34.849666270682036,35.10008239746094,10439746
2023-08-28,35.10008128378104,35.30876191351126,34.515774883693666,35.058345794677734,10350925
2023-08-29,35.14181393878877,35.642649320278466,35.100078453051324,35.475704193115234,9255619
2023-08-30,35.72612172383822,35.72612172383822,35.141815347451654,35.267024993896484,12516850
2023-08-31,35.47570561516214,35.809595882872635,35.267024993896484,35.267024993896484,12831921
2023-09-01,35.39223831916346,35.517444794409215,35.14181900024414,35.14181900024414,9270812
2023-09-04,35.225294372967845,36.06001697334995,35.14182020240122,35.809600830078125,16239481
2023-09-05,36.060011235181946,36.26869185207048,35.68438548793988,36.14348220825195,13536604
2023-09-06,36.185219276716275,36.226957949289506,35.55917739868164,35.55917739868164,10968996
2023-09-07,35.55917516459012,35.72612029175336,35.43396870737779,35.475704193115234,6530199
2023-09-08,35.51744365113798,35.93480492361719,35.51744365113798,35.60091781616211,10665446
2023-09-11,35.851329933179144,35.97653639039148,35.392233221640346,35.475704193115234,13936643
2023-09-12,35.6426487325121,36.01827446638175,35.6009132474629,35.97653579711914,10945347
2023-09-13,36.14348220825195,36.14348220825195,35.80959513175841,36.14348220825195,10876703
2023-09-14,36.31042895502438,37.22862243652344,36.31042895502438,37.22862243652344,29217038
2023-09-15,37.562509500813405,39.607580099367034,37.520774015988515,38.772857666015625,127643880
2023-09-18,38.522444554586684,38.73112517907694,37.60424789630138,37.97987365722656,35001560
2023-09-19,38.35550022408999,38.56418085296511,37.68772284853234,38.27202606201172,18787094
2023-09-20,38.52244520607981,39.48237418444116,38.480706533104964,38.64765167236328,31837591
2023-09-21,38.397237155219536,38.60591779193268,37.77119524508009,38.06334686279297,19401098
2023-09-22,37.896402373284445,38.52244424166989,37.854663701354525,38.230289459228516,13951508
2023-09-25,38.188554131798575,38.355499267578125,37.85466386023948,38.355499267578125,8972964
2023-09-26,38.31376377968664,38.564179891249154,37.97987350812755,38.355499267578125,9440628
2023-09-27,38.48070461150301,39.065010977621895,38.14681753387331,38.31376266479492,14461570
2023-09-28,38.605914396348304,38.64764988317732,37.81292740974276,37.93813705444336,9959229
2023-10-02,37.979874447115634,37.979874447115634,36.894735814040786,37.103416442871094,16352045
2023-10-03,36.8947343822095,37.312095623672924,36.81126022338867,36.81126022338867,9273914
2023-10-04,36.76952459389082,37.22862132088247,36.310427866899175,37.186885833740234,13399743
2023-10-05,37.5207775419696,38.14681942581488,37.479042053222656,37.479042053222656,11577012
2023-10-06,37.93814104821973,37.93814104821973,37.35383461846246,37.56251525878906,7117266
2023-10-11,37.52077601643647,37.52077601643647,35.47570530884838,35.51744079589844,28896664
2023-10-12,35.51743909315109,35.97653579711914,35.39223263800348,35.97653579711914,8504714
2023-10-13,35.85133106072596,35.97653752187612,35.47570530884838,35.51744079589844,9204888
2023-10-16,35.35049613043116,35.392234802246094,34.807928423186574,35.392234802246094,10575906
2023-10-17,35.559176589982975,35.60091526160697,35.18355401907565,35.267024993896484,6486501
2023-10-18,35.22528681354288,35.76785447682661,34.9748707240109,35.30875778198242,21128322
2023-10-19,35.10007971747565,36.060011845084176,35.05834423023475,35.64265060424805,9259700
2023-10-20,35.350494384765625,35.51743951114055,34.80792670431392,35.350494384765625,10416690
2023-10-23,35.2252898149878,35.55917690140888,35.01660919189453,35.01660919189453,5592349
2023-10-24,35.10008254977087,35.39223735245884,34.80793093129671,35.22529220581055,4876455
2023-10-25,35.475702903074854,35.475702903074854,35.10007717667022,35.30875778198242,5411126
2023-10-26,35.14181661419801,35.51744238285898,34.97487465853864,35.4339714050293,7635575
2023-10-27,35.47570516896803,35.89306640625,35.350495524098015,35.89306640625,6720344
2023-10-30,36.101749420166016,36.22695907334342,35.51744301236104,36.101749420166016,9105279
2023-10-31,36.185222215028276,36.226960890990775,35.10008350849556,35.14181900024414,8645056
2023-11-01,35.39223831916346,35.5591802861578,34.97487703324981,35.14181900024414,4510512
2023-11-02,35.1835565436829,35.64265330656727,35.1835565436829,35.60091781616211,6154791
2023-11-03,35.767859134502096,36.143484909820565,35.767859134502096,36.101749420166016,8501629
2023-11-06,35.51743838729463,35.51743838729463,34.807925602918466,35.30875778198242,11921659
2023-11-07,35.141815347451654,35.47570561516214,35.05834437263083,35.267024993896484,6552763
2023-11-08,35.30875966488801,35.4757047948831,34.93313391845243,34.97487258911133,10394943
2023-11-09,34.97487465945776,35.18355528825115,34.807929519580306,34.933135986328125,8745870
2023-11-10,34.97487643009506,35.016611921123896,34.39057000304974,34.47404098510742,11552457
2023-11-13,34.55751149215021,35.183553343934,34.4740373347176,34.599246978759766,9464358
2023-11-14,35.01660934155905,36.14348343739367,34.64098358154297,34.64098358154297,39996709
2023-11-15,34.93313835728731,35.14181900024414,34.47404157962507,35.14181900024414,16074320
2023-11-16,35.26702658160601,35.30876207089534,34.89140080957456,35.183555603027344,11251917
2023-11-17,35.267025140224355,35.267025140224355,34.89139938354492,34.89139938354492,10935221
2023-11-20,34.89140065405081,35.10008128378104,34.72445551342389,35.058345794677734,6686332
2023-11-21,35.18355320555182,35.225288691997214,34.93313391845243,34.97487258911133,9265979
2023-11-22,34.97487882465545,35.05834981242798,34.68272399902344,34.68272399902344,8593348
2023-11-23,34.766198171010046,34.933140146555104,34.64098850513717,34.68272399902344,7385206
2023-11-24,34.724453137804126,34.84966278076172,34.47403703610242,34.84966278076172,8958230
2023-11-27,34.97487481647113,35.225290935304656,34.80792967584421,35.058345794677734,9940998
2023-11-28,35.225292034088056,35.68438879697243,35.1835565436829,35.60091781616211,18403813
2023-11-29,35.72612141536225,35.80959557367591,35.225289202334515,35.51744079589844,10661014
2023-11-30,35.517442543241486,35.68438768386841,35.058345794677734,35.058345794677734,20976395
2023-12-01,35.14181461034427,36.18521769478696,35.14181461034427,36.14348220825195,33638916
2023-12-04,36.76952461374867,37.979872846808355,36.644318152254364,37.687721252441406,60101746
2023-12-05,37.604250598872525,38.10508604417174,36.85300220724449,37.43730545043945,38469540
2023-12-06,37.60424611212118,37.60424611212118,36.85299781012835,37.27035903930664,19005087
2023-12-07,37.31209755668863,37.353833046154435,36.43563954105178,36.47737503051758,15139116
2023-12-08,36.51911020278931,36.97820695135306,36.352165062162385,36.72779083251953,13112086
2023-12-11,37.10341660287668,37.43730369991681,36.60258118099591,36.72779083251953,16677615
2023-12-12,36.89473597314645,37.81292947027396,36.72779083251953,36.72779083251953,33756340
2023-12-13,36.81126116061587,36.97820629829444,36.06001281738281,36.06001281738281,21430949
2023-12-14,36.26869359931075,36.26869359931075,35.642651718485645,35.68438720703125,19658092
2023-12-15,36.01828029004023,37.186889981433005,36.01828029004023,36.93647384643555,48807760
2023-12-18,38.39723205238691,40.60924778126413,37.938135349472795,39.94146728515625,234009631
2023-12-19,40.44230449272793,42.15348492718687,40.10841422952024,41.151817321777344,274553406
2023-12-20,41.48571233293131,42.153489751558766,40.23362847892461,42.07001876831055,165093087
2023-12-21,41.986542640207965,46.243629455566406,41.52744588535334,46.243629455566406,331848171
2023-12-22,46.91140153963225,48.74779153565886,46.243624227680776,47.99654006958008,365390740
2023-12-25,45.075014697262894,46.07668232737813,43.238624572753906,43.238624572753906,257699362
2023-12-26,43.071680702632875,44.657654762268066,42.98820972442627,43.40557098388672,168621328
2023-12-27,44.57418314076081,45.07501537119979,43.906402587890625,43.906402587890625,108001216
2023-12-28,44.3237622021549,44.49070733419852,42.90473654031805,43.32209777832031,67059515
2023-12-29,43.6559848351837,43.6559848351837,42.7377913857481,42.82126235961914,40524675
2024-01-02,45.24196311288935,46.07668566779796,43.57251800307213,44.24029541015625,165713343
2024-01-03,45.74278952881125,45.99320562645207,44.323760729895355,45.07501220703125,125148434
2024-01-04,45.909740067323746,49.41557540021669,45.4089078130021,47.8296012878418,292040120
2024-01-05,48.58085123803903,49.1651576381264,47.41223843786429,48.41390609741211,207547165
2024-01-08,48.24696193240244,48.83126834430526,46.91140714880781,47.16182327270508,110488475
2024-01-09,44.657655090130525,44.908071210802525,42.48737779868818,43.155155181884766,179640857
2024-01-10,42.40390398728175,42.73779427375564,40.23362667784277,40.734458923339844,198516891
2024-01-11,41.110081834929765,41.69438820343645,40.9848721901735,41.151817321777344,58709721
2024-01-12,42.23695694263868,43.40556970847538,42.07001499113082,43.238624572753906,100912953
2024-01-15,43.8229335211548,44.490710918920115,43.23862710402997,43.57251739501953,67489583
2024-01-16,44.07334869283803,44.407238976596865,42.15348752175908,42.654319763183594,72494694
2024-01-17,42.73779115191808,43.32209751845908,41.11008169663012,41.527442932128906,70112506
2024-01-18,41.98653988405458,42.98820749157476,41.48570767240127,42.82126235961914,57293584
2024-01-19,42.98820940064288,42.98820940064288,41.73612563169212,42.48737716674805,42410599
2024-01-22,41.443976874636355,41.569183349609375,40.7344607796003,41.569183349609375,50904208
2024-01-23,42.0700141202279,42.65431730683682,41.27702713012695,41.27702713012695,41092788
2024-01-24,41.5274478579517,42.32043493630311,41.151822064604836,41.569183349609375,26088507
2024-01-25,41.736122557354456,41.736122557354456,41.02660974756481,41.11008071899414,23472307
2024-01-26,41.15181922332872,41.527444990740975,40.650986989588176,40.81793212890625,22577127
2024-01-29,40.734458923339844,41.068349209813725,40.5675137801029,40.734458923339844,19135125
2024-01-30,40.94313602275983,41.026610179281,40.35882966396562,40.484039306640625,19023378
2024-01-31,40.56750911209734,41.06834448417825,39.816260830296066,39.94146728515625,24738523
2024-02-01,40.06667919863885,41.193553277415134,40.06667919863885,41.026611328125,31981493
2024-02-02,40.233627492822805,40.69272425786363,39.77453072778198,39.858001708984375,33619877
2024-02-05,39.89973351988458,39.98320767760251,39.48237228393555,39.48237228393555,23275388
2024-02-15,39.23195950811422,39.69105626977068,38.021611184319006,38.9398078918457,40124309
2024-02-16,39.64931932463756,40.02494509192423,39.10674841808862,39.14848709106445,21670323
2024-02-19,39.31542904611303,39.60758383587542,38.68938716203981,39.14848709106445,16152533
2024-02-20,39.482370914817665,40.609248123331795,39.31542578938445,40.19188690185547,33312606
2024-02-21,40.73445909076182,41.19355584839001,40.31709782306095,40.35883331298828,70973290
2024-02-22,40.85966684663671,42.070015103585696,40.31709595014501,41.69438934326172,69963644
2024-02-23,41.903071413852324,42.07001655578276,40.77619409398219,40.9848747253418,39418678
2024-02-26,41.068346960904144,41.235292094999146,40.567511558619145,40.65098571777344,24691803
2024-02-27,40.692721042852604,41.318762905050335,40.52577590942383,40.52577590942383,30045182
2024-02-29,40.90140327297209,41.73612578874703,40.77619362192037,41.61091613769531,43285992
2024-03-01,41.31876292359631,41.52744354442255,40.65098557379505,41.026611328125,28690642
2024-03-04,40.73445796714037,41.19355471210482,40.066680594081745,40.81793212890625,43724711
2024-03-05,40.90140278824552,41.3604995296382,40.52577702375563,40.56751251220703,28449835
2024-03-06,40.484042167663574,40.90140342712402,40.066680908203125,40.066680908203125,23243605
2024-03-07,40.191890559726744,40.6927227973938,40.066680908203125,40.066680908203125,22736232
2024-03-08,40.191890721751335,40.98487457055196,39.56584883003691,39.69105529785156,52885117
2024-03-11,40.1918899319308,40.734457650226275,40.1918899319308,40.56751251220703,24084660
2024-03-12,40.81792943097467,41.02661004527574,40.400568202372526,40.85966491699219,25354873
2024-03-13,41.15181793584485,41.31876306993985,40.52577607114879,40.65098571777344,28857812
2024-03-14,40.81793391388105,40.81793391388105,39.73279205296696,39.858001708984375,28496148
2024-03-15,39.398900625816985,39.398900625816985,37.72945571102994,38.81459426879883,60943317
2024-03-18,38.14681797968099,38.14681797968099,37.56251160673354,37.687721252441406,33999852
2024-03-19,37.72946007907339,38.27202782866566,37.68772458821457,37.812931060791016,20239589
2024-03-20,37.93813992429466,38.188556048425184,37.43730449181983,37.52077865600586,28889948
2024-03-21,38.31376280433162,38.85633050153596,37.93813705444336,37.93813705444336,26737300
2024-03-22,38.23028895401053,38.2720244411753,37.56251160673354,37.687721252441406,17059276
2024-03-25,37.72945975458022,38.230292009006256,37.72945975458022,38.06334686279297,12746315
2024-03-26,37.93813928324132,37.93813928324132,36.76952647809361,36.85300064086914,37215469
2024-03-27,36.89473613015005,37.27036190210565,36.81126196737451,36.85300064086914,13060433
2024-03-28,37.019940844120384,37.18688597754847,36.72778924878141,36.81126022338867,15879193
2024-03-29,36.89473090768443,37.27035662647005,36.89473090768443,37.061676025390625,7517000
2024-04-01,37.312096912914534,37.35383240166025,36.936471145775776,36.978206634521484,11354631
2024-04-02,36.97820679188743,37.103416442871094,36.7277906741338,37.103416442871094,11431992
2024-04-03,36.894734691037726,36.978205666343676,36.56084442138672,36.56084442138672,16402684
2024-04-08,36.60257778316919,37.89640011476169,36.39389717281084,37.64598083496094,21769535
2024-04-09,37.64598512596423,38.06334639425303,37.39556900183371,37.52077865600586,21643455
2024-04-10,37.77118879537535,37.81292427874858,37.061676025390625,37.061676025390625,18258128
2024-04-11,37.395570109685,37.812931390338214,37.31209912723991,37.56251525878906,15371121
2024-04-12,37.81292500888556,37.89639916145711,37.437299282846915,37.729454040527344,14823894
2024-04-15,37.562508919597576,38.105079766565986,36.93646710427095,37.729454040527344,21911628
2024-04-16,37.604247533779116,37.68772169329866,36.352163798908244,36.56084442138672,27892467
2024-04-17,36.393899446454746,36.978205828804306,36.393899446454746,36.68605422973633,12541419
2024-04-18,36.68605406855925,36.894734691037726,36.393899286561215,36.56084442138672,13720661
2024-04-19,36.43563753221695,38.60591470692058,36.43563753221695,37.687721252441406,59231724
2024-04-22,38.7311274476461,39.482375829285154,38.0216113722931,38.06334686279297,64331989
2024-04-23,38.0633454331366,38.43897120195456,37.77119382639691,38.27202606201172,14742628
2024-04-24,38.68938589970154,39.23195678854774,38.230289169869764,38.98154067993164,34483908
2024-04-25,38.814597445756384,39.3154296875,38.52244583544156,39.3154296875,20718319
2024-04-26,39.31542821226052,43.238624572753906,39.27369272438356,43.238624572753906,221119944
2024-04-29,45.9097382079346,46.32709946437037,43.90640290335743,44.156822204589844,194973059
2024-04-30,44.240294792784844,44.240294792784844,42.82126583239993,43.57251739501953,79952434
2024-05-02,44.323762178792634,44.90806854853054,42.1534850160102,42.82126235961914,83775891
2024-05-03,42.821267170186225,43.1551574716069,41.610918807803635,42.07001876831055,56657148
2024-05-06,41.73612531989554,42.8212639413701,41.36049955517375,42.23695755004883,31920198
2024-05-07,42.5708493913923,44.156823485541445,42.23695910287234,43.822933197021484,83410158
2024-05-08,44.40723993827962,45.15848831668543,43.40557224952475,43.57251739501953,83551816
2024-05-09,44.240290141312734,46.91140263574412,43.98987404150648,45.99320602416992,192665725
2024-05-10,47.078350751078226,50.58418273925781,46.82793145116796,50.58418273925781,391707464
2024-05-13,54.75779534337677,55.5925178527832,53.58918255652229,55.5925178527832,277582943
2024-05-14,56.844600742657505,61.10168420147351,56.093349222060034,59.515716552734375,484290045
2024-05-15,58.9314054167378,60.1834891282907,57.76279267893634,59.599185943603516,236099017
2024-05-16,60.100019819952465,63.772800082635015,59.348768298517605,61.852935791015625,308297765
2024-05-17,61.85293538772589,61.85293538772589,58.93140666552698,59.265296936035156,46928263
2024-05-20,60.100022309401936,60.51738357543945,58.8479385112894,60.51738357543945,32709539
2024-05-21,60.1834891282907,60.1834891282907,58.76446346923491,59.599185943603516,24151876
2024-05-22,59.68265631463793,60.68432072639391,58.93140482160743,60.10001754760742,25231963
2024-05-23,60.433910025274734,60.433910025274734,59.43223920833569,59.515716552734375,17970870
2024-05-24,60.10002042809312,61.76946543998459,60.10002042809312,61.35210418701172,32767601
2024-05-27,63.355444461591404,66.69433474817406,62.01988962064391,65.35877990722656,60215201
2024-05-28,65.94307425636914,67.52904820204317,65.52571302689846,66.36043548583984,50740050
2024-05-29,66.61085824725029,67.94641297757244,63.438910190361305,64.4405746459961,43260407
2024-05-30,64.02321869785123,66.0265541434864,62.68766385690374,65.35877990722656,32140567
2024-05-31,67.02822402986808,67.94641757101127,58.84794040493198,59.68266296386719,315275587
2024-06-03,62.18682547333155,63.355438232421875,58.764464539759814,63.355438232421875,177490647
2024-06-04,62.43724665273119,63.939743358274335,61.10168553434521,63.18849182128906,95151737
2024-06-05,64.52405570299392,68.69766845562152,64.52405570299392,67.1116943359375,256494050
2024-06-06,68.44724624423215,70.53405253216606,67.1951624714718,69.86627197265625,319771869
2024-06-07,69.0315456426543,71.28530013013214,67.61251999264853,69.19849395751953,229557394
2024-06-11,70.53404602128592,71.7861296784685,62.353763580322266,62.353763580322266,328277613
2024-06-12,62.01988536783646,63.10502081550957,57.26196321465818,59.181827545166016,243080570
2024-06-13,61.76946899731317,62.43724958789844,59.59919163055257,60.43391418457031,149974161
2024-06-14,61.10167904602732,63.85626559965775,60.517375895100486,62.938072204589844,158325725
2024-06-17,63.27196915898589,63.27196915898589,60.93474357055265,61.519046783447266,106053864
2024-06-18,62.01988411157185,62.43724536032152,61.18516161407251,61.852935791015625,52297598
2024-06-19,62.186821975708014,64.69098930358886,61.85293172497186,62.604183197021484,105686812
2024-06-20,63.27197105657137,64.2736355568394,63.27197105657137,64.0232162475586,60990483
2024-06-21,65.85960570114663,66.77779916599361,63.105018938178524,63.355438232421875,159140360
2024-06-24,63.35544111446764,63.772802378240904,61.602525080305405,61.93640899658203,57093258
2024-06-25,62.604189854042204,63.85627365112305,62.01988662944215,63.85627365112305,71740931
2024-06-26,63.85626686096192,64.19015711169807,62.35376391686267,62.604183197021484,55802049
2024-06-27,63.02154890614566,63.689329455171105,62.353768357120224,62.7711296081543,41313493
2024-06-28,63.18849149193435,63.43891079243332,61.93640772629421,62.27029800415039,38679369
2024-07-01,63.27196915898589,63.68933041631845,60.684324268782156,61.519046783447266,65543070
2024-07-02,61.68599383888666,62.18682606370081,61.01821329351629,61.852935791015625,41272173
2024-07-03,62.687657339686446,64.35710230941673,62.186825122452795,62.4372444152832,65838600
2024-07-04,62.93807464902244,63.02154562119293,61.60251998901367,61.60251998901367,42704570
2024-07-05,62.019886025522105,62.103357004162525,60.26696363193603,60.350440979003906,44474108
2024-07-08,57.51238185388114,57.76279478426247,55.09168531629774,56.34376907348633,99990102
2024-07-09,58.06419097288125,58.15021068396812,55.483560262975416,56.0857048034668,65515022
2024-07-10,56.77387388200362,57.37601840408376,55.91366367167023,55.99968338012695,41562585
2024-07-11,56.77387388200362,57.03193957025687,55.99968338012695,55.99968338012695,26829964
2024-07-12,55.39754076131476,55.74162616984631,54.36528781716174,55.0534553527832,36804821
2024-07-15,54.62334793679282,55.82764353459005,53.8491574408601,54.27926254272461,48881077
2024-07-16,54.96743556682109,55.39754068618137,53.677120208740234,53.677120208740234,31114783
2024-07-17,53.84915761140517,54.19324300656313,52.902927696883054,53.247013092041016,40759843
2024-07-18,53.677119776643714,53.76313948724666,52.98894896605366,53.16099166870117,23150061
2024-07-19,53.16099158067611,53.16099158067611,51.52659411183505,51.7846565246582,41875849
2024-07-22,50.92444952040039,51.268531665481994,49.290048666576816,50.408321380615234,54215561
2024-07-23,51.35455131098261,53.16099147872185,50.752403494589,52.30078125,49018239
2024-07-26,50.408319851787866,52.0427206560419,50.23628042518573,51.87067794799805,26381750
2024-07-29,52.042718791961676,52.816909309707995,51.09648885377538,51.612613677978516,25373189
2024-07-30,53.16098986936291,53.677117959836075,51.69863186851786,53.591094970703125,40604876
2024-07-31,53.16099227208141,54.88141275520017,52.902929855901924,54.537330627441406,36224107
2024-08-01,55.31152094438113,56.08570490849604,54.53733041738293,55.569580078125,35042073
2024-08-02,54.62334814975276,57.117959062869254,54.27926275434306,55.13947296142578,67447320
2024-08-05,54.27926407209743,54.36528706375903,51.268528274215356,51.612613677978516,59082169
2024-08-06,52.98895064958251,56.08570626985928,52.300783098570086,52.55884552001953,76390077
2024-08-07,53.16099189197629,55.31152076193995,52.30078165656748,54.70936965942383,48837910
2024-08-08,54.19324470727902,54.365287410257125,52.55884395114951,52.644866943359375,38792708
2024-08-09,54.021201707443694,54.365287111509076,51.010465906917226,52.30078125,62322381
2024-08-12,51.612612506536045,55.05345334030512,51.354550100291675,54.623348236083984,71940075
2024-08-13,54.62334971904261,54.881412132293065,52.64486684220025,53.16099166870117,66427207
2024-08-14,53.419053936750366,54.19324445583899,52.644866699103346,52.988948822021484,39691142
2024-08-15,53.41905444580161,55.397540617561525,53.074972319604576,54.881412506103516,59173552
2024-08-16,55.1394749211117,55.82764573638905,54.62335009109533,54.881412506103516,40269339
2024-08-19,55.48356245770223,55.48356245770223,54.623352187040176,54.79539489746094,16510466
2024-08-20,55.56958217219172,55.99968730752275,54.70937190152967,54.79539489746094,30312460
2024-08-21,55.0534573223712,55.655601886681225,54.02120434128839,54.79539489746094,31057761
2024-08-22,54.79539489746094,55.2254967513502,54.623352187040176,54.79539489746094,13404564
2024-08-23,55.22549448809246,55.31152076193995,54.53733023749537,54.70936965942383,19525214
2024-08-26,54.88141226011086,56.68785571995449,54.62334984625937,55.225494384765625,41149316
2024-08-27,55.225492693811745,55.56957808937256,53.67711825811265,53.9351806640625,34877435
2024-08-28,54.19324464629163,54.27926435696306,53.59109682726673,53.849159240722656,11074742
2024-08-29,53.591099194289534,54.19324703991022,53.50507947981876,54.10722732543945,9973926
2024-08-30,54.53733248412997,55.48356246948242,54.36528977367268,55.48356246948242,31474365
2024-09-02,55.569577780579834,55.569577780579834,53.591094970703125,53.591094970703125,28898520
2024-09-03,53.76313948724666,54.27926431374758,53.16099166870117,53.16099166870117,13968396
2024-09-04,51.26852663724486,52.81690762329871,50.40831643674451,52.214759826660156,30155943
2024-09-05,52.558842005463205,53.84915730787007,52.386802590295495,52.90292739868164,22678495
2024-09-06,52.55884567702509,53.59109864734817,52.300783254804756,53.4190559387207,17018937
2024-09-09,52.472823806430924,52.55884351648778,51.784656281651294,52.12873840332031,19836211
2024-09-10,52.47282375824107,53.07497157241084,51.35455112132097,51.44057083129883,20778541
2024-09-11,52.04272081387843,53.16099349739243,51.61261568318522,52.73088836669922,20634621
2024-09-12,53.677119921605126,54.02120204638777,53.07497210143347,53.33303451538086,22339110
2024-09-13,53.93518262406808,53.93518262406808,53.16099209664291,53.677120208740234,19800404
2024-09-16,53.247012942457005,53.33303265028408,52.81690784043858,53.07497024536133,13366152
2024-09-18,53.24701470313938,54.36528734907612,53.24701470313938,53.849159240722656,23282666
2024-09-19,54.193245218240996,54.537330627441406,53.7631400974613,54.537330627441406,15963859
2024-09-20,55.22549448809246,55.31152076193995,54.0212021273851,54.70936965942383,27791405
2024-09-23,54.79539490909502,55.65560189849794,54.62335219863773,55.48356246948242,31284416
2024-09-24,55.999682044971046,59.354503097861546,55.913662338565224,58.15020751953125,154948783
2024-09-25,59.26848816959025,60.55880355834961,58.150212207512084,60.55880355834961,143623188
2024-09-26,60.81686087594242,64.42974779393548,60.47278203289063,60.98890686035156,207781817
2024-09-27,62.19319908394202,63.139428976132635,61.33298889779003,62.70932388305664,98367390
2024-09-30,62.709328744960345,62.709328744960345,58.66633661885989,59.35450744628906,95685815
2024-10-01,60.30073576268793,61.67707081702174,59.95665035838367,60.64482116699219,59952733
2024-10-04,54.96743354516245,56.42978827204986,54.88141055558927,55.13947296142578,97058191
2024-10-07,55.13947296142578,55.397538648703815,54.02120034850655,55.13947296142578,45390778
2024-10-08,55.225492756840346,55.569578152793866,54.623348236083984,54.623348236083984,25707494
2024-10-09,54.88141042769607,54.88141042769607,53.16099001753982,53.76313781738281,37175950
2024-10-11,53.93518237650178,54.88141232217449,53.763139673259026,54.021202087402344,22396320
2024-10-14,54.19324298386467,54.96743348192506,54.021200286357754,54.4513053894043,15011773
2024-10-15,54.795390633826926,54.967433330861034,54.27926254272461,54.27926254272461,13893212
2024-10-16,54.27926676619865,55.39754274321273,53.763141916378125,54.79539489746094,20728785
2024-10-17,54.88141105193196,56.687854472007906,54.795391343022345,56.34376907348633,40449159
2024-10-18,57.20397958587092,57.20397958587092,56.17172994782049,56.6878547668457,32124876
2024-10-21,57.11795850877417,58.9243986135472,56.773873116702404,58.83837890625,48571468
2024-10-22,59.354503795679875,59.61256948081429,58.15020820319093,58.3222541809082,46409361
2024-10-23,58.752360909985185,59.35450544148466,58.236229525404866,58.924400329589844,26464020
2024-10-24,58.75236110555934,58.75236110555934,57.37601949260784,57.89215087890625,23762687
2024-10-25,57.97816878835665,58.924398695711176,57.97816878835665,58.3222541809082,19074611
2024-10-28,59.44052485574306,60.042675947131755,58.064189817099546,58.58031463623047,28474407
2024-10-29,57.97817144716056,58.064191158522455,56.77387579944418,56.94591522216797,21156642
2024-10-30,57.29000130830413,58.236231270246506,57.11796188354492,57.11796188354492,15926511
2024-11-01,57.63408344813756,60.644819150652204,57.37601776276881,60.21471405029297,85890294
2024-11-04,60.472781056888046,60.81685989438657,58.494294926855844,58.58031463623047,62348958
2024-11-05,58.924400331722204,61.84911640528943,58.924400331722204,60.81686019897461,84699634
2024-11-06,61.0749248536999,61.16094456204399,59.95664895657752,60.90288543701172,37767995
2024-11-07,59.784610361221745,60.472781163194824,58.92440014019697,59.95664978027344,37465012
2024-11-08,60.81686454698105,62.79535082837085,60.472785683159906,61.505035400390625,82728907
2024-11-11,62.27922067041115,62.36524037904701,60.472780537525715,61.76309585571289,54393988
2024-11-12,62.10717602151484,63.569537351202335,61.50503148527384,62.021156311035156,116420189
2024-11-13,62.88136704334988,62.88136704334988,61.16094656849553,61.33299255371094,48545412
2024-11-14,61.50502995830342,62.10717447959512,60.73083945744047,60.90288543701172,42678848
2024-11-15,61.591049111383164,63.05341039158129,61.50502940381457,62.107173919677734,67700888
2024-11-18,62.19320229487775,62.96738625207811,61.677070906233205,62.021156311035156,43830545
2024-11-19,62.623303961328794,64.25769805908203,62.279218575476534,64.25769805908203,91120844
2024-11-20,66.32220458984375,66.32220458984375,66.32220458984375,66.32220458984375,191128986
2024-11-21,67.0103802327432,68.6447810311776,66.5802751048859,68.21467590332031,129154017
2024-11-22,66.49425086891578,67.78456616471972,65.97811950028783,66.66629028320312,83968776
2024-11-25,66.49425449969058,67.2684384691392,64.7738340113455,65.80608367919922,98397785
2024-11-26,65.37597998174952,66.32220995838236,65.28996026803445,65.54801940917969,39890546
2024-11-27,65.54802069121362,65.89210611568728,60.64482472183567,61.67707443237305,99495490
2024-11-28,61.67707119160653,63.225452238937905,61.67707119160653,62.36524200439453,41055770
2024-11-29,63.48351571133723,64.17167993714328,62.36523982043823,62.967384338378906,60502101
2024-12-02,63.99963970188106,64.94586960204957,63.741574018706494,63.91361999511719,42498036
2024-12-03,64.68780717413414,65.54801741082679,64.3437283297637,65.11791229248047,37954909
2024-12-04,64.85985004148833,65.37597484611793,64.34372523685872,65.28995513916016,33952243
2024-12-05,65.20393451089647,65.20393451089647,64.25769805908203,64.25769805908203,25311086
2024-12-06,64.77383174265732,65.54801568499033,64.77383174265732,65.03189086914062,27907523
2024-12-09,67.52649982866035,71.39744567871094,67.09639473421028,71.39744567871094,216405776
2024-12-10,70.96734585969345,71.39745098611583,68.98885965299712,69.2469253540039,113851603
2024-12-11,68.81681765226182,70.02111327375303,67.78456801263115,68.12864685058594,66731336
2024-12-12,68.81681386577449,69.24691895243558,67.26843292864145,67.61251831054688,58997146
2024-12-13,67.87058858331169,70.36519956743626,67.6125228886879,69.16090393066406,99546210
2024-12-16,69.93509612778124,70.10713555306485,66.83833396960908,67.87059020996094,97761331
2024-12-17,67.95660541758771,68.98885502662573,67.52650032000804,67.69853973388672,52001172
2024-12-18,67.69854422179392,68.30069533605335,66.75231425696728,67.87059020996094,46311565
2024-12-19,67.18242053246854,68.38671621870802,66.92436139012804,67.26844024658203,67770558
2024-12-20,67.95660185797303,69.16089738069084,67.35445737805543,68.55874633789062,129298764
2024-12-23,68.38671504869517,68.38671504869517,66.58027483168367,67.87059020996094,99541864
2024-12-24,67.9566082075629,68.90283814850928,67.44048338185425,67.7845687866211,84491508
2024-12-25,68.30069703645887,68.30069703645887,66.58027648925781,66.58027648925781,60393280
2024-12-26,66.83833681467985,67.26844195908032,65.9781265258789,65.9781265258789,45416514
2024-12-27,66.23618822533423,66.58027363258795,64.94587287029525,65.11791229248047,39561555
2024-12-30,65.28995626059427,65.8921007825242,64.34372634204018,64.68780517578125,26369641
2024-12-31,64.60178746304153,65.63404368480268,64.51576775194893,65.11791229248047,21209921
2025-01-02,65.54801209380182,66.92435361117268,65.54801209380182,65.89209747314453,36867398
2025-01-03,66.83833563360784,67.52650647764169,65.97812536000731,66.58027648925781,44743545
2025-01-06,66.58027421153116,66.66629392337175,65.54801798079413,65.80608367919922,40928607
2025-01-07,65.80608594870266,67.95661163330078,65.20394138216861,67.95661163330078,45199448
2025-01-08,67.26843652555746,67.44048250715106,66.58027228783251,66.75231170654297,34598124
2025-01-09,66.58027529191658,66.66629500515299,62.451263427734375,62.451263427734375,83200574
2025-01-10,61.50502940381457,62.45125931283512,60.730838909931215,62.107173919677734,47728756
2025-01-13,61.50503149826571,61.84911690314034,59.78461103677576,60.12869644165039,42710720
2025-01-14,60.300734182248966,61.93513488769531,60.21471447414822,61.93513488769531,24043844
2025-01-15,61.93513680451049,62.193202499682585,60.81686087594242,60.98890686035156,20294694
2025-01-16,60.90288522451624,61.246964056692086,59.87062903933958,60.04267501831055,35407134
2025-01-17,59.784612970147556,59.95665239670683,59.01042242486392,59.18246841430664,33293960
2025-01-20,58.83838012418982,58.83838012418982,57.634084508451515,57.7201042175293,31323686
2025-01-21,58.064191732833635,59.09644140515289,57.63408660888672,57.63408660888672,28318628
2025-01-22,58.06418849577379,58.3222541809082,57.2039782958364,58.3222541809082,21327317
2025-02-03,57.20398303458078,58.752364147888265,56.85989761352539,56.85989761352539,28964296
2025-02-04,57.46204871757862,57.54806843208638,55.2254967630756,55.48356246948242,32798192
2025-02-05,56.257753070774704,58.23623275756836,56.257753070774704,58.23623275756836,33198581
2025-02-06,58.064191732833635,58.064191732833635,57.376020909365224,57.63408660888672,14100655
2025-02-07,58.23622760846136,58.494293292256856,57.63408309678249,57.97816848754883,12988018
2025-02-10,57.97816878835665,58.494293595742484,57.720103103222236,58.3222541809082,17787685
2025-02-11,58.666333010576764,59.26848408826273,58.15020820319093,58.3222541809082,18674249
2025-02-12,59.18246429832176,59.870628519582304,58.75235919895281,58.83837890625,24340041
2025-02-13,58.7523610060107,60.38675518357573,58.06419020070097,60.30073547363281,26189942
2025-02-14,60.3007323464657,60.64481773127646,59.5265418713622,60.4727783203125,19322184
2025-02-17,60.472783339200426,61.505033016420555,60.04267821321147,61.24696731567383,17565542
2025-02-18,61.332995968480056,61.59105511634591,60.90289082581998,61.505035400390625,15346009
2025-02-19,61.763100710654165,61.763100710654165,60.98891014630933,61.67707443237305,11446735
2025-02-20,61.67706890202038,62.623305375198356,61.41900977896704,61.59104919433594,18283079
2025-02-21,61.76309555812215,62.02115468278634,61.419010162353516,61.419010162353516,12608166
2025-02-24,60.816863009936256,62.537283537095796,60.6448235823737,62.27922439575195,25482982
2025-02-25,62.96738472317859,63.22545041123482,62.45125990994921,62.795345306396484,26656466
2025-02-26,63.99964284428317,64.51576767309125,63.3114720306169,63.7415771484375,34508090
2025-02-27,63.913619456246,64.25769828040049,62.19319908394202,62.70932388305664,26524363
2025-03-03,61.33299402989413,62.79534884356347,61.24696775377428,62.451263427734375,15788142
2025-03-04,61.93513858543246,62.62330941709064,61.33299402989413,62.451263427734375,14520531
2025-03-05,62.881364630513524,63.13943031699269,62.10717413395906,62.967384338378906,14301527
2025-03-06,62.96738463576865,63.99964082367753,62.88136492749701,63.31147003173828,16417388
2025-03-07,63.56953660087083,64.9458716409501,63.397490619058956,64.3437271118164,32398911
2025-03-10,64.77383550821499,64.77383550821499,63.48352011213806,63.65555953979492,18882217
2025-03-11,62.70932720740528,63.74157686035616,62.02115639684921,63.397491455078125,28282627
2025-03-12,63.053409270094015,64.17167857436186,62.10717281502051,62.70932388305664,24715099
2025-03-13,64.859855500904,65.37598034897711,63.82759924187425,63.9996452331543,59944109
2025-03-14,63.65555914518698,65.20394023603409,63.65555914518698,63.827598571777344,47993198
2025-03-17,64.34372523685872,65.54801426003347,63.65555445543061,65.28995513916016,45723406
2025-03-18,65.63404650087394,67.09640134084142,64.94587565684009,66.58027648925781,47423576
2025-03-19,66.580270272983,66.92435566287435,66.06414546958744,66.32220458984375,27455813
2025-03-20,66.83833170782637,67.18241710963328,66.58027257863358,67.09639739990234,25443710
2025-03-21,67.3544632875794,67.44048299756014,65.97812167635482,66.06414794921875,24109530
2025-03-24,66.4082260131836,66.92435739280359,66.15016688625671,66.4082260131836,20114598
2025-03-25,66.92435626903129,67.18241539162493,66.58027087602343,67.0103759765625,20112232
2025-03-26,67.18242105562476,67.2684407704081,66.32221078202423,66.58027648925781,16354629
2025-03-27,66.58026823182996,67.01037331528768,65.46199238968683,65.89209747314453,19923780
2025-03-28,66.0641467622778,66.0641467622778,64.51576575891072,64.68780517578125,18868471
2025-03-31,63.655559813477716,64.51577008122742,62.795349545728016,63.9996452331543,26968033
2025-04-01,64.42974311999399,66.58026854747789,64.25769714806562,66.2361831665039,23600690
2025-04-02,66.2361910672409,66.58027648925781,65.72006621565728,66.58027648925781,15364183
2025-04-07,59.95664978027344,59.95664978027344,59.95664978027344,59.95664978027344,4684868
2025-04-08,54.62334990803117,55.31152072100219,54.021202087402344,54.021202087402344,65498372
2025-04-09,51.526593055711345,53.24701348119164,48.687896728515625,48.687896728515625,53042839
2025-04-10,53.50507736206055,53.50507736206055,53.50507736206055,53.50507736206055,11014910
2025-04-11,53.33303232175075,58.83837890625,52.042717023643874,58.83837890625,68550510
2025-04-14,62.79534521922537,64.68780505273372,61.074924802260284,63.31147003173828,125702991
2025-04-15,63.91362081354715,64.85985072583236,62.967384338378906,62.967384338378906,78664007
2025-04-16,62.5372814261499,63.225452238937905,61.50503176985116,62.36524200439453,31480903
2025-04-17,61.50502957088847,61.76309525717827,60.12869455740323,61.07492446899414,37106412
2025-04-18,61.33299206431448,63.99964246648397,61.24696579095157,62.021156311035156,60033451
2025-04-21,59.35450592140327,61.41901178776786,59.01042051652863,60.12869644165039,30823993
2025-04-22,59.61257132812547,60.47278155471958,59.354505634993956,59.784610748291016,26075538
2025-04-23,60.98890505836348,61.50502987057491,60.47278024615205,61.419010162353516,25088239
2025-04-24,61.246965992640405,61.849117093747545,60.98890686035156,60.98890686035156,17838354
2025-04-25,61.849115138765896,61.93513484680986,59.87062903933958,60.04267501831055,25097877
2025-04-28,60.38675557314395,60.38675557314395,59.698591326277906,60.12869644165039,13796410
2025-04-29,60.21471556766395,60.30073527732684,59.26848563560586,59.44052505493164,23525801
2025-04-30,59.61257297826866,59.69859269073255,58.3222576026601,58.49429702758789,26715040
2025-05-02,59.18246668279666,61.07492657111451,59.09644040915046,60.98890686035156,33033850
2025-05-05,61.07492840127667,61.246967827957874,60.214718142103756,60.55880355834961,19521588
2025-05-06,60.64482276444265,61.419013303799446,60.21471763845369,61.24696731567383,16637357
2025-05-07,61.1609441767964,61.332990155283944,60.644819367099814,61.07492446899414,9824380
2025-05-08,60.47278174628167,60.98890657129645,60.38675547304319,60.64482116699219,12094475
2025-05-09,61.24696447813155,62.02115498162048,61.16094476949569,61.76309585571289,20870809
2025-05-12,62.623307699910846,63.225452238937905,62.107176308878216,62.36524200439453,18114519
2025-05-13,68.04262733270895,68.55875215397772,65.28995724402007,67.09639739990234,128331871
2025-05-14,67.52650676455353,69.16090760391562,66.23619134867035,68.30069732666016,111315554
2025-05-15,69.67702642476783,70.27917094155707,67.87058631151713,68.38671112060547,104205508
2025-05-16,68.90283867504192,73.63399497881099,68.81681896391369,72.25765991210938,234592454
2025-05-19,72.42970156500519,73.03185268721403,70.53724161036821,71.655517578125,113688015
2025-05-20,70.96734258229147,72.51572359105835,70.62325718446738,71.82755279541016,62241030
2025-05-21,71.99959643323464,72.42970156500519,70.96734674213874,71.655517578125,57927415
2025-05-22,71.05336678410538,75.52646411290989,69.93509737406687,74.75227355957031,177269156
2025-05-23,74.92431181856887,75.52646293416117,70.53724083529202,71.99959564208984,156331841
2025-05-26,71.82755077316101,72.51572154943428,70.53723548981081,71.39744567871094,55143919
2025-05-27,70.79530476964585,71.65551500226422,69.0748843044091,70.53723907470703,59806965
2025-05-28,71.22540436015055,71.74152914710297,68.73079356651732,69.93508911132812,69320221
2025-05-29,69.41896247812966,69.67702817058138,68.04262743178123,68.47273254394531,84138084
2025-06-02,68.7307962115884,69.50498670325273,68.0426254272461,68.0426254272461,62767219
2025-06-03,68.47273283354153,68.81681823730469,67.18241749159206,68.81681823730469,69964856
2025-06-04,68.73080017724502,68.9028396018155,67.52650451660156,67.52650451660156,59854104
2025-06-05,67.61251988902733,68.04262498572965,63.91361999511719,63.91361999511719,104024907
2025-06-06,63.82759696387663,64.77383347493706,63.05341300083923,63.2254524230957,62183572
2025-06-09,62.881364890766406,63.22545028653504,61.07492476658487,61.419010162353516,83125534
2025-06-10,61.591049111383164,62.62330529085531,61.50502940381457,62.107173919677734,46121525
2025-06-11,62.2792226838289,62.96738693804645,61.67707157814482,62.19320297241211,59869328
2025-06-12,62.19320057488059,62.53727940728358,61.93513488769531,61.93513488769531,41946467
2025-06-13,61.935136966167605,64.25770197724557,61.84911725518013,63.7415771484375,59722853
2025-06-16,63.56953571943626,63.91362111540589,62.96738463576865,63.31147003173828,28911801
2025-06-17,63.139434610740054,65.54801940917969,62.19320463410722,65.54801940917969,64062051
2025-06-18,65.03189057240539,65.80608107408894,64.68780517578125,64.68780517578125,36404888
2025-06-19,65.1179122128868,65.46199761971994,63.655557437450035,63.7415771484375,26525027
2025-06-20,63.7415752244642,64.3437263089677,62.709325598005435,62.795345306396484,47084047
2025-06-23,62.02115670109408,62.709327515025976,61.763097568032066,61.849117279052734,49627149
2025-06-24,62.53727753008156,63.827592801510065,62.53727753008156,62.88136291503906,47636059
2025-06-25,63.13943425939256,63.3974933991018,62.451263427734375,62.451263427734375,48015939
2025-06-26,62.70932712063907,63.22545194640038,62.021156311035156,62.021156311035156,38704428
2025-06-27,62.365243714497964,62.709329130327056,61.93513858543246,62.451263427734375,25866809
2025-06-30,62.45126123420974,62.45126123420974,61.07492618211891,61.160945892333984,36532839
2025-07-01,61.505027634780554,63.05340857801207,61.33298822459163,62.53727722167969,27130481
2025-07-02,62.53727753008156,63.05340888895924,62.10717243960539,62.88136291503906,17236495
2025-07-03,63.053413284480634,63.74157753948546,62.967387010082135,63.56953811645508,22896003
2025-07-04,63.913621504682084,64.25770033986431,62.967385019281636,63.13943099975586,21927182
2025-07-07,63.139428976132635,63.139428976132635,61.67706772194452,62.70932388305664,29536920
2025-07-08,62.70932712063907,62.70932712063907,61.935136600555474,62.021156311035156,36826079
2025-07-09,62.021156311035156,62.40518971269424,61.54111639016828,62.021156311035156,47016643
2025-07-10,61.829142673192734,61.92514919146976,60.19700622558594,60.19700622558594,32977721
2025-07-11,60.10099614245631,60.58103605944849,59.908983105590565,60.00498962402344,21639347
2025-07-14,60.293014629778774,60.77305456100697,59.42894495101643,60.10099792480469,26758599
2025-07-15,60.293014887112655,60.77305482038969,59.81297495383562,59.90898513793945,14123428
2025-07-16,60.00498889935086,61.34910211566187,59.71696568511675,61.15708541870117,25735546
2025-07-17,61.34910425902069,61.63712382090349,60.77305414801309,60.86906433105469,17079979
2025-07-18,61.06107577883143,61.34910265802575,60.38902282714844,60.38902282714844,13488859
2025-07-21,60.19700847049186,60.38902517662063,59.71696853637695,59.71696853637695,14509064
2025-07-22,60.004992453818325,60.48503239344887,58.75688934326172,58.75688934326172,21356220
2025-07-23,59.33293502055859,60.38902507121649,59.23692849886879,59.90898513793945,16365112
2025-07-24,60.48502909628671,61.54111544093886,60.48502909628671,60.58103561401367,22653528
2025-07-25,60.67704579415453,61.349102405484935,60.58103561401367,60.58103561401367,12606827
2025-07-28,60.67704633942409,60.67704633942409,59.81297302246094,59.81297302246094,14736377
2025-07-29,59.81297357394942,60.19700697667701,59.0449104309082,59.0449104309082,14562347
2025-07-30,59.52495214598401,59.62095866835061,58.85289550217557,59.14091873168945,8332797
2025-07-31,59.14091544898197,59.23692562843345,58.37285232543945,58.37285232543945,14202579
2025-08-04,58.27684590348508,58.468862600287466,57.796805992686046,58.18083572387695,9835657
2025-08-05,58.468864542536366,58.660877583303275,58.08483113617458,58.27684783935547,11546416
2025-08-06,58.468862600287466,58.948902511086494,58.18083572387695,58.18083572387695,8776661
2025-08-07,58.18083775834438,58.56487116537804,58.08483123779297,58.08483123779297,8839821
2025-08-08,58.180835534646235,59.04490883623968,58.180835534646235,58.56486892700195,10351056
2025-08-11,58.56486936746384,58.56486936746384,57.89281275699378,57.98882293701172,12101562
2025-08-12,58.084832336000524,59.716968853131284,58.084832336000524,59.14091873168945,24548627
2025-08-13,59.52495214598401,59.908985560278566,58.56487227266168,59.14091873168945,19397642
2025-08-14,59.14091873168945,59.52495214598401,58.94890568695624,59.14091873168945,9272684
2025-08-15,59.23692928289227,59.4289459912273,58.56487263492669,58.75688934326172,9473780
2025-08-18,59.14091535312168,59.524948745477396,58.468862410119954,58.56486892700195,13160283
2025-08-19,58.46886474779542,58.46886474779542,57.796808115509975,57.89281463623047,11827279
2025-08-20,57.89281275699378,58.37285266984184,56.83672641369359,57.98882293701172,19728618
2025-08-21,58.08482920668269,58.66087563467598,57.89281250988031,58.18083572387695,6871303
2025-08-22,58.08482984465605,58.08482984465605,57.22075653076172,57.22075653076172,13719368
2025-08-25,57.31676706133611,57.412773580170956,56.5487039234155,56.836727142333984,16579611
2025-08-26,56.83672724118909,57.220756979610364,56.26067713993627,56.644710540771484,19911924
2025-08-27,56.54870422049204,56.932733960262865,56.164670818307265,56.260677337646484,12804201
2025-08-28,56.26067723845513,57.60479048131813,56.26067723845513,56.452693939208984,18253300
2025-08-29,56.356686267025324,56.54870296385066,55.3966064453125,55.3966064453125,23733327
2025-09-01,56.35668854693273,56.64471177261577,54.82055857259983,54.916568756103516,16762671
2025-09-02,54.91656707060279,55.30059680558885,54.436527155059785,54.628543853759766,10998491
2025-09-03,54.62854542828709,55.300598399486375,54.62854542828709,55.108585357666016,7549581
2025-09-04,55.396608124892545,55.97265457041995,55.300597942361996,55.68463134765625,12901373
2025-09-05,56.06866295690876,56.06866295690876,55.204589653882444,55.588623046875,8586389
2025-09-08,55.49261296251824,55.87664635616891,55.10858323128143,55.3966064453125,11075142
2025-09-09,55.49261325181029,55.684629949636644,54.820556640625,54.820556640625,12742317
2025-09-10,54.72455225829745,55.108585668935326,54.340518847659574,54.532535552978516,13313034
2025-09-11,54.62854470699912,54.820557746284244,53.28443145751953,53.28443145751953,21142343
2025-09-12,53.28443081611026,54.244510650634766,53.28443081611026,54.244510650634766,11709964
2025-09-15,54.53253612839191,54.62854631327147,53.668466438960294,53.76447296142578,7486909
2025-09-16,53.860479483891275,54.05249619123632,53.572456254080734,53.76447296142578,7674152
2025-09-17,54.052494147594956,55.20459068569219,53.764470928674136,53.860477447509766,13492322
2025-09-18,53.95648762875933,54.244510847680154,53.764470928674136,53.860477447509766,7365280
2025-09-19,54.244510209559834,55.39660673410406,53.7644702962009,54.820556640625,18404339
2025-09-22,54.340517620462485,54.340517620462485,53.476447959661996,53.66846466064453,18476333
2025-09-23,53.57245297958734,53.57245297958734,52.99640655517578,52.99640655517578,15453605
2025-09-24,52.99640664956374,53.47644655823295,52.80438995361328,52.80438995361328,13020743
2025-09-25,52.90039647038158,53.764469770951706,52.80438995361328,52.80438995361328,9824946
2025-09-26,52.80439298539429,52.80439298539429,50.88423324047086,51.17225646972656,19912035
2025-09-30,51.556288188491415,51.556288188491415,50.88423156738281,50.88423156738281,18985117
2025-10-01,51.07624675814073,51.26826345312597,50.21217346191406,50.21217346191406,16643881
2025-10-02,49.92415078172406,50.30818417577979,49.25209417333346,49.44411087036133,16450643
2025-10-03,49.54011896796146,50.59620900409628,49.54011896796146,49.92415237426758,15285040
2025-10-07,50.116169179795676,50.30818588334098,49.73213577270508,49.73213577270508,10074207
2025-10-08,49.828144168582384,49.92415068570473,49.444110775265266,49.63612747192383,7733624
2025-10-09,49.73213418109202,49.82814436099899,49.25209426879883,49.25209426879883,9874954
2025-10-13,48.0999993852092,49.82814605826046,48.0999993852092,49.54011917114258,16402107
2025-10-14,49.92415130555826,54.436527252197266,49.82814478724391,54.436527252197266,90807029
2025-10-15,53.47644776652344,53.47644776652344,50.980237987593824,51.07624816894531,75755113
2025-10-16,51.17225646972656,51.74830659065203,50.9802397627514,51.17225646972656,18335774
2025-10-17,51.748306018839926,54.34051871591169,51.748306018839926,51.9403190612793,58817539
2025-10-20,53.18842398592096,53.476447202107614,51.65229406223564,51.84431076049805,19156856
2025-10-21,52.324350772905184,52.324350772905184,51.65229415893555,51.65229415893555,12247010
2025-10-22,51.94031931780175,52.996409368504224,51.65229609030618,51.74830627441406,21912843
2025-10-23,51.65229406223564,52.42035719287135,51.55628754431139,51.84431076049805,10364153
2025-10-27,52.42035888834421,52.612375592817166,51.84431243733938,52.1323356628418,13886450
2025-10-28,52.61237503196248,53.18842513924056,52.51636851195646,52.90039825439453,16953837
2025-10-29,53.18842429762338,54.43652735002245,52.804390898848006,54.244510650634766,27066639
2025-10-30,54.72455024719238,58.85289277897148,54.72455024719238,57.60478973388672,118373625
2025-10-31,57.02874297311772,57.50878288480251,55.20458984375,55.20458984375,48517515
2025-11-03,55.9726536202961,56.45269353755835,54.244510650634766,54.244510650634766,25984937
2025-11-04,54.24450958301006,54.7245494908243,52.90039637616462,52.99640655517578,16007657
2025-11-05,52.22834574356366,52.708385672594886,51.94031885621371,52.3243522644043,16465827
2025-11-06,52.612373257662824,53.284429862282494,52.32435004494407,52.80438995361328,12374340
2025-11-07,52.42035888834421,53.28443222726548,52.1323356628418,52.1323356628418,10677404
2025-11-10,51.84431140827683,51.84431140827683,50.69221486672122,50.88423156738281,13718267
2025-11-11,50.88423371165913,51.07625042041236,50.59621047973633,50.59621047973633,9467480
2025-11-12,51.748306018839926,52.70838588069288,51.46027913035282,51.9403190612793,18141275
2025-11-13,51.94031718190082,52.4203570954578,51.74830414640913,52.03632736206055,12246062
2025-11-14,51.65229619473951,53.18842618184511,51.46027948854956,51.55628967285156,16599969
2025-11-17,51.4602798053875,51.4602798053875,50.78822682320594,50.98023986816406,11954498
2025-11-18,50.788225915549376,51.74830577283829,49.54011917114258,49.54011917114258,25940477
2025-11-19,49.82814426441706,51.172253818784384,49.25209417333346,49.44411087036133,23886323
2025-11-20,49.82814605826046,50.59620921160879,49.54011917114258,49.54011917114258,17271056
2025-11-21,49.06007970281644,50.02015956911354,48.77205647541011,48.964073181152344,26665179
2025-11-24,49.252093649401694,50.4041901568993,48.772053743145506,50.21217346191406,26748192
2025-11-25,50.308184273292184,50.40419079078527,49.25209426879883,49.25209426879883,16075894
2025-11-26,49.8281474131032,51.17225705240604,49.636130703941625,50.40419387817383,25850186
2025-11-27,50.4041902510393,50.692213462848194,49.54011695319881,50.02015686035156,16566066
2025-11-28,50.116169077420636,50.308185780573695,49.54011896796146,49.92415237426758,9518806
2025-12-01,49.73213547025991,50.59620879975192,49.73213547025991,50.30818557739258,9520123
2025-12-02,50.116169077420636,50.692215524465816,49.92415237426758,49.92415237426758,12430038
2025-12-03,50.11616728671755,50.30818398300965,49.73213389413335,49.82814407348633,7272730
2025-12-04,50.21217716901225,51.26826723819388,50.21217716901225,50.40419387817383,18715560
2025-12-05,50.404190596144204,50.78822398946132,49.54011729238761,49.63612747192383,13970748
2025-12-08,49.636129714846014,49.636129714846014,48.676049850583674,49.156089782714844,14744310
2025-12-09,48.86806712892199,48.86806712892199,48.292017006161686,48.38802719116211,20034528
2025-12-10,48.388026933875615,48.77205668459313,48.19601022730983,48.580039978027344,12382588
2025-12-11,48.388025061313115,48.77205479716911,48.29201488053868,48.676048278808594,11751280
2025-12-12,48.86806676387306,49.25209651376378,48.772056579589844,48.772056579589844,10235764
2025-12-15,49.15608775130574,49.54011748369197,48.868064536412604,49.25209426879883,13064474
2025-12-16,49.44411087036133,49.73213408469619,48.8680644416916,49.44411087036133,11462070
2025-12-17,49.44411265037929,49.92415257902375,49.2520959464387,49.54011917114258,16579984
2025-12-18,49.34810489457398,49.34810489457398,48.58003809803416,48.676048278808594,12427604
2025-12-19,48.772053743145506,50.21217346191406,48.772053743145506,50.21217346191406,48310597
2025-12-22,50.21217706222987,50.59621047973633,49.92415383030707,50.59621047973633,10814339
2025-12-23,50.596208446508804,50.98023818616879,50.596208446508804,50.69221496582031,7260764
2025-12-24,51.36427186223383,54.052494703849256,51.36427186223383,53.09241485595703,45167074
2025-12-26,53.18842449083248,53.95648762875933,52.99640779074729,53.860477447509766,24158141
2025-12-29,54.148505908144486,54.62854584115139,53.76447249677335,54.340518951416016,15708702
2025-12-30,53.95648753041163,54.052494049072266,53.18842439388475,54.052494049072266,13146517
2025-12-31,54.052494500686635,54.14850468256338,53.284431357742505,53.47644805908203,11054881
2026-01-02,54.43652960592642,54.62854631327147,53.47644973161525,53.76447296142578,12905268
2026-01-05,54.14850524902011,54.14850524902011,52.51636876418106,52.7083854675293,13220179
2026-01-06,52.80439153447882,53.47644815921861,52.70838501483626,53.28443145751953,15086111
2026-01-07,53.28443191540061,55.3966083274128,53.28443191540061,55.30059814453125,32449336
2026-01-08,55.68463050320059,56.35668712106683,53.95648753041163,54.052494049072266,21679102
2026-01-09,54.34051931451141,54.9165694354172,53.572456149051085,53.95648956298828,12962920
2026-01-12,53.95648762875933,53.95648762875933,52.99640779074729,53.860477447509766,10737162
2026-01-13,54.244513377537,54.820559842244315,52.90040007666778,53.18842697143555,13653633
2026-01-14,53.28443349474873,53.57245672710239,52.90040007666778,53.18842697143555,8136420
2026-01-15,53.57245467886117,53.76447138056025,52.80439153447882,53.28443145751953,9173402
2026-01-16,53.38043864330741,53.476448826562056,51.74830581453242,52.3243522644043,22815015
2026-01-19,51.84431076049805,52.228344157022846,51.26826432812474,51.84431076049805,19429192
2026-01-20,52.32435180953043,53.57245488167864,52.228345289524405,52.90039825439453,17281004
2026-01-21,52.99640655517578,53.95648637080428,52.70838334297,52.99640655517578,17886731
2026-01-22,53.57245467886117,54.14850478395841,53.09241475582046,53.28443145751953,12534942
2026-01-23,53.28443222726548,53.28443222726548,51.74830591630992,52.1323356628418,17616183
2026-01-26,51.84431243733938,52.1323356628418,51.172255802891065,52.1323356628418,10288267
2026-01-27,52.13233602360348,52.42035925109904,51.364272862810616,51.74830627441406,10133920
2026-01-28,52.03632692557983,52.99640674464066,52.03632692557983,52.61237335205078,15325084
2026-01-29,52.61237538662,52.61237538662,52.036328937872796,52.5163688659668,9680235
2026-01-30,52.70838452628147,52.70838452628147,51.17225458934121,51.26826477050781,11920424
2026-02-02,50.59620685188454,50.884230063155485,50.02015676692882,50.21217346191406,10595504
2026-02-03,50.59620879975192,50.88423202211126,50.21217539499681,50.30818557739258,6947391
2026-02-04,50.116168525123356,51.17225488720576,50.020158343397895,50.69221496582031,6959801
2026-02-05,51.17225488720576,51.55628828927969,50.69221496582031,50.69221496582031,6983795
2026-02-06,50.3081856785939,50.3081856785939,49.636129050127515,50.11616897583008,9637351
2026-02-09,50.3081856785939,50.500198718943736,49.924152273066255,50.11616897583008,5818118
2026-02-10,50.78822514754577,50.98023818616879,50.404191745471834,50.69221496582031,7866120
2026-02-11,50.50019982652055,51.17225646972656,50.40419330424,51.17225646972656,8086743
2026-02-23,52.036328390096465,53.76447138056025,51.94031820803994,53.28443145751953,34328041
2026-02-24,53.476447959661996,53.86047769921312,53.28443125867946,53.66846466064453,13746909
2026-02-25,54.052494049072266,54.14850423014683,53.47644761228059,54.052494049072266,14889461
2026-02-26,54.148505498908165,55.396608582810565,54.052495315583975,55.108585357666016,32906215
2026-03-02,59.428942873758686,60.3890227026568,56.35668668880195,57.60478973388672,79359605
2026-03-03,58.66087608070908,63.36526870727539,58.56486956278483,63.36526870727539,174595665
2026-03-04,66.14950326309157,67.10958311502372,60.58103719195384,61.06107711791992,286411698
2026-03-05,61.63712208532767,64.3253485361735,56.93273312117526,57.60478973388672,140067834
2026-03-06,59.42894439602686,60.485030769900796,57.41277450624843,58.27684783935547,62195425
2026-03-09,59.044912209322845,62.405191765950974,56.740719048383646,59.14091873168945,165716908
2026-03-10,57.60478973388672,58.468863044860576,56.93273312117526,57.60478973388672,52026915
2026-03-11,58.08483103522362,59.0449108870455,57.892814332376446,58.46886444091797,29594447
2026-03-12,59.33293320224178,60.38902322053475,58.66087658376697,59.62095642089844,38039830
2026-03-13,59.71696665634671,60.10099639410005,56.740716961085205,56.836727142333984,44881180
2026-03-16,57.50878556139602,58.756888657383314,56.83672892127546,56.932735443115234,30197416
2026-03-17,57.508786145454415,57.508786145454415,55.87664962070397,56.1646728515625,28641965
2026-03-18,55.78063954159099,56.45269618981546,54.91656984737162,55.97265625,30354959
2026-03-19,56.164670319683786,56.836726936333726,54.244510650634766,54.244510650634766,29692064
2026-03-20,54.244510847680154,54.34051736651578,52.90039760949772,53.860477447509766,50782862
2026-03-23,49.540118422012455,51.94031802893968,49.540118422012455,50.69221496582031,25926597
2026-03-24,51.07624872448882,51.26826542686637,49.92415217263746,50.30818557739258,19452335
2026-03-25,51.26826644477365,51.65229619473951,50.596209804315826,51.55628967285156,12377724
2026-03-26,52.036328313165455,52.132334832666075,50.50019836425781,50.50019836425781,12466859
2026-03-27,50.30818557739258,51.55628864922572,50.21217539499681,50.30818557739258,15007129
2026-03-30,50.40419164693581,51.84431140827683,50.11616842715039,50.88423156738281,17306028
2026-03-31,51.17225545114147,51.26826563392499,49.82814585389804,49.92415237426758,15610906
2026-04-01,50.50020029415266,50.88423371165913,50.308187247813535,50.59621047973633,11181361
2026-04-02,50.692213462848194,50.78822364172705,49.73213364854268,50.02015686035156,11225041
2026-04-07,50.116167382363294,50.21217389948564,49.54011729238761,49.63612747192383,13311467
2026-04-08,50.116167382363294,50.116167382363294,49.2520940786067,49.63612747192383,21280893
2026-04-09,49.54011748369197,49.82814436099899,49.06007757139878,49.25209426879883,14906454
2026-04-10,49.06007757139878,49.3481044487058,48.772054356505635,49.25209426879883,17492817
2026-04-13,49.348106804290495,49.348106804290495,48.29201674938569,48.580039978027344,17195924
2026-04-14,48.676050421335226,48.86806712892199,48.38802719116211,48.38802719116211,18800670
2026-04-15,48.48403104763587,49.540117387668325,48.38802453032887,49.44411087036133,18542837
2026-04-16,49.636129820043124,49.636129820043124,48.77205647541011,48.964073181152344,12648543
2026-04-17,48.96407149630407,49.06007801466459,48.48403157967364,48.676048278808594,12593366
2026-04-20,48.67604857503157,48.77205509397635,48.099998474121094,48.099998474121094,15846282
2026-04-21,48.19600836217816,48.96407149630407,48.19600836217816,48.676048278808594,14007744
2026-04-22,48.676048376767476,48.77205489532121,48.29201497772471,48.484031677246094,10654978
2026-04-23,49.34810519488683,49.82814511443859,47.95598869570393,48.099998474121094,30060687
2026-04-24,48.292015174424584,48.48403187472808,47.90798543623154,48.099998474121094,15074299
2026-04-27,48.0039934122843,48.09999993414325,47.13992006589756,47.379940032958984,19717872
2026-04-28,47.37993904194063,48.388025812444276,47.09191581997415,47.52395248413086,14465885
2026-04-29,47.52395347816146,47.955990151354825,47.23593025017056,47.379940032958984,8965814
2026-04-30,47.427947214461646,47.71597044402031,47.13992032248892,47.18792724609375,11343736
2026-05-04,47.23592994117256,48.388026508013645,47.23592994117256,47.955989837646484,18644987
2026-05-05,47.859978514345215,48.86806527533506,47.37993859479345,48.099998474121094,14927613
2026-05-06,48.388026933875615,48.580039978027344,47.81197681417825,48.580039978027344,17879398
2026-05-07,48.86806497794355,48.96407149630407,48.29201488053868,48.676048278808594,14985102
2026-05-08,48.676048830080326,48.676048830080326,47.811975505394074,47.90798568725586,17006713
2026-05-11,48.2920166454159,48.86806676387306,48.09999993926351,48.772056579589844,17587837
2026-05-12,48.964071794279846,48.964071794279846,48.00399195517632,48.099998474121094,10660628
2026-05-13,48.09999812451879,48.09999812451879,47.235928473054244,47.283931732177734,17650824
2026-05-14,47.18792460791827,47.23592786642528,46.37185456364371,46.65987777709961,22510459
2026-05-15,46.94790600528106,46.94790600528106,46.08383267761028,46.1318359375,18816856
2026-05-18,45.79581100837383,47.33193735140454,45.45978085292617,46.61187744140625,13678238
2026-05-19,47.043912560048724,48.484032332295115,46.32385267392553,47.52395248413086,19005980
2026-05-20,47.95598859765,48.772054994253836,47.47594867907976,48.292015075683594,23840423
2026-05-21,48.29201453854961,49.06007766723633,47.9559880642535,49.06007766723633,19699365
2026-05-22,49.828145207364976,51.748304889153005,49.732135025827205,50.88423156738281,44114173
2026-05-25,50.884232331562885,50.98023885212854,48.96407262093787,49.73213577270508,29649629
2026-05-26,49.73213567111452,50.884232227618874,49.54011896796146,49.92415237426758,14789041
2026-05-27,49.63612870151035,51.65229491033506,49.15608877917933,50.50019836425781,32563336
2026-05-28,50.78822354686978,51.364269969411666,49.924150250643116,50.21217346191406,16053586
2026-05-29,50.88423371165913,51.17225694358193,50.308187247813535,50.59621047973633,29605516
2026-06-01,51.46027872697273,53.476448618508265,51.46027872697273,52.7083854675293,50001667
2026-06-02,52.80439078784745,52.80439078784745,50.788224604549754,51.46027755737305,71642523
2026-06-03,51.748306379041516,53.09241599754311,50.78822651050579,51.55628967285156,61288074
2026-06-04,51.940317826625076,52.2283447082656,50.59620824942969,51.07624816894531,54675989
2026-06-05,51.652295631277774,52.99640889753083,51.17225570224654,52.3243522644043,78370226
2026-06-08,49.92415068570473,50.50019711326655,49.06007738194814,49.63612747192383,66520875
2026-06-09,50.02015909978704,50.500199028431496,49.06007924249812,49.54011917114258,61816379
2026-06-10,49.82814673949793,50.02015978364967,48.484033455951476,48.580039978027344,56577118
2026-06-11,48.96407114955569,49.25209436501148,48.00399132309382,49.06007766723633,52319690
2026-06-12,49.73213547025991,51.172255244470605,49.34810572791878,50.30818557739258,30569567
2026-06-15,51.55628944337071,51.55628944337071,49.156089782714844,49.156089782714844,39336597
2026-06-16,49.15608988689457,49.636129820043124,48.19601002059746,48.964073181152344,32494093
2026-06-17,49.06007924249812,50.02015909978704,48.29201608914978,49.54011917114258,34437726
2026-06-18,49.54011748369197,50.40419079078527,49.25209426879883,49.25209426879883,34369925
2026-06-22,49.924150250643116,50.59620685188454,49.34810382810123,50.21217346191406,37822686
2026-06-23,50.59620748818532,50.69221400567841,49.15608775130574,49.25209426879883,19770689
2026-06-24,49.348106129616,50.02015909978704,49.15608942567541,49.54011917114258,15406604
2026-06-25,49.5401194267948,49.92415283665778,49.156089679345854,49.348106384277344,11359794
2026-06-26,49.34810519488683,49.34810519488683,48.099998474121094,48.099998474121094,23806630
2026-06-29,48.772056269482874,49.63612961046756,48.388026522033925,49.348106384277344,17908688
2026-06-30,49.82814585389804,50.116169077420636,49.44411244759193,49.92415237426758,13851326
2026-07-01,50.020157847925454,50.020157847925454,48.58003809803416,48.676048278808594,16771559
2026-07-02,49.15608988689457,49.252096408558664,48.48403324800379,48.964073181152344,10500312
2026-07-03,49.15608902554122,51.460278466829955,49.15608902554122,50.30818557739258,43146460
2026-07-06,50.88423156738281,51.460278006953644,50.500198166059626,50.88423156738281,19228903
2026-07-07,50.02015749369821,50.116167673792724,49.06007766723633,49.06007766723633,22189278
2026-07-08,49.15608713311599,50.21217346191406,49.15608713311599,50.21217346191406,14696953
2026-07-09,50.404192507668206,50.404192507668206,49.44411265037929,49.54011917114258,11713810
2026-07-10,49.54011917114258,49.54011917114258,49.54011917114258,49.54011917114258,0
2026-07-13,49.34810519488683,49.34810519488683,48.099998474121094,48.099998474121094,33841022
2026-07-14,49.0,49.400001525878906,47.25,48.0,34566654
2026-07-15,48.099998474121094,50.20000076293945,48.099998474121094,50.20000076293945,20052492
2026-07-16,49.900001525878906,50.599998474121094,49.79999923706055,50.20000076293945,10353759
2026-07-17,49.5,50.29999923706055,49.20000076293945,49.20000076293945,16192530
2026-07-20,49.900001525878906,50.70000076293945,48.95000076293945,49.0,17525277
2026-07-21,49.79999923706055,51.29999923706055,49.70000076293945,50.900001525878906,27659772
