date,open,high,low,close,volume
2021-07-22,50.010086949890855,51.2861672157392,49.82778933683597,51.10386657714844,58825886
2021-07-23,51.22539674365535,51.6507568359375,50.37468261016286,51.6507568359375,67617210
2021-07-26,51.776738667849955,52.09168165457862,49.4461555480957,49.4461555480957,101431425
2021-07-27,49.1941981832537,49.32017411744134,47.619480188550924,48.123390197753906,65717107
2021-07-28,47.68246810007706,48.12339014167238,46.80062715311261,47.61948013305664,46285136
2021-07-29,48.12339077510618,48.375345782730456,47.30453778438383,47.74545669555664,30156028
2021-07-30,47.74545664558048,47.87143571737388,46.86361568793166,47.241546630859375,42644335
2021-08-02,47.24154642153183,48.186378479003906,46.926603447783215,48.186378479003906,27701960
2021-08-03,48.3753452023554,48.3753452023554,47.68246815564475,48.123390197753906,14151433
2021-08-04,48.18638167456443,48.37534872583576,47.74545960034015,48.06040573120117,15575995
2021-08-05,47.871438679929845,48.1233937028828,47.74545960034015,48.06040573120117,14072581
2021-08-06,48.06040411768109,48.18638005681499,47.556494088692816,47.871437072753906,14843788
2021-08-09,47.745454508189034,48.12338857042425,47.24154451602616,47.93442153930664,25701645
2021-08-10,47.871437072753906,48.50132304087607,47.74545799739367,47.871437072753906,16820228
2021-08-11,48.75327753190877,50.26500760264221,48.564310489010516,49.8870735168457,59587654
2021-08-12,50.32799430465415,50.32799430465415,49.25718631556272,49.6351203918457,23204844
2021-08-13,49.50914542193463,49.635124503206086,48.942247396779266,49.1942024230957,19252420
2021-08-16,48.94224349773633,48.94224349773633,47.87143550525529,48.186378479003906,26224909
2021-08-17,48.186378479003906,48.186378479003906,48.186378479003906,48.186378479003906,0
2021-08-18,48.62730031680711,49.32017422885678,48.501321246108674,49.13121032714844,22272426
2021-08-19,48.753274883355196,49.06821784692527,48.312355988847536,48.501319885253906,30149109
2021-08-20,48.62730052398771,48.81626442650114,47.61948049901115,48.186378479003906,26195000
2021-08-23,48.87925973936376,49.95006782405512,48.81626863020871,49.76110076904297,43471894
2021-08-24,49.761095765533426,50.64293670654297,49.32017372691556,50.64293670654297,38808053
2021-08-25,50.894893646240234,51.0208727204514,50.20201971487088,50.894893646240234,24833213
2021-08-26,50.705928851616775,51.27282683507728,50.3279947718256,51.2098388671875,22513295
2021-08-27,51.02087810511466,52.59559631347656,50.95789012947458,52.59559631347656,37536492
2021-08-30,52.78455800497316,53.41444396972656,52.28064797867991,53.41444396972656,33559135
2021-08-31,52.91053456013153,53.54042053222656,52.65858268027459,53.54042053222656,45283378
2021-09-01,53.28847245250397,53.855370495061685,52.910538333314435,53.03651428222656,28564274
2021-09-02,52.973523437363475,52.973523437363475,51.83972741368356,52.09168243408203,37867063
2021-09-03,52.53260299182653,53.54041990818672,52.40662391714007,53.41444396972656,49380050
2021-09-06,53.8364660196846,55.014357328436,53.21287761019018,53.49003219604492,60360780
2021-09-07,53.76718066098804,54.3214835618073,53.35145505348672,54.11362075805664,23416044
2021-09-08,54.04433050820994,54.04433050820994,53.074308244825914,53.628604888916016,35378145
2021-09-09,53.282171054472876,53.628604888916016,52.72786813793008,53.628604888916016,23514494
2021-09-10,53.69789969488545,54.044333548819445,53.35145956849841,53.76718521118164,16101401
2021-09-13,54.46005511644367,56.954408785899105,54.252192310655715,56.40011215209961,54938473
2021-09-14,56.74654588236644,57.64728888753111,55.91509466064679,55.9843864440918,31986263
2021-09-15,55.776523734735754,56.4693976632114,55.49936914538343,56.40011215209961,28247266
2021-09-16,55.98439188783898,56.74655140022363,55.63795175428485,55.91510009765625,20093269
2021-09-17,55.915099074693295,56.05367638007032,54.598636627197266,54.598636627197266,50896221
2021-09-22,53.14359371309718,53.83646765386084,52.72786809414845,53.42074203491211,48232713
2021-09-23,54.04433050820994,54.113622293060715,53.49003386411984,53.628604888916016,19420010
2021-09-24,54.11362065677203,54.18290616707507,53.49003224668723,53.69789505004883,18185118
2021-09-27,53.76717842067685,54.252189518401984,53.628601133132996,53.836463928222656,15225873
2021-09-28,53.62860326729329,53.76718056035186,53.143592150267054,53.69789505004883,14324909
2021-09-29,53.420741151705485,53.69789574139089,53.00501553962995,53.143592834472656,22302928
2021-09-30,53.49003293535313,53.49003293535313,53.00501553962995,53.143592834472656,17870796
2021-10-01,53.005017679520826,53.074309465965875,51.8271294431625,52.242855072021484,40772273
2021-10-04,52.45071303731284,52.58929032493846,51.27282490985184,51.54997634887695,25076016
2021-10-05,51.411398943030825,51.411398943030825,50.37208496935922,51.13425064086914,28608551
2021-10-06,51.61926571958157,52.17356863911509,51.064965936274405,51.757843017578125,26895636
2021-10-07,52.3121452331543,53.005019210447045,52.10428241272117,52.3121452331543,26817048
2021-10-08,52.72786850981178,52.72786850981178,51.96570591447295,52.17356872558594,12078002
2021-10-12,51.549977241717244,51.827125549316406,50.99567435406655,51.827125549316406,19184343
2021-10-13,51.896414138841514,52.242851091083146,51.34211438800966,51.6192626953125,14757607
2021-10-14,51.96570193930155,52.03498744688824,51.342113553664646,51.54997634887695,12007482
2021-10-15,51.96570670407805,52.31214368245492,51.688555239640706,52.03499221801758,20006254
2021-10-18,52.31214368245492,52.52000649672633,51.96570670407805,52.03499221801758,16255714
2021-10-19,52.10427699314175,52.312139791954216,51.688551395516825,51.827125549316406,17464447
2021-10-20,51.89641561141818,51.965704258323065,51.3421158448579,51.480690002441406,19756621
2021-10-21,51.2728257978919,52.173565638154635,51.203537152879015,51.827125549316406,25735943
2021-10-22,51.827128443062335,52.034991253480726,51.20354001180714,51.34211730957031,18270700
2021-10-25,51.34211444290478,51.96570283934217,51.34211444290478,51.827125549316406,10657600
2021-10-26,51.89641959228805,52.3121452331543,51.619268119635045,52.3121452331543,17099364
2021-10-27,51.89641341291517,52.10427620859781,51.5499764655195,51.965702056884766,17940657
2021-10-28,51.965702783780316,51.965702783780316,51.54997718659988,51.6192626953125,12481513
2021-10-29,50.926392434328434,51.13425524779008,50.718529620866796,50.99567794799805,53101767
2021-11-01,51.064960347768825,51.27282313578898,50.579946130313125,50.649234771728516,29743042
2021-11-02,50.649240010005116,50.92639146810439,50.09494023003291,50.30280303955078,36436967
2021-11-03,50.30280387248401,50.57995219894607,50.16422657302658,50.37208938598633,17384120
2021-11-04,50.44137568167701,50.579949838440946,50.23351287841797,50.23351287841797,16834978
2021-11-05,50.37208703518191,50.44137568167701,49.887072782168744,50.23351287841797,18648351
2021-11-08,50.2335153440475,51.06496659789406,50.16422669415149,50.99567794799805,21019175
2021-11-09,51.134248989184215,51.134248989184215,50.579946130313125,50.649234771728516,19006499
2021-11-10,50.64924470969813,50.857107538503385,50.44138188089288,50.5799560546875,19626343
2021-11-11,50.71853336470876,50.857107538503385,50.44138188089288,50.5799560546875,18379063
2021-11-12,50.92638856856968,50.99567407697991,50.64923712625024,50.787811279296875,17780399
2021-11-15,50.926390186700175,51.75784140385077,50.85710153986221,51.2728271484375,22811254
2021-11-16,51.41140130588718,51.48068995272515,50.78781289302423,51.2728271484375,22731890
2021-11-17,51.27282748684777,52.727867126464844,51.27282748684777,52.727867126464844,50199512
2021-11-18,52.727867174619334,53.49003288688472,52.38143021027907,52.93572998046875,39262039
2021-11-19,52.86644267960491,52.86644267960491,51.827125549316406,51.827125549316406,36109744
2021-11-22,51.54997634887695,51.89641329548874,51.41139906125133,51.54997634887695,23341799
2021-11-23,51.480690002441406,52.03498976900168,51.3421158448579,51.480690002441406,26550399
2021-11-24,51.54997634887695,52.31213888591335,51.48068770506414,51.54997634887695,20812062
2021-11-25,51.68855280692979,51.8271269645133,51.41140135553652,51.480690002441406,15172729
2021-11-26,51.757839929403,52.03498823640711,51.411399841308594,51.411399841308594,38892749
2021-11-29,51.1342544116251,51.27282857292471,50.57995149397394,50.9263916015625,29466772
2021-11-30,51.064960347768825,51.203534494373585,50.579946130313125,50.649234771728516,54602956
2021-12-01,50.64924022943354,51.61926563264394,50.579951580551956,51.34211730957031,19548432
2021-12-02,50.99567945718429,51.34211958069064,50.85710528951764,51.06496810913086,17170153
2021-12-03,51.34211427688234,51.68855122837413,51.20353698730469,51.20353698730469,21879752
2021-12-06,51.20354001180714,51.41140282222554,50.857103039851935,51.34211730957031,19805405
2021-12-07,51.48069164313386,52.17356872558594,51.20354018290776,52.17356872558594,25469287
2021-12-08,52.1735627495472,52.65857696533203,51.96569996224313,52.65857696533203,29467629
2021-12-09,52.38142553685127,52.7971479752334,52.31213689567458,52.65857696533203,18349575
2021-12-10,52.727864771070564,52.93572756744476,52.52000197469638,52.589290618896484,16851300
2021-12-13,53.005021574524484,53.28217619576537,52.31214756632886,52.450721740722656,23951050
2021-12-14,52.17356716237136,52.2428526731822,51.827127063412114,51.89641571044922,18021555
2021-12-15,51.75783768360569,51.89641183109495,51.54997489425879,51.68854904174805,16725686
2021-12-16,51.757841552601285,51.965704357486324,51.619264258527075,51.89641571044922,13749979
2021-12-17,51.89641561141818,52.10427841590657,51.480690002441406,51.480690002441406,112206582
2021-12-20,51.54998011998871,51.89641709194392,51.272828660688724,51.34211730957031,20565309
2021-12-21,51.41139995169148,52.03498834812887,51.41139995169148,51.827125549316406,15075186
2021-12-22,51.96570193930155,51.96570193930155,51.54997634887695,51.54997634887695,14090127
2021-12-23,51.61926275050394,51.96570283934217,51.549977241717244,51.827125549316406,10902853
2021-12-24,51.96570440647456,52.45071552751269,51.827127112269714,52.104278564453125,14329004
2021-12-27,52.31214136953412,52.38143001663654,52.104278564453125,52.104278564453125,11271646
2021-12-28,52.312139178322184,52.589290618896484,52.104276381948,52.589290618896484,20543507
2021-12-29,52.79715190271334,53.07430648803711,52.658580882503934,53.07430648803711,23499090
2021-12-30,53.14359194663589,53.282169239163466,52.79715185154318,52.8664436340332,15946900
2022-01-03,53.00501683381152,53.074308619151,51.96570591447295,52.17356872558594,18284040
2022-01-04,52.38143153669892,52.52000569869879,52.0349914273597,52.17356872558594,14444799
2022-01-05,52.10428473662484,52.5892990513431,51.965710562231045,52.450721740722656,15219788
2022-01-06,52.450713330496264,52.589290618896484,52.104276381948,52.589290618896484,19599242
2022-01-07,52.5892990513431,53.074313366061354,52.450721740722656,52.450721740722656,26548876
2022-01-10,52.52000436876992,52.93572998046875,52.3121415629205,52.93572998046875,17477215
2022-01-11,53.21287804998973,55.36079788208008,52.935729734296885,55.36079788208008,94094224
2022-01-12,55.36079871666105,55.70723254838657,54.598632996450156,55.430084228515625,48381876
2022-01-13,55.222218734356574,56.67725831969449,55.15293322587221,56.53868103027344,64002419
2022-01-14,56.261532497256916,56.74654359959844,55.22221851191629,55.70722961425781,45263840
2022-01-17,55.430081020336594,55.430081020336594,54.460052548252584,54.66791534423828,34889095
2022-01-18,55.01435470581055,55.43008029232183,54.59862911929927,55.01435470581055,19526307
2022-01-19,54.66792214365925,55.08364778733726,54.52935111073528,54.598636627197266,19041116
2022-01-20,54.529348046105284,54.59863355867332,53.83646783061411,54.252193450927734,22967155
2022-01-21,53.69789574139089,53.83646676378101,53.00501553962995,53.143592834472656,38794856
2022-01-24,52.866445302456,53.07430811158112,52.24285373885432,53.0050163269043,30795127
2022-01-25,52.45071940136754,52.8664481784603,51.96570824450792,52.3121452331543,47033227
2022-01-26,52.1042801191368,52.58929439087303,51.96570595702347,52.381431579589844,22352015
2022-02-07,52.173568314292254,53.559319332045916,52.10427966572535,53.42074203491211,33650145
2022-02-08,53.420741990208626,53.62860479950905,52.79715356230736,53.2128791809082,22364112
2022-02-09,53.351456522571546,53.42074203491211,52.866445391282255,53.42074203491211,21002307
2022-02-10,53.420742079269054,53.628604888916016,53.21287926962209,53.628604888916016,17227621
2022-02-11,53.212874650956984,53.5593147277832,53.1435891445726,53.5593147277832,16327932
2022-02-14,53.00501544319343,53.00501544319343,52.65858161539584,52.727867126464844,18238955
2022-02-15,53.420740311013105,53.69789489633688,53.07430648803711,53.07430648803711,22697372
2022-02-16,53.628607112759354,53.90576171875,53.282173263950476,53.90576171875,23017229
2022-02-17,53.97504429753436,54.52934720690611,53.767181490576526,54.18290710449219,26918701
2022-02-18,53.76718441575468,54.11362453701651,53.628607112759354,53.90576171875,12371141
2022-02-21,53.55932238984003,53.76718521118164,53.35145956849841,53.76718521118164,12671175
2022-02-22,53.35145643293038,53.490033729831346,52.65858249333088,53.0050163269043,29251171
2022-02-23,52.93573081468015,53.28217092070623,52.72786800555503,53.0050163269043,15944155
2022-02-24,52.6585792630966,52.79715027904454,52.104276381948,52.589290618896484,42831770
2022-02-25,52.31214368245492,52.52000649672633,51.61926658947477,52.03499221801758,56623017
2022-03-01,51.54997975543616,52.86644525751831,51.54997975543616,52.79715347290039,31436797
2022-03-02,52.450717092533324,52.58929439087303,52.1042801191368,52.381431579589844,20935413
2022-03-03,52.381431579589844,52.658583040042885,52.31214293041999,52.381431579589844,11590425
2022-03-04,51.89641329548874,51.96570193930155,51.48068770506414,51.54997634887695,37753576
2022-03-07,50.71852462783376,50.92638742083215,49.54063337669214,49.6792106628418,63882002
2022-03-08,48.778471441651014,49.40205982823838,48.50132000220348,48.91704559326172,59931026
2022-03-09,49.74849616969053,50.23351039876214,49.471344733617315,49.6792106628418,27238876
2022-03-10,50.4413736130127,51.272824791949986,50.233510818278376,51.13425064086914,27608242
2022-03-11,50.92639231136324,51.064966474594264,50.37208938598633,50.37208938598633,18755316
2022-03-14,50.99567782486555,51.134255124322976,50.37208938598633,50.37208938598633,21913190
2022-03-15,50.44137803571504,50.51066668544375,49.95636376006684,50.37208938598633,17750700
2022-03-16,50.579946130313125,50.85709755974867,50.3027978371036,50.649234771728516,16858093
2022-03-17,51.41139995169148,51.96570283934217,51.203537152879015,51.827125549316406,25992013
2022-03-18,51.965704258323065,52.381429867299836,51.41140135553652,51.480690002441406,31933430
2022-03-21,51.68855280692979,51.89641561141818,50.99567574655975,51.480690002441406,19534900
2022-03-22,51.134253040369515,51.54997864934629,50.92639023588113,51.480690002441406,19409107
2022-03-23,51.68855078919961,52.86644205947079,51.68855078919961,52.589290618896484,32451796
2022-03-24,52.520008053587425,52.520008053587425,51.68855677185492,52.3121452331543,23539586
2022-03-25,52.034987564628224,52.312139004280446,51.965702056884766,51.965702056884766,13665999
2022-03-28,51.757843889806644,52.242855032288986,51.61926658947477,52.03499221801758,17188409
2022-03-29,52.104278564453125,52.45071552751269,52.03498991735071,52.104278564453125,14150329
2022-03-30,52.31214151514568,52.86644442105542,52.24285286785039,52.727867126464844,23284981
2022-03-31,52.72786800555503,53.21287913602941,52.5892938448804,53.0050163269043,19054696
2022-04-01,52.658582581807885,53.42074203491211,52.520005284674085,53.42074203491211,24964189
2022-04-06,52.935729346905454,53.69789505004883,52.86644383660242,53.69789505004883,22362821
2022-04-07,53.4900281145483,53.69789090185237,52.51999968297864,52.65857696533203,33055317
2022-04-08,52.727866341505624,53.074306436598334,52.52000353894049,52.8664436340332,15061864
2022-04-11,53.0050163269043,53.420741945154525,52.173568226630174,53.0050163269043,18211982
2022-04-12,52.8664443723922,52.93572988339743,52.31214146699269,52.52000427246094,19870907
2022-04-13,52.93572998046875,53.07430727518589,52.45071572141135,52.93572998046875,11796722
2022-04-14,53.14359417555274,53.14359417555274,52.381431579589844,52.381431579589844,11926629
2022-04-15,52.10428086818352,52.52000649672633,51.96570670407805,52.03499221801758,10526923
2022-04-18,51.68855122837413,51.827125381725615,50.926388680601725,51.20353698730469,24924298
2022-04-19,51.342117221687694,51.6885541930499,50.9263916015625,50.9263916015625,16529554
2022-04-20,51.13425313794616,51.89641571044922,51.064964490909055,51.89641571044922,20230507
2022-04-21,51.827123189237305,51.827123189237305,51.27282346305424,51.68854904174805,16827957
2022-04-22,51.13425104427715,52.589290618896484,51.064962400077036,52.589290618896484,22017870
2022-04-25,51.827125549316406,51.827125549316406,51.203537152879015,51.827125549316406,27016823
2022-04-26,51.82712940374617,52.03499221801758,51.61926658947477,52.03499221801758,15662986
2022-04-27,51.27282852850317,51.411402689682724,50.718528747558594,50.718528747558594,23277223
2022-04-28,50.92639390702667,51.13425672649932,50.37209096428193,50.85710525512695,19852669
2022-04-29,51.20353626603903,51.82712465167594,50.99567347082673,51.54997634887695,16712090
2022-05-03,51.48069374835729,51.48069374835729,50.85710528951764,51.06496810913086,15267440
2022-05-04,51.27282346305424,51.827123189237305,51.064960673707326,51.68854904174805,13840668
2022-05-05,52.242851091083146,52.242851091083146,51.41139989672229,51.6192626953125,21720080
2022-05-06,49.887076429345036,49.956365080905734,48.91705098862771,49.40206527709961,76220929
2022-05-09,48.70918067889525,48.77846931979963,46.838415600510984,46.97698974609375,59393532
2022-05-10,46.14554520317642,46.769136788094436,45.79910822153436,46.49198532104492,60895705
2022-05-11,46.28412239046718,46.28412239046718,45.66053394331622,45.8683967590332,36089430
2022-05-12,45.1755208226965,45.24480947512571,43.78976972769774,43.85905838012695,58382740
2022-05-13,43.92834623158268,44.34407189580514,43.443331911247576,43.99763488769531,56304102
2022-05-16,44.066909496600815,44.066909496600815,42.542584529359566,43.23545837402344,59210840
2022-05-17,43.30475220453319,43.65118916839742,42.61187514057844,42.6811637878418,47026609
2022-05-18,42.889030629808424,44.41335905947704,42.889030629808424,44.136207580566406,42499080
2022-05-19,42.95831524066895,43.096889398969395,42.6811637878418,42.6811637878418,38049033
2022-05-20,42.889025125604974,43.09688792405503,42.75045097204699,42.81973648071289,23435108
2022-05-23,42.889027944062555,42.958316593507945,41.71113972084919,41.919002532958984,52450271
2022-05-24,41.98828961589779,42.334726577747055,41.641849517822266,41.641849517822266,34884508
2022-05-25,41.572567753809274,41.71114192379236,40.948976148318984,41.22612762451172,43943289
2022-05-26,41.5032699636899,41.91899551834305,41.29540718636333,41.36469268798828,35928216
2022-05-27,41.84971251785769,42.61187509198029,41.78042387067335,42.47330093383789,34988753
2022-05-30,43.09689112725343,43.92834238285172,42.95831696339585,43.78976821899414,34324491
2022-05-31,43.99762737309027,44.48263847436088,43.30475033898434,44.413352966308594,101234475
2022-06-01,44.27478337367626,44.27478337367626,43.859057737643866,44.066917419433594,25765072
2022-06-02,43.720481930313746,44.41335905947704,43.58190775897172,44.136207580566406,17355839
2022-06-06,43.85905549346989,44.48264077938448,43.72047819773214,44.34406661987305,18185046
2022-06-07,44.34406652574337,44.55192933268244,43.928340911865234,43.928340911865234,28580628
2022-06-08,44.27477493581666,44.344060437800024,44.06690902118895,44.20548629760742,13998030
2022-06-09,44.06691507108251,44.34406652574337,43.720478104926165,43.928340911865234,19631226
2022-06-10,43.37404255128194,43.92834234242859,43.304753901303705,43.581905364990234,24565420
2022-06-13,43.027599279162956,43.027599279162956,42.61187368226283,42.81973648071289,29118149
2022-06-14,42.473298755320535,43.37403857761155,42.40401011169011,42.95831298828125,23762637
2022-06-15,42.75045097204699,43.166176568947115,42.68116232715491,42.81973648071289,19412562
2022-06-16,43.30475225344283,43.789766512381576,42.68116383604714,42.8890266418457,20618270
2022-06-17,42.265439549765105,42.47330236208161,42.12686538696289,42.12686538696289,27778483
2022-06-20,42.334728114658134,42.95831655036118,41.43398821767826,41.71113967895508,29046196
2022-06-21,42.26543987165514,43.85905686903613,42.12686570779756,43.78976821899414,32652235
2022-06-22,43.72047546262624,44.066912407845244,42.750450134277344,42.750450134277344,17351514
2022-06-23,42.958312807642805,43.23546110854686,41.988287482026415,42.33472442626953,20023292
2022-06-24,43.16617809498588,43.30475225344283,42.40401238290696,42.8890266418457,15371130
2022-06-27,43.37404090078445,43.5126150592414,42.8890266418457,42.8890266418457,17164331
2022-06-28,42.95831524066895,43.02760075170603,42.40401233501464,42.6811637878418,13550034
2022-06-29,42.19615090025081,42.40401371256731,41.919002574646385,42.12686538696289,21073770
2022-06-30,41.91900091880716,42.126863722912894,41.43398666381836,41.43398666381836,23263686
2022-07-01,41.43398640790835,41.64184921073026,40.18680959097693,40.39467239379883,38031759
2022-07-04,40.394674658065995,41.08755175171935,39.701797564412644,40.117523193359375,20080595
2022-07-05,40.94897102242086,41.84971085512478,40.81039686978416,41.78042221069336,27554767
2022-07-06,41.711136992027996,41.849711145626614,40.32538604736328,40.32538604736328,21401991
2022-07-07,40.53325047159273,41.5725677224755,39.84037648597294,41.01826477050781,26988410
2022-07-08,40.94896843097644,41.43398263885013,40.602531503195785,40.810394287109375,22366177
2022-07-11,40.94897130667015,40.94897130667015,40.32538604736328,40.32538604736328,9094947
2022-07-12,39.909656054325374,39.909656054325374,38.45461348879383,38.662479400634766,34782243
2022-07-13,39.84037042892133,41.15683581941519,39.70179314388446,40.67182159423828,32837535
2022-07-14,40.18680959097693,41.01826080226454,39.909661278031884,40.39467239379883,23513300
2022-07-15,40.18681176356571,40.46396322772042,39.63251197148269,39.70179748535156,30303134
2022-07-18,40.186814976616134,41.36470330505298,39.97895214593748,41.29541778564453,32159093
2022-07-19,40.81039805088666,41.01826085397059,40.463961091155525,40.602535247802734,29682806
2022-07-20,41.087550942444636,41.22612510395534,40.186811052059205,40.256099700927734,30526612
2022-07-21,39.978944515808706,40.53324424641943,39.632507576205256,40.463958740234375,23939183
2022-07-22,40.671821531241655,40.671821531241655,40.186807306815986,40.463958740234375,19943863
2022-07-25,40.46396495476667,41.01826477050781,40.32539078488803,41.01826477050781,26966521
2022-07-26,41.01826477050781,41.4339904163703,40.741116430750516,41.01826477050781,42274774
2022-07-27,40.944621875108965,40.944621875108965,40.13456753943775,40.723697662353516,57685030
2022-07-28,41.018261318276,41.90195810311072,41.018261318276,41.46010971069336,24856624
2022-07-29,41.82831514600774,41.82831514600774,41.018260879669796,41.31282424926758,21442002
2022-08-01,41.46010989096549,41.82831577514893,41.312824870655255,41.681034088134766,12613979
2022-08-02,41.091904006782045,41.90195828530405,40.87097647631669,41.681034088134766,23376836
2022-08-03,41.23918569379621,41.75467326499381,41.01826149662693,41.681034088134766,20966878
2022-08-04,41.533752038001026,41.60739121421626,41.01826113801416,41.23918533325195,21912416
2022-08-05,41.23918608759399,42.12288288470964,41.23918608759399,41.97560119628906,23545841
2022-08-08,41.97559793728029,43.006576342770764,41.75467042185821,42.78565216064453,17966097
2022-08-09,42.78565170794176,43.08021505879615,42.41744585272586,42.63836669921875,12748637
2022-08-10,42.491089478936644,43.08021957571089,42.34380778806712,42.85929870605469,11679169
2022-08-11,43.74299255639916,44.33212261328844,43.44842586130655,44.11119842529297,33557500
2022-08-12,44.11120245687537,44.25848415123464,43.816635734860576,44.184844970703125,15553504
2022-08-15,44.405761752806114,44.47940425984639,44.11119839123686,44.258480072021484,13530465
2022-08-16,44.25848415123464,44.3321266650624,44.11120245687537,44.184844970703125,13691844
2022-08-17,44.25848048257809,44.55304718017578,44.184841308150645,44.55304718017578,14120205
2022-08-18,44.40576584559392,44.40576584559392,44.037559943047604,44.184844970703125,12380495
2022-08-19,43.96391742921985,44.184844970703125,43.816635734860576,44.184844970703125,11861136
2022-08-22,43.59571079956888,43.74299582476792,43.227504903163634,43.448429107666016,12180096
2022-08-23,43.08021957571089,43.15386208779373,42.85929870605469,42.85929870605469,13498625
2022-08-24,43.080219312038395,43.301146846934735,42.712013420470115,42.93293762207031,14409346
2022-08-25,43.301146846934735,43.52206771523879,42.85929844373434,42.93293762207031,17594182
2022-08-26,43.15385795913881,43.374782140954714,43.00657628236015,43.08021545410156,14306611
2022-08-29,42.196526211569726,42.63837465357569,42.196526211569726,42.41745376586914,17228054
2022-08-30,42.41745312469036,42.56473482536724,42.12288639004022,42.19652557373047,15981002
2022-08-31,41.975601113486015,42.491088688589194,41.975601113486015,42.270164489746094,20794769
2022-09-01,41.97560093520049,42.19652179980917,41.68103422689545,42.04924011230469,18823229
2022-09-02,42.04923997231821,42.12288248247333,41.681034088134766,41.681034088134766,11887289
2022-09-05,41.60739157797965,41.975600795459165,41.46010989096549,41.681034088134766,11815368
2022-09-06,41.97560097604812,42.27016435134372,41.681034267456425,41.90195846557617,11391359
2022-09-07,41.9019576550552,41.9019576550552,41.23918507351615,41.31282424926758,21940343
2022-09-08,41.7546730436553,41.7546730436553,41.23918547519026,41.607391357421875,15742696
2022-09-12,42.12288639004022,42.49109230838061,41.828319655390075,42.19652557373047,22002881
2022-09-13,42.63837055593659,42.63837055593659,42.19652215639321,42.4910888671875,16852809
2022-09-14,41.681037635720976,41.97560436811675,41.46011341974824,41.754676818847656,21600113
2022-09-15,41.90195824494747,42.122882441903975,41.60739153790678,41.82831573486328,14606854
2022-09-16,41.607391357421875,41.90195806318479,41.46010967118844,41.607391357421875,27997850
2022-09-19,41.90195824494747,41.975600755031664,41.60739153790678,41.82831573486328,14220637
2022-09-20,42.04924015322398,42.196521840871775,41.75467344463228,41.90195846557617,14890041
2022-09-21,41.90195806318479,42.122882259182965,41.533752180953186,41.607391357421875,23118745
2022-09-22,41.75467212422364,42.2186135922631,40.8267925214407,42.063968658447266,29052478
2022-09-23,42.06397047982746,42.218615420339454,41.60002899169922,41.60002899169922,11671535
2022-09-26,41.2134069612429,41.60002595085439,40.28552738610794,40.90411376953125,28090035
2022-09-27,41.13608771485913,41.13608771485913,40.130882263183594,40.130882263183594,22824600
2022-09-28,40.13088052623882,40.2082063268413,38.73905944824219,38.73905944824219,28774663
2022-09-29,39.280326307267984,39.35764878032496,38.58441404986649,38.893707275390625,22485444
2022-09-30,38.46842244893087,38.81637852132771,38.004481019068436,38.584407806396484,38310413
2022-10-03,38.197791447350745,38.5070846169727,37.77250958916295,37.81117248535156,19666743
2022-10-04,38.27512072778611,38.42976900680617,37.733856751160246,38.23645782470703,15522582
2022-10-05,39.048352733944824,39.43496840459679,38.73905953076405,39.125675201416016,18146752
2022-10-06,39.35764404248817,39.43496650623713,38.81638012965371,39.202999114990234,12656527
2022-10-07,39.04835085419646,39.35764404248817,38.89370259340268,39.202999114990234,7519073
2022-10-11,38.468427625517805,38.661735469541476,38.12047150629751,38.27511978149414,22651092
2022-10-12,38.120469148571466,38.661733078338614,37.96582421623568,38.352439880371094,13397798
2022-10-13,38.27511910207058,38.352441571648264,37.19259119479866,37.23125076293945,23050185
2022-10-14,37.88850109762056,37.96582690255569,37.46322250366211,37.46322250366211,14593050
2022-10-17,37.30857570121631,37.77251384122709,36.883293795154394,37.65652847290039,13604267
2022-10-18,37.965827159094395,39.04835510253906,37.92716425636558,39.04835510253906,15921935
2022-10-19,39.04835365826635,39.434969338069976,38.66173464516664,38.971031188964844,20722670
2022-10-20,38.12046921369111,38.81638141027879,37.96582428109115,38.62307357788086,18599986
2022-10-21,38.54575059575909,38.6230764010071,38.120472000079836,38.39110565185547,9921651
2022-10-24,38.816380901965104,38.971029165835844,38.468424808227866,38.50708770751953,10675417
2022-10-25,38.54574777828493,38.739058943978804,38.04314674739113,38.62307357788086,15726518
2022-10-26,38.39110433596332,39.280324399466956,38.35244143466453,38.971031188964844,13104672
2022-10-27,39.203001561692076,39.82158797688214,39.203001561692076,39.51229476928711,15486279
2022-10-28,39.821590423583984,39.9762353702351,39.43497139036366,39.821590423583984,9891076
2022-10-31,39.821589883691516,40.13088310609668,39.43497085571289,39.43497085571289,13179443
2022-11-01,39.66693890774482,40.20820617675781,39.5122939737091,40.20820617675781,10072554
2022-11-02,40.362853008439195,40.44017547909234,39.82158904727485,40.130882263183594,8748385
2022-11-03,39.434970468812445,40.130882712368575,39.434970468812445,39.976234436035156,9679334
2022-11-04,39.58961967031104,39.9762353702351,39.51229719698548,39.821590423583984,8211324
2022-11-07,40.208211008285666,40.82679748535156,40.053562722371,40.82679748535156,11493584
2022-11-08,41.136085510253906,41.368056243077504,40.67214404460672,41.136085510253906,11994005
2022-11-09,41.1360893759514,41.677353358972205,40.981441095104195,41.522705078125,16418248
2022-11-10,41.29073900979918,41.29073900979918,40.82679748535156,40.82679748535156,11616400
2022-11-11,41.67735169555548,43.146498638430714,41.60002922486609,42.914527893066406,43641056
2022-11-14,43.22382216336542,43.53311538696289,42.83720646719263,43.53311538696289,21845050
2022-11-15,42.91453083149125,43.68776559121815,42.68256007024354,43.610443115234375,16512686
2022-11-16,43.5331143251738,43.842410874523644,42.75987961839149,42.914527893066406,19285991
2022-11-17,42.75987961839149,42.914527893066406,42.141293186284095,42.914527893066406,8743581
2022-11-18,42.52790552412317,43.22381770541577,42.52790552412317,42.7598762512207,8668447
2022-11-21,42.75987961839149,43.06917616774133,42.3732639316484,42.914527893066406,11082976
2022-11-22,42.914522739060956,43.30114171266751,42.52790376545441,43.22381591796875,9437999
2022-11-23,43.3011457266922,44.38367361986789,43.1464974562545,44.151702880859375,20833170
2022-11-24,44.38367892884532,44.692972173420934,44.1517081620895,44.61564636230469,17298680
2022-11-25,44.61564210059193,45.0022611193537,44.22902641512629,44.77029037475586,23843711
2022-11-28,44.46099715972412,45.15690939351764,43.91973320009455,44.77029037475586,21909669
2022-11-29,44.847613076323846,46.08478927612305,44.30634911390473,46.08478927612305,28544682
2022-11-30,46.00746323364918,47.167316872574474,45.62084424290879,47.01266860961914,42777722
2022-12-01,47.244644565007306,47.631260265230694,46.54873230464968,46.7033805847168,22204125
2022-12-02,46.007471123559064,46.85802838243738,46.007471123559064,46.471412658691406,12668509
2022-12-05,46.16211262199196,46.471405822147005,45.77549362182617,45.77549362182617,12849537
2022-12-06,45.38888069004556,45.466203161419706,44.84761339053803,45.15690994262695,16417041
2022-12-07,44.847610036303216,45.46619976091943,44.692965105121104,45.00225830078125,14079440
2022-12-08,45.0022624546086,45.079584927336725,43.99705697595807,44.07438278198242,18802045
2022-12-09,44.22902398858777,44.6929654523302,44.22902398858777,44.460994720458984,10477564
2022-12-12,43.06917366252763,44.615639652842496,42.37326146691397,44.460994720458984,28748363
2022-12-13,44.77028937344288,45.1569083835577,44.229025425918984,44.5383186340332,13600712
2022-12-14,44.92493618420142,45.00225865039317,44.38367225426723,44.460994720458984,12325727
2022-12-15,44.30635070800781,44.53832146214727,43.7650867261145,44.30635070800781,9225916
2022-12-16,43.610442130521584,43.91973536076931,43.37847137451172,43.37847137451172,32620093
2022-12-19,43.76508331298828,44.2290247850856,43.37846764177119,43.76508331298828,17484409
2022-12-20,43.37846900337738,43.76508468672995,42.682556773387425,43.45579147338867,23537671
2022-12-21,43.223820730058684,43.91973296004865,43.069175790036105,43.45579147338867,14644618
2022-12-22,43.76508287322622,43.91973114013672,43.455789672701194,43.91973114013672,11678118
2022-12-23,43.30114707778329,43.997055983226666,43.30114707778329,43.842411041259766,7385740
2022-12-26,43.76508287322622,44.07437940704722,43.68776040641896,43.91973114013672,3740513
2022-12-27,43.997054610421685,44.46099608843871,43.997054610421685,44.151702880859375,5321064
2022-12-28,44.074381787506276,44.22902672947318,43.533114490733645,43.842411041259766,9361516
2022-12-29,43.37846611109601,43.68775930381501,43.069172918377014,43.301143646240234,9621954
2022-12-30,43.68776366540974,43.91973441643191,43.45579291438758,43.53311538696289,6726942
2023-01-03,43.378472353986666,43.99705882844964,42.759882546227324,43.610443115234375,8469424
2023-01-04,43.68776283016215,44.38367506992379,43.68776283016215,44.229026794433594,9318009
2023-01-05,44.383676644078804,45.23423385620117,44.383676644078804,45.23423385620117,17697865
2023-01-06,45.15691138236176,45.23423385620117,44.77029234657214,45.23423385620117,9016017
2023-01-09,45.62084778453633,46.08478927612305,45.543525313703924,46.08478927612305,22292485
2023-01-10,46.08478682198122,46.08478682198122,45.311552154945616,45.77549362182617,13963582
2023-01-11,45.38887968648363,45.46620215614814,44.847612398943674,44.9249382019043,13699696
2023-01-12,45.15691000509903,45.54352569580078,45.15691000509903,45.54352569580078,10424252
2023-01-13,45.543526629482194,46.00746813447245,45.31155587698707,45.38888168334961,9197021
2023-01-16,45.77549698558222,46.00746773606859,45.698174513185506,45.930145263671875,14654310
2023-01-17,45.93014388964112,46.39408204343861,45.93014388964112,46.239437103271484,21306269
2023-01-30,47.399291496029115,47.55393978257018,46.00747025034508,47.16732406616211,40212362
2023-01-31,46.93534794846887,47.08999288407117,46.47140647506994,46.548728942871094,26863692
2023-02-01,46.394081115722656,46.70337765646431,46.00746543973966,46.394081115722656,21111385
2023-02-02,46.62604860928973,46.935345128503236,46.162110497061114,46.780696868896484,22292279
2023-02-03,46.780701060448656,46.780701060448656,46.239437103271484,46.239437103271484,11468370
2023-02-06,46.00746773606859,46.31676095895167,45.466203762699145,45.930145263671875,18327340
2023-02-07,45.930145263671875,46.394083431348385,45.85281945797894,45.930145263671875,12995490
2023-02-08,45.77549362182617,46.00746435526645,45.62084535510066,45.77549362182617,13915537
2023-02-09,45.46620277748944,45.85281846439164,45.46620277748944,45.69817352294922,5730939
2023-02-10,45.46620322431967,45.77549644354031,45.31155494806126,45.54352569580078,9557838
2023-02-13,45.31155314699176,46.239436101067845,45.31155314699176,46.00746536254883,12464743
2023-02-14,46.39408684730504,46.54873513678131,46.007471123559064,46.471412658691406,14014872
2023-02-15,46.39408103788316,46.62605177640218,45.698172155622146,46.00746536254883,13829793
2023-02-16,46.0847902084653,46.394083431348385,45.930145263671875,45.930145263671875,9335199
2023-02-17,46.239437172155434,46.62605285644531,46.16211470195668,46.62605285644531,13532760
2023-02-20,46.394081229761845,47.24464171894806,46.31675876103439,46.93534851074219,11598780
2023-02-21,46.858022147371706,46.858022147371706,46.39408067397277,46.548728942871094,7374639
2023-02-22,46.00746400435247,46.471405467694396,45.85281573880651,46.31675720214844,14562725
2023-02-23,46.471407846818295,46.54873031690185,46.162114633187926,46.239437103271484,11954971
2023-02-24,46.16211371011049,46.394081115722656,46.00746543973966,46.394081115722656,14223994
2023-03-01,45.77549406289335,46.00746479856877,45.620845794677734,45.620845794677734,15264072
2023-03-02,45.62084870749258,46.16211601415824,45.3115554846095,45.930145263671875,11651790
2023-03-03,46.16211363266019,46.239436101067845,45.85281709243746,46.00746536254883,7999214
2023-03-06,46.394081115722656,46.548729386093484,46.08478790827705,46.394081115722656,13455102
2023-03-07,46.39408204343861,46.54873031690185,46.08478882980825,46.239437103271484,11477327
2023-03-08,46.23943617864788,46.394081115722656,46.00746543973966,46.394081115722656,12186014
2023-03-09,46.31676095895167,46.31676095895167,45.85281945797894,45.930145263671875,13578705
2023-03-10,45.38887875324633,45.69817195884116,45.00225974628077,45.07958221435547,23056071
2023-03-13,44.46100140666511,44.84761712906051,44.30635311772908,44.61564636230469,19070469
2023-03-14,44.074381787506276,44.30634920045663,43.68776276599671,43.842411041259766,21151438
2023-03-15,43.997052592809865,44.22902332118069,43.68775939941406,43.68775939941406,15199800
2023-03-16,43.146500032371506,43.223822505558964,42.52791024698309,42.6052360534668,29283573
2023-03-17,42.914527893066406,43.2238211091201,42.83720542237702,42.914527893066406,27321413
2023-03-20,42.83720487056089,42.83720487056089,42.52790832519531,42.52790832519531,17505291
2023-03-21,42.682553786620154,43.06917277621467,42.605231322019605,42.7598762512207,13614092
2023-03-22,42.9918499867287,43.53311394339996,42.83720504670612,43.45579147338867,18241837
2023-03-23,43.30114374099329,43.68775939941406,43.146495477647434,43.68775939941406,10978066
2023-03-24,43.76508613798505,43.76508613798505,43.30114796923696,43.53311538696289,9376472
2023-03-27,43.45579291438758,43.68776366540974,43.30114796923696,43.53311538696289,7362113
2023-03-28,43.533111136068214,43.84240766275992,43.533111136068214,43.68775939941406,6346773
2023-03-29,43.68775805513487,43.99705123901367,43.61043559248912,43.99705123901367,7483646
2023-03-30,44.15170187385448,44.15170187385448,43.61043793961169,43.91973114013672,8296258
2023-03-31,43.91973012778489,44.15170085615571,43.68775939941406,43.68775939941406,12400228
2023-04-06,44.15170187385448,44.15170187385448,43.533112139508454,43.91973114013672,9666976
2023-04-07,43.91972877636792,44.07437703495522,43.76508051778062,43.99705123901367,5144771
2023-04-10,43.997054610421685,44.306347818001015,43.919732141850865,44.151702880859375,5674150
2023-04-11,44.151702880859375,44.151702880859375,43.76508387141317,44.151702880859375,10360659
2023-04-12,44.15170576077902,44.30635070800781,43.91973500663956,44.30635070800781,9820143
2023-04-13,44.306348817969955,44.61564203252986,44.15170387733807,44.38367462158203,10338925
2023-04-14,44.46100053062732,45.38888357936804,44.38367805433105,45.31155776977539,16043043
2023-04-17,45.38888213717628,45.46620461101569,44.92494062754725,45.23423385620117,9171224
2023-04-18,45.31155776977539,45.38888357936804,45.00226453129394,45.31155776977539,7576485
2023-04-19,45.38887729532838,45.46619976091943,44.847610036303216,45.00225830078125,8686044
2023-04-20,44.77029037475586,44.847612845189765,44.46099715972412,44.77029037475586,7977756
2023-04-21,45.0022611193537,45.15690939351764,44.69296790432196,44.77029037475586,8163427
2023-04-24,44.77028992927915,45.00226067156882,44.61564165665401,44.9249382019043,4889491
2023-04-25,45.00225865039317,45.31155184845615,44.460994720458984,44.460994720458984,8521614
2023-04-26,44.84761139705594,44.84761139705594,44.151702519029534,44.69296646118164,14636029
2023-04-27,44.5383238844849,44.84761712906051,44.30635311772908,44.61564636230469,9615487
2023-04-28,45.07958185586709,45.93014233110896,45.00225938840728,45.620845794677734,19459629
2023-05-02,45.852817460665676,45.852817460665676,45.15690857281606,45.46620178222656,12503930
2023-05-03,45.31155776977539,45.46620605566431,45.079587007590206,45.31155776977539,7619022
2023-05-04,45.23423203202967,45.69817352294922,45.079583757291104,45.69817352294922,8834739
2023-05-05,45.62084771893186,45.77549599367043,45.543525248210656,45.69817352294922,5076472
2023-05-08,45.930145263671875,46.0847902084653,45.698174513185506,45.930145263671875,13253519
2023-05-09,46.084787830956486,46.084787830956486,45.775494624029804,46.00746536254883,11440375
2023-05-10,45.93014188855168,45.93014188855168,45.543522888385894,45.77549362182617,9851227
2023-05-11,46.16211363266019,46.239436101067845,45.775494624029804,46.00746536254883,15906309
2023-05-12,46.00746479856877,46.00746479856877,45.38887839229832,45.620845794677734,9368639
2023-05-15,45.62084870749258,46.00746773606859,45.466203762699145,45.930145263671875,13121904
2023-05-16,46.162114633187926,46.31675957335505,45.77549561617788,46.239437103271484,15214770
2023-05-17,46.16211327056933,46.62605141067224,46.08478746947216,46.548728942871094,23421824
2023-05-18,46.62605438330379,47.32196663776988,46.54873191057297,47.24464416503906,31435107
2023-05-19,47.39928916645037,47.8632306699754,47.32196669362828,47.63125991821289,30404797
2023-05-22,47.631258028736205,47.86322877129671,47.4766130892266,47.70858383178711,9953524
2023-05-23,47.78590529687708,48.09519850268972,47.32196382151012,47.47661209106445,16946952
2023-05-24,47.32196382151012,47.47661209106445,46.935348147568334,47.47661209106445,12006213
2023-05-25,47.08999628494019,47.16732209162188,46.54873230464968,46.7033805847168,16196232
2023-05-26,46.471403682978796,47.089990054814166,46.239432960216575,46.780696868896484,13282244
2023-05-29,47.16732169230824,47.631259861989406,47.01267341355037,47.24464416503906,15884704
2023-05-30,47.321961802233915,47.631254994848696,47.01266860961914,47.01266860961914,11788523
2023-05-31,46.93534614478941,47.476610065189256,46.93534614478941,47.01266860961914,35038072
2023-06-01,46.93535133816934,47.16732209162188,46.394084024582575,46.7033805847168,15736911
2023-06-02,46.780698316921836,47.08999151241323,46.703375851372975,46.8580207824707,11508418
2023-06-05,47.1673198769113,48.32717025641772,47.089994073860396,47.70858383178711,30951482
2023-06-06,47.63125710617079,47.94055364579147,47.55393463791364,47.86322784423828,12507758
2023-06-07,47.94055219579696,48.01787466171544,47.63125566553117,47.78590393066406,16817818
2023-06-08,47.78590325780403,47.86322572263376,46.78069788183408,47.01266860961914,32660479
2023-06-09,47.321964263916016,47.39928673276804,47.01267105521185,47.321964263916016,9989491
2023-06-12,47.39928673276804,47.70858327476827,47.244641795063984,47.321964263916016,11205045
2023-06-13,47.476614916527765,47.553937389258586,46.780702662061664,47.24464416503906,23978101
2023-06-14,47.476610733694216,48.01787466171544,47.32196246856132,47.78590393066406,20818767
2023-06-15,47.78590819715331,47.8632306699754,47.476614972568704,47.63125991821289,9377886
2023-06-16,47.70858566801646,47.78590814074728,47.24464416503906,47.24464416503906,21057082
2023-06-19,47.24464323507263,47.4766139819952,46.93535001694126,47.399288177490234,18631144
2023-06-20,47.39928911050071,47.39928911050071,47.08999588628119,47.24464416503906,9714716
2023-06-21,47.32196382151012,47.5539345591936,47.16731888525182,47.47661209106445,8849134
2023-06-26,47.244639337404195,47.321961802233915,47.01266860961914,47.01266860961914,14302620
2023-06-27,46.93534658131549,47.16731731125802,46.780698316921836,46.8580207824707,10141140
2023-06-28,46.935348147568334,47.47661209106445,46.935348147568334,47.47661209106445,9272297
2023-06-29,47.553936453204,47.863229671335375,47.32196570628143,47.399288177490234,14182378
2023-06-30,47.321961802233915,47.476610065189256,47.01266860961914,47.01266860961914,14950470
2023-07-03,47.24464323507263,47.4766139819952,47.16732076386383,47.399288177490234,7324743
2023-07-04,47.167322144659266,47.39928956507638,47.012673864418254,47.089996337890625,10833217
2023-07-05,47.16732406616211,47.399291496029115,47.089998256243376,47.16732406616211,7892323
2023-07-06,47.01267187403131,47.244642617923695,46.47140791604781,46.62605285644531,25151126
2023-07-07,46.394081115722656,46.62605185463087,46.16211371011049,46.394081115722656,17376387
2023-07-10,46.39408067397277,47.012670416270026,46.39408067397277,46.548728942871094,11412761
2023-07-11,47.24464135338097,47.631257027322754,47.16731888525182,47.47661209106445,20432552
2023-07-12,47.4766140777291,47.940555572509766,47.4766140777291,47.940555572509766,22058009
2023-07-13,48.01787704410241,48.09519951385722,47.631258028736205,47.70858383178711,16958882
2023-07-14,47.86322983029762,48.327171325683594,47.78590735883201,48.327171325683594,20049824
2023-07-17,48.55914377086192,50.414906483981675,48.40449548922849,50.26026153564453,43204694
2023-07-18,50.49223043978367,51.03349777473538,50.105614724299755,50.72420120239258,39938342
2023-07-19,50.956167052501414,51.03349285478061,49.950961622536504,50.10560989379883,37947586
2023-07-20,50.184765077433966,50.659697007047804,49.86813924131268,50.263919830322266,22500894
2023-07-21,49.86813735961914,50.10560502160762,49.630673109914575,49.86813735961914,17438443
2023-07-24,49.78898516072774,49.78898516072774,49.31405322470087,49.551517486572266,13590022
2023-07-25,49.8681371409118,50.10560480185881,49.630672892248676,49.78898239135742,10598490
2023-07-26,49.947296962609876,51.055477142333984,49.70982929377128,51.055477142333984,21221199
2023-07-27,51.213793385860164,52.08450595330758,51.13463521624914,51.84703826904297,29464697
2023-07-28,51.60956657145707,51.92618898842693,51.29294415448722,51.767879486083984,12088175
2023-07-31,51.92619302636976,52.71775083649039,51.60957058477836,51.84703826904297,29408535
2023-08-01,52.00534693505789,52.717746517198876,51.3720986914744,52.63859176635742,25059343
2023-08-02,52.16365558759281,52.16365558759281,51.13463019426912,51.53041076660156,36117368
2023-08-04,51.37210061562261,51.530413535519095,50.9763234343075,51.292945861816406,12703047
2023-08-07,51.292948143186955,52.005351195980786,51.213793385860164,51.84703826904297,14329602
2023-08-08,51.76787864692393,52.00534630887295,51.45125623508655,51.60956573486328,15754878
2023-08-09,51.37209828994995,51.76787886563171,51.292943539727176,51.688720703125,11229194
2023-08-10,51.451257069114135,52.08450190305384,51.372098905658696,51.767879486083984,13728261
2023-08-11,52.08450190305384,52.321969568852225,51.60956657145707,51.767879486083984,14117918
2023-08-14,51.37210130358098,51.45125947073132,50.10560816430084,50.580543518066406,24891712
2023-08-15,50.580542254159504,51.055477596057386,49.86813924131268,50.263919830322266,22024716
2023-08-16,49.70983019143736,49.86813969866586,49.3932077646963,49.47236251831055,17586590
2023-08-17,49.07658533795524,49.70983019143736,48.680804745315854,49.47236251831055,16329311
2023-08-18,49.31405660536261,49.94730150499912,49.07658891492784,49.393211364746094,10973699
2023-08-21,49.5515155635837,50.184763807517996,49.4723608126984,49.947296142578125,11383893
2023-08-22,50.02644983220406,50.10560458141017,49.551514512399585,49.7098274230957,9343899
2023-08-23,49.7098274230957,50.10560458141017,49.7098274230957,49.7098274230957,8179133
2023-08-24,49.78898745112095,50.18476806368148,49.78898745112095,50.10560989379883,7611473
2023-08-25,49.78898217230182,50.26391749210629,49.31405026478123,49.7098274230957,11797881
2023-08-28,49.709828052740725,50.818008204798566,49.709828052740725,50.738853454589844,13188261
2023-08-29,50.65970013311019,51.05548074654224,50.50139061756477,50.97632598876953,8299250
2023-08-30,50.97632239014912,51.21379005898772,50.738854721310524,51.055477142333984,9633255
2023-08-31,51.05547781447854,51.05547781447854,50.343074798583984,50.343074798583984,22139289
2023-09-01,50.34307516700562,51.451258781712895,50.34307516700562,51.292945861816406,15911939
2023-09-04,51.53041400645106,51.94598243922862,51.44730100235237,51.69664001464844,9668063
2023-09-05,51.862866337934115,51.94597933706939,51.28106851941942,51.36418151855469,12588374
2023-09-06,51.197960480929154,51.53041592196623,51.031734466552734,51.031734466552734,13685167
2023-09-07,50.86550521850586,51.19795722612374,50.86550521850586,50.86550521850586,7835423
2023-09-08,50.86550352374308,51.447297929973864,50.7823871123239,51.36418151855469,6602215
2023-09-11,51.364183542580975,51.613525962096126,51.11484453534987,51.44729995727539,7264782
2023-09-12,51.613525390625,51.69663839211513,51.281069972380465,51.613525390625,9902520
2023-09-13,51.5304138351218,51.94598226651767,51.5304138351218,51.86286926269531,7672937
2023-09-14,52.36154734951205,52.36154734951205,52.0290919431983,52.2784309387207,9111021
2023-09-15,52.27843591237738,52.36155233107625,51.94598388671875,51.94598388671875,19080244
2023-09-18,51.94598112341433,52.19532012939453,51.779751707143504,52.19532012939453,5474102
2023-09-19,52.11220769894988,52.27843370475979,51.94598169313997,52.02909469604492,5253048
2023-09-20,52.02909381035967,52.02909381035967,51.44729938764473,51.613525390625,12012848
2023-09-21,51.364186495305574,51.53041592196623,50.78239203270387,51.031734466552734,15784802
2023-09-22,50.782388972638934,51.03173139146283,50.699275970458984,50.699275970458984,15022264
2023-09-25,50.69927741659322,51.1148458516306,50.61616441204257,50.9486198425293,9436572
2023-09-26,50.69927712001762,50.86550654043066,50.200595683346734,50.366825103759766,16920101
2023-09-27,49.951256671153345,50.533051111888696,49.951256671153345,50.366825103759766,11426263
2023-09-28,50.533052734516446,51.03173418720011,50.2837103020325,50.4499397277832,12115456
2023-10-02,50.366828333020166,50.69928037059312,50.366828333020166,50.53305435180664,7372643
2023-10-03,50.366826899047524,50.366826899047524,50.117484465682395,50.28371047973633,8215354
2023-10-04,49.86814012850525,49.95125654464332,49.61880111694336,49.61880111694336,20269146
2023-10-05,49.785029025290314,50.44993990607448,49.53569000420942,50.28371047973633,12155778
2023-10-06,50.2837103020325,50.533052734516446,50.20059729529926,50.4499397277832,5323515
2023-10-11,50.699278450148206,51.197959899902344,50.53305243765823,51.197959899902344,18419181
2023-10-12,51.28107452392578,51.28107452392578,50.61616704070563,51.28107452392578,15649754
2023-10-13,50.865503757270005,50.948616756786855,50.449935347401855,50.61616134643555,15629827
2023-10-16,50.44993696391912,50.782388972638934,50.36682396173917,50.699275970458984,10516541
2023-10-17,50.86550683797865,50.9486198425293,50.61616441204257,50.9486198425293,9661136
2023-10-18,50.948621459364524,51.114847473740944,50.366826996762825,51.031734466552734,27536570
2023-10-19,50.699275970458984,51.03173139146283,50.61616296827903,50.699275970458984,12098024
2023-10-20,50.2837103020325,50.69927874798292,49.12012138319869,50.4499397277832,26827617
2023-10-23,49.95125596836725,50.20059497705258,49.535687541607636,49.78502655029297,18854213
2023-10-24,49.61880054450275,50.03436897126236,49.535687541607636,49.78502655029297,11078539
2023-10-25,49.95125377114224,50.117479769620616,49.86813735961914,49.86813735961914,6854307
2023-10-26,49.45257349178434,50.03436791201739,49.286344077229195,49.53568649291992,10245577
2023-10-27,49.7019128110863,50.200594233353286,49.61879980942248,50.11748123168945,5476565
2023-10-30,50.11748418606731,50.283710199193834,49.53568972784028,49.7019157409668,12194614
2023-10-31,49.86813557509379,50.03436497990757,49.6187965862988,49.95125198364258,11316194
2023-11-01,50.117479769620616,50.117479769620616,49.78502436037996,49.86813735961914,12220741
2023-11-02,50.366822347885005,50.6992743459524,50.200592936567396,50.61616134643555,14169475
2023-11-03,50.69927741659322,50.9486198425293,50.366825398390624,50.9486198425293,9825008
2023-11-06,51.197958279493385,51.36418428672233,50.865506265035485,51.114845275878906,11230592
2023-11-07,51.114845275878906,51.114845275878906,50.78238984913692,51.114845275878906,5796211
2023-11-08,51.1979615150588,51.28107452392578,50.865509479590884,51.28107452392578,8553866
2023-11-09,51.1979615150588,51.28107452392578,51.03173549732484,51.28107452392578,4181026
2023-11-10,50.78238984913692,51.197958279493385,50.78238984913692,51.114845275878906,4162876
2023-11-13,51.28107452392578,51.44730395394404,51.03173549732484,51.28107452392578,8545362
2023-11-14,51.44730395394404,51.44730395394404,51.11484850619182,51.28107452392578,11088191
2023-11-15,51.53041109724203,52.112205505371094,51.447298097835585,52.112205505371094,27439710
2023-11-16,52.2784309387207,52.36154734951205,52.0290919431983,52.2784309387207,14579986
2023-11-17,52.029093393561084,52.77711381326399,51.945980392736764,52.527774810791016,16176832
2023-11-20,52.61089266587547,52.77711868286133,52.36155364039668,52.77711868286133,14383518
2023-11-21,53.10957129525102,53.94070816040039,53.02645829119291,53.94070816040039,35366844
2023-11-22,53.69136428833008,53.857593704248586,53.35890886877708,53.69136428833008,12303795
2023-11-23,53.60825405788212,53.69136706399603,53.02645960280054,53.4420280456543,7881049
2023-11-24,53.52513796847566,53.60825096980188,52.943343546908096,53.10956954956055,7660227
2023-11-27,53.19268713761027,53.774481609345074,52.6940056743684,52.77711868286133,9754238
2023-11-28,53.192682550886765,53.358908553539216,52.69400113064543,53.10956954956055,12835591
2023-11-29,53.19268312287077,53.35890912731065,52.77711469948702,52.94334411621094,13963236
2023-11-30,53.27580023151491,53.525142669677734,52.943348197010195,53.525142669677734,27450115
2023-12-01,53.358910759282125,53.358910759282125,52.86022931842636,53.026458740234375,11256032
2023-12-04,53.19268722288873,53.60825567830391,53.02646120563637,53.525142669677734,10357302
2023-12-05,53.35891180399663,53.35891180399663,52.86023035337718,53.27579879760742,12796838
2023-12-06,53.275797754520184,53.358910759282125,52.86022931842636,53.026458740234375,9102325
2023-12-07,52.77711381326399,52.77711381326399,51.945980392736764,52.527774810791016,20824366
2023-12-08,52.69400081243966,52.77711381326399,52.19531939520974,52.527774810791016,14330424
2023-12-11,52.527773346526985,52.527773346526985,52.11220494170577,52.2784309387207,9251722
2023-12-12,52.44466018676758,52.5277731850195,52.11220478147603,52.44466018676758,9477680
2023-12-13,52.44466034801952,52.44466034801952,52.11220494170577,52.2784309387207,8510105
2023-12-14,52.860229890342204,54.27316122343461,52.61089087335869,54.19004821777344,59682032
2023-12-15,54.19004659692522,54.27315960010044,53.85759458422433,54.10693359375,32253946
2023-12-18,53.8575920744972,53.8575920744972,53.27579425481387,53.60824966430664,12803782
2023-12-19,53.358908553539216,53.52513796847566,52.860227133297876,53.10956954956055,11561200
2023-12-20,53.10957191957708,53.27579792964737,52.8602294921875,52.8602294921875,16050107
2023-12-21,52.44466504100352,52.860230070727475,52.44466504100352,52.69400405883789,10397246
2023-12-22,52.52777965738254,52.77711868286133,52.44466664888961,52.77711868286133,8058623
2023-12-25,52.77711469948702,53.02645711843088,52.694001697267076,52.94334411621094,6593496
2023-12-26,53.02645960280054,53.4420280456543,52.86023017828852,53.4420280456543,8972645
2023-12-27,53.44202528287835,53.774477290147324,53.27579586695984,53.69136428833008,8400128
2023-12-28,53.60825273188382,53.94070816040039,53.52513972782571,53.94070816040039,9658888
2023-12-29,53.69136412097657,53.85759353637695,53.5251381178602,53.85759353637695,11199088
2024-01-02,53.857593704248586,53.857593704248586,53.35890886877708,53.69136428833008,6407981
2024-01-03,53.10957012065082,53.19268312287077,52.61088869504714,52.94334411621094,14212820
2024-01-04,52.94334811213148,53.10957412911734,52.61089266587547,52.77711868286133,10027987
2024-01-05,52.61088781161534,52.943343227196614,52.44466180996669,52.527774810791016,13949409
2024-01-08,52.86023035337718,54.023822679678695,52.86023035337718,53.27579879760742,23422353
2024-01-09,53.4420265974531,53.60825260517644,53.026458165860646,53.192684173583984,8037403
2024-01-10,53.026458165860646,53.35891018130732,52.94334516199897,53.192684173583984,7836392
2024-01-11,52.943343546908096,53.442024967149436,52.860227133297876,53.10956954956055,8105881
2024-01-12,52.86023035337718,53.35891180399663,52.86023035337718,53.27579879760742,7290177
2024-01-15,53.35891180399663,53.608254235448456,53.19268579121822,53.27579879760742,8270254
2024-01-16,52.77711381326399,53.10956922884527,52.36154880914236,52.527774810791016,20878024
2024-01-17,52.36154865257317,52.44466165314898,51.6966378233988,51.77975082397461,34805908
2024-01-18,51.44729882167139,52.02909323798599,51.44729882167139,51.77975082397461,19578623
2024-01-19,51.53041253560957,52.52777538089417,51.53041253560957,52.361549377441406,13429303
2024-01-22,52.527774810791016,52.943343227196614,52.36154880914236,52.527774810791016,9818149
2024-01-23,52.77711413197165,53.10956954956055,52.69400113064543,53.10956954956055,9587334
2024-01-24,53.10957421426255,53.69136868693009,53.10957421426255,53.525142669677734,13135304
2024-01-25,53.525138284695586,53.69136428833008,53.35890886877708,53.69136428833008,8821087
2024-01-26,53.60825111941839,53.940706537935135,53.60825111941839,53.85759353637695,14533985
2024-01-29,53.69136412097657,53.940706537935135,53.69136412097657,53.85759353637695,8961323
2024-01-30,53.94070949462196,54.023822500735875,53.19268561502837,53.4420280456543,14078191
2024-01-31,53.44202366570221,53.69136266360886,53.27579425481387,53.60824966430664,10864527
2024-02-01,53.85759353637695,53.85759353637695,53.5251381178602,53.85759353637695,11465436
2024-02-02,53.85759515634228,53.94070816040039,53.52513972782571,53.94070816040039,8255340
2024-02-05,53.275797474122385,54.023821337611146,53.19268446979789,53.774478912353516,12932436
2024-02-15,54.43938844397913,54.68872745087234,54.023820020206394,54.27315902709961,23491176
2024-02-16,54.43938714061417,54.854952142153586,54.19004472740657,54.7718391418457,17461004
2024-02-19,54.85495197755015,55.18740739006803,54.68872597743318,54.93806838989258,12739005
2024-02-20,54.854954638553544,55.27052307128906,54.688728630372985,55.27052307128906,14790516
2024-02-21,55.270523647854034,55.270523647854034,54.77184220582615,55.10429763793945,10685228
2024-02-22,55.104297063108504,55.35363948766346,54.93807105492794,55.27052307128906,9092474
2024-02-23,55.5198675242634,55.5198675242634,55.27052509059871,55.353641510009766,10341203
2024-02-26,55.10429632256153,55.68609075565887,55.10429632256153,55.60297775268555,11740983
2024-02-27,55.60297775268555,55.93543317686291,55.27052232850818,55.60297775268555,11662667
2024-02-29,55.35363831565618,56.76656617984313,55.27052190104161,56.51722717285156,24327501
2024-03-01,56.350999075211014,56.43411549177152,55.8523210495527,56.01854705810547,11872144
2024-03-04,55.68609162871581,56.350999075211014,55.68609162871581,56.01854705810547,8777365
2024-03-05,55.85231943221239,56.10165843782133,55.85231943221239,55.93543243408203,10010396
2024-03-06,55.85231943221239,56.26788444156062,55.769203018058725,55.93543243408203,8624878
2024-03-07,55.935430577011644,56.84967697950856,55.935430577011644,56.600337982177734,18502596
2024-03-08,56.350998529181055,57.51458740234375,56.350998529181055,57.51458740234375,27346231
2024-03-11,57.59770381809887,58.17949825468022,57.348361395401675,57.51458740234375,17574183
2024-03-12,57.76393069830861,58.096389541787005,57.597704688853554,57.93015670776367,16417367
2024-03-13,57.51458472177688,58.09638595581055,57.43147513446339,58.09638595581055,20270726
2024-03-14,58.09639126110594,58.761295318603516,58.01327484163451,58.761295318603516,31029562
2024-03-15,58.42884418463903,58.511953780814736,57.51459085472621,57.847049713134766,39788516
2024-03-18,57.76393127441406,58.096390121208216,57.34836283434763,57.76393127441406,15109670
2024-03-19,57.348364260924335,58.34572717698014,57.348364260924335,58.013275146484375,15684952
2024-03-20,58.09639215079905,58.42884418463903,57.59770727547049,57.847049713134766,17403878
2024-03-21,58.09639126110594,58.9275213329779,58.01327484163451,58.761295318603516,21430728
2024-03-22,58.76129621847901,59.34309068998328,57.51459085472621,57.847049713134766,21347777
2024-03-25,57.76393040278989,58.013272827980984,57.26525237697594,57.34836196899414,19184469
2024-03-26,57.348364837806216,57.847049713134766,57.348364837806216,57.847049713134766,10270099
2024-03-27,57.847049131236496,58.096391566392576,57.51459027617222,58.013275146484375,7885912
2024-03-28,57.84704827251914,58.01327428529946,57.43147982828413,57.59770584106445,12074655
2024-03-29,57.431478679398495,58.096389541787005,57.34836226238683,57.93015670776367,7356168
2024-04-01,58.01327370336759,58.17949971448049,57.68082168114178,57.76393127441406,9295397
2024-04-02,57.68082168114178,57.93015728552697,57.51458884546054,57.76393127441406,7856279
2024-04-03,57.68081811551515,57.76392770364989,57.015907287597656,57.015907287597656,17208040
2024-04-08,56.51722747986299,57.26525132946916,56.51722747986299,57.099021911621094,11373321
2024-04-09,57.09902092310799,58.17949676513672,57.09902092310799,58.17949676513672,13383598
2024-04-10,58.09638866349327,58.17949825468022,57.51458740234375,57.51458740234375,10973441
2024-04-11,57.01590745315482,57.51458545711501,56.600339037570684,56.84967803955078,22756109
2024-04-12,56.517227342248,56.683453347407266,56.35099792480469,56.35099792480469,19765183
2024-04-15,55.935434053829084,56.517228496047906,55.68609162871581,56.01854705810547,16172381
2024-04-16,55.686089548290916,55.8523189629175,54.5225007073248,54.605613708496094,27007944
2024-04-17,54.68872776033306,55.18740918922536,54.43938875202893,54.85495376586914,17469005
2024-04-18,54.85495521078344,55.43675307005276,54.439390185996984,55.10429763793945,18083536
2024-04-19,54.77183938814518,54.938068801792404,53.358908139705605,54.02381896972656,31145846
2024-04-22,54.27316292957934,55.270525853435075,54.27316292957934,55.02118682861328,17063676
2024-04-23,55.270523647854034,55.43675307005276,54.93807162802487,55.10429763793945,11562327
2024-04-24,55.602979949616575,56.018548393186805,55.43675393710217,55.519866943359375,10483582
2024-04-25,55.27052144891627,55.436750864501555,54.93806944231371,55.187408447265625,12197646
2024-04-26,55.935433481178585,56.76656692771766,55.7692040620435,56.18477249145508,19711159
2024-04-29,56.68345418258489,57.93015606421647,56.60034117878067,57.68082046508789,24150087
2024-04-30,57.43147659301758,58.01327101725889,57.43147659301758,57.43147659301758,14897524
2024-05-02,57.597704394185236,58.013272827980984,57.34836196899414,57.34836196899414,15681245
2024-05-03,57.43147838558059,57.84704681937633,57.26525237697594,57.34836196899414,10069133
2024-05-06,57.431476340764526,58.345722767822984,57.431476340764526,58.17949676513672,19665357
2024-05-07,58.345721542318856,58.345721542318856,57.59770113365822,58.09638595581055,14976183
2024-05-08,58.17949554312403,58.26261195500537,57.76392713285304,58.09638595581055,11092619
2024-05-09,58.013269543929205,58.678180365276354,57.84704354473438,58.09638595581055,20936374
2024-05-10,58.42883947549644,59.67554473876953,58.42883947549644,59.67554473876953,39513126
2024-05-13,59.841769277618894,59.841769277618894,58.92751604376846,59.42620086669922,19604238
2024-05-14,59.509312821459915,59.59242923677742,59.0106348032593,59.17686080932617,16167723
2024-05-15,59.50931456171138,61.58715675973067,59.42620496853161,61.33781433105469,55255010
2024-05-16,61.670267546289075,63.00008233685335,61.17158273447265,61.42092514038086,48668544
2024-05-17,61.67027168006417,62.33517570763115,61.50403884860425,62.002723693847656,25275506
2024-05-20,62.33517722119028,62.33517722119028,60.83913629827106,61.33781433105469,16136105
2024-05-21,61.0053626005239,61.08847219410056,60.17422571734718,60.58979415893555,16631049
2024-05-22,60.58979622154057,61.254707115630595,60.50667980056609,61.08847427368164,12621182
2024-05-23,60.34044906744975,60.589791486317935,60.007997058670874,60.25733947753906,13628792
2024-05-24,60.091108158239024,61.337813459332644,60.091108158239024,60.922245025634766,22190973
2024-05-27,60.75602223892092,61.254707115630595,60.58979622154057,61.08847427368164,15236648
2024-05-28,61.17158832012681,61.67027317747877,60.75601988052295,61.33781433105469,12082828
2024-05-29,61.5040397527672,61.5040397527672,60.091108436563786,60.174224853515625,25286283
2024-05-30,59.75865936279297,60.58979627499664,59.67554976631377,59.75865936279297,22262550
2024-05-31,60.42356144617256,61.08846541932064,60.25733545288554,61.00535583496094,34305010
2024-06-03,61.00536230919893,61.33781433105469,60.75601988052295,61.33781433105469,9784920
2024-06-04,60.67290707661356,61.254701496357505,60.50667424991417,61.17158508300781,12598065
2024-06-05,61.00535795253621,61.75337836057637,60.92224154072382,61.50403594970703,16201760
2024-06-06,61.504037155434645,62.501399993896484,61.337811153119006,62.501399993896484,22543168
2024-06-07,62.66763893051878,63.16631698608398,62.41829649045185,63.166316986083984,22404360
2024-06-11,64.41302167103588,64.66236410842866,63.74811077951129,64.24679565429688,28265212
2024-06-12,63.91433748171611,63.9974539032613,63.000090967562244,63.166316986083984,21323983
2024-06-13,63.49876461170992,63.831223450225295,63.166312597762726,63.33253860473633,14911242
2024-06-14,63.58187753313237,63.914329528808594,63.249425537456155,63.914329528808594,13614661
2024-06-17,63.9974539032613,63.9974539032613,63.000090967562244,63.166316986083984,12966487
2024-06-18,63.664995961320585,63.9974479675293,63.33253713054386,63.9974479675293,13293657
2024-06-19,63.99745028396713,64.82858715414056,63.66499826572507,64.66236114501953,20162991
2024-06-20,64.8285903930664,64.8285903930664,63.99745348136822,64.8285903930664,16864631
2024-06-21,64.57924100771378,65.24415183046014,64.49612459565753,65.07791900634766,26372096
2024-06-24,65.24414856532,65.49348413987502,64.41301178462322,64.91168975830078,21066656
2024-06-25,65.24414825439453,65.32725783732762,64.66235387559286,65.24414825439453,13426870
2024-06-26,64.99481316326161,65.41038159834832,64.49612831133024,64.66236114501953,17473621
2024-06-27,64.0805619290142,65.16104125976562,63.8312263196295,65.16104125976562,14220602
2024-06-28,65.1610447294604,66.32463371710935,64.91170228223024,65.90906524658203,30006636
2024-07-01,66.32461844303936,67.07263878789742,66.07527605323091,66.82330322265625,20144312
2024-07-02,66.82330536635509,67.48820932775143,66.32462057074032,67.32198333740234,25370512
2024-07-03,67.57133075503732,69.3167140202173,67.57133075503732,69.23360443115234,33755230
2024-07-04,69.64917171012401,70.14784971005508,69.06737047335261,69.56605529785156,20229198
2024-07-05,69.56606026114986,70.6465395749408,69.56606026114986,70.56342315673828,23240624
2024-07-08,70.7296407562303,71.56077754112944,70.23096278003135,71.4776611328125,24947429
2024-07-09,71.4776611328125,71.89322952526207,70.64653117248092,71.4776611328125,21384062
2024-07-10,72.89059514553995,75.21777959894973,72.80748555854863,74.05418395996094,42366980
2024-07-11,74.71909401314598,77.79429884080763,74.38664201945144,76.79693603515625,53127322
2024-07-12,77.29561697425274,77.46184297744094,75.63334329323465,76.3813705444336,38084328
2024-07-15,77.04628053227096,77.04628053227096,74.63598623769906,75.55023956298828,33654887
2024-07-16,76.04891608846192,76.46448453262343,75.38401203745823,76.21514892578125,27902964
2024-07-17,77.2125107174829,77.2125107174829,75.30089453689195,75.63334655761719,34842776
2024-07-18,75.13466939514345,75.2177858135698,73.55551204158978,74.71910095214844,50238368
2024-07-19,74.63360326999828,75.48851400496642,72.66731419539428,73.60771179199219,57372754
2024-07-22,73.26575101351672,73.3512378759721,70.53003803915283,70.61553192138672,46979178
2024-07-23,71.7269191914729,73.09477233886719,71.7269191914729,73.09477233886719,21946199
2024-07-26,71.64142759571465,73.00928065293873,70.53004216062207,72.58182525634766,18471394
2024-07-29,73.52221946225673,74.9755663384195,73.52221946225673,74.54811096191406,27645282
2024-07-30,74.12065726419092,74.20615114933982,73.09476574129785,73.94967651367188,15032800
2024-07-31,73.43673362259922,76.25793353104241,73.35123973819483,75.40302276611328,23435088
2024-08-01,76.08695278201232,76.68538891350697,75.0610612680531,75.40302276611328,22870754
2024-08-02,73.60771880762972,74.54811649385803,72.32535258295368,74.2916488647461,22575212
2024-08-05,72.32534595758298,72.32534595758298,67.45236317393903,67.53785705566406,48900905
2024-08-06,70.10258102278348,70.5300363843669,65.99901516740536,68.99119567871094,34795076
2024-08-07,69.16218506186013,71.12847415545454,69.16218506186013,70.61553192138672,20654905
2024-08-08,69.67513095957219,72.15436943737575,69.58963707284288,71.04298400878906,20983307
2024-08-09,72.83830139350714,74.63360988417699,72.23986522995051,73.52222442626953,30464294
2024-08-12,75.23204543012966,75.9159754770565,73.86419235605497,74.2061538696289,20981077
2024-08-13,74.8045883178711,75.23204370995425,74.20615217291044,74.8045883178711,12262261
2024-08-14,75.83048028411507,76.68539107312019,75.40302488961251,76.34342956542969,28605895
2024-08-15,77.3693261051968,77.45481297775117,76.08695983886719,76.08695983886719,17897921
2024-08-16,77.36931710715871,79.07913157696774,76.85636785237104,78.99364471435547,53773654
2024-08-19,78.99364705403646,78.99364705403646,76.94186401367188,76.94186401367188,29026405
2024-08-20,77.62578430951548,77.62578430951548,75.48851447846754,75.91596984863281,21277930
2024-08-21,76.17244068474298,76.59989607303307,75.74499231623167,76.2579345703125,11336392
2024-08-22,76.34342690752446,76.34342690752446,74.71909225309882,75.31753540039062,17752519
2024-08-23,74.97557433742566,76.34343449608897,74.54811891531578,76.08695983886719,11728310
2024-08-26,76.94186495184029,78.82266726507063,76.77087717990942,78.56619262695312,33486947
2024-08-27,78.13873993094089,78.90815685204441,77.71128452593247,78.82266998291016,20802799
2024-08-28,78.82266776569263,79.33561002540665,78.13873773296176,78.65167999267578,11992286
2024-08-29,78.22422630139114,78.99365023736858,77.79677089910778,78.0532455444336,13572511
2024-08-30,78.30971798883563,79.07913488340934,78.30971798883563,78.56619262695312,29830612
2024-09-02,79.50659279344083,81.2164144087076,79.07913738962414,80.36150360107422,33412642
2024-09-03,80.53248163447435,80.6179755202573,79.50659010397291,80.10502624511719,14331757
2024-09-04,76.94186073423582,78.2242198149726,76.51440536739742,77.36931610107422,38489555
2024-09-05,78.30971361027721,79.67756657079131,77.9677521250933,78.90814971923828,26674504
2024-09-06,78.82267207548217,79.50659512582908,77.79677346040336,79.07913970947266,16606806
2024-09-09,77.64716436374269,78.27552583269856,76.74951013650495,77.19833374023438,37805048
2024-09-10,77.9164576282867,79.17318057436398,77.10857232841295,77.5573959350586,25460719
2024-09-11,77.64716596449351,77.64716596449351,76.48021193513742,76.74951171875,19281518
2024-09-12,78.18575277180729,78.18575277180729,76.92903692003019,77.018798828125,16512575
2024-09-13,77.7369217464462,78.00622150881348,77.01879840650476,77.82669067382812,11585622
2024-09-16,78.00621942547271,78.00621942547271,77.46762693490102,77.91645050048828,9847246
2024-09-18,78.0062220324618,78.99364514139901,77.82669119627127,78.18575286865234,20104747
2024-09-19,78.36529024318736,80.69919130839145,78.18575939201781,80.16059875488281,25566699
2024-09-20,81.0582494599726,81.59684198988818,80.07083333168345,81.507080078125,38283491
2024-09-23,81.59683801397787,82.49449920654297,80.78895276835915,82.49449920654297,27709556
2024-09-24,82.49450171000663,83.12285614013672,82.0456711001034,83.12285614013672,21069019
2024-09-25,83.4819209232173,83.751220703125,82.67403562305212,83.751220703125,27637053
2024-09-26,84.02051085829896,84.20004169941164,83.30238749384826,83.48191833496094,15931604
2024-09-27,84.28981066442589,84.28981066442589,81.7763788878176,81.9559097290039,24031869
2024-09-30,82.04567209420492,82.22520293638576,81.14801788330078,81.14801788330078,25231545
2024-10-01,81.50707391743262,81.77637367192487,80.51965084399879,81.41730499267578,16641180
2024-10-04,80.16059216945449,81.4173080243984,80.16059216945449,80.87871551513672,16084612
2024-10-07,81.0582520305159,82.49450584228317,81.0582520305159,81.77638244628906,14815532
2024-10-08,81.058253981906,82.0456771850586,80.42989950517372,82.0456771850586,16739418
2024-10-09,82.13543743035969,82.67402993332958,81.32754516601562,81.32754516601562,14767732
2024-10-11,81.77637367192487,81.86613557690343,80.96848142822643,81.41730499267578,8654538
2024-10-14,81.50708513089705,81.68661598533168,80.7889617131585,81.23778533935547,7722755
2024-10-15,81.59683801397787,82.49449920654297,81.1480144374738,82.49449920654297,17730281
2024-10-16,81.50708105075441,82.04567358709706,80.51965789090345,81.0582504272461,22279812
2024-10-17,80.968481036314,82.2251968383789,80.968481036314,82.2251968383789,12951048
2024-10-18,82.76379899782675,83.84098409691903,82.40473729812932,83.66145324707031,39539996
2024-10-21,83.66144805992587,83.66144805992587,81.50707799531573,81.59683990478516,29264028
2024-10-22,81.95591223633686,83.751220703125,81.59684352320028,83.751220703125,29852474
2024-10-23,83.12285771729277,83.48191940411664,82.58426518705697,82.67403411865234,10845061
2024-10-24,82.58426416326661,82.94332584563922,81.9559097290039,81.9559097290039,11471369
2024-10-25,82.67403203575742,83.03309371353507,82.31497035797977,82.7637939453125,7151657
2024-10-28,82.76379194848971,82.94332278304704,82.22519944481775,82.49449920654297,10477028
2024-10-29,82.49449659156765,82.49449659156765,81.2377737697245,82.2251968383789,14187321
2024-10-30,82.40473429465096,82.40473429465096,81.3275492348198,81.507080078125,12682717
2024-11-01,78.54481716178938,81.50707956766244,78.45505525058836,81.14801788330078,28091377
2024-11-04,81.23778434092901,82.85356903076172,81.14802242470451,82.85356903076172,18625577
2024-11-05,82.22520753807353,82.94333094698622,81.95591476962086,82.85356903076172,9929921
2024-11-06,82.85356953489062,82.9433314516613,82.0456771850586,82.0456771850586,8293589
2024-11-07,82.40473226753485,83.48191730086779,82.22520142864603,82.7637939453125,15413449
2024-11-08,83.03309681710232,83.39215850830078,82.76379703881402,83.39215850830078,11625271
2024-11-11,83.03309529304403,83.30238804661059,82.13544108152415,82.31497192382812,12186928
2024-11-12,82.67403360843608,82.94332636200264,82.22520299278675,82.31497192382812,21646530
2024-11-13,82.31496879490815,82.6740304658676,81.05824592677155,81.68660736083984,23669891
2024-11-14,81.32755020530686,82.04567358709706,80.78895766896423,81.0582504272461,18360762
2024-11-15,81.68660736083984,82.94332320919794,81.50707652536012,81.68660736083984,22784411
2024-11-18,82.31496719006184,82.49449802204136,80.34012101850873,80.60942077636719,32923353
2024-11-19,80.96849206513534,82.0456771850586,80.07083779853264,82.0456771850586,31637183
2024-11-20,81.59684704822475,82.04567769420096,80.96849256759313,81.23778533935547,30286038
2024-11-21,80.78896024386579,80.878722159561,80.16059875488281,80.16059875488281,34046625
2024-11-22,80.96849109503533,81.41731471306963,80.16059875488281,80.16059875488281,24981964
2024-11-25,81.05825448492082,81.86614683976633,80.69919277605156,81.23778533935547,38572637
2024-11-26,81.14801527965683,81.23777718797784,80.34012300587504,80.87871551513672,16823752
2024-11-27,81.14801580466047,81.50707747982462,79.7117691040039,79.7117691040039,21630196
2024-11-28,79.89129785700207,80.25035952279731,79.62199809776645,79.80152893066406,11144700
2024-11-29,78.99364471435547,79.44246829251617,78.36528328119628,78.99364471435547,20451864
2024-12-02,79.44247036430211,80.87871708351796,79.17317761433848,80.42989349365234,18013136
2024-12-03,80.87871654991511,81.59683990478516,80.6991857111976,81.59683990478516,17063391
2024-12-04,81.7763757617131,81.9559065960364,80.96848349736904,81.32754516601562,10591108
2024-12-05,81.41731018566625,81.9559097290039,81.41731018566625,81.9559097290039,14864790
2024-12-06,81.7763813626988,82.58426666259766,81.7763813626988,82.58426666259766,19056782
2024-12-09,82.49450634128226,82.67403719136675,81.95591379102879,82.13544464111328,9479136
2024-12-10,82.13544305593805,82.58426666259766,81.86614327611913,82.58426666259766,11058025
2024-12-11,82.58425849611173,82.85355824930049,82.04566600951249,82.2251968383789,12701573
2024-12-12,82.58426368929338,84.55910293100861,82.49450177910477,84.28981018066406,41095665
2024-12-13,83.93074590508695,84.46933840890065,83.4819153086863,84.0205078125,11706966
2024-12-16,83.75121360562575,85.1874602573415,83.75121360562575,84.11027526855469,19334662
2024-12-17,83.93075053602813,84.28981222504875,82.76379653682166,83.03309631347656,20676184
2024-12-18,82.76379194848971,83.66144612127634,82.40473027937507,82.49449920654297,13648521
2024-12-19,81.59683990478516,81.68660883403324,80.78895464044567,81.59683990478516,27065528
2024-12-20,80.96848704111996,81.77637934082307,80.69918726795932,81.14801788330078,23263735
2024-12-23,81.77638441496738,82.58426974502021,81.59684654186763,82.0456771850586,11071985
2024-12-24,82.58426258825064,82.763793426013,82.04567007496355,82.40473175048828,7265215
2024-12-25,82.76379910651944,82.76379910651944,81.7763829409443,82.13544464111328,5417264
2024-12-26,82.31497141137652,82.49450225256282,81.68660995733508,81.9559097290039,5839566
2024-12-27,82.13543900373404,82.40473175048828,81.50707756167647,82.40473175048828,5754132
2024-12-30,82.13544057019021,82.49450225256282,81.7763788878176,81.9559097290039,6597823
2024-12-31,81.41731211814118,81.68661189620197,80.96848851441177,81.0582504272461,16365009
2025-01-02,80.78895059849103,81.41730499267578,80.78895059849103,81.41730499267578,11419959
2025-01-03,81.59684457751149,81.95591329528759,81.41731372851295,81.77638244628906,6017222
2025-01-06,81.955906702871,82.5842611139324,81.8661377757031,82.49449920654297,11199318
2025-01-07,82.6740300411003,82.76379194848971,81.8661377757031,82.49449920654297,10673404
2025-01-08,82.40473690789439,82.40473690789439,81.77638244628906,81.77638244628906,7332579
2025-01-09,81.95591329528759,82.85356754028024,81.59684457751149,81.77638244628906,12940844
2025-01-10,81.7763803181595,81.7763803181595,80.1605956994425,80.69918823242188,25773883
2025-01-13,80.96848244032623,81.77637469412326,80.07082828042863,80.60942077636719,22189494
2025-01-14,80.87871861666741,82.04567260804058,80.78895670490422,81.507080078125,14357987
2025-01-15,81.68661040984327,82.22520293638576,80.96848704111996,81.14801788330078,9204170
2025-01-16,82.13543493383483,82.49449659156765,81.95590410496841,82.2251968383789,13292143
2025-01-17,82.22519986727903,82.22519986727903,81.417307597731,81.68660736083984,6889663
2025-01-20,81.86614683976633,82.22520854863559,81.23778533935547,81.23778533935547,6896181
2025-01-21,81.50708315592803,82.67403719136675,81.32755230584354,82.13544464111328,13825051
2025-01-22,82.76379092583461,83.66144508752953,82.67402901955431,83.30238342285156,25513290
2025-02-03,82.13544612160847,82.31497697492901,81.14802291845588,82.0456771850586,18879589
2025-02-04,82.5842661234397,82.85356590150047,81.0582504272461,81.0582504272461,14675935
2025-02-05,82.13543900373404,82.58426258825064,81.77637732820932,82.40473175048828,11391483
2025-02-06,82.58426412939755,83.48191833496094,82.2252024471722,83.48191833496094,16945612
2025-02-07,83.12286179921439,83.48192350367074,82.67403817853355,82.85356903076172,8460216
2025-02-10,82.58426463431293,83.84098052978516,82.58426463431293,83.84098052978516,17919261
2025-02-11,84.02051188131078,84.82840418604388,83.84098103801219,84.20004272460938,14559218
2025-02-12,83.75121861856938,84.28981114520035,83.75121861856938,83.84098052978516,8565960
2025-02-13,83.48191884536452,84.2000422142058,83.03309524972812,83.84098052978516,11368940
2025-02-14,83.66144770009899,84.0205093759897,83.48191686215364,83.57168579101562,8603003
2025-02-17,83.93074642790624,84.64886977079782,83.93074642790624,84.37957000732422,10309652
2025-02-18,84.11027985174682,84.64887237548828,84.11027985174682,84.64887237548828,8684798
2025-02-19,84.2898137251012,84.4693445728065,82.94332885742188,82.94332885742188,26323793
2025-02-20,82.85356644241656,83.39215898227546,82.58426666259766,82.58426666259766,14451990
2025-02-21,82.58426362012007,83.12285614013672,82.49450171000663,83.12285614013672,8346159
2025-02-24,82.49449659156765,82.85355824930049,82.13543493383483,82.2251968383789,16902630
2025-02-25,81.95591023922017,82.5842646773947,81.8661413081788,82.31497192382812,8628272
2025-02-26,81.95590569019836,83.39215234891026,81.95590569019836,83.30238342285156,14149894
2025-02-27,83.12286179921439,83.39216158744624,82.85356903076172,82.85356903076172,30296790
2025-03-03,82.58426009349562,83.30238342285156,82.31496735487634,83.30238342285156,15193666
2025-03-04,82.1354420494682,82.49450373830759,81.50708058410983,81.86614227294922,22142291
2025-03-05,81.8661392372012,82.85356235478348,81.8661392372012,82.40473175048828,10925291
2025-03-06,82.135442090925,83.03309631347656,82.135442090925,83.03309631347656,6541923
2025-03-07,82.40473218890328,82.49450111815136,81.59683990478516,81.59683990478516,20692089
2025-03-10,81.95590450166027,81.95590450166027,81.32754308769722,81.41730499267578,13546516
2025-03-11,80.60942224783011,81.05824582608265,79.5322372362898,80.5196533203125,36157572
2025-03-12,80.6094258122801,80.9684874986708,80.34012603759766,80.34012603759766,18365942
2025-03-13,80.87872016328447,80.87872016328447,79.89130401611328,79.89130401611328,15008829
2025-03-14,79.89130300432332,80.51965745006007,79.17317962646484,79.17317962646484,23525414
2025-03-17,79.71177064219776,81.0582484401569,79.62200171178516,80.78895568847656,20222953
2025-03-18,81.14801788330078,81.68661040984327,80.42989451457747,81.14801788330078,21755551
2025-03-19,80.9684890965431,81.1480199432814,79.89130401611328,79.89130401611328,16066481
2025-03-20,80.51965738809541,81.23778076540125,80.42989547582161,80.69918823242188,10011507
2025-03-21,80.69918931654617,80.87872016328447,79.89130401611328,79.89130401611328,14902536
2025-03-24,80.07083486285158,80.60942740306649,79.89130401611328,79.89130401611328,7419196
2025-03-25,80.34012248505579,80.96848391834355,80.16059164979906,80.5196533203125,8196560
2025-03-26,80.51965738809541,80.87871907674834,80.34012654376896,80.69918823242188,6134402
2025-03-27,80.34012654376896,80.69918823242188,79.98106485511603,80.69918823242188,10790323
2025-03-28,80.16059576113082,80.34012660559544,78.99364878200022,79.17317962646484,17154027
2025-03-31,77.64716184437518,78.09599245332058,76.56997680664062,76.56997680664062,31274570
2025-04-01,77.01880147984312,78.54481714800167,76.83927063769382,78.4550552368164,16777372
2025-04-02,78.00622109056238,78.90387526067616,78.00622109056238,78.63458251953125,9215130
2025-04-07,70.82498168945312,70.82498168945312,70.82498168945312,70.82498168945312,10017815
2025-04-08,66.42647506966712,70.46592254594113,66.42647506966712,69.92733001708984,58594267
2025-04-09,70.91475694894741,71.63288035908569,64.72093200683594,64.72093200683594,46905604
2025-04-10,71.18405151367188,71.18405151367188,71.18405151367188,71.18405151367188,10085273
2025-04-11,69.56826985249302,72.53053233584258,69.47850091916536,72.17147064208984,29588503
2025-04-14,72.53053075198565,74.05653940722169,72.35099990902972,72.62029266357422,24613575
2025-04-15,72.97935635552606,74.68490292037852,72.88959444147015,74.0565414428711,14851886
2025-04-16,73.15888415682765,73.51794583765675,71.81240636360786,71.90216827392578,24111401
2025-04-17,71.90216985344803,72.08170069780645,71.27381540808298,71.4533462524414,12823378
2025-04-18,71.81240942645539,72.08170218867338,71.36357879638672,71.36357879638672,8946997
2025-04-21,71.36358039524764,71.63288018327815,70.28639528268394,70.91475677490234,7962101
2025-04-22,69.65803330592895,70.10686394293137,69.1194407533935,69.38874053955078,14921332
2025-04-23,70.28639722835324,71.18405151367188,69.74780465716205,71.18405151367188,15609173
2025-04-24,71.09428452093009,71.54310812166656,70.01709243564909,70.28639221191406,15770256
2025-04-25,71.18405003317206,71.45334982305637,70.73522640973714,71.27381896972656,12886787
2025-04-28,71.7226384985091,71.90216934158947,71.09428405761719,71.09428405761719,17347642
2025-04-29,71.36358327035227,73.15889186362139,71.36358327035227,73.06912994384766,20275646
2025-04-30,74.05654050396608,76.74951020796559,74.05654050396608,75.67232513427734,40724623
2025-05-02,76.03138169810451,76.30067443847656,75.40302027093901,76.30067443847656,23383114
2025-05-05,71.81240844726562,72.53053182976039,70.73522337352348,71.81240844726562,70933278
2025-05-06,70.28639528268394,71.18404954315369,69.83756464255947,70.91475677490234,60901380
2025-05-07,71.09428188915541,71.09428188915541,69.65802816854107,70.01708984375,53509146
2025-05-08,70.01709599262422,70.64545748931161,70.01709599262422,70.10686492919922,24956425
2025-05-09,69.29896952076339,69.83756205710603,68.85014591703397,69.47850036621094,43243548
2025-05-12,69.65803428588262,70.46592663594082,69.65803428588262,70.10686492919922,20875282
2025-05-13,70.7352259228084,71.5431112473416,70.64545698687184,70.91475677490234,33117533
2025-05-14,71.45334675601825,71.90217036018802,71.09428506477086,71.81240844726562,37041765
2025-05-15,72.171476177711,72.26123809814453,71.27382187447822,72.26123809814453,37118669
2025-05-16,71.99193573347428,73.60771326420046,71.99193573347428,73.5179443359375,33450813
2025-05-19,72.79982045557504,72.88958938318031,71.63287353515625,71.63287353515625,29969907
2025-05-20,72.44075775146484,72.79981941720744,71.90216525285095,72.44075775146484,15871145
2025-05-21,72.26123549955561,73.4281895616831,72.17147358235,73.15888977050781,31505121
2025-05-22,72.26122847870602,73.69747517268485,71.99193573347428,73.5179443359375,26699547
2025-05-23,73.33842062469826,74.41561276962015,73.15888977050781,73.15888977050781,22013511
2025-05-26,72.97935434948609,73.60771580972126,72.53053075198565,72.62029266357422,19508519
2025-05-27,72.44076488714666,73.06912637398133,72.08170318603516,72.08170318603516,18071099
2025-05-28,72.4407638848167,72.62029473288837,71.36357879638672,71.36357879638672,20492637
2025-05-29,71.81240794115826,72.71006216295036,71.4533462524414,71.4533462524414,53969439
2025-06-02,71.45334524906613,73.78724619295211,71.09428356539136,73.42818450927734,70003075
2025-06-03,73.42818302736197,75.04396057128906,72.53052883629135,75.04396057128906,67520560
2025-06-04,75.3132594896038,80.25036099473276,74.68489805304766,78.18575286865234,134970279
2025-06-05,77.5573914320962,79.53223764997063,76.9290370153186,78.18575286865234,99075568
2025-06-06,78.09599405839167,79.98106440328078,77.46763259690941,78.81411743164062,103270914
2025-06-09,78.81411990382121,79.71177414853933,78.45505820593395,79.44247436523438,92768457
2025-06-10,79.1731729292762,79.801527321861,77.55738844599355,78.7243423461914,95414344
2025-06-11,78.18575296882833,80.87871551513672,75.85185209536107,80.87871551513672,140738469
2025-06-12,78.81412248499566,79.35271504946553,78.2755299205258,78.5448226928711,51328971
2025-06-13,77.64716339111328,78.18575592070937,76.7495091751198,77.64716339111328,46761784
2025-06-16,77.64716436374269,78.72434943642799,76.83927204933929,77.19833374023438,44466648
2025-06-17,77.46762942793467,78.45505253564879,77.018798828125,77.018798828125,42752065
2025-06-18,77.37786316414174,78.4550552368164,77.19833232199244,78.4550552368164,31051111
2025-06-19,77.7369217464462,78.00622150881348,76.74950566391595,77.82669067382812,29730119
2025-06-20,77.28809964226363,77.4676304806715,76.2109146118164,76.2109146118164,32057686
2025-06-23,75.58254911784603,76.03137969970703,75.04395663147979,76.03137969970703,22342697
2025-06-24,76.48020889732011,77.64716288032442,76.39044698620064,77.28810119628906,21266050
2025-06-25,77.64716236476742,77.64716236476742,76.92903900146484,76.92903900146484,27627366
2025-06-26,77.19833226539083,77.5573939494262,76.83927058135546,77.28810119628906,31674170
2025-06-27,77.10857035427138,77.46763203830675,76.39044698620064,77.28810119628906,34892230
2025-06-30,77.10857186206393,78.99364925000006,76.39044847995092,78.36528778076172,124005846
2025-07-01,78.31810253715174,80.11092857146835,78.12938439559254,78.50682067871094,42600586
2025-07-02,78.60118353700702,79.16733796239058,78.12938449301647,78.22374725341797,23863192
2025-07-03,78.31810760498047,78.97862483268281,77.94067129743883,78.31810760498047,20003333
2025-07-04,78.22374955112794,78.41246769846578,76.43092346191406,76.43092346191406,30918442
2025-07-07,76.71399453473278,77.56322986003943,76.33655825215392,77.37451171875,19938244
2025-07-08,77.28015401324967,77.84630847414832,76.52528139871815,76.61964416503906,15582669
2025-07-09,76.43092585624979,77.37451662249867,75.7704086303711,75.7704086303711,21266845
2025-07-10,75.67605578720715,77.75195554273898,75.58169301790565,77.6575927734375,18629970
2025-07-11,77.84630343851359,79.16733780749911,77.6575852970883,77.94066619873047,21676631
2025-07-14,77.94066619873047,78.69553876443165,77.75194805730519,77.94066619873047,20734773
2025-07-15,77.6575855028382,78.78990173339844,77.6575855028382,78.78990173339844,11388006
2025-07-16,78.12938450410151,79.63912963867188,78.12938450410151,79.63912963867188,20258371
2025-07-17,79.45041159490177,80.29964692364989,79.07297531079337,79.3560562133789,13852428
2025-07-18,79.35605873261392,79.92221317674962,78.31810522886074,78.97862243652344,20317312
2025-07-21,78.7899042524609,79.35605869633781,78.41246795654297,78.41246795654297,12585397
2025-07-22,78.78990396249891,78.97862210976335,77.65758769990352,77.84630584716797,12098861
2025-07-23,78.50682073361786,79.0729751586914,77.9406663085443,79.0729751586914,15463753
2025-07-24,78.88426208496094,79.07298023877642,78.50682577732998,78.88426208496094,8541648
2025-07-25,78.31810508643187,78.7899041451913,78.31810508643187,78.69554138183594,8362418
2025-07-28,78.69554134469438,78.97862225561818,78.12938690185547,78.12938690185547,11667829
2025-07-29,78.12938428390771,78.50682056648657,77.37451171875,77.37451171875,14784551
2025-07-30,77.94066619873047,78.31810248158105,77.6575852970883,77.94066619873047,10709066
2025-07-31,77.46887220490726,78.12938943245102,76.99708051009796,77.751953125,16271112
2025-08-04,77.28015162051882,79.2616958618164,77.28015162051882,79.2616958618164,14627824
2025-08-05,78.97862232963601,79.54477677300551,78.69554141844691,79.2616958618164,12745128
2025-08-06,79.26169335502928,79.82784778049317,78.78990168998028,79.63912963867188,14236582
2025-08-07,79.73349750357198,80.5827255066306,79.73349750357198,80.01657104492188,12866124
2025-08-08,79.7334949934157,80.39400482177734,79.54477684545398,80.39400482177734,9864942
2025-08-11,80.39400236760947,81.4319558392179,80.2052842254087,81.33759307861328,11254629
2025-08-12,81.6206766879671,82.09247574861816,81.33759577577473,81.80939483642578,13278295
2025-08-13,82.28119152495073,82.5642650499735,81.90374785990616,82.46990966796875,14730325
2025-08-14,82.46991228796075,83.79093933105469,82.37554952394966,83.79093933105469,21710143
2025-08-15,83.69657656704359,83.88529471605702,83.036066735001,83.79093933105469,10901881
2025-08-18,83.22478741516773,83.97966003417969,83.13042464828673,83.97966003417969,16074345
2025-08-19,83.22478726622383,83.60222357505434,83.13042449951172,83.13042449951172,14738780
2025-08-20,83.1304244655801,83.2247872322537,81.80939738521256,81.99811553955078,22355494
2025-08-21,82.56426500161227,83.50785571614968,82.46990961966279,83.31913757324219,13859902
2025-08-22,82.65863026296687,83.41350285743144,82.65863026296687,82.94170379638672,12046524
2025-08-25,83.60222374021974,84.54581451416016,83.22478743064357,84.54581451416016,21783256
2025-08-26,83.97965465817029,84.26272818267417,82.18682861328125,82.18682861328125,34652554
2025-08-27,82.18683365940308,82.75298812218017,80.86580657958984,80.86580657958984,27101535
2025-08-28,80.67708573322427,81.24324017710941,80.20528667381562,80.39400482177734,19734457
2025-08-29,80.39400745202799,80.7714437603,79.16734313964844,79.16734313964844,24533596
2025-09-01,79.26169854468043,80.39400746974601,79.26169854468043,79.7334976196289,11308307
2025-09-02,80.11092889602234,81.90374755859375,80.11092889602234,81.90374755859375,19202424
2025-09-03,81.90375262083438,81.90375262083438,80.96016185089492,81.14888000488281,11967270
2025-09-04,81.24323784819691,81.90374765762444,81.1488750874167,81.62067413330078,9726351
2025-09-05,81.5263140657458,82.09247589111328,81.33759591695954,82.09247589111328,8803908
2025-09-08,81.90375262083438,81.90375262083438,81.14888000488281,81.14888000488281,10327138
2025-09-09,81.14887748548064,81.9981128415647,81.0545221009206,81.52631378173828,12486965
2025-09-10,81.52631409890695,82.65863037109375,81.52631409890695,82.65863037109375,14851590
2025-09-11,82.56427000256544,82.84735092357725,81.62067923087434,81.99811553955078,17290018
2025-09-12,82.46991214805854,83.50785827636719,82.46991214805854,83.50785827636719,18765421
2025-09-15,83.50785841803018,84.73453007612179,83.50785841803018,83.79093933105469,17502235
2025-09-16,84.26273101408385,84.54581192710836,83.79093933105469,83.79093933105469,16306674
2025-09-17,83.60222359177018,84.16837805512912,83.13042451613323,83.69657897949219,15795883
2025-09-18,83.97965476292264,84.16837290583011,82.84734590547775,83.31913757324219,14854715
2025-09-19,83.13042461673632,83.22478738358149,82.37555199801085,82.84735107421875,23796367
2025-09-22,82.84734605493794,84.16837305767349,82.84734605493794,83.60221862792969,16451950
2025-09-23,83.50786094205344,84.0740154062057,83.31914278733602,83.41350555419922,13862324
2025-09-24,83.6965791125457,84.82888804106365,83.6022237246737,83.97966003417969,21059759
2025-09-25,84.24150279417518,84.53166018069253,83.17760467529297,83.17760467529297,19800000
2025-09-26,83.27431979914859,84.04806789616393,82.69401241589144,83.66119384765625,13615025
2025-09-30,84.04806703122077,85.4021224975586,83.95135036484136,85.4021224975586,16940183
2025-10-01,85.11196939373288,85.98243419287968,84.53166198730469,84.53166198730469,14402041
2025-10-02,85.2086860649694,85.49884345768801,84.53166198730469,84.53166198730469,6641344
2025-10-03,85.11196599530348,85.11196599530348,83.66119384765625,83.66119384765625,10819380
2025-10-07,83.56447448526065,85.30539657888596,83.37103377774108,84.04806518554688,14244498
2025-10-08,84.43494376390751,85.49884188596982,84.43494376390751,85.01525115966797,9245149
2025-10-09,85.30540141224004,87.04633098351388,85.20868474250459,86.85289764404297,31821900
2025-10-13,85.78899071738957,86.0791481007935,84.62837594179138,84.91853332519531,20414839
2025-10-14,85.88571178033561,87.23975984514934,85.3053970336914,85.3053970336914,25665887
2025-10-15,85.98243029870109,86.65945434570312,85.40212291855525,86.65945434570312,21913603
2025-10-16,86.85289764404297,87.82007909941534,86.65945692556315,86.85289764404297,26224622
2025-10-17,86.56273651123047,87.23976054910034,86.36930318012725,86.56273651123047,16687565
2025-10-20,87.14304661721349,87.14304661721349,85.98243183616864,86.17586517333984,9505840
2025-10-21,86.6594588430513,88.69053846847261,86.6594588430513,87.62664031982422,24112315
2025-10-22,88.2069446117169,88.59381866455078,87.82007793789185,88.59381866455078,15334894
2025-10-23,88.11023165906487,88.9806964698983,87.8200816414598,88.88397979736328,12913213
2025-10-27,89.75443926235295,89.75443926235295,88.78725783659056,89.07740783691406,17647711
2025-10-28,88.78725858961265,88.88397525720742,87.82007715564741,87.91679382324219,14698652
2025-10-29,88.11023050598737,88.98069530542925,88.11023050598737,88.78726196289062,8401255
2025-10-30,89.75444303208215,89.75444303208215,88.11023011182316,89.36756896972656,12939012
2025-10-31,89.46428619231797,89.46428619231797,88.20694732666016,88.20694732666016,11353559
2025-11-03,88.20694192038196,89.07740666794669,87.9167919238661,88.9806900024414,14020243
2025-11-04,89.3675701321046,89.94787754368137,88.98069606471705,89.46428680419922,16158095
2025-11-05,88.49710512472166,88.59382179659713,87.62664031982422,87.62664031982422,15806574
2025-11-06,88.78726196289062,88.98069530542925,87.91679716344875,88.78726196289062,12043354
2025-11-07,88.11022988790569,88.20694655849655,87.4332058147607,87.52992248535156,8839832
2025-11-10,87.52992364794873,88.40038845284617,87.23976625331323,87.62664031982422,8264347
2025-11-11,88.40038571223184,89.46428382789695,88.01351165771484,88.01351165771484,18138379
2025-11-12,88.49710315956783,89.27085127540806,88.49710315956783,88.69053649902344,14133157
2025-11-13,89.46428217786423,91.30192836867076,89.1741247975758,90.91505432128906,53925925
2025-11-14,90.33474614622416,91.10848685518233,89.94787210224075,90.23802947998047,35126754
2025-11-17,90.52818418276534,90.52818418276534,88.49710457007366,88.78726196289062,48868496
2025-11-18,88.20694196263365,89.7544381274938,86.56273651123047,86.56273651123047,61683580
2025-11-19,86.65945904719015,87.72335719834471,85.20868682861328,85.20868682861328,73782341
2025-11-20,86.17586774971642,87.62663995890023,86.17586774971642,86.36930847167969,66153807
2025-11-21,85.49884382050837,87.33649009783667,85.49884382050837,85.78899383544922,75740896
2025-11-24,86.56273646976636,89.94787141551141,86.07914576323135,88.9806900024414,99751696
2025-11-25,88.78726002335,90.9150562608297,88.01351191207982,89.85115814208984,76645843
2025-11-26,90.8183354271815,91.4953594592412,89.85115402194849,90.14130401611328,57765893
2025-11-27,89.65771435958996,91.39864386092532,89.07740698548105,90.8183364868164,50459875
2025-11-28,90.1413043789513,91.01176912296653,89.46428034416644,89.56099700927734,21062593
2025-12-01,89.46428604078484,90.62490085403466,88.78726196289062,88.78726196289062,13982099
2025-12-02,89.65771521656976,89.65771521656976,88.40038379048386,89.07740783691406,26165233
2025-12-03,89.1741290080781,90.04459381103516,88.69053827076962,90.04459381103516,16906159
2025-12-04,90.04459033868746,91.78551987746691,89.94787367075722,91.59207916259766,25047691
2025-12-05,91.7855224609375,91.7855224609375,90.52818360542794,91.7855224609375,11645056
2025-12-08,91.49536467761567,92.36582946777344,90.91505727718014,92.36582946777344,15405104
2025-12-09,92.17239828986152,93.13957977294922,92.07567423834546,93.13957977294922,16379762
2025-12-10,93.13957380135294,93.62316451189162,91.59207762442226,92.07566833496094,11820012
2025-12-11,92.55925786996285,92.84941524420441,91.30192646593603,91.97895050048828,11458753
2025-12-12,92.65598747843535,94.01003562885617,92.3658300867686,93.6231689453125,21210920
2025-12-15,92.84942136707738,93.42972877481981,92.17239728787939,92.4625473022461,14966774
2025-12-16,91.88223719596863,93.04285197736681,91.68880385873854,92.84941864013672,27531043
2025-12-17,92.84941927998905,94.68706551237393,92.84941927998905,94.10675811767578,33469185
2025-12-18,94.39690969140884,94.39690969140884,92.65598747843535,93.6231689453125,23959532
2025-12-19,93.4297266746872,94.39690812552043,93.13957666684256,94.10675811767578,21259861
2025-12-22,94.68706861059117,95.26737602427733,94.59035193814499,94.97721862792969,20486074
2025-12-23,95.26737485751269,95.36409152877435,93.52644525876673,94.88050079345703,15892606
2025-12-24,95.17065701829222,95.55753107760007,94.68706628890965,94.78378295898438,15559947
2025-12-26,94.88049506249816,95.07393577234632,93.81659698486328,93.81659698486328,12368531
2025-12-29,93.71988712811118,95.07394267938497,93.62317045566502,94.97721862792969,6456976
2025-12-30,94.39690435639062,94.59034506623878,93.6231636540237,93.81659698486328,8845021
2025-12-31,93.81660126108098,94.20347531940268,92.94613647460938,92.94613647460938,12410141
2026-01-02,93.04285470998852,93.81660283965111,92.36583063079053,92.4625473022461,12895790
2026-01-05,92.46254383157887,94.10675670064256,92.17239382810322,94.0100326538086,13275454
2026-01-06,94.10675472822743,94.49362139141982,93.13957331222925,93.23628997802734,12413897
2026-01-07,93.33301053293107,93.52644387258748,92.55926241628767,92.94613647460938,12862538
2026-01-08,93.13957294791615,93.91331365028307,92.94613223806799,93.81659698486328,9502984
2026-01-09,93.81660165836675,93.81660165836675,92.0756720780512,92.36582946777344,15227135
2026-01-12,92.46254770568461,92.65598842844881,91.88224029541016,91.88224029541016,13337196
2026-01-13,92.07567144396938,92.07567144396938,90.91505665109092,91.10848999023438,19031878
2026-01-14,91.39864268358168,91.97895005021543,90.72161865234375,90.72161865234375,19721352
2026-01-15,91.49536287643953,92.36582764946134,91.01177215576172,91.01177215576172,17215083
2026-01-16,91.49536622889082,92.65598842844881,91.30193288513568,91.88224029541016,18788635
2026-01-19,91.30193288513568,93.04285511595907,91.30193288513568,91.88224029541016,15533367
2026-01-20,91.7855190831457,92.07566908442544,90.91505432128906,90.91505432128906,16512621
2026-01-21,90.62490004843842,90.91505743867607,89.75444263574337,89.9478759765625,20236476
2026-01-22,90.62490004843842,91.1084907794952,89.75444263574337,89.9478759765625,18724433
2026-01-23,90.62489848641086,90.62489848641086,89.56100037222527,90.43146514892578,13570465
2026-01-26,90.4314613892866,90.8183354271815,90.04458735139168,90.14130401611328,14020739
2026-01-27,90.43146710694768,91.20521523165884,89.36756896972656,89.36756896972656,22045386
2026-01-28,89.85116087158676,90.04459421577599,88.78726272052783,89.46428680419922,17352554
2026-01-29,89.07741041709309,90.23803258903126,88.78726040836523,89.2708511352539,15269465
2026-01-30,89.17412525999175,89.46428264178482,87.91679382324219,87.91679382324219,23111432
2026-02-02,88.4971039492781,88.59382061986896,86.85289841220657,87.52992248535156,21614236
2026-02-03,88.59382124134298,89.56100271205416,88.30367122753503,88.78726196289062,13641415
2026-02-04,88.69053342200941,90.43146293274594,88.69053342200941,89.65771484375,17626098
2026-02-05,89.75444108871918,90.62489848641086,89.07740964950374,90.43146514892578,14212576
2026-02-06,89.6577189822365,89.85115970291879,88.40038750334209,89.36756896972656,12719419
2026-02-09,89.94787057749309,91.10848531076056,89.85115391288889,90.72161865234375,13844743
2026-02-10,91.10848611825953,91.88223419996795,90.4314620810211,91.39864349365234,13827542
2026-02-11,91.88223500234892,92.55925904549962,91.59207762442226,92.07566833496094,16919103
2026-02-23,93.3330055829312,93.3330055829312,92.07566680482198,92.55925750732422,36505199
2026-02-24,92.65598503347154,93.04285170680676,91.01177215576172,91.01177215576172,22251014
2026-02-25,90.9150562608297,90.9150562608297,89.7544414729333,89.85115814208984,28096823
2026-02-26,89.8511585277842,91.97895477439766,89.8511585277842,91.10848999023438,34668062
2026-03-02,91.1084907794952,91.1084907794952,89.75444263574337,89.9478759765625,21906784
2026-03-03,89.65771974538657,90.43146787668374,89.56100307372668,90.04459381103516,12454755
2026-03-04,89.17412723372955,89.27085128247391,86.85289764404297,86.85289764404297,36239727
2026-03-05,87.82007987613311,88.30367060809638,86.85289841220657,87.52992248535156,19193816
2026-03-06,86.85289307440745,87.04632640370114,85.69227096161966,85.88571166992188,34932982
2026-03-09,81.2432410299053,84.33821868896484,80.7596503094892,84.33821868896484,40799520
2026-03-10,85.78898916307628,85.78898916307628,84.4349410757471,85.4021224975586,17562979
2026-03-11,85.11196821108311,87.14304779486399,84.91853487129785,86.2725830078125,14551338
2026-03-12,85.11197075023317,86.46602630615234,85.11197075023317,86.46602630615234,20668142
2026-03-13,85.59556089603561,85.78899424024222,85.11197015650998,85.20868682861328,19665172
2026-03-16,86.17586166386243,86.65945236610521,85.49883763232594,85.88571166992188,12979111
2026-03-17,86.56274025582769,87.9167957691508,86.46602358609223,86.85289764404297,24791907
2026-03-18,87.9167919659788,87.9167919659788,86.17586247001543,86.56273651123047,14458299
2026-03-19,86.07914510987798,86.27257843942037,84.62837300128454,85.3053970336914,25440528
2026-03-20,84.62837786927885,86.4660241216707,84.33822047926631,85.69227600097656,34642529
2026-03-23,82.98417350548182,84.62837906135597,82.50058276798836,83.95135498046875,24642620
2026-03-24,84.43494156738602,85.01524894805014,83.75791014077063,84.24150085449219,12087520
2026-03-25,86.27257832850928,86.27257832850928,85.01524693008317,85.88571166992188,13456623
2026-03-26,86.27258340199269,86.27258340199269,85.11196859996045,85.69227600097656,13705757
2026-03-27,84.9185319068531,85.40212261844336,84.24150048322154,84.82180786132812,13245107
2026-03-30,83.37103530212708,84.53165743144034,83.37103530212708,83.5644760131836,19983515
2026-03-31,82.98417133695398,84.33821946334467,82.98417133695398,83.17760467529297,16077941
2026-04-01,84.7250926099231,85.11196666145875,84.14478522212399,84.91853332519531,13379610
2026-04-02,85.20868332959047,85.49884071299441,84.33821855838742,84.91853332519531,10025173
2026-04-07,85.01524857336942,85.40212261844336,83.66119310511496,84.82180786132812,13830105
2026-04-08,86.2725830078125,86.2725830078125,85.01525154119048,86.2725830078125,17377591
2026-04-09,86.27258222864673,86.27258222864673,84.72509338731396,85.5955581665039,21189428
2026-04-10,84.62837336167242,85.30539739696238,84.4349400313063,84.72509002685547,20351718
2026-04-13,84.62837763515513,84.72509430522209,83.85462951660156,83.85462951660156,17099835
2026-04-14,83.85462528219084,85.49883810633705,83.85462528219084,84.72509002685547,18050038
2026-04-15,85.11197056361607,85.49884463288888,84.24150575250454,84.62837982177734,21034630
2026-04-16,84.43494376390751,85.49884188596982,84.33821971544003,85.01525115966797,20729379
2026-04-17,85.11196899414062,85.11196899414062,83.95135418673321,85.11196899414062,24078612
2026-04-20,85.01525012495267,85.11196679323413,84.33821868896484,84.33821868896484,21759071
2026-04-21,85.20868190640206,85.20868190640206,84.33821714973786,84.82180786132812,18209986
2026-04-22,84.91853178665285,85.88571320846435,84.82180774126478,85.4021224975586,23316872
2026-04-23,85.30539845217052,86.27257987398202,85.20868178579111,85.4021224975586,26193198
2026-04-24,85.30539999772219,85.78899071738957,84.91853332519531,84.91853332519531,16615830
2026-04-27,84.6283771028247,85.59555855542841,84.33821971544003,85.01525115966797,24035589
2026-04-28,85.59555933064203,86.27258340199269,85.20868527029496,85.69227600097656,20879110
2026-04-29,86.4660190172248,88.30366516113281,86.17586164434145,88.30366516113281,37091754
2026-04-30,87.43320738129228,88.7872629308517,87.04633331298828,87.04633331298828,30824103
2026-05-04,88.78725976674883,90.91505599807907,88.01351165771484,88.01351165771484,49138608
2026-05-05,88.49710161609117,89.27084971843647,87.43320350962298,89.17412567138672,24529764
2026-05-06,89.94787364341887,90.91505508044489,89.36756625700502,89.75444030761719,24089561
2026-05-07,90.23802875009828,91.68880086904514,89.46428066838986,91.39864349365234,34939336
2026-05-08,91.39864723808809,93.71988419930162,91.01177318138434,93.52644348144531,57391289
2026-05-11,93.52644426864451,93.52644426864451,92.36582946777344,92.36582946777344,21973651
2026-05-12,92.84942115122274,92.84942115122274,90.6249008178711,90.6249008178711,35914987
2026-05-13,90.4314643894172,92.07566988125764,90.23803105355671,91.59207916259766,18212137
2026-05-14,90.81833728223641,92.84941679891085,90.81833728223641,91.495361328125,19873965
2026-05-15,93.33301053293107,95.36409011535888,91.88223834848137,92.94613647460938,99740538
2026-05-18,93.13957380135294,93.42972380027096,91.39864429181024,92.07566833496094,25612782
2026-05-19,92.55926049940409,94.88049742225306,92.36582716375365,94.0100326538086,35452336
2026-05-20,93.91331438956351,94.01003105574465,92.46254225982048,92.6559829711914,29383031
2026-05-21,93.33301053293107,93.62316792142458,92.17239573697488,92.94613647460938,32015568
2026-05-22,92.26910787472984,92.84941524420441,91.20520980085837,91.97895050048828,41582008
2026-05-25,92.26910898654653,94.49362182617188,91.5920775648277,94.49362182617188,46786568
2026-05-26,94.59034785331039,100.10327911376953,94.59034785331039,100.10327911376953,102121967
2026-05-27,101.07046318054199,106.38996124267578,99.61969098177823,106.38996124267578,92282492
2026-05-28,106.38996124267578,108.3243241743608,103.48841684514825,106.38996124267578,82132672
2026-05-29,106.87355197559704,107.35714270851828,103.48841684514825,106.38996124267578,138784787
2026-06-01,105.90636896331925,108.32432259261878,103.48841533401972,106.87355041503906,87169374
2026-06-02,106.87354876816535,109.77509307861328,105.42277661294139,109.77509307861328,97053866
2026-06-03,111.70945753249447,112.19304825774336,107.35714100525442,109.29150390625,71704539
2026-06-04,109.77509153934946,110.25868225097656,108.3243194044682,110.25868225097656,55185284
2026-06-05,110.25868509583555,115.09459233688096,108.32432219941737,114.12741088867188,61138437
2026-06-08,108.32432082603718,113.64381872374436,108.32432082603718,112.19304656982422,104388292
2026-06-09,111.2258676147461,122.3484543762207,111.2258676147461,120.8976821899414,87597811
2026-06-10,119.93050088687819,121.86486380440849,118.47972869873047,118.47972869873047,68093778
2026-06-11,120.89768063974572,123.31563425254062,117.51254558183282,121.38127136230469,61634852
2026-06-12,122.8320468840052,124.76640982706039,116.5453673190758,117.99613952636719,42253395
2026-06-15,121.8648634966682,123.79922640931373,120.41409131218406,123.31563568115234,25609258
2026-06-16,124.28281836076216,128.15154422413218,123.31563689491965,127.66795349121094,39847023
2026-06-17,128.6351317233265,134.43822037249913,127.18435956103335,131.05308532714844,40305106
2026-06-18,132.50385737764663,136.37258314049762,131.0530852165775,133.47103881835938,44276004
2026-06-22,134.92181710473898,136.37258933167166,131.53668190856274,133.9546356201172,24131602
2026-06-23,132.50385131835938,136.37257690429686,132.50385131835938,132.98744201660156,24067158
2026-06-24,131.0530884469752,134.43822357291182,130.08590698242188,130.08590698242188,29701142
2026-06-25,129.11872841330137,133.47104510139016,129.11872841330137,131.53668212890625,21284471
2026-06-26,131.53667301918145,133.4710358576988,128.63512876140538,129.60231018066406,31021556
2026-06-29,127.66794903825692,130.08590261852694,123.7992233098249,124.2828140258789,30562875
2026-06-30,125.73359073359073,127.66795366795367,122.83204633204633,125.25,57540886
2026-07-01,128.0,131.0,121.5,122.5,66858771
2026-07-02,122.0,123.5,118.0,119.5,72657157
2026-07-03,118.5,121.5,118.5,121.0,29634110
2026-07-06,122.0,123.0,120.5,121.5,15350177
2026-07-07,121.5,123.5,121.0,123.0,20954719
2026-07-08,124.0,126.0,122.5,126.0,25880901
2026-07-09,129.0,129.0,122.5,124.5,25220485
2026-07-10,124.5,124.5,124.5,124.5,0
2026-07-13,125.5,127.5,124.5,127.0,24192331
2026-07-14,127.0,127.0,121.5,125.0,26579555
2026-07-15,126.5,130.0,126.0,128.5,27336864
2026-07-16,128.5,129.5,123.5,125.0,26244815
2026-07-17,124.5,125.5,123.0,124.5,33187157
2026-07-20,125.0,125.5,122.0,123.5,26496365
2026-07-21,124.0,125.0,122.5,123.5,16798624
