date,open,high,low,close,volume
2021-07-22,44.70666385354652,45.99920257300355,44.55459908850463,45.69507598876953,84967590
2021-07-23,45.99920221503038,46.07523459695963,45.23888428743736,45.847137451171875,69297247
2021-07-26,46.24373876421474,46.56101959536734,44.498692656242824,44.57801055908203,84704173
2021-07-27,44.578013671985964,44.578013671985964,43.62617111206055,43.62617111206055,42327107
2021-07-28,43.150247585845115,43.22956856618414,42.11908406123404,42.6743278503418,71625845
2021-07-29,43.1502484424855,43.467529296875,42.51568673370649,43.467529296875,34461374
2021-07-30,43.229565542576715,43.38820749215886,42.832963741886545,43.070926666259766,24744411
2021-08-02,43.22956725018785,44.2607307434082,42.912286411755844,44.2607307434082,32799326
2021-08-03,43.78480896819341,44.022771907504854,43.54684910214736,43.943450927734375,16429056
2021-08-04,44.02277205264482,44.340052899507405,43.70549120578223,43.78480911254883,18718313
2021-08-05,44.02277205264482,44.181414012708814,43.70549120578223,43.78480911254883,14312952
2021-08-06,44.022770951229155,44.022770951229155,43.46752717816234,43.70549011230469,20020529
2021-08-09,43.78480911254883,43.943451072612824,43.07092951205706,43.78480911254883,29164675
2021-08-10,43.864129137070265,44.10209207198261,43.54684829711914,43.54684829711914,19383156
2021-08-11,44.102091721166474,44.895292278102005,43.94344976582018,44.41937255859375,52151325
2021-08-12,44.81597437369417,44.895292278102005,44.18141269883962,44.41937255859375,26678083
2021-08-13,44.26073281867749,44.34005380032097,43.54685013041706,43.62617111206055,29638262
2021-08-16,43.46752539368474,43.86412719437491,42.43636194119637,43.070926666259766,41643422
2021-08-17,43.070926666259766,43.070926666259766,43.070926666259766,43.070926666259766,0
2021-08-18,42.91228580933681,43.150245666503906,42.75364385571522,43.150245666503906,31522640
2021-08-19,43.22956856618414,43.38821052686219,42.59500687000277,42.6743278503418,35748355
2021-08-20,42.912285869825524,43.07092782367073,42.198403224052655,42.59500503540039,27238840
2021-08-23,43.150246339237874,43.94344997318171,43.07092843445575,43.70549011230469,36049185
2021-08-24,43.9434499049762,44.2607307434082,43.626169066544186,44.2607307434082,27329945
2021-08-25,44.26073060324746,44.41937255859375,43.94344976582018,44.41937255859375,17578323
2021-08-26,44.57801144067473,44.65733241834788,44.02277074349333,44.41937255859375,26641169
2021-08-27,44.57800924941484,45.92645658377862,44.419370375131855,45.76781463623047,55600785
2021-08-30,46.16441982837079,47.19558334350586,46.0850988487607,47.19558334350586,74158370
2021-08-31,47.03694248814831,47.512862199351694,46.64034067996866,47.27490234375,49009049
2021-09-01,47.35422819175476,47.51286708738794,46.878305358324056,46.95762634277344,27295985
2021-09-02,47.03694268391031,47.03694268391031,46.00577613439246,46.56101989746094,35965765
2021-09-03,46.95762151185933,47.59218317564068,46.71966165625764,47.27490234375,35481296
2021-09-06,47.195586222856,47.433546102938564,46.64034547824149,46.95762634277344,22948143
2021-09-07,47.11626523840662,47.195586222856,46.719666462690874,46.95762634277344,17220729
2021-09-08,46.957621846995785,47.03694282385088,45.92645836767537,46.40237808227539,31606331
2021-09-09,46.24373906424978,46.56101989746094,45.84713725441952,46.56101989746094,15455391
2021-09-10,46.64034547824149,47.11626523840662,46.32306154044397,46.95762634277344,17885028
2021-09-13,46.95761869035238,47.98878210035465,46.8782977188295,47.51285934448242,46600453
2021-09-14,47.8301421450699,48.068105069527995,47.27490146786476,47.43354034423828,30165676
2021-09-15,47.116262363895764,47.51286418868085,46.87830249833087,47.19558334350586,18275313
2021-09-16,47.35422134399414,47.83014103533786,47.116258425057154,47.35422134399414,20618662
2021-09-17,47.5128622566979,47.592183233082615,46.719661712646484,46.719661712646484,32889602
2021-09-22,45.3712168545391,45.450537835330564,44.34005332404635,45.05393600463867,71719541
2021-09-23,45.45053468515473,45.688494537770694,45.29189273456727,45.60917663574219,19175272
2021-09-24,46.005776331825615,46.243739262704146,45.68849549725285,45.847137451171875,15175451
2021-09-27,46.00577613439246,46.719661850699154,45.84713725441952,46.56101989746094,27827524
2021-09-28,46.56102464672374,46.957626497007716,46.08510181172985,46.79898452758789,28074224
2021-09-29,46.00577926635742,46.32306012116831,45.371217556735644,46.00577926635742,34510298
2021-09-30,46.00577817298182,46.00577817298182,45.609179418842906,45.92646026611328,17103530
2021-10-01,45.52985681817094,45.52985681817094,44.89529207295076,45.13325500488281,27376947
2021-10-04,45.29189602143828,45.450537983538524,44.65733431956821,44.895294189453125,19149124
2021-10-05,44.4986963143547,44.81597717159006,43.94345250924369,44.736656188964844,31843915
2021-10-06,45.212575102868335,45.609176908443075,44.5780103699896,45.291893005371094,31309768
2021-10-07,45.529855932675076,45.76781578671383,45.291893005371094,45.291893005371094,22484176
2021-10-08,45.609176908443075,45.609176908443075,45.13325412710034,45.291893005371094,12479234
2021-10-12,44.65733520633963,44.81597717159006,44.18141545711934,44.736656188964844,32109138
2021-10-13,44.974612366339095,45.291893197491696,44.26072972792944,44.57801055908203,22436740
2021-10-14,44.81597628166845,45.13325713260348,44.498695430733406,44.895294189453125,18618812
2021-10-15,45.37121172358689,46.402375137467146,45.29189075176569,46.243736267089844,46255177
2021-10-18,46.40237794422273,46.9576217072912,46.32305696760362,46.56101989746094,32094075
2021-10-19,46.79898189020423,46.957623850683696,46.243741175056925,46.32305908203125,23093032
2021-10-20,46.64033805293072,46.798976923308025,46.08509432344746,46.243736267089844,19670745
2021-10-21,46.24373906424978,46.878300730672095,46.16441808763068,46.56101989746094,21595534
2021-10-22,46.561017081109526,46.561017081109526,46.08509432344746,46.243736267089844,10127952
2021-10-25,46.1644201948172,46.56102202275044,45.92646032736341,46.32305908203125,8739995
2021-10-26,46.640343657041264,46.9576245091841,46.323059731632966,46.87830352783203,21546755
2021-10-27,46.798979754052986,46.798979754052986,46.24373906424978,46.56101989746094,10663213
2021-10-28,46.323058129160486,46.402379107768574,45.92645938265073,46.08509826660156,12879285
2021-10-29,45.92645938265073,46.24374022381774,45.60917854148371,46.08509826660156,17988839
2021-11-01,46.08509744872289,46.40237828425908,45.68849563598633,45.68849563598633,14204004
2021-11-02,45.84713847717114,46.085098340109624,45.52985763549805,45.52985763549805,13041685
2021-11-03,45.60917773205125,45.84713759038707,45.450535777650515,45.68849563598633,10351117
2021-11-04,46.00577817298182,46.323059020252195,45.84713928597934,45.92646026611328,15940687
2021-11-05,45.92645836767537,46.40237808227539,45.688495437110085,46.40237808227539,12931802
2021-11-08,46.24373906424978,46.56101989746094,46.16441808763068,46.56101989746094,13095097
2021-11-09,46.561020035985585,46.561020035985585,46.24373920183048,46.40237808227539,12698177
2021-11-10,46.40237991722501,46.56102187720859,46.32305893723322,46.4817008972168,8301633
2021-11-11,46.56102187720859,46.56102187720859,46.16442005051505,46.4817008972168,15544444
2021-11-12,46.56101975987705,46.878300592150666,46.402377807107605,46.719661712646484,21255169
2021-11-15,46.957619552364285,47.83014103533786,46.957619552364285,47.35422134399414,31008602
2021-11-16,47.51286118482856,47.59218215942383,47.19558035971266,47.59218215942383,18979473
2021-11-17,47.83014438333999,49.33723068237305,47.750826478074046,49.33723068237305,77847540
2021-11-18,49.257907682760845,50.36839211683898,48.94062685491926,49.9717903137207,62091242
2021-11-19,49.97178952041615,49.97178952041615,48.861305103967005,49.01994705200195,35764634
2021-11-22,48.78198724396823,48.8613051447868,48.30606447273095,48.46470642089844,26853595
2021-11-23,48.22674560546875,48.78198937504601,48.147427701185116,48.22674560546875,18474909
2021-11-24,48.46470642089844,49.01994709295428,48.385385446814695,48.46470642089844,14975675
2021-11-25,49.01995101236544,49.01995101236544,48.38538931548919,48.86130905151367,20327191
2021-11-26,48.464710469160664,48.623349357314105,47.592185827887775,47.75082778930664,45777607
2021-11-29,47.19558423195874,47.51286508310652,46.79898239970766,47.03694534301758,28848246
2021-11-30,47.19558035971266,47.59218215942383,46.878299534596756,47.59218215942383,44996400
2021-12-01,47.19557853165596,47.592180316005305,46.8782977188295,47.51285934448242,22845800
2021-12-02,47.116262363895764,47.274904323115955,46.95762347794096,47.19558334350586,20341940
2021-12-03,47.51285934448242,47.909461128831765,47.43353837295954,47.51285934448242,14967580
2021-12-06,47.43354021023328,47.59218215942383,47.11625938511738,47.59218215942383,15447978
2021-12-07,47.67150382402953,48.14742660522461,47.274902018577826,48.14742660522461,19419379
2021-12-08,48.38538645918953,48.54402533741107,48.068105629481224,48.14742660522461,19804786
2021-12-09,48.14742660522461,48.46470743493292,47.90946367799445,48.14742660522461,13858609
2021-12-10,48.22674464467986,48.22674464467986,47.83014283810171,47.98878479003906,13852866
2021-12-13,48.38538645918953,48.781988264641235,48.14742660522461,48.14742660522461,18977523
2021-12-14,48.06810863887894,48.06810863887894,47.67150680859721,47.75082778930664,16292706
2021-12-15,47.51286131905765,47.75082424351574,47.43354034423828,47.43354034423828,16207372
2021-12-16,47.67150409572783,47.909463951048984,47.592183119532365,47.830142974853516,13009271
2021-12-17,47.83014283810171,48.147426741976425,47.75082493539827,47.98878479003906,15963137
2021-12-20,47.67150128752819,47.98878210035465,47.51285934448242,47.51285934448242,15083251
2021-12-21,47.512862143336896,47.98878492724445,47.512862143336896,47.830142974853516,12814287
2021-12-22,47.830142974853516,47.98878492724445,47.67150409572783,47.830142974853516,9101933
2021-12-23,47.83014283810171,48.06810576600775,47.75082493539827,47.98878479003906,11491174
2021-12-24,48.0681046237449,48.70266626988449,47.98878364966116,48.46470642089844,21822909
2021-12-27,48.70266921496432,48.78199019384464,48.46470935158869,48.623348236083984,12334157
2021-12-28,48.94062690374738,49.49587065797302,48.78198802630092,49.41654968261719,34270876
2021-12-29,49.81315143643252,50.2097532395508,49.57519158386764,49.9717903137207,49675714
2021-12-30,49.97179022696728,49.97179022696728,49.575191497802734,49.575191497802734,16062473
2022-01-03,49.81315467009345,49.89247565051934,48.86130905151367,48.86130905151367,18543676
2022-01-04,48.8613049719747,49.1785888671875,48.78198707143666,49.1785888671875,15794063
2022-01-05,48.86130693596878,49.17859084393489,48.62334707825947,49.09926986694336,15297507
2022-01-06,49.0992678933843,49.41654871533194,48.70266609763346,49.1785888671875,16410627
2022-01-07,49.1785888671875,49.57519066293834,49.0199469195811,49.1785888671875,21070071
2022-01-10,49.1785899651228,49.4165498185798,48.94062703840056,49.25790786743164,12278222
2022-01-11,49.575193989382136,51.47887904880326,49.257910072879916,51.161598205566406,99317151
2022-01-12,51.08228015730402,51.558199884199894,50.606357357142784,51.32024002075195,50052596
2022-01-13,51.32023644475656,53.77916510659823,51.16159449800187,53.46188735961914,102744830
2022-01-14,53.1446112414008,54.255092738091385,52.748006316489025,53.699851989746094,79080616
2022-01-17,53.382568915719915,53.937809609140544,52.74800109863281,52.74800109863281,38403109
2022-01-18,52.82732179884366,53.30324765916414,52.51004403849389,53.065284729003906,32965915
2022-01-19,52.66868803705658,52.748002870325905,52.0341201986557,52.43072509765625,39773480
2022-01-20,52.03411470996576,52.430719567131426,51.5581950278971,52.19275665283203,34964359
2022-01-21,51.716840878201154,51.796161855627346,50.92363725046989,51.082279205322266,42816020
2022-01-24,50.76499346667554,51.240916240820994,50.28907376579527,51.00295639038086,31693467
2022-01-25,50.447713092115684,50.527034067392385,49.49587060859094,49.9717903137207,59782397
2022-01-26,49.971795806558234,50.52703962126162,49.813156911832664,50.20975875854492,22512004
2022-02-07,50.60635450467832,52.192758627021334,50.60635450467832,52.11343765258789,46962191
2022-02-08,51.954803544147566,52.74800102128212,51.637519636069285,52.351402282714844,32606233
2022-02-09,52.668686190793125,52.668686190793125,52.03411837463656,52.351402282714844,20734922
2022-02-10,52.27207762426516,52.27207762426516,51.63751599933023,52.19275665283203,19424658
2022-02-11,51.8754790409211,52.11343580927426,51.716837097665554,52.034114837646484,13579678
2022-02-14,51.161593417279754,51.161593417279754,50.44771081849378,50.92363357543945,35138880
2022-02-15,51.240916240820994,51.47887609126113,50.92363541581242,51.00295639038086,20628424
2022-02-16,51.399559020996094,51.399559020996094,50.923636239155826,51.399559020996094,19911063
2022-02-17,51.32024002075195,51.558199884199894,51.002959178399585,51.32024002075195,22626777
2022-02-18,50.84431539876457,51.24091720581055,50.84431539876457,51.24091720581055,18181184
2022-02-21,51.00295735088906,51.320238181872796,50.76499442270232,51.24091720581055,14512804
2022-02-22,50.76499461534599,50.923636568072496,50.13043295097048,50.527034759521484,27472813
2022-02-23,50.36839280679498,50.76499461534599,50.289074903696985,50.527034759521484,15633147
2022-02-24,50.130432264274106,50.36839211683898,49.57519158386764,49.9717903137207,40359662
2022-02-25,49.73383051077532,49.97179036357761,48.86130592839154,49.41654968261719,57604516
2022-03-01,48.9406240926817,49.73382765414939,48.78198522434719,49.65450668334961,26221496
2022-03-02,49.25790676772554,49.33722774152874,49.0199469195811,49.1785888671875,19053285
2022-03-03,49.4165498185798,49.57519176972796,49.1785899651228,49.25790786743164,13658259
2022-03-04,49.0199520552549,49.0199520552549,48.544029235839844,48.544029235839844,22516725
2022-03-07,47.90946802615457,47.98878900909696,46.64034459213842,47.11626434326172,52547743
2022-03-08,46.164418224975385,46.64034101284068,46.00577627126519,46.40237808227539,52521052
2022-03-09,46.79898452758789,47.11626539316195,46.48170366201382,46.79898452758789,18562773
2022-03-10,47.195581311820284,47.98878492724445,47.195581311820284,47.830142974853516,22154019
2022-03-11,47.7508250719233,48.06810590343992,47.512862143336896,47.830142974853516,12391678
2022-03-14,48.1474304718037,48.78199218218011,48.06810948969028,48.544029235839844,14715692
2022-03-15,48.623348236083984,48.78199019384464,48.30606739382802,48.623348236083984,16538172
2022-03-16,48.9406259457779,49.1785888671875,48.70266609763346,49.1785888671875,22417228
2022-03-17,49.575193406039574,50.13043410685431,49.49587242784738,50.05111312866211,35990386
2022-03-18,50.28907974254049,50.60636060525719,50.0511167905538,50.20975875854492,28605665
2022-03-21,50.20975589413157,50.60635771821811,50.13043491466118,50.447715759277344,17044030
2022-03-22,50.447715759277344,50.447715759277344,50.05111393519079,50.447715759277344,9970489
2022-03-23,50.84431526330491,51.55819789943269,50.76499428745399,51.399559020996094,28568678
2022-03-24,51.00295639038086,51.082277364949306,50.44771264166697,51.00295639038086,17799803
2022-03-25,50.60635970679512,50.764998598704224,50.3683967590332,50.3683967590332,11052557
2022-03-28,49.813156911832664,50.52703962126162,49.65451494384154,50.20975875854492,9922542
2022-03-29,50.368390839968036,50.68567473303148,50.209751966701454,50.606353759765625,9100420
2022-03-30,50.8443162730437,51.16159710948315,50.76499529561752,51.082279205322266,14889417
2022-03-31,51.161598205566406,51.320240163817516,50.92363834145511,51.161598205566406,15285676
2022-04-01,50.764993423012584,51.558197021484375,50.606354547277334,51.558197021484375,16543294
2022-04-06,51.63751955919098,51.954803466796875,51.1615967710474,51.954803466796875,24432720
2022-04-07,51.79616082698544,52.11343858385864,51.16159609344334,51.399559020996094,26966832
2022-04-08,51.558197021484375,51.637517995984595,51.16159522224848,51.558197021484375,13099013
2022-04-11,51.79616082698544,52.11343858385864,50.84431526330491,51.399559020996094,15204200
2022-04-12,51.3995601169633,51.55819899878247,51.002958302517406,51.478878021240234,13855916
2022-04-13,51.79615586890013,51.95479780541628,51.55819296412591,51.8754768371582,14860767
2022-04-14,51.87548379981762,51.95480477872205,51.32024002075195,51.32024002075195,10936093
2022-04-15,51.08227564786244,51.16159354649949,50.60635288971472,50.764991760253906,12943168
2022-04-18,50.5270310873914,50.606352057989874,49.575188660004756,49.813148498535156,13876252
2022-04-19,50.13043129373094,50.6856750366529,49.733829498291016,49.733829498291016,13942787
2022-04-20,50.13043281493623,50.68567657470703,49.81315198360945,50.68567657470703,17198148
2022-04-21,50.527034622411016,50.68567657470703,50.05111183878822,50.68567657470703,15850692
2022-04-22,50.13043000495169,50.92363357543945,50.0511090332499,50.92363357543945,19169769
2022-04-25,50.368390839968036,50.606353759765625,49.89247114690315,50.606353759765625,22063347
2022-04-26,50.28907207537127,50.764991760253906,50.28907207537127,50.764991760253906,14189338
2022-04-27,49.971789385424024,50.13043133303042,49.1785888671875,49.1785888671875,21629798
2022-04-28,49.1785899651228,49.57519176972796,48.62334620936947,49.25790786743164,24222091
2022-04-29,49.416549547524745,49.73383037481551,49.416549547524745,49.575191497802734,10450448
2022-05-03,49.57519163332886,49.57519163332886,49.01994787910321,49.41654968261719,8219379
2022-05-04,49.49587330346201,50.051114014099326,49.49587330346201,49.89247512817383,8695837
2022-05-05,50.13043231428929,50.20975328964513,49.337228707261346,49.41654968261719,30823654
2022-05-06,48.46471132699191,48.86131009102805,48.22674838065164,48.544029235839844,23884130
2022-05-09,47.83014323030556,47.90946420692467,46.40237794422273,46.56101989746094,37030768
2022-05-10,45.68849841154653,46.2437422124147,45.450538538754735,46.00577926635742,38801184
2022-05-11,45.68849500474876,45.76781598085322,44.41937168013836,44.57801055908203,38739741
2022-05-12,43.86412733175258,44.26072913368486,42.91228485107422,42.91228485107422,47694696
2022-05-13,43.38820749215886,43.70548831805796,42.51568291598745,43.070926666259766,38582173
2022-05-16,43.30888684034609,43.30888684034609,41.80180060113731,42.198402404785156,29255229
2022-05-17,42.35704632063432,42.43636730545212,41.64316360380524,41.72248458862305,32610694
2022-05-18,41.72247944527736,43.3088866530065,41.643158470237864,42.91228485107422,36608835
2022-05-19,42.03976345875768,42.19840542086164,41.72248260781521,41.80180358886719,25444245
2022-05-20,42.35703956220038,42.43636053436183,41.88111987576185,41.9604377746582,16717178
2022-05-23,42.35704147181332,42.35704147181332,41.24656010454871,41.484519958496094,21851037
2022-05-24,41.72248269858,42.039763550212705,41.24656295776367,41.24656295776367,28166115
2022-05-25,41.24656029557114,41.325878198410784,40.21539375273803,40.77063751220703,43772604
2022-05-26,41.00859846892276,41.64316014827845,40.69131762924492,40.84995651245117,34622073
2022-05-27,41.24656482624739,42.03976545462868,41.16724384142959,41.72248458862305,30660977
2022-05-30,42.19840416778831,42.99160780822319,42.119083189091754,42.83296585083008,27662701
2022-05-31,42.991602611631684,44.1814079284668,42.43635890113597,44.1814079284668,42120792
2022-06-01,43.54684918320171,43.78480904969068,43.070929450223765,43.38821029663086,27593032
2022-06-02,43.07092579364512,43.38820661311612,42.674324000990076,43.22956466674805,18244024
2022-06-06,43.07093053383723,43.626171260702485,42.83296758809599,43.467529296875,13978933
2022-06-07,43.38821138822673,43.7848101512645,43.07093053383723,43.467529296875,17222277
2022-06-08,43.7848101512645,43.7848101512645,43.38821138822673,43.467529296875,14932490
2022-06-09,43.30889040631298,43.626171260702485,43.1502484424855,43.467529296875,15461043
2022-06-10,43.1502484424855,43.546850278788746,42.912288570009736,43.467529296875,11193401
2022-06-13,42.51568588966375,42.83296673775443,42.11908406123404,42.6743278503418,22637022
2022-06-14,42.51568235275395,42.753642200709564,42.19840153105808,42.35704040527344,17399724
2022-06-15,42.35704407393531,42.8329668843327,42.27772616659027,42.51568603515625,14781216
2022-06-16,42.99160684674813,43.30888768117326,42.51568405847779,42.59500503540039,16857169
2022-06-17,41.88112171158799,42.43636239452651,41.801800735949556,42.03976058959961,30064874
2022-06-20,42.03976370088773,42.832967369445136,40.770640289808256,41.087921142578125,29358054
2022-06-21,41.80179850017455,43.467523533163835,41.563838659251815,42.99160385131836,39029111
2022-06-22,42.83296419945342,43.229566004380324,42.03976058959961,42.03976058959961,20297591
2022-06-23,42.03976058959961,42.35704141888809,41.56384088229951,42.03976058959961,23931931
2022-06-24,42.753642200709564,42.753642200709564,42.19840153105808,42.35704040527344,14529006
2022-06-27,42.674322315671915,42.991603122612695,42.43635940551758,42.43635940551758,15193358
2022-06-28,42.357043928985696,42.753645757415406,42.27772602191209,42.6743278503418,17056910
2022-06-29,41.64315965721008,42.11908244774728,41.563841753174955,41.88112258911133,33018176
2022-06-30,41.72247915481488,41.80180012930216,40.3740348815918,40.3740348815918,38809943
2022-07-01,40.45335428698344,40.611993156539576,39.42218780517578,39.42218780517578,54708765
2022-07-04,38.824886322021484,39.42219068868738,38.398238928936564,38.824886322021484,69323923
2022-07-05,39.80617604872375,40.44614884021972,39.12354149014406,39.89150619506836,33469019
2022-07-06,39.89150492236974,39.89150492236974,38.227580346090086,38.35557556152344,33624077
2022-07-07,38.52623336401103,38.782223800335125,37.71560690058368,38.4409065246582,40533581
2022-07-08,38.739550857322165,39.08086806365739,38.01425138059883,38.22757339477539,26237290
2022-07-11,38.4409065246582,38.61156350945239,38.227581161054786,38.4409065246582,11766820
2022-07-12,38.05691674638744,38.142243569081856,37.3742790222168,37.3742790222168,21586935
2022-07-13,38.440903998853884,39.080873435437105,38.440903998853884,38.824886322021484,22065712
2022-07-14,38.48357309921085,38.82489038820778,38.22758265289666,38.39824295043945,15908384
2022-07-15,38.14224459458476,38.14224459458476,37.63027042030158,37.672935485839844,23593936
2022-07-18,37.97159285982211,38.696892461529295,37.88626271701222,38.56889724731445,21331916
2022-07-19,38.27024541790121,38.48357077695679,38.14225020246786,38.35557556152344,15782828
2022-07-20,38.91021970991968,39.20887191818287,38.27024691382586,38.31291198730469,21295693
2022-07-21,38.227581161054786,38.48357159737889,37.71560690058368,38.4409065246582,23793580
2022-07-22,38.9955473796619,38.9955473796619,38.14225250412525,38.39824295043945,27641954
2022-07-25,38.31291057365743,38.910218274233316,38.18491535794364,38.867549896240234,13526515
2022-07-26,38.8248871435161,39.080874262348146,38.56889671859565,38.91021728515625,11568440
2022-07-27,38.91021630978728,38.91021630978728,38.39823877886861,38.6115608215332,13479616
2022-07-28,38.86754624256155,39.08087158203125,38.73955434496791,39.08087158203125,15518722
2022-07-29,39.25153371510641,39.33686054885273,38.824886322021484,38.824886322021484,17754349
2022-08-01,38.82488781936551,38.86754958483982,38.56889738998888,38.782222747802734,16222521
2022-08-02,38.312905850336136,38.6542230774059,38.0142536899111,38.270240783691406,34951954
2022-08-03,38.14225020246786,38.35557556152344,37.97159322131186,38.35557556152344,12287780
2022-08-04,38.35557091698087,38.44090105027033,38.09958382320056,38.270240783691406,12679483
2022-08-05,38.7395558272161,39.080873077338886,38.65422568816333,39.0382080078125,20492305
2022-08-08,38.73955481692761,39.46485436778448,38.61155961168644,39.37952423095703,15843684
2022-08-09,39.42219079680696,39.63551614697866,39.166203682689265,39.33686065673828,14073073
2022-08-10,39.16620612527977,39.59285354614258,39.03821090719436,39.59285354614258,14901866
2022-08-11,39.6781783120015,40.36081613336285,39.6781783120015,40.27548599243164,22982554
2022-08-12,40.275484497768126,40.446144773297185,40.10482422223907,40.31814956665039,11619127
2022-08-15,40.53147393481697,40.574139006151725,40.23282174156215,40.360816955566406,10339051
2022-08-16,40.403484212206045,40.44614928584842,40.19015884399414,40.19015884399414,12456500
2022-08-17,40.23282056379629,40.488807678222656,40.14749042362472,40.488807678222656,18590548
2022-08-18,40.360814635532655,40.40347970441492,40.14748929112133,40.31814956665039,11000350
2022-08-19,40.19015401044023,40.531471252441406,40.19015401044023,40.531471252441406,7806451
2022-08-22,40.19015388514907,40.275484021905406,39.97683184934644,40.01949691772461,8201591
2022-08-23,39.720843131924184,39.76350820212068,39.50752108703007,39.55018615722656,13694575
2022-08-24,39.63551629761955,39.84883834251367,39.42219094663708,39.55018615722656,9919466
2022-08-25,39.55018728921672,39.97683469730465,39.55018728921672,39.72084426879883,11555931
2022-08-26,39.97683634141296,40.104828254841294,39.80617604872375,39.89150619506836,10029331
2022-08-29,38.73955700187595,39.03820919152807,38.56889671859565,38.91021728515625,24752959
2022-08-30,38.4835671355209,38.611559032754776,37.84359442499884,37.928924560546875,61307097
2022-08-31,37.75826511146453,38.22757756110766,37.63027321144421,38.01425552368164,25861917
2022-09-01,37.63027321144421,38.09958566108734,37.54494307403851,38.01425552368164,28249263
2022-09-02,37.84359928553386,37.88626435878767,37.58761215209961,37.58761215209961,25487883
2022-09-05,37.58761215209961,37.84359928553386,37.459616932338186,37.58761215209961,18199033
2022-09-06,37.71560468484879,38.056921940473835,37.63027454442044,37.75826644897461,13905793
2022-09-07,37.54494062167814,37.54494062167814,36.776976047365196,36.81964111328125,38851978
2022-09-08,36.99029807085745,37.07562820268956,36.73431098144914,36.81964111328125,26616181
2022-09-12,37.41695185908438,37.63027722535342,37.20362979890393,37.58761215209961,24566896
2022-09-13,37.63027829304557,37.715608441974275,37.24629592895508,37.24629592895508,31876489
2022-09-14,36.392995581068575,36.69164775133548,36.30766544496712,36.563655853271484,35139619
2022-09-15,36.6063210654717,37.07563355217539,36.39299901120011,36.776981353759766,17428617
2022-09-16,36.43566163204035,36.73431381036396,36.35033149363695,36.52098846435547,29687085
2022-09-19,36.648985684925925,36.69165075647103,36.39299856174378,36.478328704833984,14889021
2022-09-20,36.73431396484375,36.904974242368226,36.64898382608151,36.73431396484375,13104514
2022-09-21,36.73431416865449,36.73431416865449,36.26500170894662,36.30766677856445,16482739
2022-09-22,35.88102063182231,35.88102063182231,35.24105117755521,35.539703369140625,39030847
2022-09-23,35.45437448853102,36.009017126430024,35.45437448853102,35.92368698120117,15351743
2022-09-26,35.66769542097738,35.92368251877679,35.113052851975844,35.411705017089844,26192202
2022-09-27,35.49703736884495,35.667697648762655,34.94239807128906,34.94239807128906,25032696
2022-09-28,35.07039109809637,35.11305616944194,33.96110916137695,33.96110916137695,43891769
2022-09-29,34.30242688221567,34.38775702604155,33.91844454108771,34.259761810302734,33325179
2022-09-30,33.70512137033102,34.08910369873047,33.449130947339135,34.08910369873047,39963995
2022-10-03,33.61979014730639,33.662455216431894,33.278472900390625,33.278472900390625,26743090
2022-10-04,33.6624573319723,33.83311761919958,33.193144848185746,33.74778747558594,29038761
2022-10-05,34.34509253940538,35.28371752530821,34.30242746676538,34.7717399597168,37795227
2022-10-06,35.15572079427659,35.15572079427659,34.601078179917145,34.81440353393555,15835427
2022-10-07,34.771736495084696,34.89973170025133,34.43041925406188,34.558414459228516,16600789
2022-10-11,33.87578119798529,34.08910656843679,33.577128985441846,33.79045104980469,33677621
2022-10-12,33.79044924130428,34.046439672145205,33.36380513541303,33.74778747558594,21923607
2022-10-13,33.406463000331414,33.577123267631066,31.913198885811806,31.95586395263672,79819802
2022-10-14,32.553173263098785,32.85182544020707,32.12652587890625,32.12652587890625,37620037
2022-10-17,31.998530671822014,32.425178056014545,31.443888080545243,32.12652587890625,33242905
2022-10-18,32.38251279011079,32.68116496540337,31.99853047728083,32.55317306518555,26680073
2022-10-19,32.55317569199321,32.85182789138488,32.382515403147394,32.68116760253906,25570695
2022-10-20,31.913197892397957,32.51050550326529,31.657210805505095,32.29718017578125,31352470
2022-10-21,31.82787521022485,31.82787521022485,30.931915330349245,31.187902450561523,49699759
2022-10-24,31.571882247924805,31.913199482821142,31.44388704505562,31.571882247924805,18929719
2022-10-25,31.82787626513304,32.12652846629401,31.571885830347753,31.998533248901367,20245957
2022-10-26,32.339848187593994,33.065147754942046,32.12652614676327,32.85182571411133,28225258
2022-10-27,33.02248599164654,33.36380324062866,32.85182571411133,32.85182571411133,23572519
2022-10-28,32.89449498593577,32.93716006077025,32.42518246884515,32.63850784301758,22875297
2022-10-31,32.80915917257676,32.85182424004618,32.2545166015625,32.2545166015625,18870309
2022-11-01,32.25451528192642,32.55317074199338,32.08385832511903,32.51050567626953,14234641
2022-11-02,32.25451804882639,32.85182571411133,32.16919121614708,32.85182571411133,16929725
2022-11-03,32.425178785420634,33.15047836303711,32.3825137154328,33.15047836303711,20010552
2022-11-04,32.89449583942606,33.23581314086914,32.7665006116016,33.23581314086914,14694349
2022-11-07,33.49179704474501,33.74778747558594,33.32114006360621,33.74778747558594,16339389
2022-11-08,33.91844326855444,34.0464384794912,33.61979108245703,33.87577819824219,17955689
2022-11-09,33.96110961300065,34.259761810302734,33.74778755952445,34.259761810302734,22344075
2022-11-10,34.089105569673784,34.131770642514056,33.74778829304016,33.8331184387207,20519143
2022-11-11,34.814403913881094,35.83835570607908,34.729073771342485,35.753028869628906,60458418
2022-11-14,35.83835638658407,35.92368653074294,35.49703911603708,35.62503433227539,40096408
2022-11-15,35.62503293806152,36.22233731162064,35.454372656422706,36.17967224121094,27928936
2022-11-16,36.09434833847337,36.17967518013562,35.497040610305746,35.58237075805664,23995298
2022-11-17,35.582367616330934,35.582367616330934,35.07039008111899,35.45437240600586,15766053
2022-11-18,35.411708299474476,36.051681062425594,35.32637815693587,35.753028869628906,14323440
2022-11-21,35.753029996832005,36.009017126430024,35.45437448853102,35.92368698120117,19213684
2022-11-22,35.71036195228107,36.00901412963867,35.24104949866869,36.00901412963867,23592233
2022-11-23,36.137008132473184,36.52099047029063,35.92368608083614,36.478328704833984,21468926
2022-11-24,36.60631895980099,36.64898402941882,36.30766677856445,36.30766677856445,21670318
2022-11-25,36.30766677856445,36.69164909903666,36.22233663932879,36.30766677856445,23998527
2022-11-28,36.00901630462929,36.22233835674443,35.58236889431055,35.838356018066406,24584453
2022-11-29,35.625031093518885,37.07563018798828,35.28371385400186,37.07563018798828,49732296
2022-11-30,37.03296594367353,37.50227839823348,36.776978834862774,37.16096115112305,67207044
2022-12-01,37.58760535476331,37.9715876385197,37.33161496153373,37.672935485839844,40310280
2022-12-02,37.45961842796632,37.80093572153576,37.3316232030945,37.54494857788086,33443423
2022-12-05,37.483533549306635,37.483533549306635,37.05019790133777,37.136863708496094,49006682
2022-12-06,36.920194679282865,36.963530887535974,35.880191802978516,35.880191802978516,39255654
2022-12-07,35.880191802978516,36.48685904545988,35.75018979039621,35.880191802978516,31972738
2022-12-08,35.70685142689053,35.92351921066282,35.273515859345956,35.31684875488281,29558960
2022-12-09,35.62018585205078,35.88018986315858,35.36018514703132,35.62018585205078,24783476
2022-12-12,35.44685394597941,35.66352174930181,34.79685053601222,35.53351974487305,30045794
2022-12-13,35.53352150022027,35.8368551174209,35.36018658778198,35.49018859863281,21082407
2022-12-14,35.49018653676526,35.70685433820328,35.360184533467134,35.44685363769531,18130576
2022-12-15,35.36018641304657,35.36018641304657,34.97018368850979,35.186851501464844,19821067
2022-12-16,34.75351415351601,35.10018395950196,34.710181254289836,34.84018325805664,35265555
2022-12-19,34.75351590431876,35.18685153058752,34.71018300290958,34.796852111816406,19914865
2022-12-20,34.75351590431876,34.88351791463477,34.58018429868203,34.796852111816406,30764272
2022-12-21,34.62351814111425,34.79685305755047,34.53684902985187,34.66685104370117,18360430
2022-12-22,34.71018237059406,35.013519287109375,34.623516569354486,35.013519287109375,19066348
2022-12-23,34.97017747515378,35.966850560097654,34.92684458147967,35.663516998291016,33851527
2022-12-26,35.66352174930181,35.706854648748624,35.44685394597941,35.53351974487305,9525232
2022-12-27,35.53351501118082,35.793515679313344,35.53351501118082,35.663516998291016,8263666
2022-12-28,35.40352189522823,35.6201897239777,35.18685406647876,35.23019027709961,15973148
2022-12-29,35.1001831340146,35.18684893042873,34.71018043797457,34.75351333618164,17156465
2022-12-30,34.450183224678035,34.8835188627243,34.32018121082874,34.66685104370117,99028941
2023-01-03,34.66684516330294,34.753510953776,34.4501773810323,34.623512268066406,36262120
2023-01-04,34.623512268066406,34.753510953776,34.623512268066406,34.623512268066406,18722709
2023-01-05,34.75351620754386,34.970184022568674,34.666850403969335,34.88351821899414,25031162
2023-01-06,34.84018029180138,35.36018165041967,34.796847396264525,35.31684875488281,20440501
2023-01-09,35.66352302551968,36.40019226074219,35.66352302551968,36.40019226074219,49821974
2023-01-10,36.356857927049454,36.356857927049454,35.8801894226841,36.14019012451172,21260377
2023-01-11,36.053523411636895,36.140192522054605,35.880191802978516,35.880191802978516,15922470
2023-01-12,36.14019012451172,36.31352502775957,36.05352101984365,36.14019012451172,17638695
2023-01-13,36.27018913134847,36.660191840456285,36.18352333203043,36.22685623168945,25102239
2023-01-16,36.40019290033215,36.486858703849926,36.14019218369033,36.18352508544922,24124139
2023-01-17,36.22685735066382,36.486858062737156,36.05352244058546,36.40019226074219,28387180
2023-01-30,37.22353045056332,37.39686535992696,36.57352702001595,37.00686264038086,45077920
2023-01-31,37.00686358412576,37.09352938797352,36.79019576841787,36.876861572265625,33914616
2023-02-01,37.09352986061868,37.26686477661133,36.9635311531906,37.26686477661133,27631578
2023-02-02,37.656867003835714,38.39353625427086,37.61353410194338,38.1768684387207,46116655
2023-02-03,38.30686851719478,38.30686851719478,37.48353019843915,37.52686309814453,25806690
2023-02-06,37.39686327565682,37.44019617406052,36.92019147495143,36.96352767944336,23712390
2023-02-07,37.18019785599852,37.44019856914141,37.00686294520711,37.093528747558594,14828772
2023-02-08,37.18019991816388,37.266865725322205,37.00686499775861,37.136863708496094,12564973
2023-02-09,36.87685981864261,37.09352762404719,36.83352691877936,36.92019271850586,11112472
2023-02-10,36.83352567814403,37.09352637465446,36.7035236768447,36.96352767944336,13818734
2023-02-13,36.876861742390055,37.22353157155738,36.61686102355882,37.180198669433594,11543802
2023-02-14,37.440198717506874,37.91686724450583,37.22353090468113,37.786865234375,21471857
2023-02-15,37.74352736081971,37.87352935382451,37.093524007971766,37.22352600097656,23632490
2023-02-16,37.35352882328786,37.483530830685126,37.136861015018,37.31019592285156,13182991
2023-02-17,37.61353583365483,38.17687019636783,37.570199623678825,38.13353729248047,32921863
2023-02-20,38.133533968956,38.56686958223959,38.133533968956,38.523536682128906,29828106
2023-02-21,38.350202226808946,38.350202226808946,37.74353169985644,38.00353240966797,18862394
2023-02-22,37.65686334583887,37.70019624352184,37.3968626536529,37.570194244384766,18059708
2023-02-23,37.48353019843915,37.74353090275979,37.44019729873376,37.52686309814453,18150375
2023-02-24,37.52686216429038,37.786862862140914,37.44019636703628,37.656864166259766,22078754
2023-03-01,37.57019131576128,37.74352619906973,36.92018798292051,37.05018997192383,33761315
2023-03-02,37.44019969260397,37.44019969260397,36.92019494462604,37.26686477661133,11518689
2023-03-03,37.26686447368117,37.44019938826483,37.180198669433594,37.180198669433594,10256714
2023-03-06,37.52686452020179,37.91686724450583,37.440198717506874,37.786865234375,18232571
2023-03-07,37.87352959188167,38.003528279615566,37.70019470214844,37.91686248779297,13610621
2023-03-08,37.61352891032584,37.91686248779297,37.52685981241521,37.91686248779297,13887937
2023-03-09,37.87353691429899,37.91686981858821,37.74353489534264,37.830204010009766,17501952
2023-03-10,37.39686535992696,37.39686535992696,36.920193532654835,37.00686264038086,36595335
2023-03-13,36.66019058227539,36.74685968470726,36.4001898871562,36.66019058227539,24359425
2023-03-14,36.27018592274094,36.27018592274094,35.966852345873605,36.01018524169922,32604644
2023-03-15,36.14018899328124,36.40018968697054,35.966854095458984,35.966854095458984,16185684
2023-03-16,35.49018811544131,35.5335210164388,35.10018539428711,35.10018539428711,37748248
2023-03-17,35.31685194155065,35.706854648748624,35.31685194155065,35.53351974487305,30425180
2023-03-20,35.36018466094728,35.36018466094728,34.666848355063664,34.84018325805664,37427141
2023-03-21,35.100180971110525,35.663518531353674,35.01351518003681,35.31684875488281,19744663
2023-03-22,35.576852326894326,35.92352213155241,35.533519427834136,35.83685302734375,28583722
2023-03-23,35.70685166483188,36.01018524169922,35.44685098379016,36.01018524169922,20207579
2023-03-24,36.053522594285255,36.053522594285255,35.70685607873909,35.793521881103516,16359955
2023-03-27,35.750187229223364,35.9668550306126,35.576852326894326,35.83685302734375,13583611
2023-03-28,36.01018524169922,36.22685302691533,35.966852345873605,36.01018524169922,9414909
2023-03-29,36.01018668645653,36.27018737792969,35.88018799376403,36.27018737792969,11857019
2023-03-30,36.270191837885484,36.313528046866644,35.96685821154882,36.053524017333984,13384923
2023-03-31,36.18352333203043,36.35685823675483,36.053521326965054,36.22685623168945,19031565
2023-04-06,36.40019226074219,36.40019226074219,35.96685663859049,36.40019226074219,16337101
2023-04-07,36.48685742921152,36.746861442858794,36.40019162872134,36.616859436035156,17275200
2023-04-10,36.746862866493984,36.96353068220188,36.746862866493984,36.876861572265625,10745497
2023-04-11,36.92019147495143,36.96352767944336,36.7035236768447,36.96352767944336,13788419
2023-04-12,37.05019111233284,37.22352600097656,37.006858216693914,37.22352600097656,12966061
2023-04-13,37.13686052391044,37.13686052391044,36.83352691877936,36.92019271850586,16429265
2023-04-14,36.96352644824953,37.44019492698965,36.876857348240705,37.3968620300293,17304460
2023-04-17,37.44020080566406,37.44020080566406,37.266865884518346,37.44020080566406,9823221
2023-04-18,37.39686327358132,37.526861968785205,37.0501934741945,37.3535270690918,10519946
2023-04-19,37.353523538147684,37.44019263284587,36.96352418331356,37.05018997192383,11476745
2023-04-20,36.96352532105499,37.22352600097656,36.87685622368912,37.22352600097656,9960746
2023-04-21,37.26686335138212,37.26686335138212,36.70352572247238,37.00686264038086,12319165
2023-04-24,37.00686057784706,37.00686057784706,36.74685988133663,36.96352767944336,6130617
2023-04-25,37.006861824320694,37.26686252958853,36.83352691877936,36.92019271850586,12719409
2023-04-26,36.920189515121,37.05019150951945,36.40018814970332,36.703521728515625,15893174
2023-04-27,36.530193635544975,36.790194343103884,36.40019162872134,36.616859436035156,12118445
2023-04-28,36.443525640378105,37.050196180575995,36.4001927388115,36.79019546508789,18216849
2023-05-02,36.790193711826575,36.833526611328125,36.31352520513293,36.833526611328125,16420228
2023-05-03,36.746864318847656,36.79019722248419,36.4868602848512,36.746864318847656,10605485
2023-05-04,36.70352460673517,36.833526611328125,36.48685680313912,36.833526611328125,9481638
2023-05-05,36.83352567814403,36.96352767944336,36.7035236768447,36.96352767944336,7100017
2023-05-08,37.09352811458171,37.31019592285156,36.96352941327282,37.31019592285156,15192178
2023-05-09,37.35352930704054,37.700199127197266,37.26686350504557,37.700199127197266,18349309
2023-05-10,37.70019863895498,37.70019863895498,37.09352811458171,37.31019592285156,14564134
2023-05-11,37.57019444398409,37.873531341552734,37.48352864815773,37.873531341552734,28023936
2023-05-12,37.743529768974646,37.743529768974646,36.96352767944336,36.96352767944336,29438019
2023-05-15,37.00685996232988,37.65686334583887,36.74685927014391,37.570194244384766,18152104
2023-05-16,37.70019943168008,37.91686724450583,37.483531618854336,37.786865234375,18751956
2023-05-17,37.78686540853576,38.13353523309015,37.613533802347035,38.09020233154297,25528000
2023-05-18,38.133535707025764,38.52353843797441,38.09020280494003,38.48020553588867,29543448
2023-05-19,38.65353901222035,39.17354378064471,38.61020610804049,39.130210876464844,41659765
2023-05-22,39.130210876464844,39.43354451181255,39.08687466619631,39.130210876464844,17778147
2023-05-23,39.13021071951659,39.34687854563553,38.74020797128476,38.826873779296875,19972619
2023-05-24,38.436871031065046,38.87020668330293,38.436871031065046,38.826873779296875,17478431
2023-05-25,38.523538266036354,38.74020608158652,38.13353553682837,38.1768684387207,20369273
2023-05-26,38.04686737060547,38.35020097110545,37.91686536691217,38.04686737060547,20704856
2023-05-29,38.48020520031598,39.4335422622425,38.48020520031598,38.783538818359375,37145398
2023-05-30,39.000203421946324,39.086869218226475,38.52353493022907,38.56686782836914,23260588
2023-05-31,38.610203425950644,38.95687324748517,38.39353561401367,38.39353561401367,80393531
2023-06-01,38.566872943531386,38.74020786516948,37.960202370842374,38.13353729248047,20928655
2023-06-02,38.26353597537642,38.523536682128906,38.17686686906669,38.523536682128906,17058006
2023-06-05,38.65353554684556,39.60687588377681,38.61020264655058,39.21687316894531,32917974
2023-06-06,39.21687316894531,39.390208076213575,39.04353826167706,39.21687316894531,13731614
2023-06-07,39.34687805175781,39.43354385868211,39.000208211883404,39.34687805175781,23312321
2023-06-08,39.390210321605295,39.390210321605295,38.30687122203468,38.65353775024414,34071418
2023-06-09,38.87020557015826,38.87020557015826,38.48020613918369,38.65353775024414,21635659
2023-06-12,38.74020608158652,38.87020478726352,38.13353553682837,38.1768684387207,21800246
2023-06-13,38.30686486750537,38.48019975590074,38.09019708353315,38.22019577026367,23638511
2023-06-14,38.263538319269564,38.826872667393154,38.263538319269564,38.65353775024414,16789455
2023-06-15,38.65353839849901,38.696874608079476,38.30687186447564,38.43687057495117,12119675
2023-06-16,38.393533870307124,38.43686676950879,38.04686737060547,38.04686737060547,24570934
2023-06-19,38.13353316900881,38.22019896741215,37.83019956850883,38.04686737060547,16692295
2023-06-20,38.133536944419646,38.43687057495117,38.04687113743596,38.43687057495117,10247909
2023-06-21,38.35020352354295,38.566871340060146,38.22020151119724,38.48020553588867,11590110
2023-06-26,38.35020335237853,38.39353625427086,38.13353553682837,38.1768684387207,17185863
2023-06-27,38.17686544282655,38.393533241373916,38.04686674735108,38.26353454589844,16924994
2023-06-28,38.484709138301426,38.705885627602015,38.396239892535355,38.61741638183594,15068336
2023-06-29,38.7058821267376,38.75011674561971,38.396236419677734,38.396236419677734,15716145
2023-06-30,38.39624058017571,38.57317907487666,38.17506408691406,38.17506408691406,15881738
2023-07-03,38.21930052384287,38.396242401824004,38.17506589806899,38.307769775390625,8134440
2023-07-04,38.30777013375377,38.35200475994146,38.08659362792969,38.08659362792969,11577180
2023-07-05,38.13082669276793,38.44047581317378,38.13082669276793,38.21929931640625,9733788
2023-07-06,38.21929711914067,38.21929711914067,37.4230604265998,37.60000228881836,26912105
2023-07-07,37.37882614135742,37.4672953858207,37.201884277545524,37.37882614135742,16602621
2023-07-10,37.378828046333055,38.042357538279795,37.378828046333055,37.73271179199219,14095730
2023-07-11,38.219300768997165,38.75012303145986,38.219300768997165,38.57318115234375,19651215
2023-07-12,38.30777188340851,38.927066802978516,38.30777188340851,38.927066802978516,19508653
2023-07-13,39.10400678969208,39.23671066786493,38.57318115234375,38.57318115234375,16725095
2023-07-14,38.794353153075605,39.01552963256836,38.6616492903111,39.01552963256836,11994107
2023-07-17,39.05976887382567,39.811767578125,38.9712962542764,39.811767578125,29110411
2023-07-18,39.81176818461137,40.12141392053751,39.590591694696855,39.85600280761719,26102858
2023-07-19,39.98871400587822,40.032948633258265,39.148242586114435,39.36941909790039,18779128
2023-07-20,39.54636061838835,39.76753712813897,39.41365336258369,39.59059524536133,12763397
2023-07-21,39.45788331113152,39.590590551201394,39.23670682760525,39.28094482421875,11636064
2023-07-24,39.28094577231881,39.28094577231881,38.92706204018119,39.10400390625,10978625
2023-07-25,39.1924702256469,39.45788131749125,39.104000986660495,39.41364669799805,10788878
2023-07-26,39.5905919552364,40.254121429346505,39.546357331939475,40.12141418457031,32222042
2023-07-27,40.29835760785847,40.696475982666016,40.254122982854426,40.696475982666016,35398258
2023-07-28,40.51953446059431,40.56376908598353,40.25412333337336,40.47529983520508,12630957
2023-07-31,40.6964763370368,41.05036008992179,40.386830584426626,40.47529983520508,28797783
2023-08-01,40.8291815113647,41.8023567199707,40.696474267061426,41.8023567199707,40192967
2023-08-02,41.4927117608491,41.53694638481752,40.60800578193876,40.873416900634766,36911632
2023-08-04,41.31577111160012,41.36000573687635,40.873418109066684,40.96188735961914,22771230
2023-08-07,40.961885802426394,41.31576954095425,40.917651178831775,41.0945930480957,13494754
2023-08-08,41.31577005807851,41.758123049332276,41.227297434896464,41.62541580200195,25045558
2023-08-09,41.536946033812804,41.536946033812804,41.050358424501084,41.0945930480957,16636529
2023-08-10,41.138825678971116,41.448471404020005,41.050356436067226,41.227294921875,13527840
2023-08-11,41.58118065740742,41.66964990459666,41.00612042602101,41.0945930480957,16249119
2023-08-14,40.829182720149724,40.829182720149724,39.72330023449979,40.165653228759766,22526024
2023-08-15,40.165653228759766,40.34259172655534,40.07718060497646,40.165653228759766,11646302
2023-08-16,39.85600341343119,40.121414530385785,39.502123049120215,39.900238037109375,17591979
2023-08-17,39.59059512478313,40.29835927885239,39.369418615706124,40.07718276977539,14693346
2023-08-18,39.85600505939049,40.209888813201495,39.63482855698002,39.988712310791016,11066174
2023-08-21,40.032945980527565,40.209887853208656,39.94447673162978,40.165653228759766,7896093
2023-08-22,40.20988592888332,40.25412055121528,39.634825713911816,39.811767578125,10336363
2023-08-23,39.679063894766244,39.811771148549,39.36941813578734,39.54636001586914,14429337
2023-08-24,39.54635941200053,39.679063288871255,39.10400640599356,39.50212478637695,19201425
2023-08-25,39.280949843140306,39.546360982306304,39.10400795873439,39.36941909790039,9162423
2023-08-28,39.369416489137606,40.165653228759766,39.369416489137606,40.165653228759766,13192888
2023-08-29,40.3425928314436,40.7407112121582,40.20988895446247,40.7407112121582,13665900
2023-08-30,40.78494644165039,40.82918444285133,40.47530068255776,40.78494644165039,10934619
2023-08-31,40.74071254042292,40.74071254042292,40.342594146728516,40.342594146728516,22654901
2023-09-01,40.563765475439986,41.40423678256806,40.475296232536095,41.227294921875,19193548
2023-09-04,41.227295968604054,41.31576858863948,40.91765023569349,41.27153396606445,7298639
2023-09-05,41.27153491735963,41.404238788143495,40.961885802426394,41.0945930480957,7849485
2023-09-06,41.13882608103567,41.18306070291993,40.475296628115736,40.51953125,15153174
2023-09-07,40.431060791015625,40.519530032125076,40.20988431335677,40.431060791015625,7077882
2023-09-08,40.34259248109522,40.96188735961914,40.34259248109522,40.96188735961914,8230642
2023-09-11,40.9618870077135,41.18306350708008,40.69647588345071,41.18306350708008,9322089
2023-09-12,41.18306134602903,41.27153396606445,40.78494299308304,41.27153396606445,12274928
2023-09-13,41.138831725095045,41.360008239746094,41.138831725095045,41.360008239746094,7921298
2023-09-14,41.448475927057984,41.58118318078069,41.227299420777236,41.492713928222656,13347312
2023-09-15,41.49271045382496,41.49271045382496,41.227295968604054,41.27153396606445,18166631
2023-09-18,41.227296310370406,41.227296310370406,40.96188519783467,41.050357818603516,9915365
2023-09-19,41.09459521585298,41.22729909363703,40.961887963183315,41.00612258911133,12155578
2023-09-20,40.961882987442785,41.00611760799751,40.38682617046089,40.431060791015625,19194476
2023-09-21,40.254123186340905,40.29835781156856,39.546359058041695,39.72330093383789,25786769
2023-09-22,39.679063894766244,39.811771148549,39.41365276208638,39.54636001586914,14849503
2023-09-25,39.59059264152102,39.81176913672505,39.45788539444441,39.67906188964844,12515932
2023-09-26,39.546360376807705,39.67906425691599,39.28094924170544,39.3251838684082,13592490
2023-09-27,39.19247462058069,39.54635836598011,39.104005371673594,39.4578857421875,12826800
2023-09-28,39.45788131749125,39.76753040371394,39.41364669799805,39.41364669799805,11709653
2023-10-02,39.50212635492626,39.59059560968635,39.32518447052035,39.36941909790039,9808027
2023-10-03,39.10400869069649,39.19247794711257,38.927066802978516,38.927066802978516,16489470
2023-10-04,38.79435704992608,38.88282967554131,38.48471129748674,38.52894592285156,24415074
2023-10-05,38.52894522239602,39.059770841780235,38.396241348714106,38.97129821777344,13315708
2023-10-06,39.1482356061537,39.45788131749125,39.05976636716729,39.41364669799805,8311526
2023-10-11,39.856004015398575,40.65224075317383,39.767534766706,40.65224075317383,33041627
2023-10-12,40.65223980300758,40.82918167114258,40.25412144342519,40.82918167114258,17947151
2023-10-13,40.56377041476765,40.56377041476765,40.07718276977539,40.07718276977539,16023433
2023-10-16,39.856001528995726,40.254119873046875,39.811766907408995,40.254119873046875,7411565
2023-10-17,40.29835483221496,40.34258945417225,39.944474481671364,40.03294372558594,8336233
2023-10-18,40.25412489252341,40.342594146728516,39.988713755022374,40.342594146728516,20529787
2023-10-19,39.98871065935121,40.121414530385785,39.67906154383297,39.900238037109375,13146819
2023-10-20,39.457887388385416,39.76753652224997,38.70588861664486,39.54636001586914,26926642
2023-10-23,39.32517872878937,39.63482445012513,38.92706039072536,39.01552963256836,14983219
2023-10-24,39.015534490140546,39.23671099717056,38.79435798311053,39.05977249145508,9559466
2023-10-25,39.10400711788395,39.23671099717056,39.015534490140546,39.05977249145508,6332569
2023-10-26,38.7058880485052,39.10400642912409,38.52894617102063,38.79435729980469,10856280
2023-10-27,38.882827417385336,39.28094577231881,38.83859279458948,39.10400390625,5915192
2023-10-30,39.104004249595725,39.28094611721814,38.705885891166645,38.88282775878906,13371272
2023-10-31,39.14823826163817,39.14823826163817,38.794354531917804,38.838592529296875,9158146
2023-11-01,39.10400511690367,39.36941623678128,38.92706324535677,39.192474365234375,9333175
2023-11-02,39.54635801745731,39.76753451266134,39.4136507703807,39.67906188964844,14387892
2023-11-03,39.811768446606436,40.12141418457031,39.63482657853332,40.12141418457031,11132598
2023-11-06,40.3868286741227,40.43106329741962,40.032944937976474,40.12141418457031,11837901
2023-11-07,39.988712310791016,40.03294693629599,39.76753580838054,39.988712310791016,8921848
2023-11-08,40.165651918428736,40.165651918428736,39.81176818461137,39.85600280761719,5428905
2023-11-09,39.944480895996094,39.98871552505662,39.76753900486813,39.944480895996094,5283630
2023-11-10,39.634828910745064,39.90024004102947,39.634828910745064,39.76753616333008,5174134
2023-11-13,40.209885588300395,40.51953131688671,39.98870910362865,40.03294372558594,13826876
2023-11-14,40.29835770848095,40.47529958382451,40.12141583313739,40.20988845825195,17268934
2023-11-15,40.60800708625835,40.6964763370368,40.20988870798413,40.47529983520508,22992419
2023-11-16,40.51953324841843,40.56376787248435,40.254122129137485,40.3868293762207,17524774
2023-11-17,40.298354765693354,40.65223849053811,40.298354765693354,40.51953125,16173201
2023-11-20,40.6964718892292,40.6964718892292,40.20988431335677,40.431060791015625,10582199
2023-11-21,40.47529793487258,41.094592785902364,40.47529793487258,40.82918167114258,27290008
2023-11-22,40.784945483628654,40.96188735961914,40.74071085835242,40.96188735961914,10383618
2023-11-23,41.05035998505718,41.138829235609634,40.82918348379046,40.96188735961914,12747824
2023-11-24,41.05035998505718,41.138829235609634,40.784945483628654,40.96188735961914,7185740
2023-11-27,40.78494558781526,41.27153659175351,40.386830584426626,40.47529983520508,16042874
2023-11-28,40.43106485775617,40.74071060767006,40.29835760785847,40.696475982666016,18068603
2023-11-29,40.56376908598353,40.78494558781526,40.47529983520508,40.47529983520508,11989238
2023-11-30,40.563768037731926,41.13882827758789,40.4752987892397,41.13882827758789,33581478
2023-12-01,40.91765308968532,40.91765308968532,40.60800733517708,40.7407112121582,13828296
2023-12-04,41.00612137937301,41.05035937888157,40.696475632126266,40.91765213012695,12839352
2023-12-05,40.60800420808785,40.65223883034186,40.16565123577702,40.29835510253906,22178333
2023-12-06,40.29835770848095,40.51953420893901,40.165653833137455,40.20988845825195,14764383
2023-12-07,40.077178687002096,40.16565130655136,39.634825713911816,39.811767578125,22523861
2023-12-08,39.81176913672505,39.98871100786537,39.634827265584725,39.67906188964844,20276648
2023-12-11,39.67906188964844,39.76753451266134,39.59059264152102,39.67906188964844,13732183
2023-12-12,39.59059524536133,39.679064499307295,39.457887989556674,39.59059524536133,16838581
2023-12-13,39.59059464216817,39.72330189595093,39.457887388385416,39.54636001586914,15653415
2023-12-14,40.12141453846717,40.652240147368744,39.94447604371877,40.60800552368164,37739504
2023-12-15,40.740712175902225,40.78494680260899,40.342593785769914,40.56377029418945,29841765
2023-12-18,40.34258911622033,40.38682711269236,40.032943390227935,40.254119873046875,10665285
2023-12-19,40.12141593577236,40.165653935885594,39.67906293372466,39.72330093383789,19170782
2023-12-20,39.85600376078876,39.900238384852464,39.634827265584725,39.67906188964844,16947070
2023-12-21,39.457887388385416,39.63482926846721,39.457887388385416,39.54636001586914,11045862
2023-12-22,39.54635941200053,39.679063288871255,39.45788678586777,39.50212478637695,12753891
2023-12-25,39.634827265584725,39.900238384852464,39.54635801745731,39.67906188964844,9367581
2023-12-26,39.81177043388552,40.07718156180097,39.76753580838054,39.988712310791016,9292816
2023-12-27,40.032946582908394,40.25412308336645,39.9444773326794,40.20988845825195,12547679
2023-12-28,40.209885521924825,40.51953125,40.12141290327098,40.51953125,15438371
2023-12-29,40.47529983520508,40.51953446059431,40.25412333337336,40.47529983520508,14718236
2024-01-02,40.34258911622033,40.34258911622033,40.032943390227935,40.254119873046875,8594338
2024-01-03,39.85600541512967,40.032947293614484,39.634828910745064,39.76753616333008,16720297
2024-01-04,39.679063894766244,39.76753652224997,39.54636001586914,39.54636001586914,13536046
2024-01-05,39.54635801745731,39.76753451266134,39.54635801745731,39.67906188964844,9460556
2024-01-08,39.72329954239662,40.25412177630581,39.67906154383297,39.900238037109375,14758089
2024-01-09,39.900241009057915,40.032948264862576,39.59059524536133,39.59059524536133,12202162
2024-01-10,39.811771148549,39.900240401147066,39.54636001586914,39.54636001586914,7485398
2024-01-11,39.4578857421875,39.59059299043366,39.2809472443733,39.4578857421875,14848145
2024-01-12,39.36941909790039,39.50212635492626,39.36941909790039,39.36941909790039,11633882
2024-01-15,39.502125750104945,39.72330225850444,39.3251838684082,39.3251838684082,17671440
2024-01-16,39.19247794711257,39.23671257532061,38.66165565884446,38.927066802978516,29185028
2024-01-17,38.75012278290065,38.83859540933402,38.307769775390625,38.307769775390625,37085046
2024-01-18,38.26353514961675,38.528946279145636,38.130827897409496,38.307769775390625,16805896
2024-01-19,38.17506519605575,38.7501220703125,38.17506519605575,38.7501220703125,18578828
2024-01-22,38.83859530034003,38.92706455163952,38.79435729980469,38.79435729980469,9150527
2024-01-23,39.10400390625,39.10400390625,38.79435479690823,39.10400390625,10793433
2024-01-24,39.059769283454145,39.28094577231881,38.92706204018119,39.10400390625,12359456
2024-01-25,39.10400572018321,39.23670959472656,39.05977109533542,39.23670959472656,11779164
2024-01-26,39.19247721349448,39.41365372528043,39.148242586114435,39.36941909790039,12814578
2024-01-29,39.19247220587706,39.36941406767513,39.148237584148866,39.28094482421875,10211380
2024-01-30,39.28094550400465,39.28094550400465,38.838592529296875,38.838592529296875,15675025
2024-01-31,38.83859598442506,39.05977249145508,38.750123356681655,39.05977249145508,13853540
2024-02-01,39.28094924170544,39.36941849511097,39.10400736000871,39.3251838684082,11301348
2024-02-02,39.28094410786787,39.32517872878937,38.97129501164686,39.01552963256836,9944655
2024-02-05,38.838592529296875,38.97129639677799,38.66165066443669,38.838592529296875,17242323
2024-02-15,38.9270635932128,39.36941658859022,38.88282896865216,38.97129821777344,18973352
2024-02-16,39.1924702256469,39.41364669799805,39.104000986660495,39.41364669799805,10241018
2024-02-19,39.45788384969863,39.856002200456956,39.413649227366676,39.811767578125,21577471
2024-02-20,39.811768789752996,39.900238037109375,39.63482692015478,39.900238037109375,12780176
2024-02-21,39.856006382084935,39.856006382084935,39.54636061838835,39.59059524536133,14884476
2024-02-22,39.59059368326935,39.72330093383789,39.546359058041695,39.72330093383789,9841691
2024-02-23,39.63482963021323,39.67906425691599,39.3251838684082,39.3251838684082,14521845
2024-02-26,39.23670898939973,39.36941623678128,39.192474365234375,39.192474365234375,16996562
2024-02-27,39.192474365234375,39.59059273249353,39.10400511690367,39.192474365234375,17596584
2024-02-29,39.192473337873665,39.85600280761719,39.148238714867844,39.85600280761719,27458500
2024-03-01,39.856005166251165,39.856005166251165,39.50212478637695,39.50212478637695,12188479
2024-03-04,39.50212478637695,39.679063288871255,39.45788678586777,39.50212478637695,16542104
2024-03-05,39.50212478637695,39.76753591500402,39.50212478637695,39.50212478637695,12718033
2024-03-06,39.50211931186959,39.76753040371394,39.41364669799805,39.41364669799805,17710428
2024-03-07,39.45788539444441,39.81176913672505,39.4136507703807,39.67906188964844,19189914
2024-03-08,39.63482975162139,40.07718276977539,39.59059512478313,40.07718276977539,41256409
2024-03-11,40.60800733517708,41.1388295928728,40.431065457649964,40.7407112121582,52841794
2024-03-12,40.78494453384799,41.13882827758789,40.69647528535577,41.13882827758789,39706120
2024-03-13,41.18306315705427,41.44847427906126,41.094593908013785,41.404239654541016,36295169
2024-03-14,41.49271394331266,42.81977298147977,41.49271394331266,42.731300354003906,74186786
2024-03-15,42.90824112280347,42.90824112280347,41.84659324478792,42.15624237060547,67083796
2024-03-18,42.2004753420575,42.59859370257308,41.80235698154192,42.06776809692383,25477256
2024-03-19,41.89082528575609,42.465885501881544,41.713886796073204,42.24470901489258,20605850
2024-03-20,42.24470935620759,42.42165122220544,41.97929824465353,42.02353286743164,19653760
2024-03-21,42.20047398816387,43.04094530564675,42.20047398816387,42.95247268676758,44610683
2024-03-22,43.26212179051671,43.61600214137743,42.64282695790377,42.95247268676758,36280103
2024-03-25,42.99670860440745,42.99670860440745,42.288944506473236,42.55435562133789,23185710
2024-03-26,42.37742056634048,42.86400821221955,42.3331825645359,42.775535583496094,15633362
2024-03-27,42.55435346326384,42.77552994358202,42.510118842177256,42.642826080322266,10609472
2024-03-28,42.8197685498509,42.864003171567944,42.46588482634391,42.68706130981445,13552454
2024-03-29,42.687064770570736,43.08518314807131,42.5985955199642,42.908241271972656,11902000
2024-04-01,43.26212371343927,43.527534832103186,43.0851818427015,43.306358337402344,19040501
2024-04-02,43.12941646666457,43.39482758532849,43.0851818427015,43.306358337402344,10606932
2024-04-03,43.129415234289496,43.129415234289496,42.5101203918457,42.5101203918457,20409376
2024-04-08,42.46588982017824,42.90824283913843,42.244713310698145,42.775535583496094,14821759
2024-04-09,42.95247765935557,43.748714447021484,42.86400840511968,43.748714447021484,38494383
2024-04-10,43.79294691819411,43.79294691819411,43.129417419433594,43.129417419433594,28882840
2024-04-11,43.969886779785156,44.67765087108265,43.70447566740927,43.969886779785156,44039125
2024-04-12,43.92565442341426,43.92565442341426,43.30635954599158,43.39482879638672,27730193
2024-04-15,43.12941646666457,43.616004080029334,42.81977072403758,43.306358337402344,23788713
2024-04-16,42.952474330184906,43.173650823517356,42.067768356855105,42.33317947387695,34286492
2024-04-17,42.288945893619186,42.59859501685614,42.112004019610296,42.377418518066406,17332692
2024-04-18,42.37741842123205,43.040947916085045,42.023534674022905,42.86400604248047,20325610
2024-04-19,42.28894721063148,42.64283096967033,41.62541769359787,41.97930145263672,30954485
2024-04-22,42.37741782266768,42.99670930920813,42.244710575617304,42.81977081298828,22153307
2024-04-23,42.95247554478701,43.306359294080174,42.908240919846754,43.129417419433594,15723227
2024-04-24,43.3948278425688,43.792946210367425,43.35059321834351,43.57176971435547,24012003
2024-04-25,43.08517992764368,43.17364917163753,42.77553082389455,42.95247268676758,19379964
2024-04-26,42.9967086180757,43.52753422285918,42.9967086180757,43.262123107910156,13314079
2024-04-29,43.61600289642065,45.03153444902402,43.57176827365798,44.94306182861328,54662846
2024-04-30,44.94306156154443,45.296945291313705,44.677650451660156,44.677650451660156,35944685
2024-05-02,44.41224028680926,44.854593270990854,44.23529841815954,44.500709533691406,23499014
2024-05-03,44.58918476842297,44.85459589950815,44.32377026245214,44.4122428894043,14900507
2024-05-06,44.766125398417316,45.38542031694902,44.67765614214956,45.03153991699219,29378952
2024-05-07,45.56236220437034,45.56236220437034,44.766125398417316,45.03153991699219,17174115
2024-05-08,45.03153991699219,45.20847842952771,44.85459802957087,45.03153991699219,14720994
2024-05-09,45.29694678481603,46.35859463424247,45.12000491409737,45.73929977416992,38031799
2024-05-10,46.88941976186391,49.1011848449707,46.88941976186391,49.1011848449707,110819018
2024-05-13,49.808943170323744,49.89741578823058,48.39341503266718,48.74729537963867,56197441
2024-05-14,48.83576840107815,49.27812136961167,47.951062464011095,48.03953170776367,34279644
2024-05-15,48.65882789042517,50.42823981371336,48.39341677690903,50.07435607910156,77902548
2024-05-16,50.42824121764052,50.782124962104476,49.808946352271334,49.89741897583008,59682185
2024-05-17,49.89741897583008,50.25129934540853,49.632004480039356,49.89741897583008,31089850
2024-05-20,50.251297412006735,50.339770032161525,49.27812221450169,49.54353332519531,22312535
2024-05-21,49.36659476564726,49.455067391726686,48.30494687689327,49.01271438598633,35314051
2024-05-22,49.101180349077495,49.54353332519531,48.92423848365329,49.54353332519531,18502022
2024-05-23,48.835771565091484,49.012713438945816,48.30494594352848,48.48188781738281,29820556
2024-05-24,48.12800907885033,48.92424247590436,48.12800907885033,48.57036209106445,15696064
2024-05-27,49.278120291262404,49.54353139159748,48.83576733240886,49.18964767456055,21737408
2024-05-28,49.189652922281766,50.693653817812866,49.189652922281766,50.25130081176758,42788393
2024-05-29,50.25129545078612,50.25129545078612,49.012709190927325,49.18964767456055,37270612
2024-05-30,49.101178432743936,50.162826208969506,49.012709190927325,49.18964767456055,32809994
2024-05-31,49.54353618223338,50.16283105948841,49.18965243097748,49.72047805786133,46587800
2024-06-03,50.07435772877287,50.251299601908016,49.632004733377755,50.1628303527832,18443934
2024-06-04,49.808946352271334,49.98588822450332,49.36659335913414,49.89741897583008,17506522
2024-06-05,49.98588943481445,50.42824243866237,49.63200568178189,49.98588943481445,15821156
2024-06-06,50.07436104495908,50.95906709433918,50.07436104495908,50.87059783935547,43909193
2024-06-07,50.870596163109376,51.66683293126882,50.870596163109376,51.489891052246094,28016517
2024-06-11,52.02071259801814,52.8169493552121,51.578359593996076,51.93224334716797,50455531
2024-06-12,51.4014143507069,51.666828835644424,50.95906137565818,51.2244758605957,30709932
2024-06-13,51.66683127603838,52.02071164786106,51.136005655976064,51.40141677856445,32885334
2024-06-14,51.84377143540591,51.84377143540591,50.870596163109376,51.489891052246094,22570629
2024-06-17,51.48989274889868,51.48989274889868,50.78212858437176,50.87059783935547,19688095
2024-06-18,51.312947522590584,52.10918426513672,51.312947522590584,52.10918426513672,28703145
2024-06-19,52.28612015423142,52.46306201873196,51.489886826307014,52.19765090942383,29967420
2024-06-20,52.19765076845523,53.25929857770597,52.02070890443255,53.17082595825195,43213257
2024-06-21,53.17082595825195,53.43624044172865,52.81694560509194,53.17082595825195,44553804
2024-06-24,53.34777069091797,53.52471256445526,52.72847582098022,53.34777069091797,26401745
2024-06-25,53.790126560624614,54.14401032660259,53.170831657606,53.524715423583984,30590909
2024-06-26,53.3477711443219,53.52471301936302,52.19765401888294,52.64000701904297,38888351
2024-06-27,52.109186676472355,52.28612518310547,51.578361031915975,52.28612518310547,47169410
2024-06-28,52.28612015423142,52.72847312804009,51.843767180422745,52.19765090942383,48245179
2024-07-01,53.02182826179868,53.20497512817383,51.92292959703501,53.20497512817383,68014318
2024-07-02,52.93025004033877,53.57127453687642,52.5639528232476,53.29655075073242,25123181
2024-07-03,53.75442508999608,56.41009302356951,53.66284816540925,56.318519592285156,82983423
2024-07-04,56.59324396904323,56.9595446846018,55.31119845119327,55.58592224121094,54381074
2024-07-05,56.135372161865234,56.318522527281154,55.40277419350422,56.135372161865234,38153115
2024-07-08,56.31851902061351,57.14269386701664,55.86064488223454,57.051116943359375,41291332
2024-07-09,57.234266400526515,57.87529088287289,55.86064400691388,56.86796569824219,44984901
2024-07-10,57.32584407696638,58.33316933623417,57.142697205556466,58.24159240722656,46214319
2024-07-11,58.974192238879354,60.53096156272565,58.424741159901934,59.98151397705078,74786743
2024-07-12,59.70678725068141,60.530962130223166,59.157339659855296,60.1646614074707,38164611
2024-07-15,60.43938798170823,60.43938798170823,58.69946480915622,59.52363967895508,33842043
2024-07-16,60.1646624761798,60.25624289844855,59.15734071067127,59.88994216918945,33390002
2024-07-17,60.16466027588887,60.62253442406643,59.34049239845331,59.79836654663086,39102467
2024-07-18,59.24891266667133,60.073087540270286,57.78371677283159,58.791038513183594,48543601
2024-07-19,59.24890995567321,59.24890995567321,56.501668653752354,57.32583999633789,52547992
2024-07-22,56.86796668510699,56.959543608918466,54.48702255884806,54.94489669799805,47711977
2024-07-23,55.952218880542794,56.318519592285156,55.58592166210292,56.318519592285156,21678619
2024-07-26,54.670173376049505,56.501669948156334,54.48702302017832,56.318519592285156,37439149
2024-07-29,57.14269184425439,57.87528974106743,56.59324080166786,57.417415618896484,30437537
2024-07-30,57.2342687791145,57.2342687791145,55.58592253693651,56.501670837402344,21728973
2024-07-31,55.67749326048534,57.50898977229935,55.67749326048534,57.14269256591797,18511247
2024-08-01,57.60056816536667,57.78371502658494,57.14269402571607,57.50899124145508,24088468
2024-08-02,56.318522527281154,56.50167289269707,55.49434762956085,56.135372161865234,28645559
2024-08-05,54.02914922780508,54.21229958486492,50.6408798487568,50.91560363769531,67951804
2024-08-06,52.19765279834912,52.83867730330513,49.45040791422548,51.373477935791016,47848163
2024-08-07,51.37347865734502,53.75442635300805,51.37347865734502,53.66284942626953,41171470
2024-08-08,52.6555282784898,53.84600039308209,52.38080448178429,52.93025207519531,22098747
2024-08-09,56.13536892217499,56.31851927702092,55.036470286401894,55.40277099609375,48640357
2024-08-12,56.04379564955221,56.41009286697525,55.311197721403666,55.86064529418945,28181159
2024-08-13,55.952221796449315,56.318522527281154,55.49434762956085,56.135372161865234,20254165
2024-08-14,56.59324515505946,57.23426967406956,56.22694792512697,56.68482208251953,27932712
2024-08-15,57.325843536469804,57.50899389945554,56.31852178000219,56.41009521484375,19576689
2024-08-16,57.3258417718762,57.966866275943055,56.86796762515737,57.692142486572266,40751327
2024-08-19,57.8752917897625,57.8752917897625,56.95954351300456,57.051116943359375,19025333
2024-08-20,57.2342687791145,57.2342687791145,55.95221976114132,56.501670837402344,23860267
2024-08-21,56.22694792512697,56.95954587829455,56.13537099766691,56.68482208251953,17824051
2024-08-22,56.50167157951137,56.59324501343969,55.86064706210538,56.22694778442383,15049844
2024-08-23,55.58592166210292,56.501669948156334,55.40277130623174,56.318519592285156,10674672
2024-08-26,57.05111986117226,58.79103958001704,56.959546426134025,58.516319274902344,45897812
2024-08-27,58.150018837713105,58.33316920200422,57.5089943093455,57.78371810913086,24131732
2024-08-28,58.058443352406826,58.15001678466797,57.325841921107575,58.15001678466797,13255685
2024-08-29,57.78371810913086,58.058445402218865,57.41742087385126,57.78371810913086,14112990
2024-08-30,58.058443352406826,58.33316714249278,57.6921426367572,58.15001678466797,30136194
2024-09-02,58.42473766733776,59.70678312170741,58.33316423963362,59.24890899658203,31737202
2024-09-03,59.34049326649255,59.34049326649255,58.15001766917448,58.333168029785156,16384725
2024-09-04,55.860647619189166,56.959546303800956,55.494346893217696,56.41009521484375,36450780
2024-09-05,56.77639186623422,58.24158767836448,56.50166808812259,57.14269256591797,30481021
2024-09-06,56.95954469876047,58.33316714249278,56.593243983110845,58.15001678466797,24581221
2024-09-09,56.776394042968754,57.32584162025713,56.13536954059732,57.23426818847656,29662372
2024-09-10,57.23426656715141,58.058441403039346,56.776392434614195,57.32583999633789,18738850
2024-09-11,57.05111783161294,57.60056890220382,57.05111783161294,57.23426818847656,18759780
2024-09-12,57.87529064293679,57.96686407147703,57.23426616324794,57.60056686401367,19992848
2024-09-13,57.78371680495945,58.33316788543177,57.234269217789695,57.87529373168945,15437217
2024-09-16,57.96686847342198,58.058445402218865,57.41742087385126,57.78371810913086,9224361
2024-09-18,57.69214337153201,58.058444091846894,57.50899301137457,57.87529373168945,12969687
2024-09-19,58.05844323955596,59.340492248535156,57.966866314170304,59.340492248535156,34318662
2024-09-20,59.523636266299135,59.88993696372037,59.06576214117376,59.24890899658203,40165846
2024-09-23,59.43206800426691,59.88994216918945,59.06576727500782,59.88994216918945,21522538
2024-09-24,59.98151370747821,60.89726200835574,59.798366841944734,60.714115142822266,43299635
2024-09-25,61.35513143877991,61.44670486450195,60.80568389784309,61.44670486450195,31977429
2024-09-26,61.90458432657443,62.820332636099515,61.721437459311474,62.54561233520508,44203669
2024-09-27,63.18662974039714,63.18662974039714,61.26355979779296,61.81300735473633,36299707
2024-09-30,61.721433582673235,61.99615386631287,60.89725875854492,60.89725875854492,29637285
2024-10-01,61.26356003305247,61.44670689053532,60.62253205865295,61.080406188964844,11996810
2024-10-04,60.439388275146484,61.26356314894678,60.2562414083487,60.439388275146484,24322395
2024-10-07,60.98883642822971,62.2708854675293,60.89726299398085,62.2708854675293,29051653
2024-10-08,61.813011730110105,62.4540327608173,61.35513756914632,61.996158599853516,24875376
2024-10-09,62.54561603364414,62.728762911736915,61.904587987108314,62.08774185180664,17309623
2024-10-11,62.82033305962763,62.82033305962763,61.90458474392867,62.2708854675293,21663134
2024-10-14,62.27088589107388,62.362459325945586,61.446711004018034,61.996158599853516,10554371
2024-10-15,62.08773832169237,63.00348663330078,61.81301103356778,63.00348663330078,28862968
2024-10-16,62.27088872989942,62.8203363507833,61.72144110901554,62.08774185180664,21791724
2024-10-17,62.17931056230377,62.911905005568826,62.17931056230377,62.82033157348633,13945412
2024-10-18,63.00348315376121,64.01080484357733,62.72875588080919,63.91923141479492,42577824
2024-10-21,63.9192347994927,63.9192347994927,62.27088504770549,62.54561233520508,38717417
2024-10-22,62.454032197084494,63.461360931396484,62.087738460903964,63.461360931396484,26585760
2024-10-23,63.18663081953593,63.552931525955664,62.91190354306991,63.36977767944336,17460484
2024-10-24,63.0034874815964,63.18663435174196,62.45403289794922,62.45403289794922,16149286
2024-10-25,62.728759903838665,63.1866340637207,62.36245917861199,63.1866340637207,11712474
2024-10-28,63.095060208610775,63.919235088227325,62.72875948582507,63.461360931396484,22253036
2024-10-29,63.36978079340536,63.36978079340536,62.270885606751825,62.728759765625,21295784
2024-10-30,63.00348500968217,63.186631872642046,62.72875772863739,63.09505844116211,14846643
2024-11-01,62.36245742646878,63.00348542425636,61.72143641528623,62.82033157348633,25933667
2024-11-04,62.82033187130132,63.736080169677734,62.72875843878469,63.736080169677734,27759924
2024-11-05,63.278203440108456,63.91923141479492,62.82032930959161,63.91923141479492,12529086
2024-11-06,63.736080019692764,63.8276534519939,63.1866324392809,63.27820587158203,12043658
2024-11-07,63.186630011326045,64.46867897409419,63.186630011326045,63.91923141479492,25062035
2024-11-08,64.10237868055165,64.28552553928273,63.5529311177536,63.64450454711914,15125052
2024-11-11,63.82765552196467,63.91923594384087,62.36245959781412,62.91190719604492,20916698
2024-11-12,62.08773462651039,62.45402834006947,61.53828008296227,61.81300735473633,40494368
2024-11-13,61.44670590805242,61.81300660376604,60.622531089347945,61.1719856262207,37216440
2024-11-14,60.89725916293783,61.44670672047045,60.53095846238116,60.62253189086914,26613329
2024-11-15,61.35513467933792,62.5456102364148,60.98883397049851,61.2635612487793,29043099
2024-11-18,61.62986032765553,61.81300718392899,60.98883235748899,61.355133056640625,19670848
2024-11-19,61.62986486036669,61.996158599853516,60.897263408182546,61.996158599853516,29378666
2024-11-20,61.721431732177734,61.721431732177734,61.721431732177734,61.721431732177734,25128583
2024-11-21,61.2635616612339,61.35513509240904,60.622533669797996,60.988834381103516,29047535
2024-11-22,61.35513248077518,61.62985974921156,60.897258357784324,61.1719856262207,20542663
2024-11-25,61.721433351853825,62.270880903683036,61.44670608263689,61.629859924316406,45994278
2024-11-26,61.446704470170104,61.81300515731211,60.714110082490585,61.721431732177734,14985040
2024-11-27,61.446706312428894,61.62986015479336,60.89725875854492,60.89725875854492,12375995
2024-11-28,61.17198929326103,61.17198929326103,60.53096129068371,60.714115142822266,12375048
2024-11-29,60.2562418281127,60.530962130223166,59.523640382607766,60.1646614074707,23113400
2024-12-02,60.53095681289532,61.996152588590235,60.43938338690275,61.904579162597656,20298415
2024-12-03,62.179310153152805,63.09505844116211,62.08773672167287,63.09505844116211,29913884
2024-12-04,63.1866340637207,63.1866340637207,62.637186469183305,63.1866340637207,15588054
2024-12-05,63.36977767944336,63.461358096001945,63.0034839596285,63.36977767944336,12754696
2024-12-06,63.27820792373387,63.3697813590048,62.63718689023216,62.91190719604492,10241647
2024-12-09,62.91190354306991,63.552931525955664,62.8203301131162,63.36977767944336,18164014
2024-12-10,63.00348542425636,63.369779152586375,62.63718470932132,62.82033157348633,12441774
2024-12-11,62.545614520932055,63.36978243902199,62.27088722383182,62.63718795776367,19996762
2024-12-12,63.186632587972895,63.91923402131606,62.82033187130132,63.736080169677734,36133386
2024-12-13,63.46135768838806,63.91923182182058,63.18663041368663,63.64450454711914,13686022
2024-12-16,63.644506884794076,64.7434020507528,63.55293345206503,64.19395446777344,34902926
2024-12-17,63.73607986752142,64.10238058245646,62.82033157348633,62.82033157348633,24837503
2024-12-18,62.728759345176194,63.5529342229448,62.454032057051606,63.00348663330078,15857184
2024-12-19,61.813011730110105,61.996158599853516,61.446711004018034,61.996158599853516,26330204
2024-12-20,61.538279510174306,61.99615363446609,61.26355922756204,61.629859924316406,26899589
2024-12-23,62.27088574395663,63.1866340637207,62.27088574395663,63.1866340637207,17122496
2024-12-24,63.186631872642046,63.278205304121975,62.82033116011733,63.09505844116211,6153683
2024-12-25,63.18663448846296,63.27820792373387,62.63718689023216,62.91190719604492,5986895
2024-12-26,63.09506105319203,63.18663448846296,62.63718689023216,62.91190719604492,3532796
2024-12-27,62.820332919870204,63.461360931396484,62.72875948582507,63.461360931396484,10258701
2024-12-30,63.36977767944336,63.91923223237539,63.18663081953593,63.36977767944336,16911590
2024-12-31,62.820332636099515,62.911906069730996,62.36245848133697,62.54561233520508,13746482
2025-01-02,62.91190649387649,62.91190649387649,61.6298644411821,62.2708854675293,24306565
2025-01-03,62.362462168945804,62.54561603364414,61.81301454806192,62.08774185180664,18132652
2025-01-06,62.545612477496576,63.369780368660024,62.3624586232118,63.00348663330078,27528633
2025-01-07,63.27820587158203,63.36977930388317,62.54561142656789,63.27820587158203,23548626
2025-01-08,63.00348663330078,63.5529342229448,62.820332779016006,63.00348663330078,24392294
2025-01-09,62.820332636099515,63.461360644730156,62.54561233520508,62.54561233520508,11260509
2025-01-10,61.813012706165054,61.90458614248275,59.24891456963755,59.61521530151367,79078935
2025-01-13,59.523639953406025,60.164660973646804,58.241590926319326,58.791038513183594,36934824
2025-01-14,59.065765672057644,60.16466084340737,59.065765672057644,59.98151397705078,22041903
2025-01-15,59.981510391424514,60.25623766114162,59.15733556887789,59.24890899658203,20181926
2025-01-16,60.07308741022908,60.34781469636906,59.7983671106942,59.98151397705078,14008135
2025-01-17,60.25624126319077,60.53096156272565,59.43206639137592,59.98151397705078,12841817
2025-01-20,60.16466290602518,60.34781676526592,59.52364186519598,59.61521530151367,9452883
2025-01-21,59.798365085521,60.6225329428189,59.61521123876212,60.34781265258789,10512224
2025-01-22,60.897258357784324,61.62985974921156,60.805684930507084,61.1719856262207,26391399
2025-02-03,59.61521340134619,60.7141155619483,59.432066534548404,60.439388275146484,22126880
2025-02-04,60.897262708851756,61.17198999691721,59.6152136755549,59.706787109375,15388000
2025-02-05,60.34781120466095,61.08040561430468,60.16465736229648,60.89725875854492,15759429
2025-02-06,61.17198781822067,61.2635612487793,60.71411367882263,61.2635612487793,9897240
2025-02-07,60.98883397049851,61.53828154045518,60.80568710938125,61.2635612487793,10923854
2025-02-10,61.080403783028096,62.2708792695885,60.98883035789372,61.721431732177734,16377780
2025-02-11,62.36245904120542,63.00348705559099,62.270885606751825,62.728759765625,20866816
2025-02-12,62.820333760774,63.09506105319203,62.45403303308505,62.91190719604492,10202913
2025-02-13,62.820333760774,63.18663448846296,62.45403303308505,62.91190719604492,13377030
2025-02-14,62.91190719604492,63.18663448846296,62.63718689023216,62.91190719604492,10985387
2025-02-17,63.09506062906534,63.46136135429201,63.00348719440998,63.1866340637207,16292304
2025-02-18,62.91190354306991,63.36977767944336,62.91190354306991,63.36977767944336,8763605
2025-02-19,63.18663448846296,63.3697813590048,62.545613454961234,62.91190719604492,13330523
2025-02-20,62.91190621285582,63.186633500980406,62.545612477496576,63.00348663330078,13665208
2025-02-21,62.82033116011733,63.186631872642046,62.82033116011733,63.09505844116211,10572393
2025-02-24,62.63718689023216,62.91190719604492,62.63718689023216,62.91190719604492,8914341
2025-02-25,62.45403303308505,63.00348761792111,62.08773929200136,62.91190719604492,13356157
2025-02-26,62.72875668316248,63.461358096001945,62.54560982325505,63.36977767944336,15458463
2025-02-27,63.186635565358756,63.461362862459,62.63718795776367,62.63718795776367,35778086
2025-03-03,62.91190621285582,63.095060067140594,62.27088518937199,63.00348663330078,21241927
2025-03-04,62.087739021330464,62.4540327608173,61.080410277925964,61.996158599853516,22150783
2025-03-05,62.17931259273089,62.72876018977281,62.17931259273089,62.45403289794922,12313204
2025-03-06,62.2708861625432,62.91190719604492,62.2708861625432,62.91190719604492,9201178
2025-03-07,62.54560817289998,62.6371816004374,61.538279510174306,61.629859924316406,22302843
2025-03-10,61.538279510174306,61.99615363446609,61.26355922756204,61.629859924316406,10298966
2025-03-11,60.439386082664896,60.80568678957778,59.34049094853112,60.34781265258789,33709866
2025-03-12,60.43938463254082,60.9888321864248,60.43938463254082,60.89725875854492,11828340
2025-03-13,61.17198749649066,61.26356092656766,60.34781265258789,60.34781265258789,7661325
2025-03-14,60.988835862144974,61.35513658234568,60.439388275146484,60.439388275146484,14062880
2025-03-17,60.2562414083487,60.622535141944276,59.432066534548404,60.439388275146484,21267901
2025-03-18,60.71411190278516,61.62986015479336,60.43938463254082,60.89725875854492,17177663
2025-03-19,60.71411484298597,60.89726170761498,59.79836654663086,59.79836654663086,16248437
2025-03-20,60.256239222510885,60.71411335950077,60.16465880582901,60.34781265258789,10061188
2025-03-21,60.07308946970748,60.34781676526592,59.61521530151367,59.61521530151367,19663149
2025-03-24,59.79836696442306,60.07308726328595,59.52363967895508,59.52363967895508,9927289
2025-03-25,59.88994039737736,60.16466069624025,59.52363967895508,59.52363967895508,11934883
2025-03-26,59.9815156048529,60.25624289844855,59.706788311257256,59.88994216918945,15073510
2025-03-27,59.615212695396814,59.79836654663086,59.157338547219254,59.79836654663086,15022289
2025-03-28,59.523639380931854,59.61521281342766,58.60789108276367,58.60789108276367,20054064
2025-03-31,57.508988504437454,57.692138850241534,55.95221580505619,56.043792724609375,32601854
2025-04-01,56.31852178000219,56.86796937565678,56.0437979821749,56.41009521484375,25979079
2025-04-02,56.41009521484375,57.05111973864251,56.41009521484375,56.41009521484375,21366759
2025-04-07,50.82402801513672,50.82402801513672,50.82402801513672,50.82402801513672,9339145
2025-04-08,48.3515086734375,50.18300524056242,47.80206110062101,49.5419807434082,84413483
2025-04-09,48.992533404417706,49.99985512382306,45.32954025268555,45.32954025268555,67600496
2025-04-10,49.816707611083984,49.816707611083984,49.45040690336769,49.816707611083984,20144368
2025-04-11,48.07678732112888,49.816710545309846,48.07678732112888,49.63356018066406,55592542
2025-04-14,49.816709799342256,51.007181911759446,49.72513287173933,49.90828323364258,39368302
2025-04-15,50.183007440813526,51.465056491332824,49.9998570774104,51.28190612792969,23705441
2025-04-16,50.45773007875592,50.82403079713739,49.908282494486265,50.183006286621094,22269928
2025-04-17,49.90828087947808,49.90828087947808,49.08410603644095,49.35883331298828,24874782
2025-04-18,49.0841064453125,49.45040715489194,48.71780922903552,49.0841064453125,26241533
2025-04-21,49.26725695699996,49.63355766774593,48.809382815218726,49.5419807434082,16911194
2025-04-22,48.626233627267425,48.992534346807574,47.61891188848586,48.076786041259766,31953772
2025-04-23,49.0841064453125,49.0841064453125,48.351508519456075,49.0841064453125,26448029
2025-04-24,49.17568116934989,49.26725459599674,48.44308327626824,48.992530822753906,23118104
2025-04-25,49.450407312372946,50.18300524056242,49.26725695699996,49.5419807434082,26733950
2025-04-28,50.18300539744948,50.36615575339504,49.72513125423679,49.999855041503906,13700391
2025-04-29,49.999854068801135,51.007179260253906,49.72513028687853,51.007179260253906,29605110
2025-04-30,53.479700374017014,54.395448644165924,52.8386758862523,53.57127380371094,70499043
2025-05-02,53.57127469309721,53.93757540455904,53.20497398163538,53.754425048828125,38292253
2025-05-05,50.457727873129706,50.7324551465581,48.80938169907129,50.0914306640625,95368983
2025-05-06,49.35883761442445,51.4650581272544,49.084110313935675,51.19033432006836,64400064
2025-05-07,51.00718320334593,51.465057373046875,50.18300830056315,51.465057373046875,45137412
2025-05-08,50.457728039612455,51.46505322780128,50.457728039612455,50.5493049621582,52583859
2025-05-09,49.99985390679091,50.824028743190645,49.63355669651513,50.5493049621582,55895645
2025-05-12,50.366156208933354,51.46505486124332,50.366156208933354,51.373477935791016,38040502
2025-05-13,52.47237662456584,53.47970184542604,52.10607940240964,53.021827697753906,54663954
2025-05-14,53.66284650648017,54.30387098556148,53.47969964957326,53.84599685668945,38045887
2025-05-15,54.30387422739772,54.85332531082674,53.937576998414286,54.57859802246094,43348358
2025-05-16,54.85332417423653,57.692142486572266,54.57859689156323,57.692142486572266,74886943
2025-05-19,56.31851927702092,57.051117203102166,55.31119756532202,55.40277099609375,50035510
2025-05-20,55.67749509338727,56.95954409118305,55.67749509338727,56.318519592285156,35187628
2025-05-21,56.501670550849695,58.60789093257874,56.41009362528603,58.15001678466797,67276671
2025-05-22,56.95954372815589,60.53095992502059,56.77639337345201,60.07308578491211,98102551
2025-05-23,59.523640382607766,61.53828387783857,59.523640382607766,60.1646614074707,69220745
2025-05-26,59.889939788143636,60.89726151360406,57.692142486572266,57.692142486572266,99601144
2025-05-27,57.32584236065374,59.15733896633983,56.41009405781069,56.95954513549805,140946039
2025-05-28,57.32583815863337,57.692138850241534,56.043792724609375,56.043792724609375,134231696
2025-05-29,56.410095557867926,57.142697014265735,54.761749267578125,54.761749267578125,210093481
2025-06-02,54.67017467411433,55.769073342130696,53.84599979977641,55.31119918823242,149784569
2025-06-03,55.036472850607524,58.516319274902344,54.944899415569296,58.516319274902344,175849378
2025-06-04,57.69213976579762,61.9961537473343,56.59324116683624,59.24890899658203,276557834
2025-06-05,58.88261736627801,61.53828179655463,58.88261736627801,60.53096008300781,169990897
2025-06-06,59.43206612427271,61.81301030923327,59.34049269150597,60.714115142822266,194544529
2025-06-09,60.897263408182546,62.087739021330464,60.897263408182546,61.996158599853516,165372356
2025-06-10,61.99615760274306,62.179311456145975,60.439388275146484,60.439388275146484,126958023
2025-06-11,60.805691274709794,62.63718795776367,58.69946729455568,62.63718795776367,186969872
2025-06-12,61.44671072345907,62.728759765625,60.897263130132295,62.728759765625,146977203
2025-06-13,61.8130115840746,63.644508223602735,61.44671085884793,63.1866340637207,133217588
2025-06-16,62.911901883049666,63.644503276558396,61.44670608263689,61.629859924316406,61016699
2025-06-17,61.62986429848057,62.454032191417156,60.1646614074707,60.1646614074707,67972090
2025-06-18,60.71411167573283,61.721433351853825,60.164657137298946,61.629859924316406,59602690
2025-06-19,60.89725916293783,61.26355986349449,60.07308433333652,60.62253189086914,43094453
2025-06-20,60.6225333557213,60.71411377302694,59.79836549280997,60.07308578491211,42370749
2025-06-23,59.52363780868512,60.34781265258789,59.24891053184924,60.34781265258789,31718301
2025-06-24,60.62253148830058,61.08040561430468,60.16465736229648,60.89725875854492,34402132
2025-06-25,61.26355945666914,61.35513288454902,60.62253148830058,60.89725875854492,38576800
2025-06-26,60.80568590274057,61.171986604311044,60.62253205865295,61.080406188964844,41927490
2025-06-27,60.89726458683459,62.17931365966797,60.43939041700877,62.17931365966797,84433352
2025-06-30,61.59999672428687,61.59999672428687,60.344825098861705,60.63447952270508,58096172
2025-07-01,60.634482152285905,62.46896270495509,60.634482152285905,61.21379470825195,42222231
2025-07-02,61.21379244515338,61.50344687084977,60.441375732421875,60.441375732421875,25575977
2025-07-03,60.53792953491211,61.02068813776922,60.44137560444719,60.53792953491211,23304415
2025-07-04,60.82758647639577,60.82758647639577,59.379310607910156,59.379310607910156,22756608
2025-07-07,59.76551831937928,60.151723003483234,59.37930995211938,59.66896438598633,26239515
2025-07-08,59.572414529734644,60.0551731504243,59.08965590904499,59.475860595703125,18648777
2025-07-09,59.08965314215684,59.86206616246066,58.993099212646484,58.993099212646484,17134414
2025-07-10,58.79999930125771,60.73103371268612,58.70344537079278,60.53792953491211,26695923
2025-07-11,60.441375992557965,61.59999738348601,60.24827549669985,60.344825744628906,20567067
2025-07-14,60.8275867313966,61.5034495428211,60.63448254482446,61.02069091796875,28794836
2025-07-15,60.924137115478516,61.2137952375441,60.53793242465111,60.924137115478516,16759222
2025-07-16,60.44137770740552,61.503448880537675,60.44137770740552,61.31034469604492,28809256
2025-07-17,61.40689574137979,61.79310411536322,60.924137115478516,60.924137115478516,29461954
2025-07-18,60.82758408878763,61.31034269266689,60.34482548490836,60.441375732421875,20613253
2025-07-21,60.53793031486955,60.924134992237505,60.05517170579269,60.1517219543457,20142877
2025-07-22,60.53793163744072,60.73103582192139,59.37931021371269,59.57241439819336,22811435
2025-07-23,60.15172117936409,60.6344797822212,59.76551650697191,60.53792953491211,22781398
2025-07-24,60.53792966309124,60.73103384127412,59.958617128542606,60.441375732421875,13566107
2025-07-25,60.05517105921197,60.63447991060475,59.958617128542606,60.441375732421875,13430671
2025-07-28,60.441377304967155,60.73103542135563,59.66896425529509,59.76551818847656,17872370
2025-07-29,59.76551937878573,59.95861988268264,59.18620681762695,59.18620681762695,14650021
2025-07-30,59.47586085921347,60.05517341650131,59.28276035660685,59.379310607910156,12836092
2025-07-31,59.18620390903107,59.282757839390584,58.79999923706055,58.79999923706055,17930528
2025-08-04,58.70344574774383,60.344825744628906,58.51034156872984,60.344825744628906,26126663
2025-08-05,60.05517067501834,60.731033452756755,59.86206649807082,60.63447952270508,17283090
2025-08-06,60.53792953491211,60.82758395999521,60.24827510982902,60.53792953491211,18457373
2025-08-07,60.634479395346446,61.213791924972206,60.5379291486534,60.73103332519531,16564030
2025-08-08,60.63448254482446,61.11724116967681,60.63448254482446,61.02069091796875,10368497
2025-08-11,60.73103504964186,61.79310252604591,60.73103504964186,61.69655227661133,16382581
2025-08-12,61.889653301425156,62.08276116824721,61.40689468383789,61.40689468383789,16208571
2025-08-13,61.69655266958317,62.08276103609325,61.40689455312263,61.503448486328125,15368317
2025-08-14,61.50344654802851,62.56551768088178,61.50344654802851,62.37240982055664,27447688
2025-08-15,62.37240956174351,62.46895980834961,61.793100715795255,62.46895980834961,13372024
2025-08-18,61.9862019830355,62.27586009278244,61.599997308632695,62.1793098449707,22487462
2025-08-19,61.88965199177826,62.46896084736184,61.79310174356629,61.986202239990234,15500507
2025-08-20,62.0827622374288,62.372412993182344,60.82758686356067,60.924137115478516,20192207
2025-08-21,61.406892873462766,62.27585983276367,61.31034262605415,62.27585983276367,18114412
2025-08-22,61.8896529061925,62.08276077178136,61.310344042049685,61.599998474121094,14471796
2025-08-25,61.889651219211295,62.37240982055664,61.793100972204556,62.37240982055664,11865865
2025-08-26,61.98620408322804,62.27586220278906,61.21379470825195,61.21379470825195,27837469
2025-08-27,61.21379244515338,61.406892940180406,60.441375732421875,60.441375732421875,19417165
2025-08-28,60.82758474368449,60.82758474368449,60.1517219543457,60.1517219543457,15592358
2025-08-29,60.15172366780462,60.441378104870545,59.379310607910156,59.379310607910156,18322296
2025-09-01,59.76551663351558,60.441375732421875,59.668962702846216,60.441375732421875,15282127
2025-09-02,60.44137770740552,61.31034469604492,60.34482745673713,61.31034469604492,18351078
2025-09-03,61.31034469604492,61.406894946713315,60.731035825722635,61.31034469604492,9222113
2025-09-04,61.4068936427943,61.9862025008155,61.310343394176066,61.889652252197266,15063476
2025-09-05,61.889651219211295,62.37240982055664,61.59999679503525,62.37240982055664,19432589
2025-09-08,62.27586127105834,62.27586127105834,61.599998474121094,61.599998474121094,15273818
2025-09-09,61.79310200357903,62.08276011574552,61.50344757456843,61.889652252197266,14966579
2025-09-10,61.696550218567864,62.66206741333008,61.696550218567864,62.66206741333008,22694241
2025-09-11,62.66206845034111,63.04827680789978,61.9862019830355,62.1793098449707,18523916
2025-09-12,62.27586155083343,63.53103690070832,62.27586155083343,63.24137878417969,26625699
2025-09-15,62.951720929128236,64.20689628421664,62.951720929128236,63.14482879638672,22702020
2025-09-16,63.53103559606343,63.91723658842156,62.95171937490274,63.82068634033203,26173648
2025-09-17,63.33792851049178,63.434478759765625,62.46896153440352,63.434478759765625,24040590
2025-09-18,63.3379300922424,63.3379300922424,62.27586259108323,62.75862121582031,15282654
2025-09-19,62.75862016750656,63.24137878417969,62.372411800905674,63.24137878417969,22563630
2025-09-22,63.14482749532379,63.82068660102298,63.048277246839874,63.72413635253906,15296636
2025-09-23,63.62758558503597,64.01379394213306,63.434477723331575,63.917236328125,11713911
2025-09-24,63.91723684950689,64.68965357000177,63.33792799229162,63.72413635253906,14641979
2025-09-25,63.72413687389899,63.91723737244668,63.33792851049178,63.434478759765625,11982347
2025-09-26,63.24137957504389,63.33792982632354,62.56552044977432,62.85517120361328,10461280
2025-09-30,63.337928771972656,63.337928771972656,62.5655194082813,63.337928771972656,20627813
2025-10-01,62.95172119140625,64.01379604997307,62.95172119140625,63.04827880859375,15902872
2025-10-02,63.144829588872376,63.724138465294466,62.75862121582031,62.75862121582031,14445489
2025-10-03,63.43448034392741,63.724138465294466,62.75862121582031,62.75862121582031,8779000
2025-10-07,62.758620689655174,63.724137931034484,62.4689625707166,62.95172119140625,16211743
2025-10-08,63.144829059469295,63.627587680158946,63.04827880859375,63.04827880859375,13282302
2025-10-09,63.43447746931409,64.3034444277249,63.337927222004375,64.11034393310547,25972942
2025-10-13,64.01379604997307,64.01379604997307,62.85517094053071,63.04827880859375,19110126
2025-10-14,63.14482853410744,64.59310438412682,63.14482853410744,63.24137878417969,25539114
2025-10-15,63.53103508293549,64.11034393310547,63.144826727384945,64.11034393310547,27746495
2025-10-16,63.91723737405823,64.7862043501684,63.531036376953125,63.531036376953125,23579253
2025-10-17,63.53103742928341,63.82068818191002,62.85517094053071,62.95172119140625,15123134
2025-10-20,63.33792956122037,63.82068818191002,62.85517094053071,63.04827880859375,8352997
2025-10-21,63.531036375351306,64.39999598512773,63.33792851049178,63.434478759765625,18396940
2025-10-22,63.62758662462515,63.91723737244668,63.33792851049178,63.434478759765625,13493531
2025-10-23,63.33792851049178,63.434478759765625,62.855169897810725,63.434478759765625,16916394
2025-10-27,64.20689548658004,64.20689548658004,63.33792851049178,63.434478759765625,17268046
2025-10-28,63.820685364125374,63.820685364125374,62.37240956600009,62.56551742553711,18582099
2025-10-29,62.951718411987876,63.14482627152489,62.5655174255371,62.56551742553711,11855204
2025-10-30,62.56551768088178,62.855168421901986,61.889651219211295,62.37240982055664,18310747
2025-10-31,62.95171998533715,62.95171998533715,61.7931022644043,61.7931022644043,17218882
2025-11-03,61.599998344020825,62.17931089009606,61.31034391256117,61.69655227661133,13598341
2025-11-04,61.793100972204556,62.56551768088178,61.793100972204556,62.37240982055664,12238409
2025-11-05,61.889652252197266,62.17931036436376,61.4068936427943,61.889652252197266,16292975
2025-11-06,62.37240956174351,62.85516816108566,61.793100715795255,62.46895980834961,15378557
2025-11-07,62.082761434015936,62.37241218602111,61.31034469604492,61.31034469604492,14897942
2025-11-10,61.406894291688175,62.17931102141985,61.406894291688175,61.599998474121094,14091189
2025-11-11,62.5655174255371,63.43447701136297,62.27585931938739,62.56551742553711,34181909
2025-11-12,63.04827576449729,63.6275846080923,62.66206741333008,62.66206741333008,27636636
2025-11-13,62.758619392207024,63.72413661362559,62.66206914332753,63.627586364746094,30904584
2025-11-14,63.43447824077553,64.20689496127042,62.951719632044174,63.72413635253906,35787774
2025-11-17,63.53103742928341,63.724137931034484,62.758620689655174,63.04827880859375,28342797
2025-11-18,62.5655174255371,62.75861791876249,62.1793090727747,62.56551742553711,27400025
2025-11-19,62.95171945473346,63.04827706925718,61.986202239990234,61.986202239990234,21462645
2025-11-20,62.66206766787345,62.66206766787345,61.98620120900746,62.46895980834961,24362968
2025-11-21,62.17931141850228,62.17931141850228,61.40689468383789,61.40689468383789,24742145
2025-11-24,61.59999875085986,63.24137878417969,61.59999875085986,63.24137878417969,34836154
2025-11-25,63.24137957504389,63.724138197754144,62.75862095233362,62.85517120361328,20977444
2025-11-26,63.241378262812454,63.72413687550568,63.0482777642599,63.531036376953125,18552338
2025-11-27,62.95172014867178,63.531036376953125,62.565519151566676,63.531036376953125,27479730
2025-11-28,62.95171945473346,63.24137756568113,61.986202239990234,61.986202239990234,29237036
2025-12-01,61.88965096662499,62.951718411987876,61.88965096662499,62.56551742553711,22445838
2025-12-02,62.95171835833096,64.3034439086914,62.95171835833096,64.3034439086914,41243005
2025-12-03,64.3999921214555,65.26895904541016,63.9172335377375,65.26895904541016,34055361
2025-12-04,65.17241353574006,66.81378989307838,65.0758632852458,66.62068939208984,38707144
2025-12-05,66.13793129679945,66.3310317993164,65.46207217167813,66.3310317993164,17806807
2025-12-08,65.94483027231806,66.62068939208984,65.46207165353479,66.62068939208984,16708158
2025-12-09,66.13793025321874,66.81378936767578,66.13793025321874,66.81378936767578,18450634
2025-12-10,66.71724070220877,66.91034857257623,65.65517319727988,66.13793182373047,17923501
2025-12-11,66.81378936767578,67.29654798266279,66.13793025321874,66.81378936767578,27376078
2025-12-12,67.29654616179934,67.97241262428115,67.10344566755408,67.68275451660156,34117672
2025-12-15,66.91034517330881,68.1655131185264,66.8137875598745,67.68275451660156,28704428
2025-12-16,67.29654590431676,67.77930450439453,66.81378730423899,67.77930450439453,72835524
2025-12-17,67.77930588449982,70.96551565641458,67.68275563578067,70.67585754394531,76687387
2025-12-18,71.15861383402067,72.22068863424222,70.09654640011065,71.83448028564453,54993389
2025-12-19,72.02758603336656,72.89655303955078,71.35172689873,72.89655303955078,51669442
2025-12-22,73.18620906105063,74.05516867595725,72.99310119505104,73.86206817626953,45489213
2025-12-23,74.15172576732785,74.15172576732785,72.12413370339705,74.05516815185547,39539191
2025-12-24,74.3448281199976,74.6344862410159,72.51034387494305,73.28276062011719,43705849
2025-12-26,73.28275528882638,73.28275528882638,71.7379292771756,72.22068786621094,34727588
2025-12-29,72.12413524309217,73.57241111035356,71.6413766206717,73.37931060791016,14334350
2025-12-30,72.89655146347212,73.8620687013989,72.51034309503902,73.5724105834961,27395108
2025-12-31,73.08965301409543,73.5724116399912,72.41379388436616,73.18621063232422,37258631
2026-01-02,72.80000331973831,73.37931220599691,72.22069443347971,72.60689544677734,25677629
2026-01-05,72.41379232967601,73.86206817626953,71.93103371414483,73.86206817626953,24877174
2026-01-06,73.47586085913186,73.95861948155232,73.0896524879331,73.37931060791016,15671043
2026-01-07,73.86207003037528,73.86207003037528,72.31724389515927,72.99310302734375,16372520
2026-01-08,72.99310145435793,73.95861868885027,72.70345070379737,73.76551818847656,15645173
2026-01-09,73.86206949584178,73.95861974741054,72.60689412651182,73.28276062011719,14951473
2026-01-12,73.7655187146417,73.7655187146417,72.70345122238686,73.47586059570312,18236518
2026-01-13,73.57240825654111,74.8275835726719,72.22069005924544,74.73103332519531,30273340
2026-01-14,74.8275812939086,74.8275812939086,72.12413024902344,72.12413024902344,37155688
2026-01-15,72.31724468680412,73.2827619526725,72.22069443347971,72.60689544677734,19373059
2026-01-16,72.9931017140024,74.15172681930171,72.80000121294182,73.5724105834961,23074947
2026-01-19,73.57240825654111,75.69655053258462,73.47585800906452,74.73103332519531,26557522
2026-01-20,74.24827627887964,75.21379350652096,73.5724097997436,73.9586181640625,18532605
2026-01-21,73.95862001502391,74.44137864092656,72.70345200746424,73.08965301513672,21720632
2026-01-22,73.37931140272578,74.53792916255978,72.70345227054128,72.99310302734375,23087092
2026-01-23,73.28275905123832,74.05516841356426,72.99310093642119,73.9586181640625,24142225
2026-01-26,73.95861712538112,74.92413433946263,73.76551662908952,74.44137573242188,18575389
2026-01-27,74.3448281199976,74.53792862313513,72.80000199596135,73.28276062011719,28311761
2026-01-28,73.47586138807445,73.66896925821999,72.60689438819965,73.18621063232422,16667426
2026-01-29,72.80000095398422,73.86206843866341,72.60689308729862,73.76551818847656,17778678
2026-01-30,73.47586218885296,73.76552031407208,72.51034492653869,72.80000305175781,20281913
2026-02-02,73.08964847333336,73.08964847333336,70.57930524789514,71.73793029785156,28898351
2026-02-03,72.31723810440751,72.89654693793676,72.12413024902344,72.12413024902344,14012635
2026-02-04,72.41379284450872,73.8620687013989,72.41379284450872,73.5724105834961,17910621
2026-02-05,73.18621010546677,73.57241111035356,72.80000173426801,73.37931060791016,11206654
2026-02-06,73.28276088528501,73.37931113720313,71.73793475565893,73.08965301513672,17967470
2026-02-09,73.57240850950579,75.11724193968966,73.47585826169723,74.53792572021484,25114277
2026-02-10,74.82758254265286,75.50344163199735,74.3448239456035,75.21379089355469,17709684
2026-02-11,75.6965552913773,76.37241443251416,75.02068878392825,76.082763671875,29213163
2026-02-23,78.59310519056994,78.78620569298202,76.56552044999516,76.85517120361328,45166656
2026-02-24,76.46895804112104,77.62758308193288,75.5034408569336,75.5034408569336,25323530
2026-02-25,75.50344372415738,75.60000133929209,74.24827575683594,74.24827575683594,33594522
2026-02-26,74.3448275862069,77.43447981209592,74.3448275862069,76.95172119140625,67154865
2026-03-02,76.66206668470281,76.66206668470281,74.63448205035776,75.21379089355469,24711169
2026-03-03,74.6344825603593,75.59999976105574,74.44137470043303,74.92413330078125,22150573
2026-03-04,73.86206731586007,73.95861756457923,70.28965654906868,70.67585754394531,57067965
2026-03-05,71.73793159074496,72.12413258137916,70.19309816296138,71.06206512451172,32150672
2026-03-06,70.48275756835938,70.96551618184128,70.09654920431147,70.48275756835938,21677181
2026-03-09,65.94482822249078,67.5862045288086,64.97931101493637,67.5862045288086,42252605
2026-03-10,69.13102824070837,69.51723658388111,68.06896082171693,68.64826965332031,18047880
2026-03-11,68.74482620498662,70.28965971941861,68.74482620498662,69.32414245605469,10251491
2026-03-12,70.09655025087554,70.5793088715652,69.42069112843481,70.0,20179932
2026-03-13,69.13103458579015,69.90345134303068,68.84138382655905,69.22758483886719,19590578
2026-03-16,69.71034214341724,70.38620863471355,69.0344830184329,69.90345001220703,29914846
2026-03-17,69.99999843659941,70.86896540769543,69.90344818788026,70.67585754394531,18121751
2026-03-18,71.64137450217048,71.73793211684885,70.28965629241432,70.86896514892578,15804364
2026-03-19,70.48276049827619,70.48276049827619,68.74482647097192,69.13103485107422,26333362
2026-03-20,68.84138329896895,70.1931015643123,68.84138329896895,69.51724243164062,24877113
2026-03-23,67.68275869069826,69.80690108995364,67.20000005900097,69.22758483886719,29422850
2026-03-24,69.3241368755829,69.51723736618658,68.3586196899414,68.3586196899414,23196770
2026-03-25,69.90345215002925,69.90345215002925,68.45517623821779,68.93793487548828,21219807
2026-03-26,68.93792852806399,69.3241368755829,68.26206207832803,68.3586196899414,13700275
2026-03-27,67.97241159364357,68.26206233061963,67.1034446500923,68.16551208496094,23980150
2026-03-30,66.71723680735396,68.45517070764285,66.71723680735396,67.972412109375,26828104
2026-03-31,67.39310352147494,68.9379295685553,67.19999566164512,67.87586212158203,28747381
2026-04-01,69.13103431942051,69.51724269655267,68.64827568958334,69.42069244384766,22215404
2026-04-02,69.61379321527659,69.80690108773665,68.64827595191267,69.32414245605469,10928195
2026-04-07,69.7103432019627,70.00000132638985,68.55172543687833,69.42069244384766,16428932
2026-04-08,71.06206486855892,71.35172297680298,70.09654766282765,71.25517272949219,27939903
2026-04-09,71.73793159074496,71.93103208606206,69.9999976676443,71.06206512451172,26322517
2026-04-10,71.35172481111927,71.35172481111927,69.99999921508288,70.3862075805664,17943026
2026-04-13,70.09655131197522,70.28965918296146,69.13103405598021,69.51724243164062,20620128
2026-04-14,69.03448224114051,70.19309997558594,69.03448224114051,70.19309997558594,25056705
2026-04-15,70.3862075805664,70.48275783035932,69.51724059980644,70.3862075805664,27238084
2026-04-16,70.48275499709939,71.64137268066406,70.48275499709939,71.64137268066406,35144704
2026-04-17,71.64137870630715,72.4137954711914,70.48276092529296,72.4137954711914,27931964
2026-04-20,72.22068811730287,72.70344670801663,71.54482167051671,72.02758026123047,30692757
2026-04-21,72.800002786933,72.99310329216857,71.44827715134778,72.89655303955078,28876337
2026-04-22,72.89655224753012,73.37931087168595,72.41379362337429,73.28276062011719,32027678
2026-04-23,72.51033859984526,73.08964743342536,71.83447952172037,72.22068786621094,33764734
2026-04-24,71.93102951088451,72.51033834240788,71.25517043515917,72.3172378540039,28868815
2026-04-27,71.54482192622385,72.41378886587668,71.15861357901021,71.9310302734375,27783639
2026-04-28,71.93102975995085,72.70344644886417,71.73792927087825,72.12413024902344,22636897
2026-04-29,73.2827550130442,76.75861536775575,73.2827550130442,75.8896484375,70919434
2026-04-30,75.3103424353068,76.75861825137038,74.53792572021484,74.53792572021484,29306785
2026-05-04,75.11724405722849,76.08276129515528,73.5724105834961,73.5724105834961,35195234
2026-05-05,73.57240850950579,75.02068432556938,73.18620751827154,74.53792572021484,28252783
2026-05-06,75.02068878656536,76.46896468874857,74.92413853301558,75.9862060546875,31155809
2026-05-07,75.79310501678081,76.46896415320815,75.31034638610068,76.27586364746094,24074023
2026-05-08,76.75862016677856,78.01379551854625,76.56551966634288,77.24137878417969,36525837
2026-05-11,76.8551661325627,76.8551661325627,75.69654846191406,75.69654846191406,21853943
2026-05-12,75.98620340802178,76.7586201421404,73.76551818847656,73.76551818847656,44508109
2026-05-13,73.95861687009119,75.60000054815109,73.47585826471682,74.63448333740234,34340309
2026-05-14,74.2482760164884,75.88965235115333,74.05516815185547,74.05516815185547,26704483
2026-05-15,74.73103229650532,76.95171742314547,74.3448239456035,75.21379089355469,54587526
2026-05-18,75.31034349162009,75.31034349162009,73.86206765524277,74.15172576904297,25972412
2026-05-19,74.82758280001121,76.95171768780946,74.63448230705197,75.11724090576172,45890134
2026-05-20,75.31034113970225,75.69654949060406,74.3448239456035,75.21379089355469,27663824
2026-05-21,75.11724640642731,76.37241443519879,75.11724640642731,75.9862060546875,41744037
2026-05-22,75.79310344827587,77.04827880859375,75.50344532933728,76.95172119140625,40668392
2026-05-25,77.1448254486206,78.68965148925781,75.98620039340898,78.68965148925781,48760635
2026-05-26,77.82068869224588,80.23448181152344,77.82068869224588,80.23448181152344,54387264
2026-05-27,80.23447718940312,83.42068686982421,79.84826883930486,82.45516967773438,69625066
2026-05-28,82.45517097267151,83.22758031868692,80.52413655816544,81.87586212158203,61783410
2026-05-29,82.64826939607029,82.8413772524678,81.10344337644787,82.74481964111328,71290598
2026-06-01,83.61378904708486,86.31724018595335,82.35862109185514,85.15861511230469,56414882
2026-06-02,85.44827116374442,86.12413024902344,83.6137870327294,86.12413024902344,57669540
2026-06-03,86.79999915452488,89.31034244178848,86.12413268382699,88.63448333740234,57052765
2026-06-04,92.97931302297471,92.97931302297471,88.63448544930883,91.14482879638672,53704628
2026-06-05,91.14482483752013,96.55171966552734,90.46895838007448,96.55171966552734,68728572
2026-06-08,94.42758752840179,94.42758752840179,90.75861912777549,91.72413635253906,56623585
2026-06-09,92.01379122847888,100.41378784179688,92.01379122847888,100.41378784179688,55455101
2026-06-10,98.48275432288438,98.96551292250635,95.97241107811239,96.45516967773438,41895593
2026-06-11,97.51723582709013,97.99999442029355,94.33102616542297,97.03447723388672,35856797
2026-06-12,98.48275301349697,101.86206316592089,96.26206053823664,97.03447723388672,31979247
2026-06-15,101.37930503258339,101.86206362797664,99.44827065101038,100.41378784179688,25204928
2026-06-16,100.89655021771992,105.72413635253906,100.41379160423801,105.72413635253906,53990536
2026-06-17,106.20689425699511,112.96551480062207,104.27585981595884,109.5862045288086,49230979
2026-06-18,111.03448380639543,113.44827693262143,110.06896655590504,111.51724243164062,47963852
2026-06-22,112.96551587940317,113.44827449427241,108.13792973071072,109.10344696044922,34021982
2026-06-23,109.10344591854953,112.482756190363,109.10344591854953,109.5862045288086,29225791
2026-06-24,106.68965252962978,110.06896279074928,106.20689392089844,106.20689392089844,34143899
2026-06-25,106.2068908417706,109.10344241018252,105.24137365229996,107.65516662597656,29121023
2026-06-26,106.6896532526556,107.65517047666154,101.37930852062297,102.3448257446289,37144464
2026-06-29,101.37931034482759,101.86206896551725,97.0344827586207,98.0,47960126
2026-06-30,96.80000305175781,99.0,94.4000015258789,98.30000305175781,102717383
2026-07-01,100.0,101.0,94.30000305175781,95.0,78483165
2026-07-02,95.30000305175781,95.9000015258789,92.5999984741211,93.5,64451716
2026-07-03,92.80000305175781,94.80000305175781,92.80000305175781,93.5999984741211,37623259
2026-07-06,94.19999694824219,94.9000015258789,93.0999984741211,93.4000015258789,44169069
2026-07-07,94.0,97.5,94.0,97.0,44879914
2026-07-08,97.0,98.19999694824219,95.0,98.0,31105287
2026-07-09,98.0,98.30000305175781,94.4000015258789,96.30000305175781,22820810
2026-07-10,96.30000305175781,96.30000305175781,96.30000305175781,96.30000305175781,0
2026-07-13,96.9000015258789,97.80000305175781,95.9000015258789,96.69999694824219,20819730
2026-07-14,97.5999984741211,97.5999984741211,94.0,96.0999984741211,22205319
2026-07-15,96.9000015258789,98.69999694824219,95.9000015258789,96.5999984741211,20389988
2026-07-16,96.5999984741211,97.30000305175781,95.30000305175781,97.30000305175781,15607317
2026-07-17,97.0,97.4000015258789,94.30000305175781,94.30000305175781,28283671
2026-07-20,96.0,96.5,93.4000015258789,94.0,29543249
2026-07-21,94.9000015258789,95.9000015258789,94.5,95.80000305175781,21350811
