date,open,high,low,close,volume
2021-07-22,18.003272020056105,18.175058364868164,18.003272020056105,18.175058364868164,27672923
2021-07-23,18.175059989109076,18.27813148498535,18.140701756409907,18.27813148498535,26099185
2021-07-26,18.209413528442383,18.312486607925784,18.209413528442383,18.209413528442383,24282086
2021-07-27,18.243771755306966,18.243771755306966,18.175056902688144,18.209413528442383,18207541
2021-07-28,18.209413528442383,18.243771755306966,18.037627197450508,18.209413528442383,24838166
2021-07-29,18.20941662069763,18.27813148498535,18.140701756409907,18.27813148498535,21103466
2021-07-30,18.278128381061205,18.312486607925784,18.209413528442383,18.209413528442383,23446894
2021-08-02,18.27813122790731,18.484275817871094,18.27813122790731,18.484275817871094,29912833
2021-08-03,18.484274353062613,18.518630981445312,18.41555949518674,18.518630981445312,14415251
2021-08-04,18.484275817871094,18.518632448976426,18.449919186765758,18.484275817871094,17782294
2021-08-05,18.415560954549832,18.518632448976426,18.415560954549832,18.484275817871094,19390797
2021-08-06,18.484273466334155,18.518630093068698,18.415558611754676,18.44991683959961,18480286
2021-08-09,18.449919186765758,18.484275817871094,18.312489460123235,18.484275817871094,26083490
2021-08-10,18.4842731987833,18.552988052368164,18.415558345198434,18.552988052368164,21584307
2021-08-11,18.552988052368164,18.552988052368164,18.4842731987833,18.552988052368164,16848017
2021-08-12,18.552988052368164,18.552988052368164,18.4842731987833,18.552988052368164,20869642
2021-08-13,18.55298921093848,18.55298921093848,18.44991772467991,18.518630981445312,21564135
2021-08-16,18.48427534999494,18.48427534999494,18.278130765249113,18.346845626831055,30633893
2021-08-17,18.346845626831055,18.346845626831055,18.346845626831055,18.346845626831055,0
2021-08-18,18.4842731987833,18.552988052368164,18.38120011785082,18.552988052368164,34830964
2021-08-19,18.518630981445312,18.55298921093848,18.41555949518674,18.518630981445312,43366757
2021-08-20,18.518630093068698,18.518630093068698,18.381200383909743,18.44991683959961,27328917
2021-08-23,18.518632448976426,18.552990681192355,18.449919186765758,18.484275817871094,31233099
2021-08-24,18.552991599780835,18.759136199951172,18.48427673305739,18.759136199951172,64185899
2021-08-25,18.793489456176758,18.86220431055437,18.69041797516553,18.793489456176758,33059471
2021-08-26,18.793492109202617,18.827850341796875,18.724777245124717,18.827850341796875,39953727
2021-08-27,18.827849782336326,19.033992767333984,18.75913492030025,19.033992767333984,75599326
2021-08-30,19.102709256940827,19.171422517961517,19.033992793699007,19.137065887451172,92128013
2021-08-31,19.40874966800795,19.856643676757812,19.334100120146857,19.856643676757812,120252272
2021-09-01,19.819317975530073,19.819317975530073,19.408748759920282,19.446073532104492,62983375
2021-09-02,19.483396937639615,19.59537124633789,19.371422628941342,19.59537124633789,38512850
2021-09-03,19.595371114278358,19.70734378301386,19.52071993644112,19.632694244384766,26160269
2021-09-06,19.63269437669583,19.67001914626192,19.483396937639615,19.59537124633789,24154725
2021-09-07,19.59537124633789,19.59537124633789,19.446072168073524,19.59537124633789,18897747
2021-09-08,19.59537124633789,19.63269437669583,19.52072006799756,19.59537124633789,31344044
2021-09-09,19.59537124633789,19.63269437669583,19.483396937639615,19.59537124633789,22256971
2021-09-10,19.595371114278358,19.632694244384766,19.483396806334714,19.632694244384766,19110062
2021-09-13,19.632694244384766,19.632694244384766,19.55804470575567,19.632694244384766,15828943
2021-09-14,19.632696283936856,19.707345830320957,19.595373149953115,19.670021057128906,16724050
2021-09-15,19.70734378301386,19.70734378301386,19.632694244384766,19.632694244384766,11876724
2021-09-16,19.632696283936856,19.707345830320957,19.558046737552758,19.670021057128906,16858837
2021-09-17,19.67001914626192,19.707343915828016,19.59537124633789,19.59537124633789,36456917
2021-09-22,19.37142358733068,19.40874835874339,19.259450912300775,19.33409881591797,47069756
2021-09-23,19.408747398507433,19.59537124633789,19.408747398507433,19.59537124633789,14621035
2021-09-24,19.70734378301386,19.74466855232841,19.55804470575567,19.632694244384766,14101923
2021-09-27,19.67002118908198,19.744670735966853,19.63269641563954,19.707345962524414,18641188
2021-09-28,19.707345962524414,19.744670735966853,19.595373281405426,19.707345962524414,10838870
2021-09-29,19.707345830320957,19.707345830320957,19.483398830376967,19.670021057128906,24982837
2021-09-30,19.670019013699314,19.670019013699314,19.52071993644112,19.632694244384766,21567200
2021-10-01,19.52072157073113,19.59537275481822,19.408748892621187,19.4833984375,27290394
2021-10-04,19.483398170565053,19.520721303284834,19.408748626708984,19.408748626708984,18272547
2021-10-05,19.33409881591797,19.40874835874339,19.296774044505256,19.33409881591797,19684546
2021-10-06,19.37142398773607,19.483398304288702,19.33409921555186,19.446073532104492,19638595
2021-10-07,19.52072006799756,19.67001914626192,19.483396937639615,19.59537124633789,16587252
2021-10-08,19.558046075212864,19.558046075212864,19.408748626708984,19.408748626708984,14397336
2021-10-12,19.334099213850507,19.520721435546875,19.29677444166958,19.520721435546875,27971734
2021-10-13,19.558046207727802,19.632695752089656,19.44607353039329,19.520721435546875,13230409
2021-10-14,19.52072157073113,19.63269588804935,19.408748892621187,19.4833984375,12054345
2021-10-15,19.520723472215856,19.59537466357461,19.483400335349135,19.558048248291016,17470264
2021-10-18,19.558048248291016,19.59537466357461,19.520723472215856,19.558048248291016,13887212
2021-10-19,19.63269437669583,19.63269437669583,19.52072006799756,19.59537124633789,13936181
2021-10-20,19.632694244384766,19.632694244384766,19.55804470575567,19.632694244384766,14557337
2021-10-21,19.707346225434677,19.78199577331543,19.632696677553923,19.78199577331543,26412591
2021-10-22,19.781993730657568,19.781993730657568,19.70734419048501,19.74466896057129,9679389
2021-10-25,19.744670603513008,19.744670603513008,19.632696283936856,19.670021057128906,10753596
2021-10-26,19.74466923161825,19.893966674804688,19.74466923161825,19.893966674804688,20778574
2021-10-27,19.893966943390552,20.00594125669828,19.856642172287977,19.968616485595703,16222820
2021-10-28,20.005942772479994,20.005942772479994,19.856643676757812,19.856643676757812,17656499
2021-10-29,19.707346089521746,19.85664354504527,19.67002131583878,19.819318771362305,23835888
2021-11-01,20.005940986600663,20.043264117991125,19.85664190420603,19.893966674804688,13651258
2021-11-02,19.968616351051285,19.968616351051285,19.893966809349106,19.931291580200195,11007440
2021-11-03,19.893966809349106,19.931291580200195,19.81931726764693,19.931291580200195,8055098
2021-11-04,19.968616351051285,20.00594112190237,19.931291580200195,19.931291580200195,12724392
2021-11-05,19.931291848284964,20.00594139099121,19.89396707693184,20.00594139099121,10580705
2021-11-08,20.00594139093578,20.080589294433594,19.931291848229744,20.080589294433594,17042512
2021-11-09,20.043264789676176,20.15523910522461,20.00594165703495,20.15523910522461,17323661
2021-11-10,20.155237880434722,20.49115752825041,20.11791311085339,20.4165096282959,39407546
2021-11-11,20.528480952941802,20.752429555758166,20.491156185805742,20.715103149414062,46409887
2021-11-12,20.715103001979372,20.752429408057814,20.52848080683535,20.603130340576172,22493105
2021-11-15,20.60313291679048,20.864404678344727,20.60313291679048,20.864404678344727,29519907
2021-11-16,20.86440263347998,20.86440263347998,20.789754736929265,20.827077865600586,20588186
2021-11-17,20.827079906807228,20.864404678344727,20.789756774477965,20.864404678344727,14956418
2021-11-18,20.864404678344727,20.864404678344727,20.789756774477965,20.864404678344727,16534698
2021-11-19,20.86440413753228,20.86440413753228,20.640457153320312,20.640457153320312,20758112
2021-11-22,20.603133891087502,20.603133891087502,20.26721257057295,20.528484344482422,19742000
2021-11-23,20.41650785999419,20.453832626342773,20.304533560948443,20.453832626342773,13948637
2021-11-24,20.60313304873623,21.088351803414646,20.565808276959697,20.901729583740234,39505580
2021-11-25,20.901727401359377,20.901727401359377,20.715103561962398,20.827077865600586,13820907
2021-11-26,20.677779874316993,20.715103001979372,20.52848080683535,20.603130340576172,21904594
2021-11-29,20.26721204711948,20.453835908812135,20.229888913989218,20.304536819458008,21286953
2021-11-30,20.304536418629407,20.528483409031423,20.1179141998291,20.1179141998291,49410795
2021-12-01,20.15523815005861,20.565807342529297,20.117913379977974,20.565807342529297,13938583
2021-12-02,20.565807746275635,20.67778205871582,20.416510302230254,20.67778205871582,14151301
2021-12-03,20.827079907232367,20.864404678770626,20.677782460287563,20.789756774902344,17860395
2021-12-06,20.715103561962398,20.86440263347998,20.60313089753228,20.827077865600586,16551530
2021-12-07,20.752432135842355,20.901729583740234,20.64045782051276,20.901729583740234,21578079
2021-12-08,20.939054355516767,20.939054355516767,20.82708004018717,20.901729583740234,15336303
2021-12-09,20.901729583740234,20.901729583740234,20.82708004018717,20.901729583740234,12949123
2021-12-10,20.864404678344727,20.901729449882225,20.827079906807228,20.864404678344727,11248290
2021-12-13,20.901729450308885,20.901729450308885,20.789756774902344,20.789756774902344,16379711
2021-12-14,20.78975432289423,20.78975432289423,20.603130487213924,20.715103149414062,15365104
2021-12-15,20.67778205871582,20.752431600342614,20.60313251708903,20.67778205871582,10963588
2021-12-16,20.715105592617586,20.789756774902344,20.677782460287563,20.789756774902344,9416874
2021-12-17,20.789756907618887,20.901729583740234,20.752432135842355,20.901729583740234,18649756
2021-12-20,20.827079772893626,20.86440454419113,20.67778232691182,20.752431869506836,10228138
2021-12-21,20.75243200294047,20.864404678344727,20.677782459865472,20.864404678344727,9280672
2021-12-22,20.86440263347998,20.901727401359377,20.752429969049867,20.827077865600586,8450236
2021-12-23,20.752429969049867,20.901727401359377,20.752429969049867,20.827077865600586,9642750
2021-12-24,20.864404678344727,20.901729449882225,20.827079906807228,20.864404678344727,8513364
2021-12-27,20.864404678344727,20.864404678344727,20.827079906807228,20.864404678344727,6880073
2021-12-28,20.864404811963702,20.901729583740234,20.82708004018717,20.901729583740234,17104105
2021-12-29,20.90172971712103,21.01370403316517,20.864404945106315,20.939054489135742,20995707
2021-12-30,20.939054489135742,21.01370403316517,20.90172971712103,20.939054489135742,16105623
2022-01-03,20.9763791272933,21.051027031638114,20.901729583740234,20.901729583740234,11335680
2022-01-04,20.939054622279205,21.0137041667833,20.901729850027156,20.97637939453125,12269970
2022-01-05,20.901729848186857,21.051027297973633,20.901729848186857,21.051027297973633,20071988
2022-01-06,21.125677500544658,21.312299728393555,21.05102795372177,21.312299728393555,34142949
2022-01-07,21.386950054785622,21.64822183898094,21.386950054785622,21.610897064208984,35005839
2022-01-10,21.573572289437028,21.610897064208984,21.498922739893114,21.610897064208984,16707470
2022-01-11,21.57357104552973,21.872167587280273,21.536246272909874,21.872167587280273,30610253
2022-01-12,21.872165951067334,21.98414026055032,21.722866871756686,21.946815490722656,28283552
2022-01-13,21.9841410676158,22.32006072998047,21.946816296417897,22.32006072998047,36356786
2022-01-14,22.32005991361879,22.32005991361879,21.68554210487855,22.02146339416504,27954867
2022-01-17,21.909492092984674,21.984141637314956,21.72286823215898,21.797517776489258,19342602
2022-01-18,21.797517776489258,21.946816865149813,21.648220327036967,21.797517776489258,15230254
2022-01-19,21.722866052539253,21.760190820959316,21.648218154907227,21.648218154907227,17911151
2022-01-20,21.64822183898094,21.68554497454452,21.461597965121157,21.610897064208984,19026382
2022-01-21,21.46159580404227,21.573570117082866,21.386947901223415,21.536245346069336,22630863
2022-01-24,21.31229835919635,21.536245346069336,21.16300091435043,21.536245346069336,21028049
2022-01-25,21.274973588182817,21.536245346069336,21.200325685363964,21.536245346069336,30297504
2022-01-26,21.53624384964704,21.68554128411919,21.424271183594954,21.648218154907227,15876748
2022-02-07,21.87216688530723,22.357385635375977,21.834842113885294,22.357385635375977,45238165
2022-02-08,22.35738387064596,22.618655610768403,22.245409565218583,22.469356536865234,36343806
2022-02-09,22.469358841530216,22.655981063842773,22.432034069226052,22.655981063842773,35238481
2022-02-10,22.655979288618685,22.693304057998244,22.469357080929033,22.618656158447266,23177502
2022-02-11,22.506681854167994,22.69330406188965,22.394709185218257,22.69330406188965,21213334
2022-02-14,22.581333158442714,22.655981063842773,22.469358841530216,22.655981063842773,22313164
2022-02-15,22.6559791521531,22.730628690462577,22.581331253051758,22.581331253051758,24234501
2022-02-16,22.655981589058875,23.10387722788381,22.618658455097748,22.879928588867188,30835697
2022-02-17,23.103875161959557,23.103875161959557,22.655979563184978,22.767953872680664,33329801
2022-02-18,22.506683613834383,22.879928058459498,22.506683613834383,22.655981063842773,14486199
2022-02-21,22.506683482917826,22.618657799178994,22.46935871083077,22.544008255004883,16379782
2022-02-22,22.394710540771484,22.432033673208476,22.245411454190567,22.394710540771484,36238087
2022-02-23,22.320060997481026,22.432033673208476,22.320060997481026,22.394710540771484,15211436
2022-02-24,22.208087515828225,22.208087515828225,21.834841452129165,22.096113204956055,48490546
2022-02-25,22.096113067083483,22.096113067083483,21.722867005713358,21.984140396118164,50696534
2022-03-01,21.760190312142047,22.394708082030018,21.760190312142047,22.24540901184082,29747846
2022-03-02,22.208088055594985,22.35738550117837,22.05878897080338,22.32006072998047,24142383
2022-03-03,22.357385635375977,22.357385635375977,22.17076341747451,22.357385635375977,18615231
2022-03-04,22.02146393276457,22.24541091803012,21.797516947499016,22.17076301574707,15502786
2022-03-07,21.909492092984674,21.946816865149813,21.57357078270669,21.797517776489258,41007069
2022-03-08,21.16300304536226,21.79751929886039,21.16300304536226,21.610897064208984,35622427
2022-03-09,21.648217603200546,21.946814103743186,21.498918533325195,21.498918533325195,25726478
2022-03-10,21.946816296417897,22.35738550117837,21.946816296417897,22.32006072998047,33345317
2022-03-11,22.320060863954037,22.432033539011623,22.20808818889645,22.357385635375977,20764212
2022-03-14,22.357385635183356,22.46935831023998,22.357385635183356,22.43203353881836,19221821
2022-03-15,22.394708639121752,22.506681305341026,22.320059102170166,22.469356536865234,22957421
2022-03-16,22.581331662729347,22.842603412344452,22.581331662729347,22.767953872680664,29468558
2022-03-17,23.43979757982036,23.51444712829883,22.879929244648554,23.066553115844727,39457798
2022-03-18,23.178525924682617,23.36514814448141,23.1038763810798,23.178525924682617,41531982
2022-03-21,23.215850960612176,23.365150060058,23.178527824959104,23.253175735473633,21576875
2022-03-22,23.215847563217206,23.439794540405273,23.14119966362661,23.439794540405273,30275974
2022-03-23,23.477121745627002,23.66374397277832,23.477121745627002,23.66374397277832,27228251
2022-03-24,23.66374233484387,23.738391876220703,23.551769661986825,23.738391876220703,19863751
2022-03-25,23.66374233484387,23.738391876220703,23.58909443267524,23.738391876220703,16757862
2022-03-28,23.47712064977546,23.962339401245117,23.47712064977546,23.962339401245117,20916588
2022-03-29,23.9623396669127,24.260936203252584,23.887690123025664,24.111637115478516,25853861
2022-03-30,24.335583152173875,24.63417801746557,24.298258384210396,24.522205352783203,30984249
2022-03-31,24.522207528473235,24.74615451691535,24.522207528473235,24.671504974365234,28233971
2022-04-01,24.59685503264728,24.783477234348695,24.44755595991968,24.634178161621094,23915838
2022-04-06,24.55953411430924,25.417997360229492,24.522209340276476,25.417997360229492,42458663
2022-04-07,25.567295928620144,26.089837836667932,25.194049835205078,25.194049835205078,80797496
2022-04-08,25.343345621074924,26.052511348760692,25.15672340625408,26.015188217163086,46637553
2022-04-11,26.12715980350845,26.649703294636083,25.97786236570404,26.388431549072266,62461805
2022-04-12,26.351108417698544,26.351108417698544,26.015188751957172,26.2391357421875,41078574
2022-04-13,26.351108417202276,26.575055407428387,26.164486198548556,26.313783645629883,34192295
2022-04-14,26.351108775241887,26.351108775241887,24.634180734041173,24.89545249938965,82275414
2022-04-15,24.634180601926246,25.306021578129933,24.634180601926246,24.85812759399414,40057905
2022-04-18,24.67150345978595,24.708828228769647,23.663741254058667,24.0369873046875,54533136
2022-04-19,24.074312210908165,24.484883060816742,23.92501476316484,23.999664306640625,26778639
2022-04-20,24.036987849937894,24.260934829711914,23.77571610033351,24.260934829711914,27151550
2022-04-21,24.522206023059294,24.522206023059294,23.925012997736413,24.0369873046875,21127140
2022-04-22,23.962337251971153,24.708827697984894,23.925012483789253,24.634178161621094,35596123
2022-04-25,24.37290900280232,24.484881672458606,23.962338176174207,24.223609924316406,31425806
2022-04-26,24.260936550721805,25.044750215928563,24.260936550721805,24.970102310180664,38819329
2022-04-27,24.559530808360286,24.82080255221162,24.447556501334805,24.783477783203125,37183391
2022-04-28,24.932777137752858,25.00742668151157,24.372910477187244,24.85812759399414,46353603
2022-04-29,24.970102831011165,25.26869773864746,24.895453284497933,25.26869773864746,23582888
2022-05-03,25.082075450656397,25.119400223822364,24.335586544170322,24.410234451293945,35782967
2022-05-04,24.410233921193715,24.48488346590453,24.148962153914123,24.18628692626953,24504163
2022-05-05,24.44755815271477,24.484882924244474,23.887689858185713,23.962339401245117,30039268
2022-05-06,23.551769661986825,23.775716646909117,23.29049790637611,23.738391876220703,33701402
2022-05-09,23.178526907956226,23.439797043233124,22.917253494262695,22.917253494262695,37660460
2022-05-10,22.02146485229677,22.842604925363602,21.79751785768005,22.655981063842773,61622105
2022-05-11,22.58133368192831,22.917253362036625,22.544008908758872,22.879928588867188,31148293
2022-05-12,22.693304333529852,22.693304333529852,21.90949072387498,22.02146339416504,46672955
2022-05-13,22.058788297025654,22.208087377256973,21.573569564690207,21.984140396118164,54668889
2022-05-16,21.648220061491887,22.021464500148397,21.573570518077286,21.722867965698242,32114745
2022-05-17,22.021465641723424,22.021465641723424,21.349624633789062,21.349624633789062,37104086
2022-05-18,21.386947487056837,22.24541064691077,21.31229794647539,22.096113204956055,50495166
2022-05-19,21.610896538080013,21.648221311943278,21.349624760245494,21.461597442626953,41484579
2022-05-20,21.573572158813477,21.797519166880885,21.49892260972155,21.573572158813477,30005135
2022-05-23,21.834841315886845,22.24541050810663,21.49892002457455,21.984140396118164,38505696
2022-05-24,21.984140396118164,22.28273527816446,21.909490856002506,21.984140396118164,18386128
2022-05-25,22.13343975348811,22.20808930006704,21.872167979670166,22.05879020690918,21351443
2022-05-26,21.90948933627435,21.946814103743186,21.42427063759558,21.498918533325195,69740468
2022-05-27,21.573569431654196,22.02146339116982,21.42427199155171,21.946815490722656,26842089
2022-05-30,22.133438645861883,22.43203353881836,22.02146433159703,22.43203353881836,30269265
2022-05-31,22.394709718589045,22.84260368347168,22.096113195597894,22.84260368347168,73041634
2022-06-01,22.618655048105754,22.655978176444993,22.24540901184082,22.24540901184082,29655061
2022-06-02,22.096114980198646,22.245412434148193,21.946817526249095,22.05879020690918,23545552
2022-06-06,22.208087515828225,22.208087515828225,21.909490992710616,22.096113204956055,14996684
2022-06-07,22.09611279410255,22.09611279410255,21.872165815730437,21.90949058532715,17662944
2022-06-08,22.058788163997775,22.096112933830515,21.90949072387498,22.02146339416504,17617984
2022-06-09,21.872167186903585,21.98414150271342,21.648220194492165,21.76019287109375,24579456
2022-06-10,21.53624587868233,21.909491958840196,21.49892110674572,21.76019287109375,15435535
2022-06-13,21.610896933359438,21.648221707905403,21.49892260972155,21.573572158813477,33024897
2022-06-14,21.573569564690207,21.984140396118164,21.49892002457455,21.984140396118164,24933260
2022-06-15,21.685543327220525,21.909491958840196,21.573570650618944,21.76019287109375,29628871
2022-06-16,21.98414026354046,22.32005991361879,21.90949072387498,22.02146339416504,33220358
2022-06-17,21.87216705252744,21.98414136764934,21.573570518077286,21.722867965698242,45538198
2022-06-20,21.722866052539253,22.13343686595184,21.573568618067103,21.648218154907227,30805201
2022-06-21,21.94681549370772,22.096112933830515,21.72286687471129,22.02146339416504,27364101
2022-06-22,21.760194524088433,21.946818397948217,21.498922739893114,21.610897064208984,29278854
2022-06-23,21.909490720894997,22.02146339116982,21.722866871756686,21.946815490722656,25078062
2022-06-24,22.17076288087012,22.20808765138868,22.02146379879589,22.133438110351562,15921064
2022-06-27,22.320060459521372,22.357385230267,22.17076301574707,22.17076301574707,17485576
2022-06-28,22.17076301574707,22.320060459521372,21.946816030481518,22.17076301574707,14432487
2022-06-29,21.946815490722656,22.17076247048047,21.872165951067334,21.946815490722656,21312215
2022-06-30,21.946814663059627,21.946814663059627,21.648218154907227,21.648218154907227,19897253
2022-07-01,21.610895289784587,21.87216705252744,21.49892097466269,21.722867965698242,38911187
2022-07-04,21.834844073632347,21.984143172720174,21.573572289437028,21.610897064208984,20884449
2022-07-05,21.90949168916592,21.90949168916592,21.573570385079375,21.685543060302734,15039947
2022-07-06,21.76019386543645,21.834843412720822,21.349624633789062,21.349624633789062,33833537
2022-07-07,21.424274181073436,21.46159731550729,21.051028083859904,21.349624633789062,26622001
2022-07-08,21.349624105871847,21.498921557540548,21.051027563326155,21.12567710876465,23247820
2022-07-11,20.752430353415875,20.78975512198658,20.155237334700775,20.192562103271484,57288206
2022-07-12,19.96861800380897,20.005942777749347,19.55804712967317,19.78199577331543,49368679
2022-07-13,20.117912702197536,20.41650921357464,20.043263164551227,20.229887008666992,42189708
2022-07-14,20.229885667459286,20.640454818877682,20.192560901110703,20.453832626342773,28179638
2022-07-15,20.379186364135073,20.379186364135073,20.155239369312156,20.304536819458008,20398933
2022-07-18,20.341861285508752,20.939054355516767,20.304536513732224,20.901729583740234,32008610
2022-07-19,20.75243200336408,20.864404678770626,20.603132917211045,20.789756774902344,28716348
2022-07-20,20.901729450308885,21.125676440330206,20.75243200336408,20.789756774902344,31816271
2022-07-21,20.976377901502445,21.312297549444693,20.789755692733628,21.237648010253906,38027312
2022-07-22,21.31229862394722,21.76019260325713,21.163001177246663,21.685543060302734,36283073
2022-07-25,21.76019287109375,22.02146463544178,21.648220194492165,21.76019287109375,38160497
2022-07-26,21.946816865149813,21.946816865149813,21.72286823215898,21.797517776489258,31433603
2022-07-27,21.722866737343598,21.90949058532715,21.685541967746886,21.90949058532715,44204285
2022-07-28,22.214187777545135,22.581703186035156,22.173353478889464,22.581703186035156,40035081
2022-07-29,22.70420907175646,22.70420907175646,22.050850174695693,22.459199905395508,37580772
2022-08-01,22.459200381116958,22.500034682992936,22.132520925666984,22.214189529418945,13941758
2022-08-02,22.091687444107457,22.45920121508006,22.050851460567763,22.33669662475586,25599287
2022-08-03,22.214189529418945,22.29585981331828,21.96918035786831,22.214189529418945,29937942
2022-08-04,22.21418810451801,22.29585838317871,22.05084922734388,22.29585838317871,13452079
2022-08-05,22.2958594657833,22.54086863351487,22.2958594657833,22.50003433227539,12859759
2022-08-08,22.459200156221105,22.540868759155273,22.214189306976518,22.540868759155273,14262258
2022-08-09,22.62253741398528,22.949216842651367,22.581703115457238,22.949216842651367,24152104
2022-08-10,22.94921697077523,23.153391824849834,22.7858780956039,22.99005126953125,16541657
2022-08-11,23.07172500243294,23.35757017697527,22.990054712542637,23.27589988708496,19434374
2022-08-12,23.275899764862057,23.35757005432351,23.071724881282172,23.235065460205078,16074686
2022-08-15,23.235064986894464,23.316733594544793,23.112560395271515,23.15339469909668,13787405
2022-08-16,23.153392665106097,23.153392665106097,22.990052103859746,23.112558364868164,14321553
2022-08-17,23.03088773102798,23.153392310010275,22.949217451657354,23.07172203063965,18090565
2022-08-18,22.90838050842285,23.07172106029436,22.78587761474004,22.90838050842285,18646052
2022-08-19,22.826711912634313,23.03088676240009,22.78587761474004,22.90838050842285,13600303
2022-08-22,22.704208500918945,22.826713081019367,22.622538220802898,22.74504280090332,7405587
2022-08-23,22.54086863351487,22.5817046149017,22.459200031035913,22.50003433227539,19341811
2022-08-24,22.54086720723224,22.745042060805087,22.459198609920897,22.581703186035156,14993508
2022-08-25,22.704208374023438,22.867548933342608,22.66337239412,22.704208374023438,10232738
2022-08-26,22.867549896240234,22.908382517568455,22.704209330043184,22.867549896240234,10148964
2022-08-29,22.45920063079653,22.663373822593606,22.45920063079653,22.622539520263672,17736453
2022-08-30,22.622537484690827,22.704207762149416,22.500032908576568,22.581703186035156,17634465
2022-08-31,22.6225397628408,23.0308895111084,22.581705460073007,23.0308895111084,31401111
2022-09-01,22.94921691437793,22.990051213033603,22.54086720723224,22.581703186035156,34262716
2022-09-02,22.58170474076972,22.66337334370389,22.540868759155273,22.540868759155273,14290884
2022-09-05,22.54086863351487,22.704209198767483,22.41836404964908,22.50003433227539,26386619
2022-09-06,22.540867814704267,22.82671295343917,22.540867814704267,22.704208374023438,16609966
2022-09-07,22.459198940500112,22.581703518417527,22.29585838317871,22.29585838317871,27221262
2022-09-08,22.50003420640655,22.50003420640655,22.295859341056644,22.459199905395508,13088312
2022-09-12,22.45919886405899,22.70420801905992,22.37752858567626,22.663372039794922,22911263
2022-09-13,22.745042318177653,22.826712596560384,22.62253774067719,22.663372039794922,23481894
2022-09-14,22.500031807055347,22.62253637717222,22.377527236938477,22.377527236938477,25735653
2022-09-15,22.377529748409604,22.622538916141178,22.2958594657833,22.50003433227539,20747947
2022-09-16,22.377527236938477,22.500031807055347,22.295856963478172,22.377527236938477,41336569
2022-09-19,22.459197510398777,22.500031807055347,22.377527236938477,22.377527236938477,9652334
2022-09-20,22.418361533595046,22.459197510398777,22.295856963478172,22.377527236938477,15243953
2022-09-21,22.37752866183941,22.37752866183941,22.21418810451801,22.29585838317871,16558856
2022-09-22,22.091685155789772,22.17335375411482,21.805840021210305,21.887510299682617,39434475
2022-09-23,21.887509944100476,22.010014519745116,21.76500536845583,21.8466739654541,20642060
2022-09-26,21.765007498480834,21.765007498480834,21.519996643066406,21.519996643066406,32699220
2022-09-27,21.397493009455243,21.601666195150866,21.315822727088587,21.356657028198242,29852453
2022-09-28,21.35665690218708,21.765006631463624,21.234152319433584,21.31582260131836,32425111
2022-09-29,21.31582260131836,21.31582260131836,21.152482037548808,21.31582260131836,38237898
2022-09-30,21.234154592303373,21.234154592303373,21.029979705810547,21.029979705810547,33274711
2022-10-03,20.948305810954654,20.948305810954654,20.66246236316308,20.703296661376953,31762238
2022-10-04,20.78496680852308,20.90747138254909,20.66246223449707,20.66246223449707,25307978
2022-10-05,20.70329831792819,20.78496860103792,20.62162971496582,20.62162971496582,27438500
2022-10-06,20.621630438034632,20.784969329833984,20.49912416900084,20.784969329833984,48666841
2022-10-07,20.66246223449707,20.744130830416264,20.62162793653747,20.66246223449707,16872420
2022-10-11,20.417454942050536,20.417454942050536,19.886600619593896,19.92743492126465,55491496
2022-10-12,19.804931277753226,20.17244673085343,19.682426686768977,20.090776443481445,25468394
2022-10-13,20.049938856055952,20.09077483654946,19.192406787754674,19.396581649780273,62648246
2022-10-14,19.519087191848957,19.64159177906549,19.23324203491211,19.23324203491211,47276269
2022-10-17,18.988232966194467,19.02906726877819,18.78405809298105,18.8657283782959,39294239
2022-10-18,18.947398183679837,19.06990276847541,18.620718730842526,18.7840576171875,55450604
2022-10-19,18.82489189050324,18.82489189050324,18.375709533691406,18.375709533691406,44953012
2022-10-20,18.049030393372245,18.5390504660533,17.96736178138169,18.416545867919922,47090902
2022-10-21,18.49821590477078,18.90656399953072,18.334875322748783,18.74322509765625,37965035
2022-10-24,18.988231871477353,18.988231871477353,18.49821354813381,18.66155242919922,38659966
2022-10-25,18.579883925385992,18.661554213802475,18.375710724565984,18.62071990966797,39032828
2022-10-26,18.702389957454663,19.19240832135393,18.579883686332398,18.947399139404297,28460683
2022-10-27,18.988232966194467,19.233242141991603,18.8657283782959,18.8657283782959,30531373
2022-10-28,18.947396876707092,19.069901453052417,18.784056321481824,18.90656089782715,16301099
2022-10-31,19.069903730379114,19.19240832135393,18.947399139404297,18.947399139404297,19371071
2022-11-01,18.98823226355839,19.19240712921657,18.94739796248569,19.110736846923828,13556116
2022-11-02,19.11073815805429,19.192408445950182,18.947399262409963,18.98823356628418,15766666
2022-11-03,18.865728026036024,18.947398309825928,18.78405774224612,18.824892044067383,14184301
2022-11-04,18.78405774224612,18.824892044067383,18.661553156634948,18.824892044067383,18355946
2022-11-07,18.9882308502226,19.192405700683594,18.865726275975444,19.192405700683594,17544189
2022-11-08,19.233239998716904,19.274074296750214,19.110735424469752,19.192405700683594,20087733
2022-11-09,19.151573181152344,19.192409166707588,19.069904570336902,19.151573181152344,32896825
2022-11-10,19.02906774662254,19.069903730379114,18.947399139404297,18.947399139404297,18661300
2022-11-11,19.233240060262204,19.68242406065487,19.19240576209823,19.600753784179688,56806009
2022-11-14,19.641592025756836,19.641592025756836,19.519087437001687,19.641592025756836,47826426
2022-11-15,19.60075474543561,19.80492960656305,19.43741586462204,19.764095306396484,39803304
2022-11-16,19.723260038966075,19.764094337130054,19.519085187851733,19.600753784179688,33955968
2022-11-17,19.51908623096617,19.559920531312365,19.23324108810087,19.396581649780273,28571266
2022-11-18,19.35574722290039,19.35574722290039,19.151572344486436,19.35574722290039,23633482
2022-11-21,19.31491136894057,19.396581649780273,19.151570807261166,19.396581649780273,22525611
2022-11-22,19.355745669286765,19.396581649780273,19.192406787754674,19.396581649780273,18740457
2022-11-23,19.39658061321257,19.64158976249089,19.39658061321257,19.600753784179688,26414767
2022-11-24,19.723261132420717,19.804929733276367,19.641590851417746,19.804929733276367,19071998
2022-11-25,19.7232608795166,19.764095179420824,19.47825171979667,19.7232608795166,32369330
2022-11-28,19.5190875599832,19.72326243591067,19.3965829704562,19.68242645263672,29474815
2022-11-29,19.804928920965004,20.009103775024414,19.641590045805827,20.009103775024414,34433359
2022-11-30,19.927434700806906,20.376618734805334,19.8457660983689,20.254114151000977,46469793
2022-12-01,20.335785625449947,20.417455912821932,19.968270172349744,20.090776443481445,26780319
2022-12-02,19.968268359089237,20.049938639044978,19.682424899465083,19.7232608795166,33609326
2022-12-05,19.723261132420717,20.009104595710134,19.723261132420717,19.804929733276367,17351995
2022-12-06,19.80492960656305,19.845765586876922,19.64159072574948,19.764095306396484,19407954
2022-12-07,19.764096034434264,20.009105204753524,19.641591449274635,19.92743492126465,36943121
2022-12-08,20.009102487142847,20.172443031935895,19.764093350100417,20.131607055664062,28104849
2022-12-09,20.213277328060588,20.213277328060588,20.009102487142847,20.131607055664062,13460561
2022-12-12,20.131610395197335,20.131610395197335,19.84576691461305,20.04994010925293,18298687
2022-12-13,20.049938767857057,20.131609048337495,19.682425025916046,19.764095306396484,32650579
2022-12-14,20.009102487142847,20.131607055664062,19.886597918621632,20.131607055664062,18414925
2022-12-15,20.131610747093713,20.131610747093713,19.88660156512521,20.090776443481445,13606394
2022-12-16,19.804929733276367,20.009104595710134,19.723261132420717,19.804929733276367,24310294
2022-12-19,19.6415912014327,19.845766067504883,19.6415912014327,19.845766067504883,17414389
2022-12-20,19.68242406065487,19.845764613605237,19.43741491137655,19.600753784179688,30082292
2022-12-21,19.600756166236245,19.72326243591067,19.55992186310972,19.68242645263672,9808888
2022-12-22,19.764095909996445,19.886600494384766,19.68242562702178,19.886600494384766,9676258
2022-12-23,19.641592149510195,19.72326243591067,19.600756166236245,19.68242645263672,10951913
2022-12-26,19.7232608795166,19.804929479325047,19.682424899465083,19.7232608795166,5710417
2022-12-27,19.76409578504654,19.88660036866038,19.723261483891044,19.845766067504883,6151540
2022-12-28,19.764096614511985,19.764096614511985,19.641592025756836,19.641592025756836,9533002
2022-12-29,19.600756166236245,19.764096739037193,19.478253256856675,19.68242645263672,16345893
2022-12-30,19.764096614511985,19.764096614511985,19.641592025756836,19.641592025756836,10841854
2023-01-03,19.600753784179688,19.723260038966075,19.43741491137655,19.600753784179688,10701513
2023-01-04,19.4782520574195,19.641590940014893,19.437416076660156,19.437416076660156,21436721
2023-01-05,19.519085187851733,19.68242406065487,19.519085187851733,19.600753784179688,14118552
2023-01-06,19.559921264648438,19.641591548550103,19.519086962771294,19.559921264648438,12557457
2023-01-09,19.76409697414096,20.090776443481445,19.64159238315671,20.090776443481445,44791509
2023-01-10,20.090774052677627,20.090774052677627,19.845764899865237,20.009103775024414,19453930
2023-01-11,20.09077474817093,20.09077474817093,19.764095306396484,19.764095306396484,19346251
2023-01-12,19.804930917381228,19.927435506136376,19.641592025756836,19.641592025756836,21307267
2023-01-13,19.804929733276367,19.927434314707163,19.764095432848542,19.804929733276367,14328919
2023-01-16,20.009105330218713,20.090775614219694,19.88660074429093,19.96826934814453,24677175
2023-01-17,19.968268359089237,20.009104339140755,19.7232608795166,19.7232608795166,35469980
2023-01-30,20.090773854366773,20.335783004760742,19.886599002322722,20.335783004760742,64879713
2023-01-31,20.254112927836808,20.254112927836808,20.009103775024414,20.009103775024414,41324111
2023-02-01,20.090772759539373,20.172443031935895,20.04993678326754,20.131607055664062,23577705
2023-02-02,20.131607055664062,20.213277328060588,20.04993678326754,20.131607055664062,21662190
2023-02-03,20.17244529724121,20.213279597951473,20.09077501567336,20.17244529724121,14519896
2023-02-06,20.090774052677627,20.172444330330844,20.009103775024414,20.009103775024414,21201366
2023-02-07,20.009105204753524,20.0907754882424,19.92743492126465,19.92743492126465,21896555
2023-02-08,20.254112927836808,20.294947226589787,19.9274334973712,20.009103775024414,30006640
2023-02-09,19.968270172349744,20.131610747093713,19.92743586873748,20.090776443481445,15402645
2023-02-10,20.049939034815765,20.254113898661732,20.009104734105506,20.17244529724121,17579621
2023-02-13,20.213279633260974,20.621629361666233,20.17244533247938,20.580793380737305,42162285
2023-02-14,20.62162971496582,20.744132619409374,20.580793733337273,20.62162971496582,32853914
2023-02-15,20.62162875133573,20.62162875133573,20.41745389317599,20.458288192749023,26127313
2023-02-16,20.458288319802275,20.58079289942946,20.417454019975644,20.499122619628906,20763317
2023-02-17,20.621630088940314,20.825803280196297,20.580794106571204,20.74413299560547,29514644
2023-02-20,20.78496968720299,21.31582403493619,20.78496968720299,21.234153747558594,40584195
2023-02-21,20.33578430716387,20.33578430716387,20.04993915996583,20.213279724121094,175001090
2023-02-22,20.17244413121384,20.335783004760742,20.049937875869624,20.335783004760742,48657120
2023-02-23,20.417453410395357,20.417453410395357,20.25411285567092,20.376617431640625,36056879
2023-02-24,20.417453410395357,20.417453410395357,20.294947154278404,20.376617431640625,58919361
2023-03-01,20.376618734805334,20.417454716171687,20.172445548562973,20.254114151000977,31040077
2023-03-02,20.254113898661732,20.294948199371994,20.09077501567336,20.17244529724121,23088123
2023-03-03,20.254111624185278,20.254111624185278,20.131607055664062,20.131607055664062,17849882
2023-03-06,20.213279974937183,20.335784559500055,20.172445673465347,20.29494857788086,24709721
2023-03-07,20.29494750761932,20.41745376586914,20.254113208300893,20.41745376586914,23673369
2023-03-08,20.41745376586914,20.458288065187567,20.335783487085017,20.41745376586914,25364892
2023-03-09,20.41745484259109,20.41745484259109,20.25411427640902,20.29494857788086,26021111
2023-03-10,20.172446378243247,20.21328068114174,20.04994010925293,20.04994010925293,33298698
2023-03-13,19.886600494384766,19.927434795798423,19.723261608582792,19.886600494384766,44562628
2023-03-14,19.723262311642742,19.723262311642742,19.600756042740176,19.641592025756836,32133912
2023-03-15,19.764094337130054,19.764094337130054,19.600753784179688,19.600753784179688,27140070
2023-03-16,19.4374169069888,19.4374169069888,19.19240773255573,19.23324203491211,62231146
2023-03-17,19.233242631881506,19.559922101314346,19.233242631881506,19.35574722290039,33497262
2023-03-20,19.274075388447063,19.437415950126468,19.274075388447063,19.396581649780273,21245964
2023-03-21,19.437416678869628,19.845766418230582,19.437416678869628,19.559921264648438,20152470
2023-03-22,19.76409615836315,19.96826934814453,19.682425874362167,19.96826934814453,18264515
2023-03-23,19.886597918621632,20.131607055664062,19.764093350100417,20.131607055664062,20598184
2023-03-24,20.13160931638362,20.17244529724121,20.009104734105506,20.17244529724121,13624097
2023-03-27,20.17244529724121,20.213279597951473,20.09077501567336,20.17244529724121,14640937
2023-03-28,20.172445548562973,20.29494845221998,20.13160956719662,20.254114151000977,13766869
2023-03-29,20.335783004760742,20.37661730311066,20.294947026263593,20.335783004760742,16622236
2023-03-30,20.41745376586914,20.41745376586914,20.335783487085017,20.41745376586914,23470442
2023-03-31,20.41745308644505,20.66246223449707,20.376617108338237,20.66246223449707,34043079
2023-04-06,20.662464740947616,20.907473918720356,20.539960152061244,20.784969329833984,47892675
2023-04-07,20.842495128734377,20.883685621381513,20.51296950740993,20.595352172851562,18152045
2023-04-10,20.55416000005707,20.677733158145834,20.51296950740993,20.595352172851562,8414160
2023-04-11,20.677734286191342,20.801305770874023,20.595353296402887,20.801305770874023,16904482
2023-04-12,20.80130447227685,20.84249496459961,20.677732995308567,20.84249496459961,14682659
2023-04-13,20.84249496459961,20.84249496459961,20.71892348763133,20.84249496459961,12309966
2023-04-14,20.842495109845487,20.966068267822266,20.760114124625876,20.966068267822266,14294145
2023-04-17,20.883686760662478,20.883686760662478,20.677734286191342,20.801305770874023,15989289
2023-04-18,20.760113979954088,20.84249496459961,20.677732995308567,20.84249496459961,12615623
2023-04-19,20.71892234668613,20.76011283674062,20.595350876522655,20.63654136657715,16931045
2023-04-20,20.554160464280564,20.595352638005398,20.430588983548247,20.512969970703125,13271075
2023-04-21,20.512969361984023,20.595352026841606,20.348207392563555,20.471778869628906,13515579
2023-04-24,20.471779014762795,20.595352172851562,20.348207536821388,20.595352172851562,10715410
2023-04-25,20.55415916442871,20.63654182652108,20.471778182483636,20.55415916442871,12922761
2023-04-26,20.55415916442871,20.59535133554854,20.430587691511096,20.55415916442871,15165356
2023-04-27,20.471778259682555,20.512968750810423,20.348206786298952,20.430587768554688,14258922
2023-04-28,20.471778182483636,20.55415916442871,20.389397200538557,20.55415916442871,15057482
2023-05-02,20.471779477125686,20.512969970703125,20.183444341936216,20.512969970703125,27514144
2023-05-03,20.348206786298952,20.471778259682555,20.26582412389592,20.430587768554688,29551371
2023-05-04,20.38939848997081,20.512969970703125,20.34820799639337,20.512969970703125,15981491
2023-05-05,20.430587691511096,20.55415916442871,20.430587691511096,20.55415916442871,10648983
2023-05-08,20.59535133554854,20.63654182652108,20.51296867345617,20.55415916442871,22068562
2023-05-09,20.554158706320912,20.63654136657715,20.51296821626642,20.63654136657715,16418780
2023-05-10,20.677733738326136,21.08964035650222,20.63654324452327,21.007259368896484,44519672
2023-05-11,21.00725876043207,21.048449253041877,20.842495109845487,20.966068267822266,13744686
2023-05-12,20.924877255556705,20.924877255556705,20.677734286191342,20.801305770874023,16251643
2023-05-15,20.71892348763133,20.92487594924513,20.677732995308567,20.84249496459961,12121959
2023-05-16,20.924875331705966,21.172019958496094,20.84249434949169,21.172019958496094,32475252
2023-05-17,21.130828330838867,21.377972944335987,21.04844735305556,21.336782455444336,33499439
2023-05-18,21.33678557511311,21.419166564941406,21.295593400051512,21.419166564941406,26995904
2023-05-19,21.419164728249743,21.666309356689453,21.419164728249743,21.666309356689453,39006164
2023-05-22,21.58392906188965,21.748691032669523,21.50154639635235,21.58392906188965,19570887
2023-05-23,21.58392952705397,21.625120020636654,21.419165872575846,21.50154685974121,17027793
2023-05-24,21.50154685974121,21.50154685974121,21.377975378993163,21.50154685974121,15298521
2023-05-25,21.41916412150556,21.41916412150556,21.213211670429274,21.25440216064453,15736286
2023-05-26,21.172020794038882,21.419165430582446,21.130830301306183,21.213212966918945,15292953
2023-05-29,21.25440216064453,21.377973631290303,21.25440216064453,21.25440216064453,11947189
2023-05-30,21.295590286405478,21.419163433227638,21.295590286405478,21.336782455444336,17814882
2023-05-31,21.336782455444336,21.419163433227638,21.295590286405478,21.336782455444336,44685694
2023-06-01,21.336785436512773,21.377975931159355,21.25440444721961,21.29559326171875,11822403
2023-06-02,21.37797607002726,21.501547554769704,21.33678557511311,21.419166564941406,20731470
2023-06-05,21.54273680746043,21.83107193538059,21.54273680746043,21.707500457763672,23801199
2023-06-06,21.78988029383077,22.037024916179675,21.74868980346383,21.872262954711914,18647392
2023-06-07,21.95464576413671,21.99583625793457,21.831072602595718,21.99583625793457,14680320
2023-06-08,21.995836725279645,21.995836725279645,21.83107306644006,21.913454055786133,12269388
2023-06-09,21.954646929084305,21.995837425067798,21.831073760986328,21.831073760986328,13348132
2023-06-12,21.831072018059462,21.831072018059462,21.50154639635235,21.58392906188965,16587771
2023-06-13,21.583928373925318,21.74869033945359,21.50154571101388,21.666309356689453,15789029
2023-06-14,21.666310656817647,21.70750115067143,21.5427374951089,21.625120162963867,10720761
2023-06-15,21.625120162963867,21.666310656817647,21.501547001255116,21.625120162963867,13337250
2023-06-16,21.625119554584618,21.748691032669523,21.54273688904732,21.58392906188965,25422341
2023-06-19,21.583928373925318,21.666309356689453,21.46035521963181,21.666309356689453,9681546
2023-06-20,21.666309356689453,21.666309356689453,21.542736202395947,21.666309356689453,12071537
2023-06-21,21.625120077763405,21.789882052529386,21.58392958407191,21.74869155883789,11688375
2023-06-26,21.789881442841615,21.789881442841615,21.62511947268573,21.707500457763672,18179679
2023-06-27,21.625119554584618,21.707500539974554,21.50154639635235,21.58392906188965,9985442
2023-06-28,21.542737353323894,21.58392952705397,21.46035636615853,21.50154685974121,11586354
2023-06-29,21.501546945105833,21.54273743885205,21.33678497012097,21.377975463867188,17344922
2023-06-30,21.29559210885293,21.666309900897733,21.29559210885293,21.460355758666992,24967855
2023-07-03,21.46035590365738,21.748691032669523,21.46035590365738,21.58392906188965,12405373
2023-07-04,21.460355758666992,21.54273674350035,21.377974773833635,21.460355758666992,13224811
2023-07-05,21.46035507127218,21.542736053466797,21.46035507127218,21.542736053466797,17329499
2023-07-06,21.460354611720817,21.501545101936074,21.25440216064453,21.25440216064453,43214031
2023-07-07,21.172020036398166,21.172020036398166,20.924875408698675,21.04844856262207,19689886
2023-07-10,21.048449253041877,21.172020730871296,20.842495109845487,20.966068267822266,17462585
2023-07-11,21.048448029420985,21.295590970712528,21.007257539205728,21.25440216064453,15212809
2023-07-12,21.00725934000384,21.377975463867188,21.00725934000384,21.377975463867188,15862649
2023-07-13,21.419166564941406,21.54273804968385,21.37797607002726,21.419166564941406,16585458
2023-07-14,21.46035521963181,21.666309356689453,21.419164728249743,21.666309356689453,20195240
2023-07-17,21.625118787627056,21.83107124379758,21.542736125011544,21.789880752563477,23940402
2023-07-18,21.748690261329372,21.83107124379758,21.625118787627056,21.789880752563477,14260269
2023-07-19,21.789880752563477,21.87226341517899,21.66630927886116,21.789880752563477,18732793
2023-07-20,21.789882571767023,21.913454055786133,21.707501582420953,21.913454055786133,20371894
2023-07-21,21.83107124379758,21.954644397647197,21.789880752563477,21.789880752563477,28016002
2023-07-24,21.78988213837899,21.78988213837899,21.460356507401336,21.625120162963867,18679320
2023-07-25,21.62511833236301,21.91345176493159,21.58392784199607,21.872262954711914,28506329
2023-07-26,21.872264009777435,22.2017879486084,21.831071837276216,22.2017879486084,50249960
2023-07-27,22.393789291381836,22.436854739478314,22.264594639583976,22.393789291381836,46710520
2023-07-28,22.393790624610602,22.47991983343974,22.307659723289788,22.350725173950195,14043871
2023-07-31,22.393789685811694,22.4799188910301,22.26459503173828,22.26459503173828,19730664
2023-08-01,22.264595965121057,22.393790624610602,22.264595965121057,22.350725173950195,11202291
2023-08-02,22.2645948488277,22.307658604837318,22.049269298813243,22.092334747314453,27864326
2023-08-04,22.092333590245286,22.17846279024516,21.963138943999716,22.006202697753906,15524040
2023-08-07,22.00620478073,22.221530339848375,22.00620478073,22.178464889526367,11429042
2023-08-08,22.17846337216959,22.22152881954524,22.006203275158526,22.04926872253418,19922228
2023-08-09,22.049267951585012,22.30765724182129,22.049267951585012,22.30765724182129,13067743
2023-08-10,22.26459503173828,22.307658788101683,22.13540037766487,22.26459503173828,15814362
2023-08-11,22.22152806407771,22.350722709320877,22.135398864746094,22.135398864746094,9572235
2023-08-14,22.135399059732045,22.178462813531446,21.790878874387804,21.83394432067871,23193289
2023-08-15,21.79087907171358,21.83394451839446,21.532489776611328,21.532489776611328,20906762
2023-08-16,21.44635791110181,21.44635791110181,21.10183773825464,21.1449031829834,31056030
2023-08-17,21.058773618114202,21.18796996042687,20.929578968293082,21.101839065551758,17226706
2023-08-18,21.101840215543298,21.403294979051537,21.0587747657588,21.187971115112305,13542364
2023-08-21,21.23103351399437,21.446359056648216,21.23103351399437,21.40329360961914,10862808
2023-08-22,21.489424312580468,21.489424312580468,21.187969571040718,21.231033325195312,12974887
2023-08-23,21.187968627712156,21.23103237994947,21.1449031829834,21.1449031829834,12572182
2023-08-24,21.144905486457453,21.187970935877654,20.972645381268276,21.015710830688477,22106285
2023-08-25,21.015710254146953,21.058774009894123,20.972644805908203,20.972644805908203,12139228
2023-08-28,20.972644415730638,21.231033715372877,20.972644415730638,21.101839065551758,9599519
2023-08-29,21.101840215543298,21.27410032218967,21.101840215543298,21.187971115112305,8610529
2023-08-30,21.317164045890074,21.44635869229085,21.274098599592648,21.3602294921875,9977747
2023-08-31,21.360229472078164,21.360229472078164,21.058773040771484,21.058773040771484,37093340
2023-09-01,21.10183773825464,21.23103237994947,21.10183773825464,21.1449031829834,10089967
2023-09-04,21.1449056653278,21.27410032218967,21.1449056653278,21.187971115112305,6889456
2023-09-05,21.101839065551758,21.18796996042687,21.101839065551758,21.101839065551758,9517688
2023-09-06,21.101839458132872,21.144904906371625,20.972644805908203,20.972644805908203,19293898
2023-09-07,20.972643281751655,20.972643281751655,20.843448638916016,20.843448638916016,18891290
2023-09-08,20.843448638916016,20.929577836642622,20.75731944118941,20.843448638916016,12729265
2023-09-11,20.843449969342252,20.88651372470856,20.757320766118063,20.800384521484375,12822223
2023-09-12,20.800385456600022,20.929580113490243,20.75732169929771,20.88651466369629,17774836
2023-09-13,20.88651333407549,21.015709675232806,20.843449579514587,20.92957878112793,9851587
2023-09-14,21.05877306059702,21.3602294921875,20.972643860493672,21.3602294921875,20278060
2023-09-15,21.446360247415605,21.489425696835806,20.972645381268276,21.015710830688477,41877744
2023-09-18,21.015709287006104,21.058773040771484,20.97264384074922,21.058773040771484,7462440
2023-09-19,21.015709287006104,21.101838487028367,21.015709287006104,21.058773040771484,6876652
2023-09-20,21.058774009894123,21.058774009894123,20.92957935766945,20.972644805908203,14700075
2023-09-21,20.97264560086454,21.01571105073566,20.67119083674997,20.714256286621094,23392834
2023-09-22,20.71425495694604,20.84344960577459,20.671189509839344,20.757320404052734,11789834
2023-09-25,20.757320377901245,21.015709675232806,20.757320377901245,20.92957878112793,8148363
2023-09-26,20.843449969342252,20.88651372470856,20.757320766118063,20.800384521484375,13368588
2023-09-27,20.800384521484375,20.843449969342252,20.757320766118063,20.800384521484375,8684104
2023-09-28,20.800385456600022,20.88651466369629,20.800385456600022,20.88651466369629,7971984
2023-10-02,20.88651372470856,20.929579172566438,20.800384521484375,20.800384521484375,10495833
2023-10-03,20.757320404052734,20.800384158667896,20.71425495694604,20.757320404052734,14472457
2023-10-04,20.671190078087644,20.714255526378203,20.498929977416992,20.498929977416992,32917913
2023-10-05,20.67119026184082,20.80038491536937,20.585061056985655,20.67119026184082,16419920
2023-10-06,20.671188550971348,20.843448638916016,20.671188550971348,20.843448638916016,9763833
2023-10-11,21.1449056653278,21.187971115112305,20.92958010889693,21.187971115112305,29266065
2023-10-12,21.274099925773825,21.360230823737894,21.144905271319338,21.31716537475586,18024538
2023-10-13,21.274098771841427,21.317164218487537,21.015709476947787,21.231033325195312,12303394
2023-10-16,21.23103580564671,21.27410125732422,21.144906594783407,21.27410125732422,11970027
2023-10-17,21.23103580564671,21.27410125732422,21.187972046460917,21.27410125732422,13538502
2023-10-18,21.27409916281043,21.27409916281043,21.015709863168194,21.101839065551758,9762766
2023-10-19,20.929577836642622,21.015708726860684,20.843448638916016,20.843448638916016,12825718
2023-10-20,20.67119026184082,20.843450364042752,20.541995608312273,20.67119026184082,24022541
2023-10-23,20.67119083674997,20.757321736492216,20.58506162949937,20.714256286621094,11797165
2023-10-24,20.671189684531186,20.714255132001828,20.585060482081456,20.628124237060547,11159718
2023-10-25,20.671189684531186,20.714255132001828,20.628124237060547,20.628124237060547,11104889
2023-10-26,20.58506087399811,20.671190078087644,20.498929977416992,20.498929977416992,15282465
2023-10-27,20.541995608312273,20.714255710514202,20.541995608312273,20.67119026184082,6589405
2023-10-30,20.628123293358094,20.67118873885856,20.498928649348166,20.541994094848633,13466612
2023-10-31,20.541994094848633,20.67118873885856,20.498928649348166,20.541994094848633,14517140
2023-11-01,20.541994094848633,20.628123293358094,20.498928649348166,20.541994094848633,7709973
2023-11-02,20.71425531826019,20.929579172566438,20.671189870402312,20.800384521484375,13125546
2023-11-03,20.84345015368353,21.101839458132872,20.84345015368353,20.972644805908203,16470034
2023-11-06,21.1449031829834,21.317163269406983,21.01570854128857,21.1449031829834,24182145
2023-11-07,21.015709863168194,21.101839065551758,20.929578968293082,21.101839065551758,14355019
2023-11-08,21.23103237994947,21.274097824678226,21.058772293525884,21.1449031829834,17574520
2023-11-09,21.14490393328525,21.14490393328525,21.058773040771484,21.058773040771484,8837496
2023-11-10,21.015709863168194,21.144904512989314,20.972644415730638,21.101839065551758,15460865
2023-11-13,21.18796996042687,21.231033715372877,21.058773618114202,21.101839065551758,11917106
2023-11-14,21.144904512989314,21.144904512989314,21.015709863168194,21.101839065551758,19593958
2023-11-15,21.231034872405168,21.27410032218967,21.0587747657588,21.187971115112305,30485135
2023-11-16,21.36022929987006,21.661684036254883,21.317163853960377,21.661684036254883,44041927
2023-11-17,21.618618590345196,21.747813235582765,21.532489391017315,21.661684036254883,19138001
2023-11-20,21.661684613976906,21.704750061035156,21.575553719860405,21.704750061035156,14598790
2023-11-21,21.79087868243666,22.135398864746094,21.747813236525108,22.135398864746094,36464958
2023-11-22,22.049269693724334,22.13540059226939,21.9631404876709,21.9631404876709,13900964
2023-11-23,21.963138943999716,22.006202697753906,21.83394429775415,22.006202697753906,12145487
2023-11-24,22.00620424445181,22.00620424445181,21.877011281617463,21.9631404876709,7627638
2023-11-27,21.963138967059926,22.135399059732045,21.83394432067871,21.83394432067871,12331678
2023-11-28,21.920073327679827,22.135398864746094,21.877009574259763,22.135398864746094,22372860
2023-11-29,22.092333590245286,22.135399036490973,22.006202697753906,22.006202697753906,18865813
2023-11-30,22.09233416990983,22.09233416990983,21.96313952027442,22.04926872253418,40755073
2023-12-01,21.96313972485925,22.049268927921293,21.661684975404754,21.747814178466797,16437696
2023-12-04,21.747814178466797,21.7908796262436,21.61861952762795,21.747814178466797,13888907
2023-12-05,21.704750607164517,21.963139911032478,21.661685159022664,21.920074462890625,15121307
2023-12-06,22.006202697753906,22.135399036490973,21.92007349775403,22.006202697753906,22028812
2023-12-07,21.9631404876709,22.00620424445181,21.877011281617463,21.9631404876709,9217710
2023-12-08,22.04926872253418,22.09233416990983,22.006203275158526,22.04926872253418,13940212
2023-12-11,22.006203275158526,22.04926872253418,21.877010318014666,22.04926872253418,9953669
2023-12-12,22.049269693724334,22.049269693724334,21.877011281617463,21.9631404876709,10658237
2023-12-13,21.963139911032478,21.963139911032478,21.833945259098495,21.920074462890625,13446068
2023-12-14,22.049270231052006,22.178464889526367,21.920075572577645,22.178464889526367,26653598
2023-12-15,22.178462618166158,22.22152806407771,22.04926797292299,22.135398864746094,30049901
2023-12-18,22.135400195815663,22.135400195815663,22.006203850312033,22.092334747314453,9897681
2023-12-19,21.9631404876709,22.00620424445181,21.790880383072405,21.9631404876709,12900793
2023-12-20,21.963141462684604,21.963141462684604,21.833946801623277,21.877012252807617,16653632
2023-12-21,21.747815899254597,21.877012252807617,21.70475214056195,21.877012252807617,13754060
2023-12-22,21.790881350438937,21.877012252807617,21.747815899254597,21.877012252807617,11733065
2023-12-25,21.877009766969618,21.92007352076902,21.790878874387804,21.83394432067871,5133589
2023-12-26,21.833945832344934,21.9631404876709,21.790880383072405,21.9631404876709,9505067
2023-12-27,21.96313877359138,22.178462618166158,21.920073327679827,22.135398864746094,15967325
2023-12-28,22.135397904015978,22.221527099609375,22.049267015931164,22.221527099609375,15989112
2023-12-29,22.178461655566966,22.26459254365178,22.09233245997357,22.221527099609375,11666946
2024-01-02,22.221528042573027,22.30765724182129,22.13539884332476,22.30765724182129,12780585
2024-01-03,22.135399617285483,22.22152881954524,21.833944870639012,22.04926872253418,12951139
2024-01-04,22.04926797292299,22.178462618166158,21.96313877359138,22.135398864746094,9836037
2024-01-05,22.049269298813243,22.178463951825282,22.049269298813243,22.092334747314453,9310242
2024-01-08,22.135397904015978,22.350721739245177,22.09233245997357,22.221527099609375,15526042
2024-01-09,22.221529798322827,22.264595247595356,21.9631404876709,21.9631404876709,11728367
2024-01-10,21.963141462684604,22.00620522137725,21.877012252807617,21.877012252807617,8544086
2024-01-11,21.877012252807617,21.963141462684604,21.877012252807617,21.877012252807617,14381458
2024-01-12,21.83394432067871,21.877009766969618,21.7478134280969,21.83394432067871,9744992
2024-01-15,21.833946801623277,21.920076011500264,21.790881350438937,21.877012252807617,10886575
2024-01-16,21.661684424162452,21.661684424162452,21.446358883249562,21.532489776611328,23577736
2024-01-17,21.44636042883604,21.489425878620544,21.187971115112305,21.187971115112305,26485043
2024-01-18,21.187968627712156,21.36022871413574,21.1449031829834,21.1449031829834,17932815
2024-01-19,21.1018411431059,21.360232160679235,21.1018411431059,21.27410125732422,19115308
2024-01-22,21.274097824678226,21.317163269406983,21.10183773825464,21.1449031829834,17070677
2024-01-23,21.144904124394607,21.360229665133648,21.144904124394607,21.231033325195312,16070983
2024-01-24,21.144904124394607,21.274098771841427,21.144904124394607,21.231033325195312,17715545
2024-01-25,21.187969571040718,21.317164218487537,21.187969571040718,21.231033325195312,11337361
2024-01-26,21.187969759456827,21.48942450367729,21.14490431242775,21.40329360961914,11843914
2024-01-29,21.317164235698435,21.532489776611328,21.317164235698435,21.532489776611328,9278477
2024-01-30,21.532490927174415,21.532490927174415,21.31716537475586,21.31716537475586,17251837
2024-01-31,21.274099925773825,21.360230823737894,21.274099925773825,21.31716537475586,13082113
2024-02-01,21.274099534134066,21.446359634399414,21.274099534134066,21.446359634399414,15150634
2024-02-02,21.40329360961914,21.446359056648216,21.31716440805252,21.40329360961914,12066176
2024-02-05,21.144904512989314,21.18796996042687,21.058773618114202,21.101839065551758,39183451
2024-02-15,21.187969571040718,21.489424312580468,21.144904124394607,21.231033325195312,25940325
2024-02-16,21.274098771841427,21.317164218487537,21.144904124394607,21.231033325195312,14582058
2024-02-19,21.274098599592648,21.3602294921875,21.231033153295222,21.3602294921875,16808130
2024-02-20,21.360230823737894,21.403294580228316,21.31716537475586,21.31716537475586,15058925
2024-02-21,21.317164218487537,21.360229665133648,21.187969571040718,21.231033325195312,18394731
2024-02-22,21.18796996042687,21.231033715372877,21.101839065551758,21.101839065551758,19944038
2024-02-23,21.101840037037253,21.144905486457453,21.015710830688477,21.015710830688477,26859276
2024-02-26,20.972644805908203,21.015710254146953,20.92957935766945,20.972644805908203,31680728
2024-02-27,21.40329436853441,21.79088002055599,21.40329436853441,21.618619918823242,53520949
2024-02-29,21.61861952762795,21.833945074020402,21.61861952762795,21.747814178466797,50655745
2024-03-01,21.704749674297496,21.83394432067871,21.618618781715686,21.83394432067871,18428165
2024-03-04,21.790878874387804,21.877009766969618,21.7478134280969,21.83394432067871,20066662
2024-03-05,21.877011101081347,21.92007485750688,21.79088020324707,21.79088020324707,17164446
2024-03-06,21.790881350438937,21.920076011500264,21.747815899254597,21.877012252807617,20715651
2024-03-07,21.747815899254597,21.920076011500264,21.747815899254597,21.877012252807617,22307388
2024-03-08,21.704750997904398,21.877011101081347,21.704750997904398,21.79088020324707,30099424
2024-03-11,21.790880383072405,21.9631404876709,21.74781493379988,21.9631404876709,24065008
2024-03-12,21.963140094302414,22.092334747314453,21.963140094302414,22.092334747314453,21576146
2024-03-13,22.006202527011443,22.135398864746094,22.006202527011443,22.135398864746094,20471049
2024-03-14,22.178462428050604,22.566048052949178,22.13539867499969,22.436853408813477,43445213
2024-03-15,22.522984127357027,22.566049575805664,22.26459482164838,22.566049575805664,49450711
2024-03-18,22.99669626871674,23.082825462957345,22.65217610677154,22.82443618774414,47319377
2024-03-19,22.738309468205667,22.996698771540423,22.6521785720997,22.867504119873047,28700221
2024-03-20,22.867501631110137,22.910567074476134,22.69524155013754,22.82443618774414,25917382
2024-03-21,22.824440744320217,23.12589552308059,22.824440744320217,23.039766311645508,28981349
2024-03-22,23.12589529055267,23.470415517812338,23.08282983902228,23.34122085571289,35480465
2024-03-25,23.341218370529113,23.427347571927836,23.25508747663886,23.298152923583984,16744286
2024-03-26,23.25508880423434,23.55654525756836,23.25508880423434,23.55654525756836,36836398
2024-03-27,23.556545439786543,23.642674646768484,23.34121988359423,23.427349090576172,19821545
2024-03-28,23.427348729726372,23.513479627873284,23.341219524071075,23.38428497314453,23039284
2024-03-29,23.384282683361405,23.556542770295952,23.29815179364841,23.513477325439453,11133900
2024-04-01,23.470414358761033,23.599609014480396,23.42734890935737,23.55654525756836,15007766
2024-04-02,23.513477325439453,23.556542770295952,23.42734643572646,23.513477325439453,16398321
2024-04-03,23.513478860298317,23.513478860298317,23.16895866394043,23.16895866394043,30320403
2024-04-08,23.168959420268866,23.38428497314453,23.168959420268866,23.38428497314453,19528135
2024-04-09,23.34121723850491,23.513477325439453,23.29815179364841,23.513477325439453,19587327
2024-04-10,23.513479627873284,23.513479627873284,23.29815407499762,23.38428497314453,17362837
2024-04-11,23.341218558622856,23.470413208007812,23.2120239092379,23.470413208007812,14116969
2024-04-12,23.427350066281953,23.470415517812338,23.255089952652117,23.34122085571289,18322396
2024-04-15,23.298152923583984,23.384283817474238,23.125892828295008,23.298152923583984,21100595
2024-04-16,23.168960043321302,23.255089251292762,22.56605051004612,22.652179718017578,52576051
2024-04-17,22.609112355896933,22.910567074476134,22.52298146916494,22.82443618774414,31066534
2024-04-18,22.824439389555067,23.29815425555956,22.738310183232265,23.255088806152344,25463135
2024-04-19,23.168958871260784,23.21202431931377,22.6521785720997,22.867504119873047,40897042
2024-04-22,23.21202372218526,23.341218370529113,23.039763626896285,23.298152923583984,24636152
2024-04-23,23.29815443385744,23.513479990049753,23.29815443385744,23.427349090576172,28114329
2024-04-24,23.47041301887296,23.556543912763214,23.298152923583984,23.298152923583984,19165485
2024-04-25,23.255088625924163,23.38428497314453,23.03976476554011,23.38428497314453,21389323
2024-04-26,23.21202619361344,23.427350066281953,23.21202619361344,23.34122085571289,12191226
2024-04-29,23.38428437461832,23.857999224826653,23.341218926647134,23.81493377685547,44822099
2024-04-30,23.77186756148366,23.901063901226514,23.599607467651367,23.599607467651367,25390065
2024-05-02,23.642675399780273,23.944130172555766,23.599609948671866,23.642675399780273,22054541
2024-05-03,23.771867752075195,23.944127847288588,23.685738550714266,23.771867752075195,18939846
2024-05-06,23.857998066222045,24.3317112009341,23.857998066222045,24.202516555786133,41863054
2024-05-07,24.245581253447227,24.288646697998047,24.073321167735386,24.288646697998047,23964399
2024-05-08,24.33171272277832,24.33171272277832,24.159452620976403,24.33171272277832,20262753
2024-05-09,24.245583730976588,24.331712936387884,24.030258178710938,24.030258178710938,18756348
2024-05-10,24.07332416050598,24.547039031982422,24.07332416050598,24.547039031982422,26754751
2024-05-13,24.547036932604506,24.547036932604506,24.288647640258436,24.37477684020996,17235763
2024-05-14,24.28864917992804,24.331712936387884,24.030258178710938,24.030258178710938,18866746
2024-05-15,24.159452076033286,24.417843069153665,24.030257425718876,24.11638832092285,22201499
2024-05-16,24.37477684020996,24.417842286431473,24.159451301593904,24.37477684020996,29101826
2024-05-17,24.37477667027017,25.063817035044394,24.20251657907661,24.97768783569336,85718642
2024-05-20,25.106882849747983,25.365273853997948,24.805429781024337,25.322208404541016,89523086
2024-05-21,25.236079236772603,25.27914299380387,24.46090960781864,24.848493576049805,71123528
2024-05-22,24.891559246236497,25.063819353363538,24.547039031982422,24.547039031982422,58079339
2024-05-23,24.28864744881321,24.762362276041475,24.245582002931148,24.676231384277344,76038847
2024-05-24,24.37477684020996,24.503971486382994,24.288647640258436,24.37477684020996,33880174
2024-05-27,24.331711202203792,24.676231384277344,24.20251655704908,24.676231384277344,37486707
2024-05-28,24.633168990313777,24.633168990313777,24.417843441511796,24.460908889770508,21291578
2024-05-29,24.46090928324224,24.46090928324224,24.030258178710938,24.030258178710938,33874990
2024-05-30,23.94412900716887,24.116389110726733,23.857999801635742,23.857999801635742,29829228
2024-05-31,23.901065010789146,24.934623929272448,23.901065010789146,24.633169174194336,124003073
2024-06-03,24.59010372561415,24.80542927602348,24.24558352195585,24.633169174194336,50177395
2024-06-04,24.288648215756048,24.633168408708237,24.288648215756048,24.417842864990234,23961265
2024-06-05,24.547038277033963,24.7623638274433,24.33171272662463,24.633169174194336,25585014
2024-06-06,24.46090960781864,24.848493576049805,24.46090960781864,24.848493576049805,27903005
2024-06-07,24.891558270045977,24.97768916647746,24.762363617890333,24.93462371826172,23013775
2024-06-11,24.633169174194336,24.89155848069226,24.547038277033963,24.633169174194336,22946732
2024-06-12,24.805428881733537,24.848492637137618,24.676232538046595,24.76236343383789,14356428
2024-06-13,24.93462487498236,24.977690325195915,24.71929931640625,24.71929931640625,19991681
2024-06-14,24.719297985942244,24.805428881733537,24.590103334746868,24.76236343383789,9690207
2024-06-17,24.762364766619804,24.805430216833358,24.676233866192696,24.71929931640625,12945169
2024-06-18,24.71929891997275,24.8915590255727,24.676233470449855,24.848493576049805,20966643
2024-06-19,24.93462371826172,25.020752922201623,24.762363617890333,24.93462371826172,36194910
2024-06-20,24.97768783569336,25.020751589123133,24.762362298578545,24.97768783569336,18716426
2024-06-21,24.93462314069966,24.977688587917875,24.76236304431834,24.891557693481445,29310702
2024-06-24,24.848491497929576,24.97768783569336,24.719296852657283,24.97768783569336,19904362
2024-06-25,24.977688775314196,25.063817977905273,24.891557880231566,25.063817977905273,25606351
2024-06-26,24.891558663920947,24.977689561715334,24.633169355520998,24.805429458618164,21652714
2024-06-27,24.547038277033963,24.67623293028293,24.417843623785,24.633169174194336,26864826
2024-06-28,24.547035797834763,24.93462141092791,24.547035797834763,24.59010124206543,26956383
2024-07-01,24.590103334746868,24.848492637137618,24.590103334746868,24.76236343383789,15244564
2024-07-02,24.633168782642514,24.805428881733537,24.590103334746868,24.76236343383789,13475746
2024-07-03,24.762364546472806,25.020753860473633,24.676233646811436,25.020753860473633,29767644
2024-07-04,25.06381758941894,25.236077684422632,24.977688388162854,25.193012237548828,24778320
2024-07-05,25.193012237548828,25.236077684422632,25.02075214254513,25.193012237548828,13458771
2024-07-08,25.14994679067502,25.236077684422632,24.977688388162854,25.193012237548828,21057966
2024-07-09,25.193012237548828,25.322206885678717,25.106881343801216,25.193012237548828,26203219
2024-07-10,25.19301204083645,25.49446678161621,25.14994659429891,25.49446678161621,30806119
2024-07-11,25.494469435557637,25.795924207718453,25.451403984537038,25.709794998168945,26578513
2024-07-12,25.66672631705013,25.838986406962302,25.53753167273887,25.752857208251953,22546181
2024-07-15,25.838987350463867,26.011247446666058,25.58059805240635,25.838987350463867,34362791
2024-07-16,25.838987350463867,25.838987350463867,25.623661807088244,25.838987350463867,39727537
2024-07-17,25.75285872333216,25.925118823378657,25.666727827063124,25.88205337524414,48261057
2024-07-18,25.882053527120107,26.355766689413258,25.666727977675556,26.226572036743164,65412118
2024-07-19,26.312700822068024,26.312700822068024,25.75285680792482,26.054309844970703,50416217
2024-07-22,25.92511903406964,25.968182790062556,25.322207832761304,25.580598831176758,52765759
2024-07-23,25.66672706604004,25.925118054694238,25.62366161918242,25.66672706604004,54960852
2024-07-26,24.23313703568471,25.195133577721602,24.23313703568471,24.73703956604004,88301828
2024-07-29,24.782851763803723,24.92027909542799,24.462186813354492,24.462186813354492,58437198
2024-07-30,24.462183763389486,24.507992279889827,23.866662458952888,24.04990005493164,48449736
2024-07-31,23.95828316614192,24.507994232895136,23.72923703541049,24.324756622314453,35555097
2024-08-01,24.32475540583448,24.41637420654297,24.141519569406245,24.41637420654297,34744717
2024-08-02,24.095709809188175,24.233137130737305,23.912472203796817,24.233137130737305,34172622
2024-08-05,23.820853600135216,23.866663884360214,22.76724000781465,23.225332260131836,69325941
2024-08-06,23.63761683996897,23.912473260198574,22.72143053752581,23.591808319091797,43662612
2024-08-07,23.500188711238895,23.775045122098785,23.408569907618933,23.729236602783203,24530998
2024-08-08,23.500187885749277,23.912471605062446,23.45437760305407,23.637615203857422,23601492
2024-08-09,23.86666316728078,24.73703912652831,23.86666316728078,24.41637420654297,43406495
2024-08-12,24.59961224502996,25.011897738037753,24.507993442693646,24.73703956604004,29009840
2024-08-13,24.73704024227597,24.73704024227597,24.462185592742113,24.553804397583008,21529635
2024-08-14,24.69123093554443,25.10351466169629,24.59961213362304,24.966087341308594,28282692
2024-08-15,25.149327001453653,25.149327001453653,24.462186813354492,24.462186813354492,22090976
2024-08-16,24.828658540505664,25.057704649157817,24.782848259782035,25.01189613342285,26306208
2024-08-19,25.05770736989298,25.05770736989298,24.782850950673627,24.874469757080078,10834959
2024-08-20,25.01189613342285,25.057704649157817,24.782848259782035,25.01189613342285,14380433
2024-08-21,24.96608802844276,25.057706832885742,24.82866070427269,25.057706832885742,13017412
2024-08-22,25.057707104775865,25.103515625,24.874469493901664,25.103515625,16161152
2024-08-23,25.011898584551734,25.1951344304371,24.874469493901664,25.103515625,13686132
2024-08-26,25.195132171942323,25.561607360839844,25.14932365582447,25.561607360839844,23113417
2024-08-27,25.33256125027323,25.561607360839844,25.33256125027323,25.561607360839844,10069028
2024-08-28,25.46999019203881,25.51580047607422,25.332562869910166,25.51580047607422,7780866
2024-08-29,25.51580102025556,25.65322834531515,25.378371930207145,25.607418060302734,19047029
2024-08-30,25.653228226349043,25.83646583557129,25.607417941549073,25.83646583557129,35584781
2024-09-02,25.836465146160542,25.882273664749356,25.65322754182774,25.74484634399414,11736111
2024-09-03,25.744845201884335,25.744845201884335,25.332561492919922,25.332561492919922,18435122
2024-09-04,25.057706143229982,25.10351466169629,24.645422417078116,24.966087341308594,34439433
2024-09-05,24.966085852699223,25.378369554268563,24.87446705624063,25.01189613342285,15219542
2024-09-06,24.92027680623951,25.195133209228516,24.737039204246837,25.195133209228516,10495587
2024-09-09,24.59961087247819,25.561607360839844,24.59961087247819,25.561607360839844,25686027
2024-09-10,25.561609540279147,25.65322834531515,25.286753125171142,25.607418060302734,20811061
2024-09-11,25.60741763055582,25.60741763055582,25.286752700805664,25.286752700805664,10098411
2024-09-12,25.6532266823244,25.6532266823244,25.149324169786684,25.37837028503418,14319008
2024-09-13,25.332562456724187,25.469989776611328,25.332562456724187,25.469989776611328,6591412
2024-09-16,25.469989084130923,25.469989084130923,25.332561767980167,25.37837028503418,6471592
2024-09-18,25.332562869910166,25.51580047607422,25.28675258587476,25.51580047607422,10712848
2024-09-19,25.424179908003403,25.653227798202863,25.378371388956783,25.51580047607422,14406219
2024-09-20,25.56160942173792,25.83646583557129,25.56160942173792,25.83646583557129,29481969
2024-09-23,25.836465164553847,26.01970100402832,25.74484636232222,26.01970100402832,16238272
2024-09-24,26.019699932159337,26.11132049560547,25.928082898690604,26.11132049560547,16905671
2024-09-25,26.24874781079727,26.3403666092547,25.973891415424973,26.11132049560547,21233662
2024-09-26,26.294557297721436,26.340367581134764,26.111321459034425,26.248748779296875,15430494
2024-09-27,26.43198593894889,26.43198593894889,25.79065433685722,25.928083419799805,18122400
2024-09-30,26.01970056442997,26.065510847266214,25.69903564453125,25.69903564453125,20130108
2024-10-01,25.744846251682866,26.248748779296875,25.561608648007088,26.248748779296875,20104377
2024-10-04,25.83646445182542,25.882272969183166,25.46998925300856,25.653226852416992,29264709
2024-10-07,25.699036060416557,25.790654862582954,25.46998993749494,25.74484634399414,18730541
2024-10-08,25.51580102025556,25.744847150351152,25.378371930207145,25.607418060302734,18114627
2024-10-09,25.60741684384751,25.836464728051233,25.60741684384751,25.69903564453125,15141308
2024-10-11,25.7906551361084,25.928084223309902,25.744846617033758,25.7906551361084,12264456
2024-10-14,25.836464619500994,25.928083419799805,25.744845819202183,25.928083419799805,10930569
2024-10-15,25.973892373783208,26.248748779296875,25.928083855358647,26.248748779296875,21695103
2024-10-16,26.01970264076565,26.248750543247073,25.83646678976495,25.973894119262695,21870992
2024-10-17,25.973891519160254,26.0655103179836,25.79065392151357,25.882272720336914,11618701
2024-10-18,26.019701842255746,26.431987348074262,25.92808480206144,26.38617706298828,32755699
2024-10-21,26.431986758074906,26.431986758074906,25.7906551361084,25.7906551361084,23143334
2024-10-22,25.790655550771316,25.83646583557129,25.699036746160196,25.83646583557129,13378432
2024-10-23,25.790653471406454,25.836463752512984,25.561607360839844,25.561607360839844,14230053
2024-10-24,25.46999019203881,25.561608995120835,25.378371388956783,25.51580047607422,19565975
2024-10-25,25.515799089123814,25.607416122237066,25.332561492919922,25.332561492919922,11517259
2024-10-28,25.37837081122119,25.561608413213857,25.195133209228516,25.195133209228516,17343473
2024-10-29,25.14932344561641,25.195131961351375,24.828658540505664,25.01189613342285,22737107
2024-10-30,25.1951344304371,25.240944715650066,24.874469493901664,25.103515625,18023886
2024-11-01,23.866662657330124,25.057705276103142,23.866662657330124,24.599611282348633,47590639
2024-11-04,24.645423095386718,25.19513415705581,24.645423095386718,25.057706832885742,12928828
2024-11-05,25.01189613342285,25.057704649157817,24.828658540505664,25.01189613342285,13850797
2024-11-06,24.92027758881873,25.05770667712334,24.78285026550293,24.78285026550293,10562024
2024-11-07,24.782850688464563,25.2867532358742,24.782850688464563,25.103515625,13595691
2024-11-08,25.24094321711201,25.286751734616523,25.011897099611993,25.149324417114258,9739930
2024-11-11,25.149324417114258,25.286751734616523,25.011897099611993,25.149324417114258,11049051
2024-11-12,24.82866123637128,24.920278277788878,24.737040664975975,24.874469757080078,36719254
2024-11-13,24.87446757430622,24.87446757430622,24.737038494261732,24.828659057617188,18099814
2024-11-14,24.73704147660303,24.82866205100442,24.462186813354492,24.462186813354492,38279891
2024-11-15,24.691230081099537,24.920276195482437,24.553802765467534,24.599611282348633,34338413
2024-11-18,24.599613337860724,24.874469757080078,24.553804817151924,24.874469757080078,53366699
2024-11-19,25.011896654350704,25.011896654350704,24.55380266251692,24.828659057617188,77080589
2024-11-20,24.737039981071792,25.05770667712334,24.737039981071792,24.78285026550293,77018270
2024-11-21,24.782850419556787,25.057706832885742,24.599612810670816,25.057706832885742,60425083
2024-11-22,25.011897099611993,25.149324417114258,24.828659499616485,25.149324417114258,45717718
2024-11-25,25.286752173435964,25.469989776611328,25.149324853548826,25.469989776611328,47361781
2024-11-26,25.24094321711201,25.286751734616523,25.057705617116504,25.149324417114258,11167591
2024-11-27,25.240944441771713,25.2867529614988,25.011898313158657,25.057706832885742,14348267
2024-11-28,25.057704649157817,25.14932344561641,24.87446705624063,25.01189613342285,11751924
2024-11-29,24.828660133365126,24.920277170712662,24.645422528692503,24.73703956604004,25123195
2024-12-02,24.82866070427269,25.103515352612828,24.82866070427269,25.057706832885742,15131807
2024-12-03,25.286752173435964,25.469989776611328,25.149324853548826,25.469989776611328,21902120
2024-12-04,25.56160883497511,25.56160883497511,25.103514822434974,25.240943908691406,15482994
2024-12-05,25.37837028503418,25.424178802088196,25.240942968883427,25.37837028503418,11438373
2024-12-06,25.378371229959058,25.42417974871868,25.14932510618338,25.240943908691406,8443068
2024-12-09,25.195133624943,25.332562711199433,25.103514822434974,25.240943908691406,12592403
2024-12-10,25.24094349222106,25.286752010224852,25.057705890228387,25.195133209228516,9474733
2024-12-11,25.103514408232183,25.24094349222106,25.057705890228387,25.195133209228516,11115350
2024-12-12,25.14932510618338,25.240943908691406,25.103514822434974,25.240943908691406,9612063
2024-12-13,25.2867529614988,25.2867529614988,25.057706832885742,25.057706832885742,11170359
2024-12-16,25.19513415705581,25.2867529614988,25.057706832885742,25.057706832885742,16244381
2024-12-17,25.057706303675353,25.240943908691406,24.828660179899675,25.240943908691406,43300787
2024-12-18,25.103515352612828,25.14932563732873,24.82866070427269,25.057706832885742,33257883
2024-12-19,24.828660133365126,24.874468652038896,24.645422528692503,24.73703956604004,39070265
2024-12-20,24.599611282348633,24.828659161720243,24.553802765467534,24.599611282348633,44688082
2024-12-23,24.82866070427269,25.057706832885742,24.782850419556787,25.057706832885742,26306637
2024-12-24,25.10351361517071,25.332561492919922,24.920276018966817,25.332561492919922,22567115
2024-12-25,25.332562985049286,25.332562985049286,25.103515093808777,25.286752700805664,9997236
2024-12-26,25.2867532358742,25.332563521087167,25.057707104775865,25.103515625,6725248
2024-12-27,25.01189762476367,25.01189762476367,24.920277057853514,24.966087341308594,6710093
2024-12-30,24.87446757430622,25.011896654350704,24.828659057617188,24.828659057617188,8965558
2024-12-31,24.73703929209225,24.82865985840269,24.69123077392578,24.69123077392578,12560880
2025-01-02,24.69123104736627,24.73703956604004,24.59961224502996,24.73703956604004,12785958
2025-01-03,24.73703929209225,24.82865985840269,24.69123077392578,24.69123077392578,6263143
2025-01-06,24.737039454010738,25.01189762476367,24.737039454010738,24.966087341308594,14481224
2025-01-07,25.011896654350704,25.057705171039732,24.828659057617188,24.828659057617188,11381036
2025-01-08,24.966085852699223,25.10351316489278,24.87446705624063,25.01189613342285,15690849
2025-01-09,25.011898313158657,25.515800855100668,24.96608802844276,25.057706832885742,23159072
2025-01-10,24.87446922399977,25.103515352612828,24.82866070427269,25.057706832885742,19949987
2025-01-13,25.10351519656567,25.19513400043914,24.64542294218713,24.78285026550293,24725784
2025-01-14,24.8744686986593,25.240943908691406,24.8744686986593,25.240943908691406,21583043
2025-01-15,25.286751734616523,25.424179052118788,25.149324417114258,25.149324417114258,21295414
2025-01-16,25.37837246351086,25.469991270472146,25.240945135563358,25.42418098449707,24949111
2025-01-17,25.424180023558932,25.424180023558932,25.103515093808777,25.286752700805664,15694799
2025-01-20,25.286752427451027,25.332562711199433,25.195133624943,25.240943908691406,11533058
2025-01-21,25.37837246351086,25.515801556447226,25.240945135563358,25.42418098449707,15680280
2025-01-22,25.424179493323106,25.56160857819901,25.378370975023646,25.469989776611328,22448301
2025-02-03,25.28675165360013,25.744845652121207,25.28675165360013,25.653226852416992,35652496
2025-02-04,25.928083443673216,26.340367162903107,25.83646464329005,26.202938079833984,49917952
2025-02-05,26.29455783023012,26.34036811457118,25.92808438044563,26.06551170349121,16141724
2025-02-06,26.111321459034425,26.248748779296875,26.01970089220777,26.248748779296875,12849053
2025-02-07,26.15713119506836,26.248750001171086,26.06551238896563,26.15713119506836,8485418
2025-02-10,26.11132173081689,26.294557571411133,26.01970116303659,26.294557571411133,16236212
2025-02-11,26.294557571411133,26.294557571411133,26.157130249718254,26.294557571411133,8697867
2025-02-12,26.38617611896752,26.56941372277808,26.294557317062242,26.523603439331055,21683498
2025-02-13,26.5694136115561,26.75265121459961,26.477794810034347,26.75265121459961,27743018
2025-02-14,26.7984619140625,26.844270433040453,26.615224308173126,26.7984619140625,15316736
2025-02-17,26.844269764021885,26.98169708251953,26.752650963360537,26.98169708251953,18002675
2025-02-18,26.981697498451197,27.027507781982422,26.844270177835064,27.027507781982422,13556957
2025-02-19,26.981697498451197,27.027507781982422,26.935888979908743,27.027507781982422,13177758
2025-02-20,26.98169611238453,26.98169611238453,26.75265000146096,26.844268798828125,15778084
2025-02-21,26.84427112954184,27.164936065673828,26.84427112954184,27.164936065673828,22847193
2025-02-24,26.981698184460534,27.164935793266704,26.890079380057447,27.11912727355957,15013671
2025-02-25,26.798461930087047,27.07331657409668,26.798461930087047,27.07331657409668,11975709
2025-02-26,27.027509156494514,27.4856014251709,27.027509156494514,27.4856014251709,29395836
2025-02-27,27.4397928755827,27.4397928755827,26.70684242248535,26.70684242248535,41930696
2025-03-03,26.569413362037846,26.98169708251953,26.340367242878855,26.98169708251953,34677614
2025-03-04,26.569414024206385,26.93588923598514,26.523603740239647,26.7984619140625,24564895
2025-03-05,26.93588935215322,26.93588935215322,26.569414138793945,26.569414138793945,16827302
2025-03-06,26.569414553377715,26.752652162916554,26.569414553377715,26.615224838256836,13154321
2025-03-07,26.66103320320907,26.66103320320907,26.340368270874023,26.340368270874023,20808440
2025-03-10,26.38617611896752,26.6152240062251,26.11132147824045,26.523603439331055,29878639
2025-03-11,26.431986402414545,26.56941372277808,26.11132147824045,26.523603439331055,26704898
2025-03-12,26.569412923872036,26.75265052217289,26.38617532557118,26.66103172302246,23956397
2025-03-13,26.84427086035031,27.25655459766979,26.798462340643177,27.11912727355957,31826688
2025-03-14,27.21074635082916,27.302363391162157,27.164936065673828,27.164936065673828,19720323
2025-03-17,27.164933913580725,27.393980026245117,27.164933913580725,27.393980026245117,36505507
2025-03-18,27.439792904298805,27.4856014251709,27.256555290832708,27.4856014251709,27368191
2025-03-19,27.439791945009567,27.485600464280207,27.348173141479492,27.348173141479492,30814127
2025-03-20,27.43979263305664,27.48560115347592,27.348173827229246,27.43979263305664,17850302
2025-03-21,27.393980026245117,27.485598824308614,27.256552711644222,27.393980026245117,44281350
2025-03-24,27.302363541821123,27.48560115347592,27.21074650098257,27.43979263305664,17633411
2025-03-25,27.43979248163932,27.623030092282978,27.164936065673828,27.164936065673828,32376943
2025-03-26,27.164936484099655,27.4856014251709,27.164936484099655,27.4856014251709,17502494
2025-03-27,27.439792904298805,27.4856014251709,27.21074676996061,27.4856014251709,18699548
2025-03-28,27.21074635082916,27.302363391162157,26.89007964970834,27.164936065673828,22541502
2025-03-31,26.569414398972082,26.66103320320907,26.340368270874023,26.340368270874023,45333488
2025-04-01,26.386176943838876,26.798462447795675,26.386176943838876,26.615224838256836,21566557
2025-04-02,26.56941240672663,26.844268798828125,26.47779360935947,26.844268798828125,12737129
2025-04-07,24.187328338623047,24.187328338623047,24.187328338623047,24.187328338623047,20239589
2025-04-08,24.278947572386567,24.920277430436027,24.004091162513028,24.507993698120117,80790010
2025-04-09,24.507993786069687,24.92027751986512,23.36276138830335,23.729236602783203,65699358
2025-04-10,26.065511104436872,26.065511104436872,25.195133371848286,25.469989776611328,61387299
2025-04-11,25.37837150430411,25.37837150430411,24.874468967557068,25.286752700805664,47304347
2025-04-14,25.195133624943,25.653227637483138,25.14932510618338,25.240943908691406,34480499
2025-04-15,25.332563942524647,25.561610077433436,25.332563942524647,25.42418098449707,18175284
2025-04-16,25.378371388956783,25.653227798202863,25.19513378279273,25.51580047607422,23565460
2025-04-17,25.60741763055582,25.60741763055582,25.24094418155084,25.286752700805664,16552909
2025-04-18,25.515799089123814,25.515799089123814,25.240942694817974,25.332561492919922,7617064
2025-04-21,25.332562711199433,25.469990032467084,25.195133624943,25.240943908691406,7481726
2025-04-22,25.19513304302154,25.19513304302154,24.874468124144098,24.920276641845703,16799778
2025-04-23,25.103514570260604,25.515800059899547,25.103514570260604,25.469989776611328,15801130
2025-04-24,25.1951344304371,25.3783720413113,25.057707104775865,25.103515625,15233633
2025-04-25,25.332562711199433,25.42417974871868,25.240943908691406,25.240943908691406,8688949
2025-04-28,25.332562456724187,25.699035898086148,25.332562456724187,25.469989776611328,17127736
2025-04-29,25.469989776611328,25.699035898086148,25.286752173435964,25.469989776611328,21862178
2025-04-30,25.42417913566198,25.97389193745484,25.378370618006944,25.928083419799805,32060372
2025-05-02,25.744845652121207,25.882272969183166,25.653226852416992,25.653226852416992,19369390
2025-05-05,25.653227798202863,25.790655120331508,25.378371388956783,25.51580047607422,30965180
2025-05-06,25.83646464329005,26.294556880217154,25.74484584290688,26.202938079833984,33311193
2025-05-07,26.294556772595904,26.981696890162898,26.202937972587723,26.43198585510254,42749338
2025-05-08,26.43198585510254,26.75265077263681,26.340367055094358,26.43198585510254,23695696
2025-05-09,27.2565539234426,27.3023624420166,26.98169751703228,27.3023624420166,65787608
2025-05-12,27.30236242321469,27.348172706745913,26.89007869637752,27.027507781982422,19185125
2025-05-13,27.073316300524876,27.1191265840561,26.844270177835064,27.027507781982422,25325182
2025-05-14,27.073315774851594,27.393980693388848,27.02750725719859,27.210744857788086,25946391
2025-05-15,27.256555021401848,27.43979263305664,27.16493621557445,27.43979263305664,28551730
2025-05-16,27.439791687886455,27.577219009399414,27.34817288521489,27.577219009399414,44343345
2025-05-19,27.577219009399414,27.66883781207098,27.439791687886455,27.577219009399414,25642680
2025-05-20,27.577219009399414,27.714648095901154,27.439791687886455,27.577219009399414,17544782
2025-05-21,27.577219424342843,27.623029708862305,27.43979210076207,27.623029708862305,19777611
2025-05-22,27.439791415522986,27.623029019047326,27.393981132147516,27.531410217285156,19572253
2025-05-23,27.531410217285156,27.57721873567186,27.348172613760813,27.531410217285156,23751705
2025-05-26,27.3939806105347,27.71464729309082,27.348172093020246,27.71464729309082,26351113
2025-05-27,27.531410904812187,27.760457032443078,27.531410904812187,27.623029708862305,27602893
2025-05-28,27.62302849307318,27.71464729309082,27.485599410552346,27.71464729309082,30790236
2025-05-29,27.760456452700467,27.806264971274466,27.119126602731825,27.3023624420166,78588151
2025-06-02,27.11912624372642,27.760456085205078,27.11912624372642,27.760456085205078,46985287
2025-06-03,27.760457186910838,27.897886276245117,27.439792253445553,27.897886276245117,74422953
2025-06-04,27.89788464390551,27.943693161010742,27.66883676341319,27.943693161010742,31613238
2025-06-05,27.943693161010742,28.035311960209928,27.80626407971761,27.943693161010742,18712332
2025-06-06,27.98950253051356,28.310169219970703,27.8520752100239,28.310169219970703,22901539
2025-06-09,28.310168553749858,28.493404388427734,28.264358271338843,28.493404388427734,20663314
2025-06-10,28.493405219858023,28.676642824871454,28.493405219858023,28.585025787353516,21917656
2025-06-11,28.63083485194974,28.67664337158203,28.447597243442942,28.67664337158203,23554756
2025-06-12,28.493405763075234,28.67664337158203,28.493405763075234,28.67664337158203,13413235
2025-06-13,28.630832845998917,28.905689239501953,28.53921404816457,28.905689239501953,30818577
2025-06-16,28.905690476784365,29.088926315307617,28.905690476784365,29.088926315307617,28068528
2025-06-17,29.134737014770508,29.31797462089945,28.90569088960373,29.134737014770508,29843033
2025-06-18,29.134738383189443,29.317975997924805,29.043119575821763,29.317975997924805,35572781
2025-06-19,29.043119575821763,29.36378451911421,29.043119575821763,29.317975997924805,33171956
2025-06-20,29.31797462089945,29.455401943001757,28.951499408641567,29.134737014770508,39665065
2025-06-23,28.72245380960248,29.0889272635845,28.539216200117057,28.951499938964844,24595565
2025-06-24,29.088925517639172,29.317973398242685,29.088925517639172,29.226354598999023,25100736
2025-06-25,29.317974111184288,29.59282875061035,29.180546791471254,29.59282875061035,42033321
2025-06-26,29.547021060980303,29.77606718858827,29.455402256939355,29.684450149536133,39267307
2025-06-27,29.501212566629057,30.234159469604492,29.501212566629057,30.234159469604492,50554499
2025-06-30,30.142541611582388,30.142541611582388,29.821878453360195,30.09673309326172,45449023
2025-07-01,30.096734464805472,30.371589117232446,29.50121310956562,30.279972076416016,57733518
2025-07-02,30.05092539134385,30.234159469604492,29.913496302670744,30.234159469604492,20666563
2025-07-03,30.234158668265277,30.3715877532959,30.142541631563212,30.3715877532959,21497449
2025-07-04,30.417395746443862,30.783870946879414,30.417395746443862,30.554824829101562,25602870
2025-07-07,30.50901877575635,31.150348663330078,30.50901877575635,31.150348663330078,37118706
2025-07-08,31.150348663330078,31.333586278347966,31.104540142070046,31.150348663330078,38827651
2025-07-09,31.012920678026855,31.33358383178711,30.875491594999616,31.33358383178711,30831719
2025-07-10,31.196154536582412,31.883296417067605,30.9671084197465,31.79167938232422,37411287
2025-07-11,31.837490352999804,32.066536487485344,31.791681832098238,31.883298873901367,47915232
2025-07-14,31.974914295819367,32.24977246725957,31.929105777238515,32.20396041870117,44266045
2025-07-15,32.20395962008056,32.34138870239258,31.883296467989123,32.34138870239258,50499833
2025-07-16,31.974915119346992,32.34139033738762,31.79168104030431,32.29558181762695,45387267
2025-07-17,32.158152728367305,32.4330109068866,32.158152728367305,32.29558181762695,36815810
2025-07-18,32.29558208035131,32.29558208035131,31.9291068593294,32.06653594970703,48970277
2025-07-21,31.88329663391859,32.020725716945826,31.287775314103857,31.33358383178711,63616764
2025-07-22,31.658924650653596,31.946732324634002,31.562989979217836,31.850797653198242,43030397
2025-07-23,31.946732352017918,31.994699687776915,31.56299000627282,31.706892013549805,28434294
2025-07-24,31.658926043641998,31.658926043641998,31.323151019169657,31.5150203704834,25405255
2025-07-25,31.419085918235155,31.467053256404668,31.03533989353242,31.22721290588379,26145751
2025-07-28,31.22721255358939,31.658925911591197,30.843470192889217,30.891437530517578,29126990
2025-07-29,30.891436408439237,30.987371080211297,30.555659567727307,30.651596069335938,27714813
2025-07-30,30.65159661312967,30.939404293225028,30.60362744655604,30.843469619750977,31010241
2025-07-31,30.65159721550974,30.84347022590183,30.363787699921602,30.74753189086914,17494084
2025-08-04,30.747530892609273,31.371117241219675,30.699563556486893,31.275178909301758,29069748
2025-08-05,31.27517963785261,31.562990980637725,31.131277626133297,31.323150634765625,31704744
2025-08-06,31.323149848745064,31.562990188598633,31.227211516999745,31.562990188598633,28973947
2025-08-07,31.898766325234973,32.042671998090306,31.467052966342248,31.802831649780273,31968925
2025-08-08,31.946732900547442,32.04267123338584,31.61095788479604,31.898765563964844,28663969
2025-08-11,31.898766325234973,31.898766325234973,31.610958639197584,31.802831649780273,19476023
2025-08-12,31.754859322089352,31.850797653198242,31.610957314935717,31.850797653198242,26414277
2025-08-13,31.898767539065357,32.666255950927734,31.898767539065357,32.666255950927734,33563077
2025-08-14,32.85812869970349,33.09796905517578,32.762194021383934,33.09796905517578,32261832
2025-08-15,33.09796681123621,33.145934147143954,32.6182861328125,32.6182861328125,30516886
2025-08-18,32.61828838135336,32.954063415527344,32.18657500907724,32.954063415527344,34052733
2025-08-19,32.66625591241452,32.954063609064406,32.61828857291844,32.81016159057617,23636208
2025-08-20,33.00203097274552,33.00203097274552,32.42641198318224,32.5223503112793,24167844
2025-08-21,32.810157999187204,32.95406000192398,32.234539009221066,32.37844467163086,20276026
2025-08-22,32.71422236827221,32.71422236827221,32.186574328720724,32.28251266479492,13885256
2025-08-25,32.426413555590734,32.52235188833999,31.898765534325992,32.04267120361328,24404962
2025-08-26,31.89876532288582,32.33047866821289,31.706892318332322,32.33047866821289,68894201
2025-08-27,32.33047888251467,32.3784462190527,32.04267120361328,32.04267120361328,13357926
2025-08-28,32.18657169770296,32.426412028773285,32.09063702914404,32.23453903198242,18086667
2025-08-29,32.28251020488572,32.33047753943107,32.04266987248589,32.09063720703125,17684112
2025-09-01,32.13860699052028,32.28251266479492,32.0426723141194,32.28251266479492,14846255
2025-09-02,32.330478457692905,32.6182861328125,32.23454012620427,32.6182861328125,14673250
2025-09-03,33.0020334895724,33.0020334895724,32.378447118240665,32.57032012939453,19369307
2025-09-04,32.66625346872024,32.714220804627985,32.28251112178516,32.6182861328125,14683116
2025-09-05,32.71422059533552,32.90609359741211,32.61828592413379,32.90609359741211,23644431
2025-09-08,32.90609269091394,33.002031019145875,32.1386043634235,32.23453903198242,22354855
2025-09-09,32.42641198318224,32.61828497970333,32.330477314758205,32.5223503112793,23210133
2025-09-10,32.52235282525919,32.57032016317908,32.234541478393204,32.426414489746094,28371300
2025-09-11,32.61828497970333,32.714219648127376,32.37844464897022,32.5223503112793,26336345
2025-09-12,32.6182861606834,32.66625349663212,32.3784458212666,32.47438049316406,22795404
2025-09-15,32.61828637427627,32.810159379000766,32.138605692301624,32.18657302856445,20202457
2025-09-16,32.13860587668935,32.186573213227376,31.85079819778796,32.04267120361328,25306080
2025-09-17,32.23454134899971,32.23454134899971,31.802831649780273,31.802831649780273,16175770
2025-09-18,31.898764807259983,31.994699478149414,31.658924470363292,31.994699478149414,22253472
2025-09-19,32.138605692301624,32.330478697026116,31.802830678788634,32.18657302856445,29669743
2025-09-22,32.18657302856445,32.28251136076329,32.04267101977596,32.18657302856445,11406898
2025-09-23,32.09063933581766,32.09063933581766,31.658925976924937,31.802831649780273,27332864
2025-09-24,31.946732870864025,32.186573213227376,31.80283086124993,32.04267120361328,15569550
2025-09-25,32.138605354727034,32.18657269048603,31.65892467779081,31.706892013549805,24096771
2025-09-26,31.706892196706878,31.754859532742962,31.37111718478115,31.562990188598633,25032560
2025-09-30,31.994699478149414,32.04267047326724,31.658924470363292,31.994699478149414,33003145
2025-10-01,31.994699478149414,32.04267047326724,31.706891805808006,31.994699478149414,21777108
2025-10-02,31.898766358693443,32.09063936947739,31.658926010131836,31.658926010131836,25858145
2025-10-03,31.658924917627107,31.706892253749487,31.275178909301758,31.275178909301758,29326302
2025-10-07,31.179245533392077,31.46705322176565,30.891437845018505,31.371118545532227,30267228
2025-10-08,31.41908512276173,31.70689280416536,31.37111778580666,31.467052459716797,27101733
2025-10-09,31.610958672354172,31.802831683138116,31.56299133457651,31.658926010131836,25717122
2025-10-13,31.658925687349758,31.658925687349758,31.035339323578114,31.179244995117188,26430757
2025-10-14,31.179244778313166,31.754860141120425,31.179244778313166,31.467052459716797,30992753
2025-10-15,31.610958099365234,31.658925436273428,31.371117755151044,31.610958099365234,18259469
2025-10-16,31.6589245191539,31.6589245191539,30.987370842873588,31.083309173583984,34579499
2025-10-17,31.32315124189613,31.32315124189613,31.03533989353242,31.22721290588379,17063654
2025-10-20,31.22721178662658,31.22721178662658,30.891436771801647,30.98737144470215,15969714
2025-10-21,31.13127765782858,31.2751796696944,30.987371986289507,31.179244995117188,14971531
2025-10-22,31.275178909301758,31.275178909301758,31.083309564812243,31.275178909301758,19827967
2025-10-23,31.227212300612837,31.323150634765625,30.987371954740738,31.323150634765625,17239976
2025-10-27,29.83613949943679,30.17191635082901,28.684905103188203,29.068649291992188,276409514
2025-10-28,29.06864951373185,29.26052252451579,28.780841827392578,28.780841827392578,173375511
2025-10-29,28.828807804246072,29.068648141485514,28.73287313321954,28.972713470458984,117359695
2025-10-30,28.972714291302022,28.972714291302022,28.58896827697754,28.58896827697754,104930416
2025-10-31,28.493033030303195,28.68490420377074,28.349127362906824,28.541000366210938,93874810
2025-11-03,28.397097526814008,29.116618569740865,28.301161021789767,28.924745559692383,59818806
2025-11-04,28.924745449920273,29.260522301312495,28.87677811250851,29.068649291992188,53301988
2025-11-05,29.068649291992188,29.068649291992188,29.068649291992188,29.068649291992188,0
2025-11-06,29.45239494796215,29.45239494796215,28.732873916625977,28.732873916625977,80039479
2025-11-07,28.732873476019673,28.876777314112886,28.397096633911133,28.397096633911133,76054756
2025-11-10,28.3970973166923,28.588968495484412,28.205224308063563,28.30116081237793,43124791
2025-11-11,28.588968707025856,28.97271472712282,28.541001369432053,28.924745559692383,60132445
2025-11-12,29.068648141485514,29.260521143211687,28.972713470458984,28.972713470458984,42070776
2025-11-13,29.02068148868749,29.212554494927502,28.87677764892578,28.87677764892578,43668054
2025-11-14,28.924745670562213,29.020682175954185,28.588968816608638,28.780841827392578,47655028
2025-11-17,28.876776969595895,28.972713470458984,28.73287313321954,28.972713470458984,36370975
2025-11-18,28.780840599810755,28.97271360241079,28.684904098510742,28.684904098510742,33888452
2025-11-19,28.924745670562213,28.924745670562213,28.68490532200061,28.780841827392578,23322461
2025-11-20,28.972713470458984,28.972713470458984,28.73287313321954,28.972713470458984,21497264
2025-11-21,28.87677699620457,29.020680832713524,28.684903994301592,28.828807830810547,38013729
2025-11-24,29.020682270388967,29.548330307006836,29.020682270388967,29.548330307006836,103508478
2025-11-25,29.452394837809216,29.452394837809216,28.87677764892578,28.87677764892578,38953291
2025-11-26,29.212555504108437,29.260522842407227,29.068649829538742,29.260522842407227,30191825
2025-11-27,29.16458511352539,29.260521615938405,29.068648611112373,29.16458511352539,16467139
2025-11-28,29.260521038620762,29.308488373962568,29.06864803758043,29.11661720275879,25910367
2025-12-01,29.260521509711122,29.45239451384058,29.164585007646394,29.308488845825195,26860170
2025-12-02,29.356457878617796,29.596298217773438,29.308488712884724,29.596298217773438,37988537
2025-12-03,29.740202298166906,29.740202298166906,29.068648611112373,29.16458511352539,35205111
2025-12-04,29.16458611402687,29.548330307006836,29.16458611402687,29.548330307006836,22067491
2025-12-05,29.54833041888982,29.54833041888982,29.26052273052424,29.40442657470703,25061158
2025-12-08,30.55566013991313,31.610958017696476,30.075979452724027,30.69956398010254,139745945
2025-12-09,31.131276562843464,31.227211234046354,30.69956322308422,30.79549789428711,61989610
2025-12-10,30.79549789428711,31.131276562843464,30.79549789428711,30.79549789428711,24932149
2025-12-11,30.843470006117165,31.131277689817797,30.651596997092323,31.03533935546875,38112456
2025-12-12,31.227212115268234,31.80283113774872,31.179244778313166,31.467052459716797,40187691
2025-12-15,31.658926010131836,31.7068933479095,31.275179988563956,31.658926010131836,49462241
2025-12-16,31.658925436273428,32.09063878779362,31.610958099365234,31.610958099365234,58286172
2025-12-17,31.850799335960435,32.42641471433254,31.75486099978287,32.138607025146484,66595979
2025-12-18,32.42641358571985,32.81015959772705,31.56299054821344,31.898765563964844,76037139
2025-12-19,31.850798015051467,32.330478697026116,31.56299033780131,32.18657302856445,139849807
2025-12-22,32.09063914673889,32.23454115907306,31.75486046527928,31.946733474731445,112693819
2025-12-23,31.850798015051467,32.18657302856445,31.419084669339647,32.18657302856445,105691812
2025-12-24,31.802831744452373,32.57032012939453,31.515020397884932,32.57032012939453,107139802
2025-12-26,32.28251109444349,32.76219177246094,31.850797752293158,32.76219177246094,91300382
2025-12-29,32.57032035367089,32.57032035367089,32.23454166692116,32.28251266479492,33560540
2025-12-30,32.18657281779854,32.76219182820273,31.850797806484298,32.47438049316406,60237692
2025-12-31,32.47437934012204,32.66625233677742,32.04266967223871,32.37844467163086,59752525
2026-01-02,32.42641426911131,32.7142219543457,32.04267190868988,32.7142219543457,61401106
2026-01-05,32.57031882473467,32.81015916415146,32.330478485317876,32.47438049316406,54916136
2026-01-06,32.52235167276638,32.66625368142663,32.28251133199281,32.33047866821289,34316462
2026-01-07,32.37844624913725,32.37844624913725,31.850798227382242,31.898765563964844,43970526
2026-01-08,31.850798474703787,32.04267148219728,31.467052459716797,31.467052459716797,39961393
2026-01-09,31.5150203704834,31.706893381470433,31.323151019169657,31.5150203704834,22653667
2026-01-12,31.2751796696944,31.371118003944865,31.179244995117188,31.179244995117188,28479591
2026-01-13,31.275178515658546,31.275178515658546,31.083309173583984,31.083309173583984,25962019
2026-01-14,31.17924445017633,31.323150119200267,30.98737144470215,30.98737144470215,28618845
2026-01-15,31.131277084350586,31.371117426048706,31.131277084350586,31.131277084350586,30974461
2026-01-16,31.179244963373066,31.610958317877497,31.131277626133297,31.323150634765625,27570684
2026-01-19,31.323150986014905,32.13860670725505,31.275179988563956,31.658926010131836,36411174
2026-01-20,31.70689258768883,32.042671263428254,31.65892525106126,31.754859924316406,28815546
2026-01-21,31.658924470363292,31.994699478149414,31.515018804356032,31.994699478149414,32972521
2026-01-22,32.186574363398606,32.23454170165073,31.946734012464677,32.138607025146484,38419212
2026-01-23,32.282511575972045,32.282511575972045,31.65892522137864,31.898765563964844,33382923
2026-01-26,31.946733978045195,32.28251266479492,31.65892628916923,32.28251266479492,29923666
2026-01-27,32.37844469449382,32.426412028773285,32.23453903198242,32.23453903198242,27100993
2026-01-28,32.23454170165073,32.330480037828295,31.898766674212556,32.138607025146484,24938132
2026-01-29,32.1386056636594,32.37844600443297,31.946732659105898,32.33047866821289,35250612
2026-01-30,32.28251154597663,32.28251154597663,31.754859865038704,32.04267120361328,36105582
2026-02-02,32.09063914673889,32.09063914673889,31.371118106048208,31.946733474731445,29342179
2026-02-03,31.994700207402058,32.23454054976541,31.946732870864025,32.04267120361328,27776212
2026-02-04,32.04267099121923,32.52235167276638,32.04267099121923,32.33047866821289,26411876
2026-02-05,32.330479780370524,32.61828746726467,32.234541444956946,32.57032012939453,33145350
2026-02-06,32.330478457692905,32.6182861328125,32.090638118481046,32.6182861328125,22139971
2026-02-09,32.714221017646715,32.81015934976005,32.33047866821289,32.33047866821289,29639253
2026-02-10,32.3304798139063,32.52235282525919,32.3304798139063,32.426414489746094,22076186
2026-02-11,32.61828610518645,32.76219177246094,32.522351433452215,32.76219177246094,34396865
2026-02-23,33.28984051245326,33.481713519779944,33.05000016821322,33.43374252319336,71275747
2026-02-24,33.4817137066397,33.4817137066397,32.85812734426609,33.28984069824219,32673975
2026-02-25,33.19390346863781,33.57764949820087,32.8101610987481,33.52968215942383,38677536
2026-02-26,33.3857762936751,34.057330011757095,33.33780895517067,33.673583984375,95524125
2026-03-02,33.09796634016212,33.67358168220874,33.09796634016212,33.481712341308594,37337604
2026-03-03,33.19390101061219,33.67358168220874,33.19390101061219,33.481712341308594,35330852
2026-03-04,33.05000105502194,33.14593573142282,31.99470131624564,32.28251266479492,49100765
2026-03-05,32.37844825393852,32.666255950927734,32.37844825393852,32.666255950927734,30011738
2026-03-06,32.522351460997015,32.6182861328125,32.28251112178516,32.6182861328125,21907865
2026-03-09,31.323149462577167,32.13860514415667,31.27517846745934,31.994699478149414,42981891
2026-03-10,32.09063854015132,32.474380892128764,31.85079819778796,32.04267120361328,23612947
2026-03-11,32.04267180929416,32.6182871779774,31.946733474731445,31.946733474731445,23226940
2026-03-12,31.65892467779081,31.754859349308802,31.323149667804707,31.706892013549805,43744951
2026-03-13,31.610957342031814,31.898765016258924,31.51501901084069,31.706892013549805,27365397
2026-03-16,31.706893249219558,31.706893249219558,30.79549919558758,30.891437530517578,66828822
2026-03-17,30.987370869495397,31.227211206967766,30.699563196463178,30.939403533935547,54230037
2026-03-18,31.37111687332043,31.41908420888028,30.699563196463178,30.939403533935547,35443015
2026-03-19,30.939404543220096,30.939404543220096,30.363787348541702,30.41175651550293,40621107
2026-03-20,30.651596097149316,30.651596097149316,30.02800975104564,30.5076904296875,53319473
2026-03-23,29.836138346814348,29.980042183327004,29.59629800934773,29.884105682373047,36204525
2026-03-24,29.88410668894969,30.36378738003985,29.740202847589963,30.267850875854492,21388452
2026-03-25,31.08330922724202,31.08330922724202,30.363786384364424,30.79549789428711,27081141
2026-03-26,31.131277689817797,31.131277689817797,30.69956433443022,31.03533935546875,22979526
2026-03-27,30.79549919558758,31.035339543402664,30.699564520330856,30.891437530517578,18374632
2026-03-30,30.65159664331827,30.93940432369709,30.603627476697397,30.69956398010254,34854250
2026-03-31,30.65159743805471,30.843470449839888,30.45972442626953,30.45972442626953,24074867
2026-04-01,30.8434694353514,30.98737144470215,30.555659927140123,30.98737144470215,19103408
2026-04-02,31.131277299846335,31.27517931005741,30.795498623340745,30.843469619750977,20384633
2026-04-07,30.891436171836308,31.083309173583984,30.69956317008863,31.083309173583984,16300812
2026-04-08,31.515019435263667,31.515019435263667,30.939404079057454,31.131277084350586,24005657
2026-04-09,31.083309564812243,31.275178909301758,30.89143656064957,31.275178909301758,24790884
2026-04-10,31.275178542527616,31.275178542527616,30.891436198375697,30.939403533935547,25510433
2026-04-13,30.93940490126123,30.93940490126123,30.69956455318944,30.74753189086914,28343353
2026-04-14,31.083310857158658,31.371118545532227,30.939405183135214,31.371118545532227,30915340
2026-04-15,31.46705242896743,31.75486011008982,31.275179421661434,31.610958099365234,37815055
2026-04-16,31.658926010131836,31.85079902091578,31.467052999347896,31.658926010131836,24377545
2026-04-17,31.70689222509755,31.70689222509755,31.179244208881876,31.419084548950195,23888253
2026-04-20,31.562991367985127,31.802831716800593,31.419085694826528,31.5150203704834,38664279
2026-04-21,31.75486011008982,31.802831106671235,31.419085092059237,31.610958099365234,38161539
2026-04-22,31.51501901084069,31.754859349308802,31.467051675081695,31.706892013549805,42378354
2026-04-23,31.419084762453693,31.7068924405568,31.035338751867428,31.131277084350586,41935901
2026-04-24,31.083310891375252,31.37111858006564,30.98737255536291,31.22721290588379,38156168
2026-04-27,31.03533989353242,31.37111858006564,30.699564866672517,31.22721290588379,39737264
2026-04-28,31.371117426048706,31.610957767746825,30.84346940624748,31.131277084350586,30565746
2026-04-29,31.515018852924864,31.515018852924864,30.79549784112591,31.083309173583984,34627157
2026-04-30,30.79549876240753,31.0833101034758,30.507691081012485,30.555660247802734,48027552
2026-05-04,30.843468755033147,30.843468755033147,30.02800941467285,30.02800941467285,58039906
2026-05-05,30.028010530309412,30.267850875854492,29.83613935177532,30.267850875854492,35488421
2026-05-06,30.363787240314963,30.65159675154662,30.21988339961744,30.555660247802734,39699184
2026-05-07,30.555659386443324,31.17924389844491,30.555659386443324,30.79549789428711,42145223
2026-05-08,31.179244995117188,31.179244995117188,30.603627798470775,31.179244995117188,39712350
2026-05-11,31.17924445017633,31.22721178662658,30.98737144470215,30.98737144470215,28547364
2026-05-12,30.987371108329356,30.987371108329356,30.459723093757944,30.5076904296875,48048232
2026-05-13,30.74753200196503,30.795499339818047,30.315820471777943,30.603628158569336,30782574
2026-05-14,30.65159675154662,30.79549876240753,30.45972374405885,30.555660247802734,25449749
2026-05-15,30.651596069335938,30.79549807699403,30.5076904020047,30.651596069335938,35325531
2026-05-18,30.89143720609549,30.89143720609549,30.41175651550293,30.41175651550293,33080371
2026-05-19,30.507690973292256,31.083309993723105,30.459723636507988,30.69956398010254,33720124
2026-05-20,30.699564197923817,30.747531535048424,30.31582001141709,30.41175651550293,32246194
2026-05-21,30.74753156694465,30.74753156694465,30.267850875854492,30.267850875854492,28399180
2026-05-22,30.219882415914867,30.50769008794134,30.02800941467285,30.02800941467285,40349986
2026-05-25,30.02801031266343,30.075979479326733,29.64426612854004,29.64426612854004,47190612
2026-05-26,29.64426534490643,30.21988252079362,29.64426534490643,29.884105682373047,48255231
2026-05-27,29.884105682373047,29.980042183327004,29.692234510301688,29.884105682373047,51968863
2026-05-28,29.884105999594244,29.884105999594244,29.404425319569178,29.452394485473633,67283398
2026-05-29,29.64426677893952,29.74020328453438,29.500362935465553,29.692235946655273,119214266
2026-06-01,29.692234381469355,30.219882389671863,29.548328715744535,30.17191505432129,59180255
2026-06-02,30.123947319607325,30.891437530517578,30.123947319607325,30.891437530517578,77577118
2026-06-03,30.987372302224685,31.946733696471107,30.74753195366308,31.658926010131836,77658762
2026-06-04,31.658923876776953,32.33047753943107,31.56298920768624,32.09063720703125,71135496
2026-06-05,32.09063780871196,32.234539815046105,31.562989799473858,31.994699478149414,49042099
2026-06-08,31.41908452081723,31.754859532742962,30.98737117714618,31.562990188598633,57314289
2026-06-09,31.562992465311034,32.954063609064406,31.562992465311034,32.81016159057617,87919871
2026-06-10,32.61828769187133,32.76219336614597,31.802831963443875,32.28251266479492,59233428
2026-06-11,32.28251114936915,32.47438049316406,31.706892138964964,32.47438049316406,45334288
2026-06-12,32.76219405866986,33.289842109374725,32.57032104213899,32.954063415527344,49589036
2026-06-15,33.43374405124686,33.43374405124686,33.002034339622526,33.24187469482422,41038784
2026-06-16,33.2898391372438,33.91342181070368,33.04999880291161,33.7695198059082,59025011
2026-06-17,33.865454272260486,34.44107326700247,33.625613939369586,34.05732727050781,59850065
2026-06-18,34.05732994047995,34.776850995560515,33.961395263671875,33.961395263671875,97345884
2026-06-22,34.53700773222103,35.11262306388884,34.249200066387125,34.34513473510742,105600540
2026-06-23,34.34513473510742,34.87278273241508,34.105294403633664,34.34513473510742,55941795
2026-06-24,33.86545584373151,34.05732885088239,33.5776481628418,33.5776481628418,66491484
2026-06-25,33.6735825920954,34.3451362824111,33.48171324601079,34.009361267089844,76354128
2026-06-26,33.57764841298101,33.913423433241526,33.14593505859375,33.14593505859375,41600297
2026-06-29,33.625617105280135,33.67358444443992,32.95406337802305,33.09796905517578,49320209
2026-06-30,33.19390124374634,33.48171257646416,32.76219156401584,33.04999923706055,67607696
2026-07-01,32.95000076293945,33.29999923706055,32.79999923706055,32.900001525878906,83709216
2026-07-02,32.79999923706055,33.70000076293945,32.79999923706055,33.70000076293945,53197873
2026-07-03,33.70000076293945,34.599998474121094,33.599998474121094,33.70000076293945,47473805
2026-07-06,33.75,34.45000076293945,33.75,34.45000076293945,30418820
2026-07-07,34.29999923706055,34.650001525878906,34.29999923706055,34.5,44122973
2026-07-08,34.599998474121094,35.0,34.20000076293945,34.75,42967517
2026-07-09,34.95000076293945,35.349998474121094,34.349998474121094,34.75,42358397
2026-07-10,34.75,34.75,34.75,34.75,0
2026-07-13,34.75,34.900001525878906,34.45000076293945,34.599998474121094,31794935
2026-07-14,34.79999923706055,34.79999923706055,33.95000076293945,34.5,66796803
2026-07-15,34.54999923706055,35.0,34.29999923706055,34.45000076293945,33385690
2026-07-16,34.400001525878906,34.95000076293945,34.400001525878906,34.900001525878906,35898516
2026-07-17,34.599998474121094,35.5,34.5,35.099998474121094,97069574
2026-07-20,35.29999923706055,36.0,35.099998474121094,35.849998474121094,79720472
2026-07-21,35.849998474121094,37.20000076293945,35.849998474121094,36.95000076293945,65699907
