date,open,high,low,close,volume
2021-07-22,25.334931318319796,25.488943139877,25.296427970935184,25.450441360473633,13622249
2021-07-23,25.450443225100017,25.48894500732422,25.3734365246889,25.48894500732422,12181190
2021-07-26,25.48894058597922,25.52744392950594,25.296425436326707,25.41193389892578,11452934
2021-07-27,25.411936445107777,25.450441360473633,25.296427970935184,25.450441360473633,8716639
2021-07-28,25.450438810433585,25.48894058597922,25.296425436326707,25.41193389892578,16163882
2021-07-29,25.4119383069131,25.48894500732422,25.33493317448334,25.48894500732422,11119900
2021-07-30,25.48894500732422,25.48894500732422,25.33493317448334,25.48894500732422,21711956
2021-08-02,25.48894058597922,25.48894058597922,25.334928779853428,25.41193389892578,15913211
2021-08-03,25.450443225100017,25.48894500732422,25.3734365246889,25.48894500732422,19384201
2021-08-04,25.450437816065204,25.527442932128906,25.450437816065204,25.527442932128906,15609749
2021-08-05,25.527442932128906,25.527442932128906,25.450437816065204,25.527442932128906,13743249
2021-08-06,25.488941795620143,25.604450263700954,25.45044001824731,25.565948486328125,22491853
2021-08-09,25.488941795620143,25.565948486328125,25.334929982185336,25.565948486328125,22936982
2021-08-10,25.565949834646226,25.565949834646226,25.411936445107777,25.450441360473633,26344590
2021-08-11,25.450441360473633,25.488943139877,25.37343466570441,25.450441360473633,46427215
2021-08-12,24.868161185645736,25.02990541179829,24.746853427707368,24.827726364135742,108142505
2021-08-13,24.90859621852882,25.191648186309177,24.82772493346476,25.110776901245117,25383655
2021-08-16,25.110776901245117,25.1512133671292,24.9490326844129,25.110776901245117,25969652
2021-08-17,25.110776901245117,25.110776901245117,25.110776901245117,25.110776901245117,0
2021-08-18,25.434267044067383,25.474703512668754,25.31295763826327,25.434267044067383,20140541
2021-08-19,25.393830701275284,25.434267170076993,25.23208647277268,25.312957763671875,23247478
2021-08-20,25.434267044067383,25.51513833456591,25.110778588664836,25.434267044067383,19087979
2021-08-23,25.515136619973614,25.515136619973614,25.110776901245117,25.110776901245117,26714423
2021-08-24,25.191647435328356,25.353391647338867,25.11077615267513,25.353391647338867,11085263
2021-08-25,25.434267044067383,25.434267044067383,25.31295763826327,25.434267044067383,13226871
2021-08-26,25.393830575466012,25.474703512668754,25.23208634776474,25.434267044067383,12228104
2021-08-27,25.434266448500754,25.87906265258789,25.39382998084624,25.87906265258789,17254670
2021-08-30,25.879061518892946,26.242984771728516,25.798188587126752,26.242984771728516,15464236
2021-08-31,26.202550680886763,26.526039123535156,26.08124292656965,26.526039123535156,25614607
2021-09-01,26.364293081143916,26.404731194587708,26.242985327629086,26.3238582611084,13176927
2021-09-02,26.28342075498708,26.32385722012767,25.879061043693397,25.959932327270508,14414243
2021-09-03,26.04080628733908,26.3238582611084,26.000369820599428,26.3238582611084,20299302
2021-09-06,26.323858937872014,26.364293758947078,26.162114713459225,26.283422470092773,13267430
2021-09-07,26.283421237611613,26.283421237611613,26.121677020783327,26.242984771728516,7715337
2021-09-08,26.242986002313533,26.283422470092773,26.040806956825676,26.283422470092773,14232068
2021-09-09,26.12167739868164,26.20255033161781,26.040806112449598,26.12167739868164,8898900
2021-09-10,26.121677020783327,26.283421237611613,26.040805735721232,26.242984771728516,14422984
2021-09-13,26.20255033161781,26.20255033161781,26.040806112449598,26.12167739868164,12132422
2021-09-14,26.242986002313533,26.283422470092773,26.162114713459225,26.283422470092773,13642363
2021-09-15,26.283420939265476,26.283420939265476,26.081241905553153,26.162113189697266,11324208
2021-09-16,26.162113189697266,26.283420939265476,26.081241905553153,26.162113189697266,9411059
2021-09-17,26.162112327950794,26.283420073523285,26.000368118286133,26.000368118286133,26370266
2021-09-22,25.879061043693397,26.040805257551686,25.79818811341222,25.959932327270508,27874718
2021-09-23,26.04080666545847,26.202550888061523,25.95993373080486,26.202550888061523,12191050
2021-09-24,26.242985708684166,26.28342217601097,26.121677953407914,26.202550888061523,9262559
2021-09-27,26.202549655121363,26.283420939265476,26.040805440129052,26.162113189697266,11937662
2021-09-28,26.121677953407914,26.202550888061523,25.95993373080486,26.202550888061523,6784790
2021-09-29,26.000367816797453,26.04080428042074,25.879060072631592,25.919496536254883,22490396
2021-09-30,25.879060072631592,26.04080428042074,25.879060072631592,25.919496536254883,13089913
2021-10-01,25.879060072631592,25.959931353174163,25.757752328465735,25.919496536254883,24973844
2021-10-04,25.919497508833988,26.000368792411095,25.879061043693397,25.959932327270508,9966815
2021-10-05,25.919496536254883,25.959931353174163,25.798187145385015,25.919496536254883,15930938
2021-10-06,25.91949739452107,26.16211289088646,25.798187999634315,26.081241607666016,15920391
2021-10-07,26.162114420734717,26.28342217601097,26.08124313278527,26.202550888061523,13136667
2021-10-08,26.20254935584871,26.20254935584871,26.000368677741513,26.081241607666016,11062156
2021-10-12,25.95993280395504,26.242984771728516,25.798188587126752,26.242984771728516,22481223
2021-10-13,26.242986002313533,26.283422470092773,26.121678245679984,26.283422470092773,14489591
2021-10-14,26.283421617849857,26.364292904081903,26.12167739868164,26.12167739868164,12213278
2021-10-15,26.162114713459225,26.283422470092773,26.08124342460492,26.283422470092773,12670759
2021-10-18,26.28342159213359,26.64734649658203,26.20255030598067,26.64734649658203,21400336
2021-10-19,26.647345638975352,26.647345638975352,26.44516496004377,26.4856014251709,11567563
2021-10-20,26.485602949905584,26.6473471730214,26.485602949905584,26.606910705566406,12056043
2021-10-21,26.606910030153507,26.687781316306427,26.52603874400059,26.64734649658203,21717558
2021-10-22,26.647347051420972,26.76865480652823,26.526039296313716,26.728219985961914,14861222
2021-10-25,26.687782839504695,26.76865577697754,26.60691154873607,26.76865577697754,8655976
2021-10-26,26.768656228910285,27.092144690854653,26.728221406195424,27.051708221435547,22364312
2021-10-27,26.970834732055664,27.092142483726104,26.930398265930812,26.970834732055664,9615028
2021-10-28,26.97083570219611,27.01127052307129,26.84952794616223,27.01127052307129,8151968
2021-10-29,26.93039923461676,27.01127052307129,26.728220190128354,27.01127052307129,14859613
2021-11-01,27.011270228612965,27.011270228612965,26.8899624739015,26.93039894104004,8962430
2021-11-02,26.97083540817858,27.011270228612965,26.8899624739015,26.93039894104004,13813259
2021-11-03,26.88996276703741,27.01127052307129,26.809091478582882,27.01127052307129,9817388
2021-11-04,27.011271752016437,27.051708221435547,26.88996399046336,27.051708221435547,8673364
2021-11-05,27.011268131871045,27.25388526916504,26.9708333145754,27.25388526916504,16505109
2021-11-08,27.253886619139028,27.253886619139028,27.092142401832657,27.17301368713379,8358872
2021-11-09,27.173012341165702,27.25388526916504,27.051704595870714,27.25388526916504,12726097
2021-11-10,27.25388642175702,27.496501922607422,27.092142205622054,27.496501922607422,24247041
2021-11-11,27.496501062270447,27.496501062270447,27.25388556901123,27.33475685119629,9716568
2021-11-12,27.415630340576172,27.496501624414577,27.29432259146652,27.415630340576172,9914772
2021-11-15,27.45606803894043,27.496502859323584,27.33475863767852,27.45606803894043,13031802
2021-11-16,27.45606605921983,27.658245086669922,27.4156295950482,27.658245086669922,17989998
2021-11-17,27.536937340859062,27.698681550841552,27.536937340859062,27.658245086669922,13757588
2021-11-18,27.698683805117188,28.10304518633465,27.658247337654608,28.06260871887207,16678335
2021-11-19,28.022172927856445,28.062609396295148,27.698684473755225,28.022172927856445,15559437
2021-11-22,27.9008631852436,27.94129965319346,27.53693991380739,27.61781120300293,15972767
2021-11-23,27.577373504638672,27.698681249128164,27.496500577176334,27.577373504638672,12134334
2021-11-24,27.577377480661067,27.981737236160075,27.496504541538716,27.779558181762695,12101399
2021-11-25,27.73912106639036,27.900863647460938,27.577376838615574,27.900863647460938,10589442
2021-11-26,27.617809373524228,27.77955523460919,27.37519387530493,27.415630340576172,22225529
2021-11-29,27.33475741003369,27.57737455495706,27.253886126195283,27.415630340576172,16814393
2021-11-30,27.29432184923734,27.658245086669922,27.132577639254844,27.658245086669922,56178049
2021-12-01,27.294324399516583,27.658247670952793,27.294324399516583,27.61781120300293,9562556
2021-12-02,27.456067282602042,27.69868278503418,27.334757884681867,27.69868278503418,13332890
2021-12-03,27.658247670952793,27.739120606852516,27.53693991380739,27.61781120300293,14406714
2021-12-06,27.496502569668554,27.981735229492188,27.415631283050015,27.981735229492188,18888212
2021-12-07,27.86042617464457,28.386096954345703,27.73912006656608,28.386096954345703,22599660
2021-12-08,28.386097507824175,28.547840086218624,28.264788103972066,28.466970443725586,24203039
2021-12-09,28.466970475823977,28.547840118408203,28.264788135842487,28.547840118408203,12747218
2021-12-10,28.46696904861309,28.871327121486566,28.386096116675112,28.830890655517578,17413398
2021-12-13,28.830891297017207,28.952200697623358,28.58827578921318,28.709585189819336,15384898
2021-12-14,28.58827523435555,28.628711700439453,28.386096197344248,28.628711700439453,11634911
2021-12-15,28.547840086218624,28.588276554169326,28.386097507824175,28.466970443725586,8335621
2021-12-16,28.46697023141458,28.79045867919922,28.42653376376546,28.79045867919922,24020656
2021-12-17,28.507404525953284,29.0330753326416,28.507404525953284,29.0330753326416,30758207
2021-12-20,28.871329485056616,29.11394500732422,28.70958690134771,29.11394500732422,22232603
2021-12-21,29.073508093872775,29.073508093872775,28.87132577346784,28.911762237548828,16675974
2021-12-22,28.871327121486566,28.871327121486566,28.750021016987805,28.830890655517578,13865489
2021-12-23,28.79045812355677,28.830891297017207,28.6287122560819,28.709585189819336,16125622
2021-12-24,28.709585189819336,28.79045812355677,28.58827578921318,28.709585189819336,10206324
2021-12-27,28.709585743900973,28.79045867919922,28.588276340953605,28.79045867919922,11188673
2021-12-28,28.79045867919922,28.79045867919922,28.628712808602728,28.79045867919922,9350806
2021-12-29,28.79045867919922,28.911764788738243,28.709585743900973,28.79045867919922,12205631
2021-12-30,28.790457446753102,28.87132708518118,28.70958451491682,28.75002098083496,9223535
2022-01-03,28.79045824461757,28.871327885286775,28.466969801715877,28.588275909423828,16884834
2022-01-04,28.62871158308054,28.75002098083496,28.507402185326118,28.75002098083496,16412832
2022-01-05,28.62871158308054,28.75002098083496,28.54783865124426,28.75002098083496,15274886
2022-01-06,28.628713962789014,29.11394500732422,28.58827749350967,29.11394500732422,19564501
2022-01-07,29.11394420606943,29.51830559432585,29.033074563144854,29.27569007873535,24779667
2022-01-10,29.275686936849272,29.275686936849272,28.952198519642803,29.23525047302246,15192165
2022-01-11,29.113941929071256,29.922664642333984,29.073508757475437,29.922664642333984,27580059
2022-01-12,29.922664642333984,29.922664642333984,29.68004585231029,29.922664642333984,22516443
2022-01-13,29.92266869373048,30.610078811645508,29.92266869373048,30.610078811645508,36607607
2022-01-14,30.529208003763983,30.610077648239507,29.963104025393058,30.286592483520508,26781581
2022-01-17,30.165283300850742,30.20571977009321,29.801358371077004,29.963104248046875,20470690
2022-01-18,29.96310292832329,30.24615490714508,29.760920591016063,30.124845504760742,17233760
2022-01-19,29.963101107337934,29.963101107337934,29.76091878231819,29.922664642333984,17420120
2022-01-20,29.760919453570402,30.003534955658118,29.72048628106262,29.88222885131836,14207939
2022-01-21,29.72048572502768,29.801355361938477,29.396997297160073,29.801355361938477,21262836
2022-01-24,29.51830461906705,29.88222952713323,29.39699851198384,29.841793060302734,13840089
2022-01-25,29.437431685406057,29.841793060302734,29.356562045153343,29.841793060302734,26055415
2022-01-26,29.760919453570402,30.08440788749009,29.59917688331466,29.88222885131836,14089651
2022-02-07,29.922664851827182,30.73138427734375,29.922664851827182,30.73138427734375,31410640
2022-02-08,30.81225858230928,31.54010840312589,30.731385648127812,31.499671936035156,42106947
2022-02-09,31.499673972101647,31.620980087806497,31.297491623579376,31.37836456298828,25473111
2022-02-10,31.378358274764473,31.378358274764473,30.81225439916637,31.2974853515625,20110257
2022-02-11,31.13574903817007,31.418801032692738,31.014439629056707,31.37836456298828,16829008
2022-02-14,31.095312118530273,31.13574858764963,30.771823658983884,31.095312118530273,23601513
2022-02-15,30.974002254757885,31.014438723281394,30.771823205548756,30.812259674072266,12134199
2022-02-16,30.89313316345215,31.054875747029538,30.771823755712752,30.89313316345215,18773822
2022-02-17,30.974001485128497,31.054874420166016,30.81225890846179,31.054874420166016,15745945
2022-02-18,30.812259674072266,30.974002254757885,30.731386737025247,30.812259674072266,13954773
2022-02-21,30.73138427734375,30.73138427734375,30.448332313742544,30.73138427734375,24781216
2022-02-22,30.488767060537203,30.529203523545064,30.12484218687444,30.407894134521484,35292480
2022-02-23,30.407897066949634,30.85269490952282,30.36746060004223,30.771821975708008,21683515
2022-02-24,30.569644376227373,30.569644376227373,30.32702556334116,30.488771438598633,29600879
2022-02-25,30.367457671513627,30.448330597529345,30.12484218687444,30.407894134521484,38908206
2022-03-01,30.367462356656574,30.89313316345215,30.286592711572116,30.89313316345215,24752688
2022-03-02,30.852696142595775,30.852696142595775,30.569644156339628,30.812259674072266,17260138
2022-03-03,30.812259674072266,30.852696142595775,30.690950268501737,30.812259674072266,12492259
2022-03-04,30.73138427734375,30.73138427734375,30.32702291788139,30.73138427734375,16107159
2022-03-07,30.327024338689927,30.448333740234375,29.92266625369171,30.448333740234375,37161236
2022-03-08,30.327023190334792,30.56964198423675,30.16528062114167,30.205717086791992,29677253
2022-03-09,30.327024426344646,30.690949338621547,30.24615478515625,30.24615478515625,17047621
2022-03-10,30.327022841460824,30.93356323242188,30.327022841460824,30.933563232421875,18126836
2022-03-11,30.731383042641916,30.89312889729162,30.56964048140023,30.690946578979492,8463070
2022-03-14,30.731384637989553,31.135746002197266,30.731384637989553,31.135746002197266,16835595
2022-03-15,31.135746558608727,31.29748913113732,30.974000692671886,31.21661949157715,16091812
2022-03-16,31.337923362668885,31.9444637298584,31.135744338075053,31.9444637298584,41621331
2022-03-17,32.672311270967846,32.83405382098675,31.984898023219944,32.389259338378906,33320481
2022-03-18,32.67231301818208,32.99580142892685,32.47013399649459,32.71274948120117,40818320
2022-03-21,32.712754554483155,32.83406066894531,32.712754554483155,32.83406066894531,16074376
2022-03-22,32.75319067643323,33.27885818481445,32.71275420757184,33.27885818481445,19676894
2022-03-23,33.31929586128961,34.3301977392379,33.31929586128961,34.249324798583984,34898185
2022-03-24,34.12800912425236,34.370624608279485,33.84495717731938,34.1684455871582,15383946
2022-03-25,34.04713686873871,34.330192114652256,33.56190589113154,34.12800979614258,31294709
2022-03-28,33.72365285133551,34.37062641154894,33.64277992128078,34.289756774902344,23172635
2022-03-29,34.20888211657894,34.249318579563415,33.96626663208008,33.96626663208008,11004634
2022-03-30,34.12800912425236,34.289754975875745,33.76408425150768,34.1684455871582,21162755
2022-03-31,34.20888369369055,34.77498761475597,34.087574299144485,34.694114685058594,24337103
2022-04-01,34.57281347791516,34.936735126252486,34.411067595624274,34.855865478515625,21735415
2022-04-06,34.936732153387354,35.6241455078125,34.61324370974071,35.6241455078125,29986403
2022-04-07,35.745454231558696,36.71591954410089,35.50283872677521,35.664581298828125,55351367
2022-04-08,35.70501388473443,35.947629363150206,35.38152548237743,35.866756439208984,20280929
2022-04-11,35.90720027800486,36.27112521709771,35.664584749745806,36.10938262939453,24012941
2022-04-12,36.06894505776443,36.10938152680765,35.70502012978389,35.947635650634766,17122725
2022-04-13,35.98806866771799,36.39243002595559,35.82632610046784,36.351993560791016,21820648
2022-04-14,36.43287136380883,36.47330783438155,34.73455606679746,34.855865478515625,36919342
2022-04-15,34.69411588157525,35.381529220893974,34.28975780595925,34.653682708740234,27534568
2022-04-18,34.451502845895135,34.49193931503556,33.31929488359705,33.885398864746094,40321549
2022-04-19,33.92583363252861,34.20888560890826,33.44059932058613,33.56190872192383,25635217
2022-04-20,33.60234889880057,33.96627384958337,33.15755100486411,33.76409149169922,32959837
2022-04-21,33.72365811713774,33.72365811713774,32.914935277128166,33.15755081176758,30427408
2022-04-22,32.914931172673576,33.60234451293945,32.87449470637461,33.60234451293945,28044752
2022-04-25,33.27885607595599,33.80452355102603,33.15754667705911,33.60234451293945,29075792
2022-04-26,33.72365560750929,33.96627112409388,33.44060032918415,33.92583465576172,22223003
2022-04-27,33.60234383846776,33.92583226895811,33.60234383846776,33.64278030395508,23675369
2022-04-28,33.56191223177236,33.764091295070436,32.995808219810854,33.15755081176758,26970249
2022-04-29,33.15754601151548,33.804522872496165,33.07667637394901,33.64278030395508,18833768
2022-05-03,33.48103415373793,33.48103415373793,32.99580315888428,33.03623962402344,11545878
2022-05-04,33.40016451686775,33.40016451686775,32.834057298327636,33.03623962402344,14498923
2022-05-05,33.238421833910685,33.27885830291558,31.984904468392752,32.22751998901367,35454531
2022-05-06,31.418798796650723,31.944466278580418,31.216619755925826,31.82316017150879,33690150
2022-05-09,31.176182102093165,31.45923406569437,30.73138427734375,30.73138427734375,32713657
2022-05-10,30.40789882590304,31.095312216276003,30.16528330383272,30.89313316345215,32811792
2022-05-11,30.731382863870735,31.014434814453125,30.650509937016338,31.014434814453125,25610553
2022-05-12,30.690947597184635,30.731384062188585,29.720485610722367,29.922664642333984,34215106
2022-05-13,29.922665317234348,30.08440788749009,29.356561381226943,29.88222885131836,31434296
2022-05-16,29.96310246079422,30.08440856787743,29.316125578322847,29.841793060302734,26154009
2022-05-17,29.720485919005164,29.760919091020384,29.43743066104146,29.477867126464844,22668840
2022-05-18,29.47787037980339,30.407899306959848,29.47787037980339,30.3270263671875,26428644
2022-05-19,29.841791905042715,29.8822283703078,29.51830347633018,29.59917640686035,24021258
2022-05-20,29.760922603943833,30.165284012499594,29.558743546370227,30.003538131713867,23345697
2022-05-23,30.08440589904785,30.48876723807307,29.639611390187298,30.08440589904785,22489855
2022-05-24,30.165278825534493,30.56964016455971,30.00353297256121,30.08440589904785,17393158
2022-05-25,30.165278649882296,30.448330597529345,29.922663165243108,30.407894134521484,21389724
2022-05-26,30.448333268250813,30.488769734805487,30.124844829221693,30.165281295776367,16634582
2022-05-27,30.327021699425675,30.771819506304343,30.16527913818399,30.690946578979492,19648671
2022-05-30,30.893133066341957,31.13574858764963,30.569644606795567,31.095312118530273,27421884
2022-05-31,31.05487488119892,31.337926864624023,30.569643850586846,31.337926864624023,50843896
2022-06-01,31.297491269099854,31.297491269099854,30.852696694205683,30.89313316345215,17395312
2022-06-02,30.6909472525137,30.85269311071303,30.407895294072965,30.650510787963867,18659956
2022-06-06,30.165281643825864,30.731385595306516,29.922666135106766,30.569643020629883,27564753
2022-06-07,30.28659238793523,30.529207907413003,30.205719450306493,30.488771438598633,19418893
2022-06-08,30.569644376227373,30.610077551633303,30.36746203215553,30.488771438598633,11888433
2022-06-09,30.327020664543017,30.327020664543017,29.96309909081572,30.04397201538086,21751369
2022-06-10,29.760922603943833,30.04397789531885,29.639616486763092,30.003538131713867,17781878
2022-06-13,29.356562249787945,29.5183048248291,28.952200872072602,29.5183048248291,33933948
2022-06-14,29.356562045153343,29.922665993963726,29.275689111492355,29.841793060302734,17852759
2022-06-15,29.396999483234794,29.43743265799289,29.11394420606943,29.27569007873535,29842407
2022-06-16,29.518302426402116,29.80135437978177,29.194814009195646,29.23525047302246,23563630
2022-06-17,28.992637972959116,29.11394408353964,28.34566107183508,28.547840118408203,70885167
2022-06-20,28.547839175934357,28.952200549139448,27.981735229492188,27.981735229492188,55935129
2022-06-21,28.42653376376546,29.194816768873757,28.305224360818094,28.79045867919922,55793288
2022-06-22,28.790457564775064,29.11394270662986,28.345659731260344,28.628711700439453,48393737
2022-06-23,29.15437986114972,29.39699866338221,28.38609686763838,28.588275909423828,41591542
2022-06-24,29.316123400676087,29.518302426402116,28.992634983469618,29.23525047302246,21605704
2022-06-27,29.59917853065881,29.680048173583387,29.27569007873535,29.27569007873535,17892796
2022-06-28,29.47786900171403,29.518305469709805,29.275689955143545,29.39699935913086,11720195
2022-06-29,28.952203201963343,29.194818730753397,28.750024143539726,28.87133026123047,19861723
2022-06-30,28.709585990393396,28.87132856897022,28.466970475823977,28.547840118408203,20717009
2022-07-01,28.547838886295022,28.750021217550408,28.386096314698946,28.507402420043945,18158871
2022-07-04,28.709583210551944,29.11394126454571,28.62871028238997,28.911762237548828,18724623
2022-07-05,29.11394258728182,29.27568845095438,28.70958451491682,28.75002098083496,10992366
2022-07-06,28.91176500436659,28.95220147231729,28.386097507824175,28.466970443725586,14942177
2022-07-07,28.507400471579228,28.62870986204103,28.143478887009827,28.426530838012695,13730735
2022-07-08,28.507401824196865,28.628711220414548,28.305222790575552,28.345659255981445,8442980
2022-07-11,28.224349569107275,28.26478603409675,27.739118576049805,27.739118576049805,12693636
2022-07-12,27.41563315279902,27.456069622218127,26.970836929301576,27.051708221435547,15351514
2022-07-13,27.739119639450774,28.507402623479187,27.65824670637149,28.183914184570312,25165069
2022-07-14,28.143479855522045,28.30522242162922,27.90086106624911,27.94129753112793,10284224
2022-07-15,27.73911876933795,27.819991699880433,27.415630340576172,27.415630340576172,14182903
2022-07-18,27.415632156661985,27.819993542752243,27.25388793156672,27.61781120300293,15699459
2022-07-19,27.496503445857527,27.77955707480238,27.415632156661985,27.61781120300293,8364785
2022-07-20,27.77955707480238,28.10304552499291,27.496503445857527,27.61781120300293,16858017
2022-07-21,27.49650268769495,27.86042594909668,27.37519493389437,27.86042594909668,10164835
2022-07-22,27.900863429907357,28.305224819543472,27.57737662358434,28.22435188293457,12456910
2022-07-25,28.06260828327121,28.103044750106115,27.779556308835147,27.86042594909668,15061543
2022-07-26,27.819992656255106,28.143481096137528,27.6986832562711,27.981735229492188,15235506
2022-07-27,28.022169496548024,28.466967301499963,27.94129656957349,28.426530838012695,13132268
2022-07-28,28.50740340565536,28.87132832108912,28.42653376376546,28.79045867919922,15374677
2022-07-29,28.952200135702462,29.03307306787027,28.42653266342815,28.628711700439453,23425867
2022-08-01,28.62871158308054,28.790457446753102,28.466969012816183,28.75002098083496,9010673
2022-08-02,28.547841791707544,28.87133026123047,28.30522626291749,28.87133026123047,15949883
2022-08-03,28.911764788738243,28.911764788738243,28.628712808602728,28.79045867919922,17093792
2022-08-04,28.790457482956796,29.03307298536252,28.66914808504983,28.830890655517578,17208358
2022-08-05,29.194814757839225,29.194814757839225,28.952199262064983,28.99263572692871,18283591
2022-08-08,28.992638892894657,29.11394500732422,28.7904598399064,29.11394500732422,14308217
2022-08-09,29.154379711000868,30.043975394455213,29.154379711000868,29.841793060302734,32793950
2022-08-10,29.841790412995913,30.205715288777814,29.72048431667394,30.08440589904785,50821072
2022-08-11,30.952914973795643,31.082246605711727,30.52181638517492,30.866697311401367,43435224
2022-08-12,31.039137373013396,31.039137373013396,30.694259857767097,30.78047752380371,19320368
2022-08-15,30.780475396283375,30.82358593909688,30.56492610776554,30.694257736206055,17860692
2022-08-16,30.694258561063034,30.996025517767674,30.694258561063034,30.866697311401367,14848789
2022-08-17,30.780476872721163,30.86669796248391,30.65114866362689,30.82358741760254,17848583
2022-08-18,30.866695590752208,31.08224487304688,30.694256850026388,31.082244873046875,13088452
2022-08-19,30.909807855373394,31.0391360617397,30.737365679485283,30.866697311401367,11840472
2022-08-22,30.651149263746127,30.99602677844978,30.47870708084438,30.909809112548828,7318684
2022-08-23,30.73736471088921,30.73736471088921,30.349376678466797,30.349376678466797,17977281
2022-08-24,30.43560098693414,30.478708108563197,30.263158798217773,30.263158798217773,12548673
2022-08-25,30.306268804033795,30.694260296164863,30.26315825762479,30.65114974975586,10669918
2022-08-26,30.823588021097954,30.99602677844978,30.694259809471564,30.909809112548828,11609440
2022-08-29,30.263158902881578,30.780478619719734,30.263158902881578,30.60803985595703,14543080
2022-08-30,30.435597944402147,30.866696521997696,30.349376858663163,30.564926147460938,16164849
2022-08-31,30.564927144270932,30.95291519165039,30.43559893699438,30.95291519165039,18705233
2022-09-01,30.435600330765585,30.521817997714948,30.220051025067242,30.3062686920166,18570194
2022-09-02,30.349377761679143,30.435598849983553,30.176939010620117,30.176939010620117,14099923
2022-09-05,30.30626864222522,30.43560028076172,30.04760879070218,30.43560028076172,10705065
2022-09-06,30.608039909422388,30.608039909422388,30.349380050551492,30.478708267211914,9471528
2022-09-07,30.17694157198127,30.349380337676568,30.04760992854723,30.133831024169922,17248919
2022-09-08,30.176939010620117,30.263156673374734,30.0476073781635,30.176939010620117,11988589
2022-09-12,30.3493793504428,30.65114974975586,30.26315825762479,30.65114974975586,13308263
2022-09-13,30.65114748556391,30.69425802878835,30.133827817970065,30.220048904418945,16298478
2022-09-14,29.918280902328032,30.13383021001094,29.78894926238829,29.96139144897461,14745523
2022-09-15,29.918281609427076,29.961392157092547,29.702732296649796,29.788949966430664,13033616
2022-09-16,29.65961708351487,29.961387444154497,29.57339600174654,29.745838165283203,31647521
2022-09-19,29.918279476241533,30.047607684466715,29.616509089649664,29.702730178833008,10989066
2022-09-20,29.875168931649863,29.918279476241533,29.702730178833008,29.702730178833008,12182236
2022-09-21,29.702729351652366,29.788947012884837,29.487180060246597,29.530290603637695,18967809
2022-09-22,29.400959930096334,29.487181019683952,28.96986133325795,29.012971878051758,22155742
2022-09-23,29.142300256955103,29.357849556632225,29.056082592414175,29.2285213470459,10508207
2022-09-26,29.056082908307502,29.056082908307502,28.624982591491477,28.75431251525879,19459988
2022-09-27,28.71120150475185,28.88364025846556,27.97833251953125,27.97833251953125,32541918
2022-09-28,27.762782877404902,27.978332173266832,27.15924382132655,27.54723358154297,37465249
2022-09-29,27.547233821344452,27.762783119082762,26.98680530466986,27.417903900146484,34902356
2022-09-30,27.20235256653802,27.245463107969183,26.77125400332555,26.857473373413086,35379997
2022-10-03,26.598815092948936,26.685034468036683,26.3401552549108,26.426376342773438,26439079
2022-10-04,26.512596782234297,26.68503553933251,26.340156312361128,26.469486236572266,23071976
2022-10-05,26.598814010620117,26.943693209712567,26.598814010620117,26.598814010620117,17138640
2022-10-06,26.728146173646767,27.02991485595703,26.469486324366567,27.02991485595703,13938316
2022-10-07,26.900586066105298,26.94369489820912,26.59881567750392,26.728145599365234,12458601
2022-10-11,26.12460499598514,26.167715538324327,25.909055709838867,25.909055709838867,31406482
2022-10-12,25.909056729017646,26.210825398938074,25.779726809687496,26.081497192382812,14423050
2022-10-13,26.081496639940056,26.081496639940056,25.434847056986246,25.6503963470459,30782481
2022-10-14,25.69350628903563,25.909055574052232,25.3486270904541,25.3486270904541,30135666
2022-10-17,25.262407951567738,25.30551678130303,25.00374812205667,25.219297409057617,20094916
2022-10-18,25.434849789704707,25.607290267944336,25.176189928732786,25.607290267944336,17015186
2022-10-19,25.607286966938084,25.6503957963596,25.003747940063477,25.003747940063477,20230769
2022-10-20,24.57265018121481,25.26240860250068,24.486429093972923,25.17618751525879,37787268
2022-10-21,25.39174095472608,25.65039910292296,25.219300476486453,25.607290267944336,20223286
2022-10-24,25.779728427894565,25.822838974635648,25.434849192290873,25.521068572998047,17216046
2022-10-25,25.82283592224121,25.9090552927568,25.34862681524326,25.82283592224121,22032463
2022-10-26,25.86594558112566,26.29704587308682,25.736617377589653,25.995275497436523,18331968
2022-10-27,26.124608277113136,26.2539382075991,25.607290267944336,25.607290267944336,20532117
2022-10-28,25.736618693426042,25.9090574488069,25.52106768003756,25.69350814819336,13249290
2022-10-31,25.865947314852367,26.124607164811383,25.779727935791016,25.779727935791016,14347119
2022-11-01,25.822836806758534,25.86594563710555,25.521066430455136,25.6503963470459,24331665
2022-11-02,25.52106648719414,25.56417703041186,25.26240836621242,25.305517196655273,21352384
2022-11-03,25.30551701666688,25.348627559577967,25.046857184750046,25.089967727661133,17610547
2022-11-04,24.960637122304973,25.477956771850586,24.83130720991857,25.477956771850586,15725414
2022-11-07,25.693508076016148,26.038387298583984,25.52106760834476,26.038387298583984,18130042
2022-11-08,26.210826873779297,26.210826873779297,25.865947640418057,26.210826873779297,15926089
2022-11-09,26.210827473830154,26.426378498293705,26.08149925703706,26.297048568725586,16462739
2022-11-10,26.210826957856188,26.210826957856188,25.822838889564604,25.865947723388672,13627456
2022-11-11,26.38326472528419,26.857473838133156,26.16771543994826,26.598814010620117,33505972
2022-11-14,26.59881520348859,27.073024337604263,26.469485283932052,26.986804962158203,26749571
2022-11-15,26.81436283198192,27.029912113588157,26.598813550375684,26.857473373413086,21231889
2022-11-16,26.814363295956046,27.073023123469085,26.469484096863596,26.598814010620117,24627519
2022-11-17,26.598814010620117,26.685033382199524,26.340154183107074,26.598814010620117,16790935
2022-11-18,26.46948589860005,26.598815821159853,25.8659468309126,26.038387298583984,24909147
2022-11-21,26.0383859855877,26.34015464782715,25.909056069549408,26.34015464782715,14210880
2022-11-22,26.46948724268851,26.64192771911621,26.210827384434463,26.64192771911621,15884331
2022-11-23,26.685035463121114,27.029914689107535,26.641926630357155,26.81436538696289,19158004
2022-11-24,27.02991437408106,27.28857421875,26.85747561948505,27.28857421875,23460475
2022-11-25,27.116135947567074,27.28857470523723,26.90058664409189,27.02991485595703,17652325
2022-11-28,26.641924968143414,26.857474256839744,26.426375679447084,26.685033798217773,20698967
2022-11-29,26.94369523580884,27.159244537353516,26.72814593426416,27.159244537353516,21278181
2022-11-30,27.159245058553093,27.59034538269043,27.02991513258939,27.59034538269043,51604765
2022-12-01,27.719674112687372,27.719674112687372,27.11613505515481,27.202354431152344,24831410
2022-12-02,27.029914689107535,27.116135780185356,26.77125655419893,26.81436538696289,19918522
2022-12-05,26.814364324219472,26.986804786765763,26.771255493164062,26.771255493164062,13298415
2022-12-06,26.72814434106698,26.94369362976331,26.55570559521985,26.685033798217773,17558336
2022-12-07,26.641924968143414,26.94369362976331,26.59881442529421,26.685033798217773,18625173
2022-12-08,26.77125655419893,26.8574759325018,26.42637732821251,26.81436538696289,14919055
2022-12-09,26.81436283198192,26.900583914844248,26.641924091806846,26.857473373413086,9431228
2022-12-12,26.77125400332555,26.857473373413086,26.55570472171931,26.857473373413086,10572578
2022-12-13,26.72814669253637,26.986806546838093,26.42637800436769,26.555707931518555,24622568
2022-12-14,26.64192722841919,26.986806462147513,26.598816681912528,26.90058708190918,22303932
2022-12-15,26.900583914844248,26.986803284931785,26.641924091806846,26.857473373413086,12495362
2022-12-16,26.46948683823465,26.771257239178325,26.46948683823465,26.555707931518555,20758525
2022-12-19,26.29704642375437,26.51259571786119,26.29704642375437,26.426376342773438,13050887
2022-12-20,26.29704642375437,26.46948517392987,26.124605960803986,26.426376342773438,17966095
2022-12-21,26.210827473830154,26.38326795084599,26.210827473830154,26.297048568725586,9518541
2022-12-22,26.340154183107074,26.598814010620117,26.29704535370478,26.598814010620117,6773682
2022-12-23,26.25393527472657,26.34015464782715,26.124605358688278,26.34015464782715,8643081
2022-12-26,26.340156312361128,26.469486236572266,26.21082638814999,26.469486236572266,6564344
2022-12-27,26.46948517392987,26.555706261792505,26.38326579884212,26.426376342773438,8000942
2022-12-28,26.38326795084599,26.38326795084599,26.253938021277868,26.297048568725586,8607510
2022-12-29,26.210825398938074,26.253935942973087,25.952167273052662,26.081497192382812,13389254
2022-12-30,26.124604531059866,26.512594266883212,26.081495702262693,26.167715072631836,11039137
2023-01-03,26.12460809170975,26.38326795084599,25.909058780021223,26.297048568725586,10097843
2023-01-04,26.210826873779297,26.38326734684741,26.081498659946945,26.210826873779297,12027777
2023-01-05,26.3832667826736,26.81436538696289,26.340156237134693,26.81436538696289,20472308
2023-01-06,26.771254883916182,26.81436371399054,26.55570559521985,26.685033798217773,9964200
2023-01-09,27.11613481805229,27.331684112548828,26.900585523555755,27.331684112548828,22235943
2023-01-10,27.37479591369629,27.37479591369629,27.07302551732296,27.37479591369629,13437076
2023-01-11,27.28857531241026,27.374796405938728,27.11613655090332,27.11613655090332,10256445
2023-01-12,27.11613655090332,27.245466478421026,27.02991545737485,27.11613655090332,10401915
2023-01-13,27.33168476378647,27.46101468612094,27.245465386488465,27.28857421875,9949710
2023-01-16,27.504124290197975,27.59034538269043,27.417904910480498,27.59034538269043,12263451
2023-01-17,27.5472348364442,27.59034538269043,27.461015456726727,27.59034538269043,12559577
2023-01-30,28.711201259316272,28.92675055600327,27.7196741520011,28.107662200927734,42481306
2023-01-31,28.107662093338973,28.15077263762132,27.54723358154297,27.54723358154297,23522761
2023-02-01,27.7196741520011,28.107662200927734,27.504123142539193,28.107662200927734,16850558
2023-02-02,28.064553539988847,28.323211669921875,27.762783152571274,28.323211669921875,22907509
2023-02-03,28.107662441204,28.193881818060856,27.935223687490286,27.97833251953125,11134731
2023-02-06,27.935223100853115,28.021442475899374,27.676563262939453,27.676563262939453,14438944
2023-02-07,27.7196754714607,27.93522477840787,27.676564924961273,27.80589485168457,11314698
2023-02-08,27.935224367866326,27.97833320095723,27.590345139264272,27.719675064086914,17115551
2023-02-09,27.590343887893194,27.805893181896284,27.590343887893194,27.676563262939453,6187583
2023-02-10,27.892112904240737,28.193881577047552,27.80589352812092,28.107662200927734,13737625
2023-02-13,28.15077221081228,28.711200714111328,28.021442292700986,28.711200714111328,20306849
2023-02-14,28.71120088919714,29.012971270888713,28.53876213918043,28.92675018310547,15605757
2023-02-15,28.926750617123147,28.926750617123147,28.62498194367872,28.797422409057617,13944339
2023-02-16,28.66809077544226,29.400959755946474,28.62498194367872,28.797422409057617,35024151
2023-02-17,28.7112015354088,29.012971923892408,28.7112015354088,28.88364028930664,9140725
2023-02-20,28.883639983729246,29.40095966549958,28.883639983729246,29.35784912109375,12465099
2023-02-21,29.22852117647095,29.271631721264757,28.96986133325795,29.012971878051758,7721711
2023-02-22,28.6680905175423,29.18541019625024,28.538762310640212,29.14229965209961,15565503
2023-02-23,29.142300086883335,29.185410631677144,29.012971878051758,29.012971878051758,11876748
2023-02-24,29.01297109396265,29.056081637591376,28.624981339628754,28.711200714111328,23630382
2023-03-01,28.107661797060413,29.056081771850586,28.107661797060413,29.056081771850586,27949405
2023-03-02,28.969861894163902,28.969861894163902,28.280103440757614,28.409433364868164,18324869
2023-03-03,28.452540522936985,28.538761609118808,28.280101776123047,28.280101776123047,12495295
2023-03-06,28.323212273611162,28.62498266746076,28.236992895129113,28.409433364868164,14948786
2023-03-07,28.40943228232156,28.624981576700613,28.32321119435003,28.581871032714844,12005548
2023-03-08,28.711200714111328,29.01297109396265,28.624981339628754,28.711200714111328,20150364
2023-03-09,28.711202045942805,28.711202045942805,28.366322819239663,28.409433364868164,15188320
2023-03-10,28.107663455703303,28.280103928415894,28.107663455703303,28.150774002075195,18344426
2023-03-13,27.978333122986086,28.280103517656254,27.849003198523867,28.06455421447754,18685825
2023-03-14,27.676563262939453,27.978331931988798,27.676563262939453,27.676563262939453,21304491
2023-03-15,27.849003521842857,27.93522461433531,27.59034538269043,27.59034538269043,17430089
2023-03-16,27.417904141084474,27.504123518382475,27.15924429641553,27.28857421875,20795655
2023-03-17,27.5472346721025,27.676564597294647,27.37479591369629,27.37479591369629,16925061
2023-03-20,27.504124290197975,27.676564762407907,27.37479607700925,27.59034538269043,8241539
2023-03-21,27.71967421876083,28.021442892294424,27.676563674209643,27.76278305053711,8300734
2023-03-22,28.19388198852539,28.19388198852539,27.93522385639093,28.19388198852539,10903718
2023-03-23,28.32321119435003,28.581871032714844,28.107661899970978,28.581871032714844,12612997
2023-03-24,28.581871878751564,28.624982424013425,28.366322577992154,28.53876304626465,8626359
2023-03-27,28.668089993014867,28.668089993014867,28.280101953857656,28.495651245117188,9141333
2023-03-28,28.495652135985477,28.624982057339448,28.28010283798716,28.323211669921875,9249894
2023-03-29,28.452540522936985,28.452540522936985,28.193880689941224,28.280101776123047,10443314
2023-03-30,28.323211910980085,28.409433001133173,28.15077315622378,28.19388198852539,7108955
2023-03-31,28.19388151079185,28.538762440010466,28.1507726792207,28.45254135131836,14714582
2023-04-06,28.409432519747213,28.538762440010466,28.236992055137904,28.45254135131836,14047917
2023-04-07,28.452540522936985,28.452540522936985,28.193880689941224,28.280101776123047,6384661
2023-04-10,28.45254135131836,28.538762440010466,28.36632197540116,28.45254135131836,7950255
2023-04-11,28.40943228232156,28.581871032714844,28.40943228232156,28.581871032714844,11479753
2023-04-12,28.581871032714844,28.624981576700613,28.495651657518202,28.581871032714844,8390776
2023-04-13,28.58187079600003,28.754311257740053,28.53876196514618,28.711200714111328,12586459
2023-04-14,28.711202183552366,28.840530395507812,28.62498280465708,28.840530395507812,15180322
2023-04-17,28.88364094134294,28.926751487178063,28.75431272938749,28.840530395507812,8914573
2023-04-18,29.314738532475623,29.745840550333924,29.27163141368462,29.487180709838867,23378868
2023-04-19,29.53029129871707,29.573398417573085,29.31473857668792,29.35784912109375,14018601
2023-04-20,29.1854108020005,29.271631892091296,29.056082592414175,29.2285213470459,8079051
2023-04-21,29.228520913426074,29.40095966549958,29.185410369020243,29.35784912109375,8665859
2023-04-24,29.271630810086773,29.400959014892578,29.18540972318308,29.400959014892578,4420451
2023-04-25,29.40096010167762,29.487181191768414,29.09918971190971,29.2285213470459,9944343
2023-04-26,29.228521562119575,29.314739227294922,29.142300471394336,29.314739227294922,10720652
2023-04-27,29.185409545898438,29.271630632278388,29.012970798688254,29.185409545898438,7893811
2023-04-28,29.185410369020243,29.35784912109375,29.142299824614412,29.35784912109375,8405671
2023-05-02,29.314737927988883,29.400959014892578,29.228520266634927,29.400959014892578,8809120
2023-05-03,29.400960270746737,29.48718136133334,29.271632060416714,29.44407081604004,7865661
2023-05-04,29.40095983700847,29.745840768717144,29.35784929235116,29.57339859008789,10753251
2023-05-05,29.659618808261268,29.745839895043467,29.444069516855496,29.530290603637695,6513313
2023-05-08,29.57339859008789,29.70273022405983,29.4871809263231,29.57339859008789,8770277
2023-05-09,29.70272762439904,29.788945280617835,29.616506542630706,29.745838165283203,15765566
2023-05-10,29.788948227878848,30.004497528076172,29.788948227878848,30.004497528076172,13076711
2023-05-11,30.04760807322561,30.220050253823366,29.788948227878848,30.004497528076172,10014286
2023-05-12,29.918279521796563,29.961390066453877,29.530291470980412,29.57339859008789,12898201
2023-05-15,29.57339600174654,29.875166362386164,29.487178345527745,29.745838165283203,11778557
2023-05-16,29.96139117311924,30.349379238266263,29.918280626869578,30.3062686920166,19572313
2023-05-17,30.263155733620696,30.866696481910385,30.22004861635688,30.694257736206055,23976942
2023-05-18,30.60803892968569,31.039137538821414,30.60803892968569,30.99602699279785,21585716
2023-05-19,30.996026341479,31.254686186635208,30.82358758655815,31.03913688659668,24662896
2023-05-22,31.039133908717567,31.211572647094727,30.952912826754215,31.211572647094727,24402354
2023-05-23,31.211572647094727,31.211572647094727,30.866695170340403,31.211572647094727,21873211
2023-05-24,30.95291519165039,30.99602573592584,30.694258777097286,30.95291519165039,22353048
2023-05-25,30.90980571132208,31.211572647094727,30.478703727054864,31.211572647094727,26447294
2023-05-26,30.780476995412734,31.168468475341797,30.56492769569653,31.168468475341797,25682795
2023-05-29,30.952912826754215,31.211572647094727,30.866695170340403,31.211572647094727,20468466
2023-05-30,31.211572647094727,31.29779372905808,31.039133908717567,31.211572647094727,23810933
2023-05-31,31.168467693655785,31.211574812078034,30.866697311401367,30.866697311401367,76103054
2023-06-01,30.823588021097954,31.03913732417522,30.694259809471564,30.909809112548828,14207747
2023-06-02,30.909809277316697,31.211576247903515,30.866698731361456,31.12535858154297,24125247
2023-06-05,31.297795990755166,31.81511566881967,31.254685446658158,31.64267349243164,30662793
2023-06-06,31.815118691930863,31.815118691930863,31.42712718374017,31.470237731933594,18272021
2023-06-07,31.556453471967885,31.901330947875977,31.556453471967885,31.901330947875977,18223553
2023-06-08,31.90133617066203,32.159996032714844,31.772007952410675,32.159996032714844,16722116
2023-06-09,32.15999489004218,32.547986382110764,32.116884343640116,32.46176528930664,16542691
2023-06-12,32.46176528930664,32.72042514216904,32.37554419650252,32.46176528930664,17527134
2023-06-13,32.504874532231014,32.7635343747209,32.41865344288444,32.5479850769043,15052063
2023-06-14,32.504874360140526,32.547984904585576,32.246214519020064,32.332435607910156,13573879
2023-06-15,32.203101464530405,32.504871826574664,32.11688038236074,32.246212005615234,16641211
2023-06-16,32.28932542025656,32.28932542025656,31.72889518737793,31.72889518737793,55896534
2023-06-19,31.72889220992193,32.03066257050366,31.470232390216097,31.901330947875977,50124552
2023-06-20,31.772009775026685,32.289329528808594,31.772009775026685,32.289329528808594,47194731
2023-06-21,32.20310414506784,32.5479850769043,32.07377593659782,32.5479850769043,41664442
2023-06-26,32.461763987557724,32.72042383004761,32.20310414506784,32.5479850769043,40666005
2023-06-27,32.37554168701172,32.67731206288538,32.33243456950095,32.37554168701172,12661211
2023-06-28,32.37553993710907,32.76353137813269,32.37553993710907,32.720420837402344,16174874
2023-06-29,32.76353423933855,33.36707158562117,32.67731315034825,33.23774337768555,27024738
2023-06-30,33.10840904476779,33.36706886509952,32.84974922443606,32.935970306396484,22500938
2023-07-03,32.979083364420894,33.19463266022366,32.935972820150376,33.022193908691406,14164737
2023-07-04,33.1515229385465,33.237744029226945,33.02219472807572,33.19463348388672,13763377
2023-07-05,33.36707592945611,33.36707592945611,32.84975617926758,32.979087829589844,14998275
2023-07-06,32.763538732183626,32.89286695785396,32.1168873271811,32.289329528808594,26783666
2023-07-07,31.90133617066203,32.289327676516294,31.68578685654304,32.159996032714844,20726560
2023-07-10,32.15999312641847,32.418652965096214,31.728894537138835,31.772005081176758,21069536
2023-07-11,31.90133503717978,32.46176528930664,31.85822791632769,32.46176528930664,14782098
2023-07-12,32.159990845401296,32.935970306396484,32.159990845401296,32.935970306396484,18148210
2023-07-13,33.06530364637159,33.19463528942693,32.76353666367594,32.849754333496094,13822239
2023-07-14,32.935971500622074,33.53950881958008,32.892860958078714,33.53950881958008,32997032
2023-07-17,33.45329116004303,33.62572990466679,33.36707007495632,33.53950881958008,18599173
2023-07-18,33.41018263909673,33.88439178466797,33.23774388403897,33.88439178466797,34552207
2023-07-19,33.84128409438536,33.84128409438536,33.23774668799352,33.49640655517578,28440976
2023-07-20,33.28085036470258,34.056829885889755,33.28085036470258,33.9275016784668,27206173
2023-07-21,33.755059501169775,34.056829885889755,33.58262074942256,33.9275016784668,23422491
2023-07-24,33.625732421875,33.884392270948645,33.453293664342546,33.625732421875,20884069
2023-07-25,33.668840628572745,33.75505828857422,33.53950900024601,33.75505828857422,9079679
2023-07-26,33.79816957331177,34.272378703153954,33.755059029589795,34.186161041259766,14536459
2023-07-27,34.27237969620133,34.74658883978379,34.27237969620133,34.57415008544922,19669366
2023-07-28,34.48792964586632,34.66037182900259,34.22926979671183,34.53104019165039,14344711
2023-07-31,34.5741477515153,34.91902523690342,34.531037209454375,34.70347595214844,14533546
2023-08-01,34.8759208128202,35.0052490234375,34.617260966035694,35.0052490234375,18384391
2023-08-02,34.91902724702835,34.962137791570946,33.97061239484038,34.14305114746094,32019310
2023-08-04,34.14305114746094,34.35860044462409,33.79817021667,34.14305114746094,24452785
2023-08-07,34.05683232840798,34.48793095146883,34.05683232840798,34.444820404052734,16066293
2023-08-08,34.444816406878175,34.48792694929148,34.18616000349768,34.22926712036133,20248716
2023-08-09,34.22927109252231,34.48793095146883,34.05683232840798,34.444820404052734,33640485
2023-08-10,34.7651665026128,34.81002303441022,33.77828390501281,34.1820068359375,44347743
2023-08-11,34.13715240139929,34.271725541246205,33.68856937493094,33.77828598022461,19387142
2023-08-14,33.73342211043097,33.73342211043097,32.83625615853297,33.23998260498047,28495889
2023-08-15,33.195124334739766,33.239984402854446,32.83625793457031,32.83625793457031,18769751
2023-08-16,32.5671097598507,32.61196983020432,31.939097064397355,32.1185302734375,38287164
2023-08-17,31.84938033778151,32.163386684304434,31.58023052525309,31.98395347595215,29307348
2023-08-18,31.804519137880394,32.567108478196296,31.669946004489894,32.028812408447266,18166937
2023-08-21,32.38767753065091,32.38767753065091,31.849377946018254,31.93909454345703,15968371
2023-08-22,31.939096479160675,32.02881308203682,31.445653395248303,31.669946670532227,25426496
2023-08-23,31.669946670532227,31.849379876284523,31.58023006765608,31.669946670532227,12106414
2023-08-24,31.849380946063945,32.34282051036321,31.669947734284715,32.163387298583984,19736946
2023-08-25,32.07367008012829,32.297963358662216,31.84938033778151,31.98395347595215,16601534
2023-08-28,32.028811117142695,32.74654389612063,32.028811117142695,32.477394104003906,12716508
2023-08-29,32.65682827067257,32.83625793457031,32.432535002473166,32.83625793457031,16716784
2023-08-30,32.97083283009017,33.015692895792995,32.567106383511906,32.701683044433594,14068021
2023-08-31,32.7016838413658,32.7016838413658,32.20824432373047,32.20824432373047,29569430
2023-09-01,32.253102120164044,32.47739539057331,32.2082455877944,32.2979621887207,9963111
2023-09-04,32.29796090925942,32.477394104003906,32.29796090925942,32.477394104003906,5719059
2023-09-05,32.342818721090346,32.52225192294295,32.253102120164044,32.2979621887207,13767343
2023-09-06,32.29796208188838,32.342818614109646,31.894235610961914,31.894235610961914,17941216
2023-09-07,31.89423748091514,32.34282051036321,31.89423748091514,32.163387298583984,14683136
2023-09-08,32.11852645743117,32.38767623901367,31.98394979854655,32.38767623901367,10473184
2023-09-11,32.477394104003906,32.611967231968826,32.29796090925942,32.477394104003906,11901930
2023-09-12,32.52225111334504,32.836257440676825,32.43253451465212,32.79140090942383,13281912
2023-09-13,32.746544870714935,32.83625793457031,32.65682827067257,32.83625793457031,8703067
2023-09-14,33.01569461239286,33.643707275390625,32.88111794447407,33.643707275390625,18948426
2023-09-15,33.64370804617137,33.73342464811032,33.41941830941752,33.688568115234375,33561172
2023-09-18,33.64370802086415,34.04743449737928,33.553994955179746,33.95771789550781,13669317
2023-09-19,33.91285705566406,34.09229025532861,33.82314045583179,33.91285705566406,14531742
2023-09-20,33.77828469176488,34.002574428350016,33.73342462273562,33.95771789550781,13499227
2023-09-21,33.73342288340193,33.77828295011816,33.28484343336093,33.553993225097656,20784724
2023-09-22,33.28484439302514,33.95771712367369,33.23998432501551,33.91285705566406,11551792
2023-09-25,33.912859572662526,34.09229278564453,33.823142966171524,34.09229278564453,13292454
2023-09-26,33.823141224607085,34.09229103022148,33.73342462273562,33.95771789550781,11521182
2023-09-27,33.778282660529044,33.95771585348187,33.598849467576215,33.82313919067383,12642502
2023-09-28,33.82313919067383,33.95771585348187,33.643705997721,33.82313919067383,9903915
2023-10-02,33.95771457653371,33.95771457653371,33.41941501791748,33.733421325683594,12977891
2023-10-03,33.733425909484176,34.00257572536519,33.41941955904993,33.77828598022461,15830590
2023-10-04,33.32970048564737,33.50913368294744,33.01569415846571,33.060550689697266,25096678
2023-10-05,33.23998434400821,33.68856734342588,33.06055114424114,33.643707275390625,20190546
2023-10-06,33.643707275390625,33.91285707504123,33.419417543775275,33.643707275390625,13212942
2023-10-11,34.092291466108485,34.54087448120117,33.82314165705288,34.54087448120117,39682644
2023-10-12,34.54087646148533,34.944602966308594,34.406303317335784,34.944602966308594,22443217
2023-10-13,34.58573455080399,34.67545115382253,34.3614412751641,34.54087448120117,14121254
2023-10-16,34.316584713374205,34.81002426147461,34.271724643808476,34.81002426147461,15508526
2023-10-17,34.81002376907224,34.81002376907224,34.406300829627014,34.765167236328125,13050078
2023-10-18,34.85488510131836,34.85488510131836,34.5857352865372,34.85488510131836,15440859
2023-10-19,34.67544938640139,34.8100225159764,34.18200632685687,34.40629959106445,16338640
2023-10-20,33.733423875274156,33.86800054319295,33.23998434400821,33.643707275390625,22489433
2023-10-23,33.46427310319029,33.59884976719844,33.239983378092546,33.28484344482422,14710905
2023-10-24,33.284845200043186,33.509134936968465,33.06055192693084,33.41941833496094,10580513
2023-10-25,33.32970048564737,33.32970048564737,33.01569415846571,33.060550689697266,16316075
2023-10-26,32.65682601928711,32.97083232969407,32.43253276655064,32.65682601928711,16604063
2023-10-27,32.74654184519389,33.2399813317435,32.74654184519389,33.150264739990234,8028917
2023-10-30,33.060550705502614,33.195123835448534,32.567107644598046,32.79140090942383,15499369
2023-10-31,32.7016863355443,33.060552752536196,32.7016863355443,32.92597961425781,11526809
2023-11-01,33.10540851169063,33.10540851169063,32.61196896796995,32.88111877441406,12090263
2023-11-02,33.19512425700589,33.91285705566406,33.105407657173615,33.91285705566406,16002526
2023-11-03,33.91285527987594,34.31658172607422,33.86799875040213,34.31658172607422,16301858
2023-11-06,34.451154845572596,34.67544810146877,34.22686512586321,34.585731506347656,17775303
2023-11-07,34.49601540497968,34.63058853149414,34.27172214587312,34.63058853149414,9996330
2023-11-08,34.63058853149414,34.7203051278994,34.40629880857443,34.63058853149414,9879975
2023-11-09,34.63058853149414,34.7203051278994,34.49601540497968,34.63058853149414,9327552
2023-11-10,34.4960166841705,34.63058981567524,34.40630008443835,34.45115661621094,6513926
2023-11-13,34.496017947785454,34.72030768723825,34.27172467214556,34.54087448120117,10862106
2023-11-14,34.585731506347656,34.63058803581482,34.361438250451485,34.585731506347656,9704637
2023-11-15,34.67544858890533,34.89973831176758,34.54087192623851,34.89973831176758,24735736
2023-11-16,34.98945489932176,35.258604688400645,34.85488177287573,35.168888092041016,17771547
2023-11-17,35.168888092041016,35.52775447747954,35.079171495681386,35.168888092041016,18991851
2023-11-20,35.168888092041016,35.258604688400645,34.94459836923536,35.168888092041016,12228942
2023-11-21,35.25860543392664,35.75204849243164,35.168888835669996,35.75204849243164,27819687
2023-11-22,35.70718842520986,35.75204849243164,35.52775522869657,35.75204849243164,11012422
2023-11-23,35.662333671752734,35.75205027448128,35.3483237941093,35.61747360229492,9589493
2023-11-24,35.61747489900132,35.66233497009234,35.43804168701172,35.43804168701172,8723586
2023-11-27,35.43804168701172,36.02120139407156,35.393185152107925,35.43804168701172,19226229
2023-11-28,35.43803990682292,35.8866229142629,35.393183374172445,35.57261657714844,17385762
2023-11-29,35.57261790578636,35.57261790578636,35.1240348815918,35.1240348815918,19633094
2023-11-30,35.25860847502211,35.43804168701172,35.168891869027306,35.43804168701172,36711106
2023-12-01,35.124032363371256,35.124032363371256,34.630589304041095,34.67544937133789,22316109
2023-12-04,34.72030637785248,35.168889376028034,34.72030637785248,34.98945617675781,21124318
2023-12-05,34.89974289413387,34.98945950229601,34.63059306964747,34.944602966308594,15318906
2023-12-06,34.989458657037694,35.43804168701172,34.9446021221339,35.43804168701172,17725361
2023-12-07,35.43803917493336,35.4828992428444,34.94459964503374,34.98945617675781,16710639
2023-12-08,34.82963146572958,35.369624902238584,34.82963146572958,35.32462692260742,14927348
2023-12-11,35.324628591456325,35.324628591456325,34.9196326108945,35.0096321105957,12730245
2023-12-12,35.41462660761177,35.41462660761177,34.964629127956506,35.369625091552734,12002678
2023-12-13,35.324628591456325,35.324628591456325,34.9196326108945,35.0096321105957,11459924
2023-12-14,35.18962762521819,35.59462356567383,34.87463117555124,35.59462356567383,23147569
2023-12-15,35.63962404990009,35.68462203036622,35.27962606142279,35.41462707519531,27236871
2023-12-18,35.414625093682716,35.594624077850106,35.05462712534795,35.14462661743164,26962609
2023-12-19,35.09962929745678,35.50462171514503,34.9646282887071,35.23462677001953,26056561
2023-12-20,35.144628745475174,35.18963026233535,34.78463075534216,34.8746337890625,29091795
2023-12-21,34.55963478843614,34.69463580677039,34.37963932430245,34.46963882446289,25129697
2023-12-22,34.424637492760255,34.6946359947041,34.33463799211231,34.5146369934082,20015051
2023-12-25,34.51463598501814,34.91963195800781,34.37963850608395,34.91963195800781,12205852
2023-12-26,35.009631456026305,35.009631456026305,34.73963296197083,34.91963195800781,7679512
2023-12-27,34.91962946529842,35.189627940080285,34.82962997370446,35.09962844848633,12422104
2023-12-28,34.87463251909373,35.279624938964844,34.87463251909373,35.279624938964844,12444689
2023-12-29,35.1896289808959,35.32462645418627,35.0096299923841,35.279624938964844,10859092
2024-01-02,35.0996301399466,35.369625091552734,34.964629127956506,35.369625091552734,10672487
2024-01-03,35.05462830713077,35.18962931790098,34.69463386284652,34.784629821777344,16062251
2024-01-04,34.78463075534216,35.144628745475174,34.739632774669076,34.8746337890625,10376716
2024-01-05,34.87463481536463,35.234629279904595,34.87463481536463,35.054630279541016,8721269
2024-01-08,35.18963047410457,35.54962493021693,35.0996309760297,35.50462341308594,18412953
2024-01-09,35.59462644734791,35.59462644734791,35.41462745119818,35.50462341308594,12427436
2024-01-10,35.41462707519531,35.50462303612757,35.14462858383733,35.41462707519531,12431624
2024-01-11,35.36962443322074,35.50462190651111,35.09962948664,35.279624938964844,11548269
2024-01-12,35.14462661743164,35.279624087463745,34.82963016323215,35.14462661743164,9553966
2024-01-15,35.14462959205392,35.324628591456325,34.96463059265152,35.0096321105957,8219885
2024-01-16,34.6496321582051,35.054628115932786,34.5146346843582,34.73963165283203,20504973
2024-01-17,34.33463922128911,34.55963621287024,33.56964874267578,33.56964874267578,45316629
2024-01-18,33.61464588701422,34.06464339512545,33.61464588701422,34.0196418762207,17039878
2024-01-19,33.839639734287445,34.10963821411133,33.74964024101282,34.10963821411133,13879491
2024-01-22,34.1996390225515,34.334636499561384,34.1096395258159,34.28963851928711,12097385
2024-01-23,34.28964084889486,34.33463883222626,34.06464385986328,34.06464385986328,11957861
2024-01-24,34.06464385986328,34.24463932937617,34.06464385986328,34.06464385986328,8910046
2024-01-25,34.06464339512545,34.19964087946519,33.974643893503206,34.0196418762207,9771173
2024-01-26,33.88464402505978,34.55963497563857,33.88464402505978,34.5146369934082,11543935
2024-01-29,34.424637492760255,34.6946359947041,34.379639510529884,34.5146369934082,8297088
2024-01-30,34.55963214429754,34.55963214429754,34.10963821411133,34.10963821411133,13524920
2024-01-31,33.749638737997,34.0196372057967,33.749638737997,33.884639739990234,22290726
2024-02-01,33.97464074229285,34.10963821411133,33.839639734287445,34.10963821411133,16007378
2024-02-02,34.10963821411133,34.1546397288421,33.92963922756207,34.10963821411133,9286570
2024-02-05,33.83964157104492,34.01964056736421,33.794643590058655,33.83964157104492,16074774
2024-02-15,33.83964287297621,34.19964087946519,33.794644890258716,34.0196418762207,19858758
2024-02-16,34.064640235567474,34.42463467247906,33.97464074229285,34.10963821411133,10692749
2024-02-19,34.28964019513818,34.559635162353516,34.24463867647748,34.559635162353516,11049000
2024-02-20,34.55963266357818,34.829631147458954,34.424635189731276,34.73963165283203,11926725
2024-02-21,34.73963397693447,34.82963347758242,34.424637492760255,34.5146369934082,11196317
2024-02-22,34.51463449561718,34.69463348388672,34.51463449561718,34.69463348388672,9408930
2024-02-23,34.55963478843614,34.69463580677039,34.46963882446289,34.46963882446289,6411528
2024-02-26,34.334632873535156,34.46963387247485,34.28963489801305,34.334632873535156,8954315
2024-02-27,34.2896353687114,34.55963029792368,34.2896353687114,34.379634857177734,11752667
2024-02-29,34.379634094559584,34.964625452334246,34.33463258323128,34.829627990722656,23770572
2024-03-01,34.73963146286063,34.91963045113017,34.69463348388672,34.69463348388672,9332841
2024-03-04,34.559633965933834,34.96462993892351,34.559633965933834,34.91963195800781,10407021
2024-03-05,34.784628649096874,35.279624087463745,34.784628649096874,35.14462661743164,19000305
2024-03-06,35.14462877064221,35.594626258630726,35.14462877064221,35.459625244140625,20186460
2024-03-07,35.27962559562168,35.59462559947388,35.27962559562168,35.369625091552734,19029576
2024-03-08,35.32462723488416,36.089617648685675,35.32462723488416,35.90962219238281,27173010
2024-03-11,35.90962153439076,36.089616987395466,35.77462052440352,35.81962203979492,19246533
2024-03-12,35.864620864610295,36.04461985804596,35.72962338762707,35.954620361328125,18309135
2024-03-13,35.68462088724901,36.359615325927734,35.68462088724901,36.359615325927734,25780925
2024-03-14,36.35961453427579,36.89960795174941,36.35961453427579,36.809608459472656,22735966
2024-03-15,36.809608459472656,36.809608459472656,36.17961554972229,36.809608459472656,28098536
2024-03-18,36.76460876852181,36.80960674447024,36.35961284023911,36.53961181640625,16774852
2024-03-19,36.49461147102167,36.539612984595536,36.17961502075195,36.17961502075195,16703719
2024-03-20,36.22461280610362,36.584610768038765,36.13461685180664,36.13461685180664,25487871
2024-03-21,36.179613864071975,36.58460979235468,36.179613864071975,36.53961181640625,22317580
2024-03-22,36.26961384678595,36.53961231471879,35.99961537885312,36.08961486816406,16879819
2024-03-25,35.90962256927098,36.089618027462976,35.77462155539314,35.99961853027344,13032916
2024-03-26,36.134619198335095,36.62961466004679,36.08961768207747,36.49461364746094,17349137
2024-03-27,36.584612954214904,36.584612954214904,36.31461446662932,36.449615478515625,7954325
2024-03-28,36.22461700439453,36.40461600622328,36.13462103966737,36.22461700439453,10000862
2024-03-29,36.35961617106213,36.539615163718565,36.179617178405685,36.49461364746094,4869840
2024-04-01,36.494610496793214,36.76460896246826,36.35961303204906,36.58460998535156,11453695
2024-04-02,36.53961749424248,36.53961749424248,36.17961948596865,36.26961898803711,10446733
2024-04-03,36.179619866321715,36.22461784973537,35.77462387084961,35.77462387084961,21068577
2024-04-08,35.7296235748919,36.04462004696174,35.7296235748919,35.99961853027344,12325809
2024-04-09,36.044618864194184,36.359615325927734,35.954619369957896,36.359615325927734,9985612
2024-04-10,36.31461446662932,36.584612954214904,36.31461446662932,36.449615478515625,9894822
2024-04-11,36.08961533847134,36.4046117870712,35.909619893690575,36.13461685180664,12399449
2024-04-12,35.90962238106274,36.08961783831135,35.90962238106274,35.954620361328125,13659196
2024-04-15,35.95461951359519,36.089616987395466,35.81962203979492,35.81962203979492,19130407
2024-04-16,35.72962202459421,36.04461848299644,35.18962860107422,35.18962860107422,29021436
2024-04-17,35.189627940080285,35.50462085637884,35.05462693459592,35.09962844848633,20491068
2024-04-18,35.279624938964844,35.50462190651111,35.05462797141857,35.279624938964844,30970788
2024-04-19,35.09962645013249,35.36962137335567,34.19963512161969,34.829627990722656,46098865
2024-04-22,35.459625897472606,35.72962439524034,35.27962689896077,35.549625396728516,26009734
2024-04-23,35.86462105258267,36.089618027462976,35.6846220582036,35.99961853027344,24418873
2024-04-24,36.44961598778697,36.44961598778697,35.36962555854211,35.41462707519531,50290553
2024-04-25,35.09962844848633,35.36962338708134,35.05462693459592,35.09962844848633,26843359
2024-04-26,35.09962910778974,35.504621523289536,35.054627593054036,35.18962860107422,13802530
2024-04-29,35.36962248986327,36.17961435747501,35.36962248986327,36.08961486816406,25785768
2024-04-30,35.99961853027344,36.314615002343274,35.95462054977221,35.99961853027344,16022263
2024-05-02,35.99961834159352,36.31461481201241,35.8196228843449,35.954620361328125,19998997
2024-05-03,35.99961518671009,36.224612140693175,35.99961518671009,36.04461669921875,14757509
2024-05-06,36.179613299719335,37.07960463032967,36.179613299719335,37.034603118896484,32119157
2024-05-07,37.07960740857941,37.07960740857941,36.58461196284606,36.854610443115234,25575788
2024-05-08,36.89960926915848,37.034606744299914,36.80960977366852,36.98960876464844,18556449
2024-05-09,36.89960642721241,36.89960642721241,36.494610496793214,36.58460998535156,15686079
2024-05-10,36.539613984228,36.854610443115234,36.49461246942301,36.854610443115234,15636094
2024-05-13,36.85461082284246,36.94460678100586,36.62961385506005,36.94460678100586,12264112
2024-05-14,36.854611441800486,36.899609421637905,36.449615478515625,36.449615478515625,11793394
2024-05-15,36.67461460407684,36.98961109000044,36.53961712044878,36.76461410522461,16976956
2024-05-16,36.899611121598284,37.079610121614536,36.67461413967156,36.71961212158203,19702535
2024-05-17,36.719612586557105,36.899611588852665,36.67461460407684,36.76461410522461,12979863
2024-05-20,36.80961162159016,36.854613139687814,36.49461513965531,36.71961212158203,16151931
2024-05-21,36.58460979235468,36.71960725638667,36.404610816187535,36.53961181640625,10916176
2024-05-22,36.71961062018797,36.854611632773825,36.40461415113272,36.49461364746094,10056050
2024-05-23,36.08961486816406,36.40461131265899,35.99961537885312,36.08961486816406,12222835
2024-05-24,36.04462004696174,36.269617021842045,35.99961853027344,35.99961853027344,9887039
2024-05-27,36.04461900819103,36.04461900819103,35.68462102980768,35.81962203979492,27254016
2024-05-28,35.81962203979492,35.95461951359519,35.729622545199085,35.81962203979492,17169545
2024-05-29,35.77461933116071,35.819620845051105,35.09962844848633,35.09962844848633,38050613
2024-05-30,34.96463059265152,35.27962707351214,34.96463059265152,35.0096321105957,32199610
2024-05-31,35.099628639483235,35.45962307163113,35.009629147399544,35.14462661743164,68987691
2024-06-03,35.27962559562168,35.369625091552734,35.0996301399466,35.369625091552734,25547111
2024-06-04,35.09962929745678,35.279624748811464,34.9646282887071,35.23462677001953,23365269
2024-06-05,35.36962424258228,35.36962424258228,35.09962929745678,35.23462677001953,18193043
2024-06-06,35.14462811981861,35.45962458748379,35.14462811981861,35.369625091552734,21971733
2024-06-07,35.36962555854211,35.54962455278077,35.189630100490525,35.41462707519531,21260121
2024-06-11,35.1896289808959,35.50462190651111,35.1896289808959,35.279624938964844,23120037
2024-06-12,35.27962540678925,35.459624397687925,35.27962540678925,35.32462692260742,16928370
2024-06-13,35.41462745119818,35.59462644734791,35.41462745119818,35.50462341308594,13941216
2024-06-14,35.50462053869833,35.63962154297476,35.41462458409647,35.59462356567383,7331200
2024-06-17,35.63962305060325,35.90962153439076,35.63962305060325,35.81962203979492,8051894
2024-06-18,35.909619425728934,36.08961486816406,35.86461791298008,36.08961486816406,15031020
2024-06-19,36.08961783831135,36.179617335029185,35.90962238106274,35.954620361328125,19212791
2024-06-20,35.99961853027344,36.04462004696174,35.7296235748919,35.99961853027344,17463903
2024-06-21,35.99961853027344,36.13461954415128,35.90962256927098,35.99961853027344,34870736
2024-06-24,35.999616884614824,36.314613342285156,35.819621434651,36.314613342285156,30830318
2024-06-25,36.53961200916576,36.629611497724106,36.26961354349071,36.58460998535156,30986470
2024-06-26,36.58461500805203,36.62961652660283,36.17961902203095,36.22461700439453,27754281
2024-06-27,35.864622536924244,36.22461700439453,35.81962455456067,36.22461700439453,29079320
2024-06-28,36.224614316479816,36.62961380863662,36.224614316479816,36.359615325927734,13469428
2024-07-01,36.3596174723083,36.719611934317705,36.26961797275916,36.67461395263672,15919188
2024-07-02,36.31461595444014,36.89961093341599,36.26961797275916,36.67461395263672,24643686
2024-07-03,36.674614697244444,38.51959563499276,36.58461519586803,38.47459411621094,101100557
2024-07-04,38.29459751719193,38.339595498455836,37.66460102618741,37.754600524902344,32526789
2024-07-05,37.7995993541212,38.1595937871917,37.70959986180685,37.88959884643555,19279116
2024-07-08,37.88959884643555,38.1595937871917,37.70959986180685,37.88959884643555,16279989
2024-07-09,37.889599839774704,37.97959933444854,37.25960691324484,37.48460388183594,19192965
2024-07-10,37.93459781901814,38.24959428228307,37.43960236640553,37.48460388183594,19257343
2024-07-11,37.799601006954525,38.15959545576622,37.57460403442383,37.57460403442383,22424225
2024-07-12,37.57460192538559,38.11459533638718,37.57460192538559,37.84459686279297,23572710
2024-07-15,38.02459902104714,38.06960053849817,37.57460506365961,37.754600524902344,15184002
2024-07-16,37.75459986946696,37.88960088328925,37.57460441134902,37.66460037231445,17423598
2024-07-17,37.664600838729974,37.97960085075804,37.48460537838308,37.70960235595703,20362635
2024-07-18,37.889602661545126,38.47459411621094,37.66460214001048,38.47459411621094,34992822
2024-07-19,38.159594641368656,38.339593630026506,37.529601717253136,38.02459716796875,26991516
2024-07-22,37.709602005371536,38.20459747314453,37.4396035130807,38.20459747314453,27243617
2024-07-23,38.159597629487116,38.60959513636917,38.06960166429795,38.47459411621094,18013901
2024-07-26,38.11459946206927,38.47459392964201,37.934600460189294,38.429595947265625,18924096
2024-07-29,38.519595267002565,39.01459075175035,38.474593748650655,38.96958923339844,28284341
2024-07-30,38.87959010431116,38.87959010431116,38.159597629487116,38.47459411621094,23173039
2024-07-31,38.249596123947406,38.87958908081055,38.15959662494022,38.87958908081055,25854595
2024-08-01,38.87958973288182,38.96958923339844,38.7445922502005,38.96958923339844,20669674
2024-08-02,38.24959248952491,38.69958994180271,37.8445965505683,38.33959197998047,22855404
2024-08-05,37.349605413133155,37.754597824098205,36.13461757167736,36.809608459472656,34411308
2024-08-06,36.94460774620041,37.79960119677241,35.99961833511384,37.61960220336914,36566782
2024-08-07,36.944606263796054,37.574602715428846,36.944606263796054,37.39460372924805,45481361
2024-08-08,36.58604585686815,36.92302112592152,36.24907058781477,36.68232345581055,72906886
2024-08-09,36.77860716519808,37.64511663137694,36.77860716519808,37.4044189453125,54719185
2024-08-12,37.64511598968227,38.12651135360534,37.548838385999716,37.933956146240234,28936776
2024-08-13,37.93395638450697,37.93395638450697,37.06744325490073,37.26000213623047,33279753
2024-08-14,37.5488380275682,37.933955784132486,37.260001546522545,37.45256042480469,27468193
2024-08-15,37.789536354613475,37.83767515681991,36.77860681725765,36.92302322387695,28410314
2024-08-16,37.40441948626241,37.64511717580787,37.2600030761883,37.5488395690918,27079725
2024-08-19,37.645117376725494,37.693259853095746,37.21186447143555,37.21186447143555,15763962
2024-08-20,37.50070076573376,37.5488395690918,37.21186427283026,37.5488395690918,15832646
2024-08-21,37.596976828949956,37.596976828949956,37.16372027100391,37.45256042480469,21960295
2024-08-22,37.40441948626241,37.5488395690918,37.2600030761883,37.5488395690918,10435177
2024-08-23,37.54883843198648,37.59697723388672,37.308140749730164,37.59697723388672,9271232
2024-08-26,37.693257739125585,38.22279189470261,37.596976464540155,38.12651062011719,17986436
2024-08-27,37.93395595990763,38.270931243896484,37.74139708073322,38.270931243896484,8905623
2024-08-28,38.07837085851417,38.22279093037116,37.741395587854534,37.83767318725586,17455389
2024-08-29,37.885813309995605,37.885813309995605,37.45256042480469,37.45256042480469,15899117
2024-08-30,37.50069808959961,37.74139576196834,37.308139217153624,37.50069808959961,32178291
2024-09-02,37.59697723388672,37.69325851044234,37.50069963008625,37.59697723388672,7449671
2024-09-03,37.5969756894451,37.5969756894451,37.35627801707636,37.50069808959961,10987711
2024-09-04,35.81581626864078,37.06744349630255,35.767677466183635,36.5860481262207,35978848
2024-09-05,36.730467428197606,37.21186278808091,36.730467428197606,37.11558151245117,13310361
2024-09-06,37.11558146962216,37.50069922618644,36.8267449885765,37.45256042480469,11412764
2024-09-09,36.586046597846014,37.64511489868164,36.586046597846014,37.64511489868164,18989204
2024-09-10,37.35628048707502,37.88581466674805,37.211864077757966,37.88581466674805,21272662
2024-09-11,37.78953456189109,37.78953456189109,37.40441681699911,37.50069808959961,13530242
2024-09-12,37.88581486535333,37.88581486535333,37.40441948626241,37.5488395690918,12729414
2024-09-13,37.78953780096889,37.78953780096889,37.50070130392019,37.693260192871094,6995659
2024-09-16,37.69325945432531,37.88581466674805,37.548839372253006,37.88581466674805,9187150
2024-09-18,37.78953606796125,37.933956146240234,37.6932584642787,37.933956146240234,14778909
2024-09-19,37.98209439980157,38.03023320094795,37.74139672131456,37.78953552246094,12849103
2024-09-20,37.83767586364236,38.12651235503172,37.83767586364236,37.88581466674805,25428550
2024-09-23,38.078373497236676,38.270932382138106,37.933957088127045,38.22279357910156,17389142
2024-09-24,38.03023243487627,38.319068908691406,37.93395483452289,38.319068908691406,12236084
2024-09-25,38.41535286447726,38.41535286447726,38.12651269773638,38.367210388183594,17847794
2024-09-26,38.511627197265625,38.511627197265625,38.22279072783713,38.511627197265625,15751846
2024-09-27,38.70418683530292,38.70418683530292,37.78953493667941,37.982093811035156,22495977
2024-09-30,38.174652130670495,38.27092973007182,37.83767318725586,37.83767318725586,14607215
2024-10-01,37.93395501063498,38.078371411835505,37.741396136279235,37.982093811035156,6974624
2024-10-04,37.45255928967686,37.837673361813835,37.45255928967686,37.50069808959961,16019420
2024-10-07,37.500697916596216,37.93395445941218,37.45255911689556,37.83767318725586,13267791
2024-10-08,37.50070022339141,37.69325910679401,37.26000253732697,37.4044189453125,20881784
2024-10-09,37.50070096588061,37.645117376725494,37.21186447143555,37.21186447143555,10858878
2024-10-11,37.35628128051758,37.74139905905341,37.30814247638943,37.35628128051758,11220023
2024-10-14,37.5488380275682,37.69325810446859,37.35627914928605,37.45256042480469,6890336
2024-10-15,37.54883671629688,37.93395445941218,37.45255911689556,37.83767318725586,22040876
2024-10-16,37.45255969689702,37.78953497277516,37.45255969689702,37.64511489868164,16393252
2024-10-17,37.548837261923495,38.03023261143533,37.548837261923495,37.982093811035156,8342557
2024-10-18,38.126510035229636,38.319068908691406,37.98209363469958,38.319068908691406,18409643
2024-10-21,38.415349801928805,38.415349801928805,37.741395587854534,37.83767318725586,12728929
2024-10-22,37.83767486980253,37.933956146240234,37.59697718784099,37.933956146240234,13951808
2024-10-23,37.83767450861385,37.83767450861385,37.35627914928605,37.45256042480469,12150032
2024-10-24,37.452561420729566,37.64511663137694,37.308141339988815,37.4044189453125,11858685
2024-10-25,37.5488380275682,37.69325810446859,37.40441795066781,37.45256042480469,5564414
2024-10-28,37.54883784397393,37.78953552246094,37.45256024168116,37.78953552246094,8777093
2024-10-29,37.50069849734317,37.78953497277516,37.45255969689702,37.64511489868164,13813193
2024-10-30,37.885811986956526,37.93395445941218,37.54883671629688,37.83767318725586,14134177
2024-11-01,37.35628088228043,37.45256216226565,37.163721995065295,37.21186447143555,25500076
2024-11-04,37.260002880863645,37.88581466674805,37.211864077757966,37.88581466674805,12023192
2024-11-05,37.64511598968227,37.933956146240234,37.59697718784099,37.933956146240234,10061030
2024-11-06,37.64511717580787,37.98209614482468,37.5488395690918,37.5488395690918,12617419
2024-11-07,37.40441722369581,38.03023264776099,37.40441722369581,37.64511489868164,10424535
2024-11-08,37.933955046868675,37.98209384731483,37.64511489868164,37.64511489868164,10515062
2024-11-11,37.64511657971923,37.83767546285759,37.64511657971923,37.741397857666016,13779951
2024-11-12,37.35628121901818,37.88581540906667,37.35628121901818,37.693260192871094,21218774
2024-11-13,37.45255911689556,37.93395445941218,37.4044166444399,37.83767318725586,18135057
2024-11-14,37.50070076573376,37.88581486535333,37.45256196237572,37.5488395690918,19561830
2024-11-15,37.645115446266686,37.93395559865519,37.645115446266686,37.78953552246094,20177475
2024-11-18,37.8376758092987,38.270932382138106,37.8376758092987,38.22279357910156,22552238
2024-11-19,38.030232979169654,38.51162833333636,38.030232979169654,38.4634895324707,19544048
2024-11-20,38.4634895324707,38.4634895324707,38.4634895324707,38.4634895324707,17668528
2024-11-21,38.03023261143533,38.22279148579108,37.69325733587906,37.982093811035156,15499724
2024-11-22,37.83767468394286,38.319070045501306,37.789535882338036,38.270931243896484,11054946
2024-11-25,38.51162774788833,38.65604782104492,38.31906887459788,38.65604782104492,74542823
2024-11-26,38.41535073160505,38.60790593506766,38.1746530545217,38.4634895324707,15408644
2024-11-27,38.463491071174985,39.041164050182395,38.41535226838358,38.55976867675781,19451459
2024-11-28,38.60790807863081,38.75232816200125,38.367210388183594,38.367210388183594,16794183
2024-11-29,38.1265111663269,38.51162892467571,37.98209476151245,38.270931243896484,22018470
2024-12-02,38.319069086591426,38.55976676134735,37.93395501063498,37.982093811035156,21241562
2024-12-03,38.22279392036315,38.70418930053711,38.030235033742514,38.70418930053711,15575220
2024-12-04,38.65605049707077,38.70418930053711,38.31907152729583,38.70418930053711,18011471
2024-12-05,38.70418702884516,38.80046463012695,38.463489352885624,38.80046463012695,14656396
2024-12-06,38.800464811285366,38.84860361215102,38.41535073160505,38.4634895324707,13642878
2024-12-09,38.22279185538735,38.4634895324707,38.078371780035305,38.4634895324707,13225037
2024-12-10,38.3672099882112,38.607907676149175,38.03023469420013,38.22279357910156,20392616
2024-12-11,38.12651135360534,38.12651135360534,37.741397266119975,37.933956146240234,22359707
2024-12-12,37.93395501063498,38.03023261143533,37.78953493667941,37.982093811035156,13770379
2024-12-13,37.93395501063498,38.03023261143533,37.78953493667941,37.982093811035156,12436462
2024-12-16,38.030235290527344,38.31907178603092,37.93395768294459,38.030235290527344,17023929
2024-12-17,38.03023434599596,38.17465442653853,37.64511657971923,37.741397857666016,27853279
2024-12-18,37.64511663137694,37.83767551477954,37.4044189453125,37.4044189453125,26196280
2024-12-19,37.163721995065295,37.50070096588061,37.06744438783537,37.21186447143555,27943573
2024-12-20,37.06744157731611,37.356278049861075,36.92302150466612,37.163719177246094,52280886
2024-12-23,37.54883976949557,37.693259853095746,37.21186447143555,37.21186447143555,35961449
2024-12-24,37.50069849734317,37.741396172329004,37.45255969689702,37.64511489868164,28697285
2024-12-25,37.83767551477954,37.83767551477954,37.26000253732697,37.4044189453125,27896642
2024-12-26,37.404417402377625,37.54883747716104,37.26000100034928,37.30813980102539,25807167
2024-12-27,37.26000253732697,37.452561420729566,37.26000253732697,37.4044189453125,5268684
2024-12-30,37.35628128051758,37.596978973913636,37.30814247638943,37.35628128051758,10321445
2024-12-31,37.16372085918801,37.35627974051775,37.16372085918801,37.26000213623047,14307063
2025-01-02,37.1637187960325,37.26000006772987,36.68232345581055,36.68232345581055,32753034
2025-01-03,36.87488342879352,37.16371990701021,36.87488342879352,36.97116470336914,7917986
2025-01-06,37.21186486813314,37.50070136565734,37.163722391249664,37.35628128051758,14342746
2025-01-07,37.35627919239282,37.50069926945986,37.11558151245117,37.11558151245117,12440463
2025-01-08,37.26000213623047,37.35627974051775,37.01930445275709,37.26000213623047,12572683
2025-01-09,37.1155803772811,37.45255932254607,37.1155803772811,37.163719177246094,10161869
2025-01-10,36.923021096543295,37.308138837516424,36.923021096543295,37.01930236816406,15793305
2025-01-13,37.01930236816406,37.260000038083525,36.68232342662383,37.01930236816406,21129636
2025-01-14,37.01930386685865,37.50069922618644,37.01930386685865,37.45256042480469,11392095
2025-01-15,37.45256042480469,37.596976828949956,37.35627914928605,37.45256042480469,11406019
2025-01-16,37.59697609823549,37.78953497277516,37.45255969689702,37.64511489868164,14503590
2025-01-17,37.64511777804179,37.69326025492526,37.35628128051758,37.35628128051758,10622498
2025-01-20,37.548838621847494,37.596977423991135,37.21186333408683,37.26000213623047,8178497
2025-01-21,37.26000041723088,37.64511448936784,37.26000041723088,37.50069808959961,7085629
2025-01-22,37.40441854266139,37.548838621847494,37.21186333408683,37.26000213623047,19293870
2025-02-03,37.260003610920386,37.78953780096889,37.260003610920386,37.693260192871094,25748027
2025-02-04,37.83767510746451,37.83767510746451,37.26000213623047,37.26000213623047,14936057
2025-02-05,37.645116226134775,37.78953630532087,37.26000213623047,37.26000213623047,11795301
2025-02-06,37.35628068290437,37.5488395690918,37.30814187954633,37.5488395690918,7640323
2025-02-07,37.69325910679401,37.7895367121177,37.356280142650654,37.4044189453125,9704328
2025-02-10,37.30814093837411,37.35627974051775,37.06744325490073,37.26000213623047,15135390
2025-02-11,37.26000273206525,37.40441914080557,36.971166241829366,37.06744384765625,17845288
2025-02-12,37.06744325490073,37.26000213623047,37.06744325490073,37.26000213623047,8531844
2025-02-13,37.356278601701504,37.45255987580881,37.211862199673156,37.30813980102539,9680680
2025-02-14,37.35628128051758,37.50070136565734,37.21186486813314,37.35628128051758,13308817
2025-02-17,37.5488380275682,37.64511563033171,37.35627914928605,37.45256042480469,14689876
2025-02-18,37.45256136933608,37.741397857666016,37.45256136933608,37.741397857666016,15565137
2025-02-19,37.74139899691999,37.83767660501778,37.50070130392019,37.693260192871094,15002797
2025-02-20,37.69325678815387,37.885811986956526,37.54883671629688,37.83767318725586,12084773
2025-02-21,37.6932584642787,37.933956146240234,37.6932584642787,37.933956146240234,15589955
2025-02-24,37.83767586364236,37.98209594571467,37.741398257430994,37.88581466674805,10740157
2025-02-25,37.40441718796792,38.1746526853909,37.40441718796792,37.982093811035156,13739306
2025-02-26,37.74139650122065,38.4634895324707,37.74139650122065,38.4634895324707,19527814
2025-02-27,38.41534977067184,38.511627369994834,38.12650962719289,38.174652099609375,26377230
2025-03-03,38.17465247419632,38.70418662117878,38.12651000130744,38.65604782104492,22959290
2025-03-04,38.270932382138106,38.51163007007608,38.12651230027323,38.22279357910156,22237119
2025-03-05,38.51162837294871,38.607905974779044,38.12651062011719,38.12651062011719,15656144
2025-03-06,38.078370827531394,38.511627369994834,38.078370827531394,38.174652099609375,8898799
2025-03-07,38.27093298223954,38.3672105898223,38.030235290527344,38.030235290527344,11738464
2025-03-10,38.030233563117264,38.46349012307089,37.83767468394286,38.270931243896484,14514846
2025-03-11,37.74139879502377,38.31907178603092,37.6451175146857,38.030235290527344,21873521
2025-03-12,38.03023205881351,38.22279093037116,37.83767318725586,37.83767318725586,11560291
2025-03-13,37.88581294278626,38.31906949653295,37.88581294278626,38.12651062011719,12909029
2025-03-14,38.31906849859386,38.41534977067184,37.933954428546905,38.174652099609375,11002145
2025-03-17,38.17465309378744,38.367208297448116,38.07837181920202,38.12651062011719,12601739
2025-03-18,38.222793977568436,38.511630471554035,38.222793977568436,38.367210388183594,11157264
2025-03-19,38.41534977067184,38.511627369994834,38.174652099609375,38.174652099609375,12683339
2025-03-20,38.41535286447726,38.511630471554035,38.17465517403005,38.367210388183594,10943893
2025-03-21,38.17465477606502,38.65605015194097,38.17465477606502,38.22279357910156,25002047
2025-03-24,38.367208257984316,38.60790593506766,38.367208257984316,38.4634895324707,10856008
2025-03-25,38.46349126703954,38.65605015194097,38.22279357910156,38.22279357910156,13024070
2025-03-26,38.22279298576347,38.51162947225434,38.22279298576347,38.41535186767578,10269280
2025-03-27,38.70418662117878,38.70418662117878,38.36720767473174,38.65604782104492,18638990
2025-03-28,38.60790575480831,38.89674590416381,38.31906927820787,38.80046463012695,19238356
2025-03-31,38.36720939263131,38.89674723607896,38.17465418347419,38.41535186767578,33555773
2025-04-01,38.46349126703954,38.70418895497751,38.22279357910156,38.22279357910156,15280203
2025-04-02,38.07837409431872,38.3672105898223,38.030235290527344,38.030235290527344,12264617
2025-04-07,34.227210998535156,35.47883825984941,34.227210998535156,34.227210998535156,49163075
2025-04-08,35.81581458450505,37.21186182664835,34.901162689807364,36.826744079589844,52594550
2025-04-09,37.74139642312512,37.837674024657204,35.09372198068689,35.47883605957031,49381892
2025-04-10,38.03023305545026,38.31906953397861,36.634185791015625,36.634185791015625,53469740
2025-04-11,36.58604753532115,37.11558169930767,36.39348865584738,36.77860641479492,28889941
2025-04-14,36.537909920130325,36.87488521558561,36.393489837646484,36.393489837646484,21583588
2025-04-15,36.44162709696947,36.63418597453804,36.297210693359375,36.297210693359375,15875609
2025-04-16,36.104652404785156,36.3934888894724,35.71953464336538,36.104652404785156,18738929
2025-04-17,36.15279180287824,36.249073081198304,35.91209411621094,35.91209411621094,15111186
2025-04-18,36.24907134328406,36.24907134328406,35.719533519799796,36.15279006958008,10737493
2025-04-21,35.91209293822223,36.297210693359375,35.81581533581549,36.297210693359375,8032336
2025-04-22,36.05651301458744,36.297210693359375,35.81581533581549,36.297210693359375,12982043
2025-04-23,36.20092982099132,36.441627502441406,36.15279101925233,36.441627502441406,11015708
2025-04-24,36.104653940998396,36.441629242012255,35.96023385613228,36.200931549072266,9199939
2025-04-25,36.29721243028022,36.345351233787156,36.0083759364833,36.056514739990234,9526517
2025-04-28,36.05651419731341,36.15279180287824,35.76767770786369,35.91209411621094,17312007
2025-04-29,35.91209352407527,36.20093000876251,35.91209352407527,36.104652404785156,13648314
2025-04-30,36.00837308751182,36.48976843000393,35.9120918153604,36.3453483581543,20521461
2025-05-02,36.48977171880451,36.48977171880451,36.152792745035335,36.200931549072266,15383214
2025-05-05,36.53790986456613,36.971166438603525,36.345350979132256,36.73046875,26135622
2025-05-06,37.01930350427941,37.16371990701021,36.82674462788325,36.97116470336914,18439200
2025-05-07,37.163722391249664,37.35628128051758,37.06744478299337,37.35628128051758,14182774
2025-05-08,37.35628128051758,37.40442008464572,36.971167174737076,37.35628128051758,15381779
2025-05-09,37.16371914463038,37.74139576196834,37.11558034470763,37.50069808959961,19171038
2025-05-12,37.98209628712122,38.367210388183594,37.54883970976518,38.367210388183594,17817679
2025-05-13,37.69325999123239,38.415353066368986,37.6451175146857,38.030235290527344,16718139
2025-05-14,38.511627197265625,38.607904796156795,38.27092952728271,38.511627197265625,19542843
2025-05-15,38.99302613367505,39.281862629743806,38.7041896376063,39.185585021972656,32341414
2025-05-16,38.80046387411521,39.32999801635742,38.752325074412276,39.32999801635742,17741210
2025-05-19,38.944883915467734,39.66697692871094,38.70418624438667,39.66697692871094,27280768
2025-05-20,39.76325607299805,39.76325607299805,39.28186071213184,39.76325607299805,35060537
2025-05-21,39.474419188028506,39.618839263916016,38.99302383207694,39.618839263916016,34390927
2025-05-22,39.08930013612262,39.233720207214354,38.22279072783713,38.511627197265625,28433923
2025-05-23,38.222791640162924,39.13744354248047,38.126510366218675,39.13744354248047,22410260
2025-05-26,39.04116226853622,39.13744354248047,38.46348931589096,39.13744354248047,23247569
2025-05-27,38.99302253723145,38.99302253723145,38.41534959837445,38.511627197265625,32912755
2025-05-28,38.607906341552734,38.704187617052824,38.27093105919021,38.607906341552734,32031948
2025-05-29,38.60790496931782,38.60790496931782,38.12650962719289,38.174652099609375,55303844
2025-06-02,37.98209384731483,38.17465272185451,37.45255969689702,37.64511489868164,26307674
2025-06-03,37.6932584642787,38.17465382820177,37.548838385999716,37.933956146240234,18386407
2025-06-04,37.933957483582844,38.46349166801565,37.789537400212396,38.367210388183594,19946173
2025-06-05,38.03023469420013,38.55976887311263,38.03023469420013,38.22279357910156,18724992
2025-06-06,38.463491610450134,38.70418930053711,38.270932723829496,38.70418930053711,10115621
2025-06-09,38.704187617052824,38.80046521979779,38.51162873880776,38.607906341552734,9566961
2025-06-10,38.41535226838358,38.99302524739098,38.41535226838358,38.55976867675781,12562868
2025-06-11,38.36720767473174,38.65604782104492,38.31906887459788,38.65604782104492,11362367
2025-06-12,38.65604990272514,38.99302519456372,38.65604990272514,38.89674758911133,10597524
2025-06-13,38.415349803736774,39.42627928851827,38.415349803736774,39.32999801635742,23588994
2025-06-16,39.28186148925552,39.42628156947453,38.89674739659681,39.23372268676758,13649356
2025-06-17,39.28186094301759,39.37814221940982,39.08930206298828,39.08930206298828,13888428
2025-06-18,39.185583884279644,39.3781427669866,38.94488619908475,39.23372268676758,12804194
2025-06-19,38.99302519456372,39.42628176460992,38.89674758911133,38.89674758911133,16203119
2025-06-20,38.99302619425555,39.23372388681268,38.84860610961914,38.84860610961914,20096857
2025-06-23,38.65604782104492,38.848603021580345,38.46348894775448,38.65604782104492,17264737
2025-06-24,39.281862087051216,39.52255977590907,38.99302559497284,39.04116439819336,17481063
2025-06-25,39.47441977710431,39.52255857886682,39.28186089729911,39.4262809753418,25031109
2025-06-26,39.57069738062933,40.00395394200224,39.137444492011575,39.4262809753418,28241107
2025-06-27,39.281860311096864,39.76325566704843,39.233721510052725,39.618839263916016,30537277
2025-06-30,39.18558482139941,39.811396614219234,39.18558482139941,39.522560119628906,25964577
2025-07-01,39.28186276208223,40.00395584106445,39.137446349938976,40.00395584106445,51914592
2025-07-02,39.52255986477032,40.19651412963867,39.52255986477032,40.19651412963867,27507637
2025-07-03,40.24465025038643,40.24465025038643,39.57069603044173,40.148372650146484,29051751
2025-07-04,40.14837497993457,40.53348907599734,39.04116414914924,39.715118408203125,134535131
2025-07-07,39.66697824454916,40.53348768553197,39.66697824454916,40.43721008300781,39353757
2025-07-08,40.48534870163941,40.77418518066406,40.389071099549554,40.77418518066406,26332615
2025-07-09,40.48535002344611,40.62977010405116,40.05209345438618,40.38907241821289,16083308
2025-07-10,40.00395446178368,40.77418631825713,39.907676857007694,40.72604751586914,19961319
2025-07-11,40.67790812324075,40.91860580444336,40.62976932155126,40.91860580444336,15975937
2025-07-14,40.726046924930245,41.01488340782234,40.58163051986176,40.91860580444336,14218876
2025-07-15,40.4853488842699,40.8223278386147,40.100234801418125,40.43721008300781,20042368
2025-07-16,40.19651182099633,40.677907172145986,40.05209174654941,40.62976837158203,19990292
2025-07-17,40.62976782029007,40.677906620200844,40.196511275583084,40.485347747802734,19572696
2025-07-18,40.58162957101808,40.62976837158203,40.29278942212424,40.62976837158203,17775691
2025-07-21,40.629771047339986,40.82232993503223,40.48535096338198,40.67790985107422,17256215
2025-07-22,40.67790753852956,41.207441695012655,40.58162993653448,41.11116409301758,21015455
2025-07-23,41.25557990852472,41.351861181903836,40.72604575958228,41.3037223815918,18222488
2025-07-24,41.06302569621409,41.30372337632612,40.9667444205162,41.25558090209961,15772074
2025-07-25,41.11116295814384,41.39999942891082,41.11116295814384,41.1593017578125,18202005
2025-07-28,41.255579357149834,41.30372182957349,41.06302415847517,41.1593017578125,15725389
2025-07-29,41.01488395313794,41.20744283521123,40.870467546149364,41.063026428222656,13962377
2025-07-30,41.11116449768547,41.59255985790953,41.11116449768547,41.25558090209961,25658566
2025-07-31,40.91860734173438,41.35186391872733,40.77418725848497,41.01488494873047,26646666
2025-08-04,41.063027367743075,41.40000266451492,41.01488489155686,41.351863861083984,21441039
2025-08-05,41.3518621777975,41.59255985790953,41.25558090209961,41.25558090209961,31307600
2025-08-06,41.255581446802836,41.400001525878906,41.15930384258891,41.400001525878906,24361871
2025-08-07,41.20000076293945,41.54999923706055,40.29999923706055,40.599998474121094,44530020
2025-08-08,40.599998474121094,40.75,40.25,40.599998474121094,21067176
2025-08-11,40.5,40.849998474121094,40.5,40.849998474121094,20286758
2025-08-12,41.20000076293945,41.95000076293945,41.20000076293945,41.5,23016172
2025-08-13,41.70000076293945,41.95000076293945,41.45000076293945,41.95000076293945,13990157
2025-08-14,42.0,42.900001525878906,41.95000076293945,42.79999923706055,17319930
2025-08-15,42.79999923706055,42.79999923706055,42.29999923706055,42.29999923706055,10349397
2025-08-18,42.29999923706055,43.0,41.95000076293945,42.75,19462883
2025-08-19,42.29999923706055,42.54999923706055,42.20000076293945,42.25,5154572
2025-08-20,42.400001525878906,42.45000076293945,41.79999923706055,41.79999923706055,14513557
2025-08-21,42.099998474121094,42.150001525878906,41.25,41.54999923706055,18037198
2025-08-22,41.400001525878906,41.79999923706055,40.95000076293945,41.04999923706055,17022526
2025-08-25,41.400001525878906,41.5,40.79999923706055,41.0,13137481
2025-08-26,41.0,41.0,40.04999923706055,40.04999923706055,43678289
2025-08-27,40.150001525878906,40.599998474121094,40.150001525878906,40.25,16004032
2025-08-28,40.25,40.849998474121094,40.25,40.349998474121094,19273030
2025-08-29,40.45000076293945,40.5,39.95000076293945,40.04999923706055,24947082
2025-09-01,40.400001525878906,41.04999923706055,40.349998474121094,40.79999923706055,18344383
2025-09-02,40.79999923706055,41.099998474121094,40.70000076293945,41.099998474121094,8332769
2025-09-03,41.0,41.29999923706055,41.0,41.099998474121094,6920684
2025-09-04,41.099998474121094,41.400001525878906,41.0,41.099998474121094,11516461
2025-09-05,41.099998474121094,41.400001525878906,41.04999923706055,41.25,8415582
2025-09-08,41.099998474121094,41.150001525878906,40.849998474121094,40.849998474121094,7785168
2025-09-09,40.95000076293945,41.400001525878906,40.849998474121094,41.400001525878906,12547131
2025-09-10,41.29999923706055,41.70000076293945,41.20000076293945,41.54999923706055,13606634
2025-09-11,41.45000076293945,41.650001525878906,41.349998474121094,41.5,12232831
2025-09-12,41.5,41.650001525878906,41.29999923706055,41.54999923706055,10298174
2025-09-15,41.75,41.79999923706055,41.29999923706055,41.45000076293945,10856203
2025-09-16,41.54999923706055,41.70000076293945,41.150001525878906,41.25,8652073
2025-09-17,41.150001525878906,41.29999923706055,41.0,41.25,8594731
2025-09-18,41.400001525878906,41.45000076293945,40.95000076293945,41.45000076293945,11757306
2025-09-19,41.5,41.75,41.20000076293945,41.75,19171369
2025-09-22,41.79999923706055,41.79999923706055,41.400001525878906,41.599998474121094,14670422
2025-09-23,41.5,41.70000076293945,41.400001525878906,41.70000076293945,12458165
2025-09-24,41.70000076293945,41.95000076293945,41.599998474121094,41.95000076293945,13339924
2025-09-25,42.04999923706055,42.25,41.75,41.95000076293945,16839328
2025-09-26,41.95000076293945,42.099998474121094,41.650001525878906,42.0,13577090
2025-09-30,42.400001525878906,42.5,42.04999923706055,42.5,20383846
2025-10-01,42.45000076293945,42.45000076293945,42.099998474121094,42.29999923706055,12887402
2025-10-02,42.29999923706055,42.400001525878906,42.04999923706055,42.04999923706055,13458248
2025-10-03,42.20000076293945,42.20000076293945,41.70000076293945,41.79999923706055,10889095
2025-10-07,41.54999923706055,42.0,41.400001525878906,41.849998474121094,14087813
2025-10-08,42.0,42.150001525878906,41.79999923706055,41.95000076293945,7353278
2025-10-09,41.95000076293945,42.04999923706055,41.75,42.0,10357378
2025-10-13,42.0,42.0,41.099998474121094,41.650001525878906,20225833
2025-10-14,41.5,42.25,41.5,42.099998474121094,17022893
2025-10-15,42.099998474121094,42.099998474121094,41.650001525878906,42.0,18135302
2025-10-16,41.95000076293945,42.20000076293945,41.75,41.849998474121094,13943401
2025-10-17,41.95000076293945,42.150001525878906,41.54999923706055,41.54999923706055,10577353
2025-10-20,41.849998474121094,41.900001525878906,41.349998474121094,41.75,7357088
2025-10-21,41.900001525878906,41.95000076293945,41.650001525878906,41.79999923706055,6164371
2025-10-22,41.599998474121094,41.95000076293945,41.5,41.75,10268975
2025-10-23,41.5,41.75,41.45000076293945,41.54999923706055,11222342
2025-10-27,41.849998474121094,41.900001525878906,40.95000076293945,41.20000076293945,27328409
2025-10-28,41.349998474121094,41.400001525878906,40.849998474121094,40.95000076293945,14170984
2025-10-29,40.95000076293945,41.099998474121094,40.54999923706055,40.70000076293945,14805027
2025-10-30,40.650001525878906,40.95000076293945,40.45000076293945,40.95000076293945,23187269
2025-10-31,41.20000076293945,41.25,40.349998474121094,40.400001525878906,22022671
2025-11-03,40.45000076293945,40.650001525878906,40.29999923706055,40.400001525878906,20912333
2025-11-04,40.400001525878906,40.70000076293945,40.400001525878906,40.650001525878906,13206524
2025-11-05,40.599998474121094,40.79999923706055,40.04999923706055,40.79999923706055,15184673
2025-11-06,41.0,41.0,40.29999923706055,40.45000076293945,22232582
2025-11-07,40.400001525878906,40.70000076293945,40.29999923706055,40.29999923706055,12648261
2025-11-10,40.650001525878906,40.650001525878906,40.20000076293945,40.45000076293945,10714626
2025-11-11,40.29999923706055,40.45000076293945,40.20000076293945,40.25,10214306
2025-11-12,40.5,40.650001525878906,40.20000076293945,40.20000076293945,16302891
2025-11-13,40.20000076293945,40.25,40.0,40.0,14895888
2025-11-14,39.95000076293945,40.20000076293945,39.70000076293945,39.900001525878906,12865063
2025-11-17,39.900001525878906,40.0,39.400001525878906,39.54999923706055,18344011
2025-11-18,39.29999923706055,39.70000076293945,39.25,39.400001525878906,23452471
2025-11-19,39.79999923706055,39.79999923706055,38.95000076293945,38.95000076293945,24743791
2025-11-20,39.20000076293945,39.650001525878906,39.04999923706055,39.650001525878906,16257464
2025-11-21,39.650001525878906,39.849998474121094,39.150001525878906,39.5,20367070
2025-11-24,39.70000076293945,40.349998474121094,39.599998474121094,40.349998474121094,58364636
2025-11-25,40.04999923706055,40.150001525878906,39.45000076293945,39.54999923706055,21242177
2025-11-26,40.0,40.29999923706055,39.900001525878906,40.29999923706055,17523758
2025-11-27,40.099998474121094,40.70000076293945,40.099998474121094,40.54999923706055,14371558
2025-11-28,40.400001525878906,40.54999923706055,40.04999923706055,40.099998474121094,11168253
2025-12-01,39.79999923706055,40.5,39.79999923706055,40.29999923706055,15308055
2025-12-02,40.099998474121094,40.54999923706055,40.099998474121094,40.20000076293945,17968239
2025-12-03,40.20000076293945,40.349998474121094,39.900001525878906,40.099998474121094,10447805
2025-12-04,40.04999923706055,40.54999923706055,40.04999923706055,40.54999923706055,17442104
2025-12-05,40.400001525878906,40.849998474121094,40.400001525878906,40.849998474121094,5709252
2025-12-08,40.75,40.75,40.349998474121094,40.54999923706055,7100494
2025-12-09,40.25,40.70000076293945,40.25,40.70000076293945,10545454
2025-12-10,40.70000076293945,40.79999923706055,40.5,40.650001525878906,6259260
2025-12-11,40.79999923706055,40.900001525878906,40.45000076293945,40.900001525878906,10444030
2025-12-12,40.95000076293945,41.45000076293945,40.849998474121094,41.150001525878906,16720282
2025-12-15,41.099998474121094,41.70000076293945,40.849998474121094,41.45000076293945,16989316
2025-12-16,40.400001525878906,40.95000076293945,40.20000076293945,40.349998474121094,37342159
2025-12-17,40.54999923706055,41.0,40.29999923706055,40.349998474121094,32590845
2025-12-18,40.349998474121094,40.79999923706055,40.20000076293945,40.400001525878906,35917031
2025-12-19,40.25,41.04999923706055,40.25,40.599998474121094,37122778
2025-12-22,40.650001525878906,41.20000076293945,40.650001525878906,41.20000076293945,31767380
2025-12-23,41.04999923706055,41.20000076293945,40.70000076293945,40.95000076293945,12559415
2025-12-24,40.95000076293945,40.95000076293945,40.599998474121094,40.70000076293945,11532363
2025-12-26,40.70000076293945,40.849998474121094,40.400001525878906,40.599998474121094,14227068
2025-12-29,40.599998474121094,40.599998474121094,40.25,40.349998474121094,11012699
2025-12-30,40.349998474121094,40.45000076293945,40.150001525878906,40.150001525878906,15080931
2025-12-31,40.25,40.45000076293945,40.0,40.0,10574811
2026-01-02,40.0,40.400001525878906,39.95000076293945,40.29999923706055,10111627
2026-01-05,40.25,40.599998474121094,40.099998474121094,40.29999923706055,12399787
2026-01-06,40.599998474121094,40.849998474121094,40.45000076293945,40.54999923706055,17140773
2026-01-07,40.54999923706055,40.54999923706055,40.20000076293945,40.349998474121094,14689660
2026-01-08,40.349998474121094,40.599998474121094,40.25,40.45000076293945,16196362
2026-01-09,40.5,40.95000076293945,40.400001525878906,40.650001525878906,13580322
2026-01-12,40.650001525878906,40.650001525878906,40.25,40.29999923706055,13152092
2026-01-13,40.599998474121094,40.599998474121094,40.29999923706055,40.400001525878906,13396235
2026-01-14,40.599998474121094,40.599998474121094,40.150001525878906,40.5,15147132
2026-01-15,40.5,40.75,40.45000076293945,40.650001525878906,13998029
2026-01-16,40.650001525878906,41.04999923706055,40.599998474121094,40.900001525878906,19401410
2026-01-19,40.70000076293945,41.099998474121094,40.45000076293945,40.54999923706055,17698719
2026-01-20,40.54999923706055,40.54999923706055,40.0,40.0,24596433
2026-01-21,40.0,40.150001525878906,39.79999923706055,39.79999923706055,24148822
2026-01-22,40.0,40.150001525878906,39.75,39.75,21723218
2026-01-23,39.79999923706055,39.900001525878906,39.54999923706055,39.70000076293945,18940194
2026-01-26,39.75,39.75,39.45000076293945,39.54999923706055,23665003
2026-01-27,39.75,39.900001525878906,39.45000076293945,39.45000076293945,24416854
2026-01-28,39.599998474121094,39.75,39.20000076293945,39.400001525878906,20617975
2026-01-29,39.20000076293945,39.5,39.150001525878906,39.349998474121094,22930885
2026-01-30,39.400001525878906,39.400001525878906,38.599998474121094,38.79999923706055,48385141
2026-02-02,39.04999923706055,39.04999923706055,38.400001525878906,38.79999923706055,19406430
2026-02-03,38.79999923706055,39.150001525878906,38.79999923706055,38.900001525878906,11216432
2026-02-04,39.099998474121094,39.650001525878906,39.04999923706055,39.150001525878906,11712952
2026-02-05,39.29999923706055,39.79999923706055,39.29999923706055,39.70000076293945,19143247
2026-02-06,39.400001525878906,39.79999923706055,39.349998474121094,39.79999923706055,14569913
2026-02-09,39.95000076293945,40.0,39.650001525878906,39.79999923706055,15219502
2026-02-10,39.79999923706055,39.95000076293945,39.650001525878906,39.79999923706055,17388751
2026-02-11,40.0,40.099998474121094,39.849998474121094,40.04999923706055,24950976
2026-02-23,40.650001525878906,40.95000076293945,40.20000076293945,40.95000076293945,36989041
2026-02-24,40.95000076293945,40.95000076293945,40.54999923706055,40.79999923706055,22269722
2026-02-25,40.79999923706055,40.849998474121094,40.349998474121094,40.54999923706055,20081405
2026-02-26,40.5,40.849998474121094,40.349998474121094,40.54999923706055,30597335
2026-03-02,40.79999923706055,40.95000076293945,40.0,40.20000076293945,20688441
2026-03-03,40.0,40.5,40.0,40.400001525878906,19642326
2026-03-04,39.79999923706055,40.150001525878906,38.79999923706055,38.900001525878906,32168570
2026-03-05,39.20000076293945,39.599998474121094,39.0,39.29999923706055,17531994
2026-03-06,39.20000076293945,39.5,38.95000076293945,39.29999923706055,13870677
2026-03-09,37.849998474121094,39.29999923706055,37.849998474121094,39.20000076293945,27857133
2026-03-10,39.5,39.650001525878906,38.79999923706055,39.04999923706055,18723760
2026-03-11,39.04999923706055,39.400001525878906,39.0,39.29999923706055,12203263
2026-03-12,38.900001525878906,39.04999923706055,38.599998474121094,38.79999923706055,23664539
2026-03-13,38.75,39.150001525878906,38.650001525878906,38.75,22414497
2026-03-16,39.0,39.20000076293945,38.75,39.0,12674115
2026-03-17,39.400001525878906,39.599998474121094,39.099998474121094,39.349998474121094,17106174
2026-03-18,39.599998474121094,39.599998474121094,39.04999923706055,39.29999923706055,19321305
2026-03-19,39.04999923706055,39.04999923706055,38.79999923706055,38.95000076293945,19708739
2026-03-20,39.150001525878906,39.150001525878906,38.70000076293945,38.75,30501821
2026-03-23,38.20000076293945,38.54999923706055,37.900001525878906,38.349998474121094,21440493
2026-03-24,38.400001525878906,39.0,38.349998474121094,38.849998474121094,19345748
2026-03-25,39.5,39.5,38.75,39.150001525878906,24161999
2026-03-26,39.400001525878906,39.400001525878906,38.849998474121094,39.099998474121094,19722994
2026-03-27,38.95000076293945,39.20000076293945,38.70000076293945,39.099998474121094,26503665
2026-03-30,38.20000076293945,39.04999923706055,38.20000076293945,38.650001525878906,38526261
2026-03-31,38.5,38.900001525878906,38.25,38.45000076293945,33354746
2026-04-01,38.95000076293945,39.25,38.650001525878906,38.95000076293945,24942301
2026-04-02,39.099998474121094,39.29999923706055,38.70000076293945,39.25,21332392
2026-04-07,39.25,39.45000076293945,39.0,39.400001525878906,16920903
2026-04-08,39.900001525878906,39.900001525878906,38.900001525878906,39.349998474121094,27404099
2026-04-09,39.349998474121094,39.75,39.25,39.75,30862736
2026-04-10,39.75,39.900001525878906,39.599998474121094,39.849998474121094,24589196
2026-04-13,39.849998474121094,39.849998474121094,39.04999923706055,39.29999923706055,22162955
2026-04-14,39.75,39.75,39.150001525878906,39.349998474121094,15728831
2026-04-15,39.29999923706055,39.599998474121094,39.20000076293945,39.5,22131893
2026-04-16,39.650001525878906,40.0,39.54999923706055,39.95000076293945,19717694
2026-04-17,40.0,40.0,39.25,39.5,19763430
2026-04-20,39.5,40.0,39.349998474121094,39.75,26182490
2026-04-21,39.79999923706055,39.900001525878906,39.04999923706055,39.45000076293945,33846561
2026-04-22,39.349998474121094,39.75,39.349998474121094,39.5,31974297
2026-04-23,39.29999923706055,39.79999923706055,39.29999923706055,39.79999923706055,32094742
2026-04-24,39.79999923706055,39.79999923706055,39.45000076293945,39.54999923706055,28367037
2026-04-27,39.349998474121094,40.20000076293945,39.20000076293945,39.79999923706055,36507883
2026-04-28,39.650001525878906,40.20000076293945,39.599998474121094,40.150001525878906,32463526
2026-04-29,40.45000076293945,40.45000076293945,39.79999923706055,40.099998474121094,19586223
2026-04-30,39.349998474121094,39.95000076293945,39.099998474121094,39.099998474121094,31844610
2026-05-04,39.599998474121094,39.599998474121094,39.0,39.0,22014115
2026-05-05,39.0,39.29999923706055,38.70000076293945,39.099998474121094,11185938
2026-05-06,39.400001525878906,39.70000076293945,39.150001525878906,39.54999923706055,16493684
2026-05-07,39.400001525878906,40.0,39.400001525878906,39.650001525878906,19825732
2026-05-08,40.0,40.20000076293945,39.650001525878906,40.20000076293945,20973307
2026-05-11,40.20000076293945,40.5,40.0,40.099998474121094,20184808
2026-05-12,40.099998474121094,40.099998474121094,39.20000076293945,39.20000076293945,23118287
2026-05-13,39.349998474121094,39.79999923706055,39.099998474121094,39.54999923706055,18165656
2026-05-14,39.25,39.650001525878906,39.25,39.29999923706055,14253283
2026-05-15,39.599998474121094,40.0,39.349998474121094,39.400001525878906,14453194
2026-05-18,39.79999923706055,39.849998474121094,39.400001525878906,39.54999923706055,28083157
2026-05-19,39.650001525878906,41.400001525878906,39.650001525878906,40.650001525878906,57031611
2026-05-20,41.0,41.0,40.099998474121094,40.29999923706055,37022894
2026-05-21,40.29999923706055,40.5,40.04999923706055,40.20000076293945,26180304
2026-05-22,40.099998474121094,40.29999923706055,39.900001525878906,39.900001525878906,28754621
2026-05-25,39.900001525878906,39.900001525878906,39.5,39.5,34120544
2026-05-26,39.5,40.04999923706055,39.400001525878906,39.400001525878906,31406525
2026-05-27,39.599998474121094,39.95000076293945,39.400001525878906,39.45000076293945,29099152
2026-05-28,39.79999923706055,40.25,39.5,39.79999923706055,36559482
2026-05-29,40.45000076293945,40.849998474121094,40.0,40.0,119866179
2026-06-01,40.20000076293945,41.45000076293945,40.099998474121094,41.45000076293945,49024551
2026-06-02,41.20000076293945,42.400001525878906,41.04999923706055,41.70000076293945,69141625
2026-06-03,41.599998474121094,42.45000076293945,40.900001525878906,41.650001525878906,51474084
2026-06-04,42.0,42.70000076293945,41.75,42.099998474121094,47163707
2026-06-05,41.849998474121094,42.349998474121094,41.54999923706055,41.95000076293945,31571023
2026-06-08,41.150001525878906,41.54999923706055,40.79999923706055,41.20000076293945,29168438
2026-06-09,41.0,43.54999923706055,41.0,43.54999923706055,58617935
2026-06-10,43.45000076293945,43.70000076293945,42.70000076293945,43.400001525878906,38417031
2026-06-11,43.54999923706055,43.599998474121094,42.650001525878906,43.400001525878906,30140016
2026-06-12,43.45000076293945,43.95000076293945,43.099998474121094,43.400001525878906,35987622
2026-06-15,44.95000076293945,44.95000076293945,43.400001525878906,44.0,28423027
2026-06-16,43.849998474121094,44.849998474121094,43.5,44.5,21485705
2026-06-17,44.20000076293945,45.45000076293945,44.20000076293945,45.099998474121094,31491508
2026-06-18,45.099998474121094,46.0,44.849998474121094,45.5,72179280
2026-06-22,45.5,45.5,44.45000076293945,44.75,52982562
2026-06-23,44.5,45.70000076293945,44.29999923706055,45.20000076293945,47087316
2026-06-24,45.0,45.150001525878906,44.400001525878906,44.54999923706055,55013662
2026-06-25,44.650001525878906,46.95000076293945,44.599998474121094,46.650001525878906,61792232
2026-06-26,45.54999923706055,46.400001525878906,45.54999923706055,46.150001525878906,33874584
2026-06-29,47.349998474121094,47.400001525878906,46.150001525878906,46.20000076293945,25826453
2026-06-30,46.20000076293945,47.20000076293945,45.45000076293945,46.099998474121094,71109415
2026-07-01,46.150001525878906,47.20000076293945,44.75,46.150001525878906,107519945
2026-07-02,45.70000076293945,46.45000076293945,45.45000076293945,46.0,61803986
2026-07-03,45.400001525878906,46.79999923706055,45.400001525878906,45.5,21668041
2026-07-06,45.349998474121094,46.599998474121094,45.349998474121094,46.29999923706055,21150280
2026-07-07,46.25,47.20000076293945,46.25,46.79999923706055,36060047
2026-07-08,46.79999923706055,47.25,46.5,46.79999923706055,21676840
2026-07-09,46.849998474121094,47.150001525878906,46.400001525878906,46.70000076293945,13582932
2026-07-10,46.70000076293945,46.70000076293945,46.70000076293945,46.70000076293945,0
2026-07-13,46.70000076293945,47.29999923706055,46.54999923706055,47.0,26741817
2026-07-14,47.20000076293945,47.20000076293945,46.349998474121094,47.0,25502261
2026-07-15,46.849998474121094,47.29999923706055,45.79999923706055,46.0,26270253
2026-07-16,46.0,47.599998474121094,45.900001525878906,46.599998474121094,37388045
2026-07-17,46.599998474121094,47.599998474121094,46.29999923706055,47.599998474121094,52155157
2026-07-20,47.79999923706055,48.349998474121094,47.349998474121094,48.20000076293945,45297788
2026-07-21,48.20000076293945,48.900001525878906,48.04999923706055,48.599998474121094,31593131
