date,open,high,low,close,volume
2021-07-22,17.245021089766336,17.320823669433594,17.20712052283968,17.320823669433594,18905705
2021-07-23,17.396625877364663,17.434526443481445,17.320823299317176,17.434526443481445,20666593
2021-07-26,17.43452717534573,17.472427743053494,17.282922012886694,17.35872459411621,23980924
2021-07-27,17.358724236360246,17.39662624910085,17.245021089766336,17.320823669433594,15598628
2021-07-28,17.320822487213135,17.35872305155291,17.093414763732913,17.245019912719727,28945863
2021-07-29,17.282920837402344,17.320822848346218,17.16921769619849,17.282920837402344,18965891
2021-07-30,17.320823669433594,17.358724236360246,17.245021089766336,17.320823669433594,30551731
2021-08-02,17.396625153414103,17.51032829284668,17.320822578521096,17.51032829284668,27234450
2021-08-03,17.510329380872584,17.548229947767155,17.39662623437492,17.472427368164062,21352831
2021-08-04,17.510329021528932,17.510329021528932,17.396625877364663,17.434526443481445,19434284
2021-08-05,17.51032829284668,17.548228857386253,17.434525717953672,17.51032829284668,37183327
2021-08-06,17.51032829284668,17.548228857386253,17.434525717953672,17.51032829284668,35079424
2021-08-09,17.51032829284668,17.51032829284668,17.320822578521096,17.51032829284668,32589256
2021-08-10,17.510329021528932,17.510329021528932,17.396625877364663,17.434526443481445,27156035
2021-08-11,17.434526443481445,17.472427009598228,17.396625877364663,17.434526443481445,34122180
2021-08-12,17.472427743053494,17.472427743053494,17.32082402640844,17.35872459411621,56180092
2021-08-13,17.35872341347621,17.39662542442008,17.245020272272352,17.282920837402344,76161707
2021-08-16,17.16373055303943,17.2431925702818,16.845883999681867,17.004806518554688,82238170
2021-08-17,17.004806518554688,17.004806518554688,17.004806518554688,17.004806518554688,0
2021-08-18,17.123998854752646,17.16373062133789,17.08426860377932,17.16373062133789,22844819
2021-08-19,17.163732663609697,17.163732663609697,16.845886071167538,16.965078353881836,38430581
2021-08-20,17.004806630356057,17.004806630356057,16.726690325985192,16.80615234375,33447761
2021-08-23,17.00480673100128,17.2034610187831,16.965076479689692,17.044538497924805,36158214
2021-08-24,17.163728496925614,17.48157501220703,17.084266489202328,17.48157501220703,34528870
2021-08-25,17.481578518361268,17.799425097390884,17.481578518361268,17.71996307373047,34393158
2021-08-26,17.759692967944762,17.799423217773438,17.56103868757762,17.799423217773438,31676399
2021-08-27,17.7596928997256,18.077539443969727,17.6802308847616,18.077539443969727,37737987
2021-08-30,18.077539303667812,18.196731567382812,17.998077289320527,18.196731567382812,34794645
2021-08-31,18.23646527252846,18.276195526123047,18.07754122692606,18.276195526123047,50055334
2021-09-01,18.19673350332185,18.276195526123047,18.15700324972726,18.276195526123047,25525197
2021-09-02,18.196729963676226,18.23646172515418,17.878883449911264,18.03780746459961,23167152
2021-09-03,18.037807335654357,18.156999588012695,18.037807335654357,18.156999588012695,17077032
2021-09-06,18.1967298335949,18.1967298335949,17.998075574460433,18.156999588012695,11781769
2021-09-07,18.1967298335949,18.1967298335949,18.037807335654357,18.156999588012695,9140279
2021-09-08,18.236463332362387,18.276193581730098,18.0378090543001,18.196731567382812,28034507
2021-09-09,18.11726782681877,18.156999588012695,17.918613567684304,18.156999588012695,20421475
2021-09-10,18.11726976602481,18.276193796587716,18.077539516190022,18.23646354675293,20677869
2021-09-13,18.15700324972726,18.276195526123047,18.07754122692606,18.276195526123047,23486596
2021-09-14,18.19673350332185,18.276195526123047,18.15700324972726,18.276195526123047,35181451
2021-09-15,18.15700324972726,18.276195526123047,18.15700324972726,18.276195526123047,30960413
2021-09-16,18.27619525348949,18.7926961205744,18.236465000487573,18.59404182434082,74048507
2021-09-17,18.514580078914626,18.594042101715825,18.276195526123047,18.276195526123047,67614422
2021-09-22,17.95834732055664,18.077539586134048,17.79942328937884,17.95834732055664,52686335
2021-09-23,18.037809266355236,18.23646354675293,18.037809266355236,18.23646354675293,38174055
2021-09-24,18.315923793647308,18.315923793647308,18.03780901741826,18.11726951599121,36914381
2021-09-27,18.117269693645788,18.236463473897725,17.998077429005725,18.077539443969727,22300543
2021-09-28,17.998077289320527,18.236463332362387,17.91861527497324,18.196731567382812,29832371
2021-09-29,18.077539443969727,18.117269693645788,17.878885164365663,18.077539443969727,29548223
2021-09-30,17.998077289320527,18.196731567382812,17.958347039952816,18.196731567382812,36655541
2021-10-01,17.998077534503764,18.117269799842486,17.759693003826317,17.87888526916504,44191906
2021-10-04,17.918615482871346,17.958347248311902,17.68023095267553,17.799423217773438,21097758
2021-10-05,17.719961415004377,17.87888544744868,17.640500914394124,17.839155197143555,37716750
2021-10-06,17.878883449911264,18.03780746459961,17.799421442567088,18.03780746459961,39080958
2021-10-07,18.156999588012695,18.31592208595324,18.077537581236566,18.156999588012695,50217745
2021-10-08,18.236463332362387,18.276193581730098,18.117269553035527,18.196731567382812,19448076
2021-10-12,18.0378090543001,18.196731567382812,17.87888502560553,18.196731567382812,31573143
2021-10-13,18.156999588012695,18.1967298335949,17.998075574460433,18.156999588012695,13569282
2021-10-14,18.23646354675293,18.276193796587716,18.157001531471476,18.23646354675293,18556947
2021-10-15,18.276195526123047,18.276195526123047,18.15700324972726,18.276195526123047,30019358
2021-10-18,18.276193441732524,18.395385704534498,18.196731427993925,18.3159236907959,41099004
2021-10-19,18.315925779717638,18.395387802518837,18.23646527252846,18.276195526123047,27045010
2021-10-20,18.276195526123047,18.395387802518837,18.23646527252846,18.276195526123047,33559436
2021-10-21,18.315925506491407,18.59404182434082,18.27619525348949,18.59404182434082,62983230
2021-10-22,18.594039778899294,18.713232040405273,18.39538550451872,18.713232040405273,39246712
2021-10-25,18.713232040405273,18.752963804648488,18.63377154314251,18.713232040405273,25796536
2021-10-26,18.713232040405273,18.79269405327987,18.63377154314251,18.713232040405273,29381295
2021-10-27,18.673503845956652,18.71323409895857,18.514579802724988,18.59404182434082,25667383
2021-10-28,18.59404182434082,18.633773592954736,18.47484954972307,18.59404182434082,19415741
2021-10-29,18.51458013634189,18.594042159389563,18.3953878595764,18.43511962890625,20724862
2021-11-01,18.474847718273097,18.594039981075067,18.23646319266915,18.3159236907959,23237399
2021-11-02,18.355655670166016,18.514578183890183,18.315923905026075,18.355655670166016,23510291
2021-11-03,18.35565556722072,18.554309844970703,18.315923802303608,18.554309844970703,19782949
2021-11-04,18.594040056866916,18.673502070929413,18.4748477935791,18.4748477935791,32747692
2021-11-05,18.51458013634189,18.554311905671742,18.35565760585858,18.43511962890625,22261994
2021-11-08,18.514579802724988,18.59404182434082,18.435119296721155,18.59404182434082,21142577
2021-11-09,18.67350179177389,18.752963804648488,18.63377154314251,18.713232040405273,31304460
2021-11-10,18.67350179177389,18.713232040405273,18.594039778899294,18.713232040405273,14792025
2021-11-11,18.673503905255853,18.752965927124023,18.63377365212777,18.752965927124023,24351414
2021-11-12,18.752962157921445,18.83242416381836,18.633769906881927,18.83242416381836,23659265
2021-11-15,18.87215793132782,19.070812225341797,18.832427678769818,19.070812225341797,32745288
2021-11-16,19.070810141797296,19.11054039001465,18.99134812975078,19.11054039001465,27677914
2021-11-17,19.11054054482024,19.46811884412024,19.031080047741867,19.428388595581055,45590481
2021-11-18,19.468120459354285,19.785967020874413,19.428390207518753,19.66677474975586,43231889
2021-11-19,19.58731102667009,19.58731102667009,19.229734244418257,19.26946449279785,38454693
2021-11-22,19.26946435630461,19.46811862801909,19.22973410820644,19.388656616210938,25760051
2021-11-23,19.468120574951172,19.50785082702261,19.269466283370036,19.468120574951172,28329081
2021-11-24,19.468118397439476,19.78596492529572,19.42838814981187,19.70650291442871,40279680
2021-11-25,19.706505065422473,19.825698852539062,19.62704456149403,19.825698852539062,40799909
2021-11-26,19.746236949944915,19.785967202144437,19.507850889911868,19.627044677734375,33311343
2021-11-29,19.269466220226718,19.38865849166243,19.22973596828547,19.30919647216797,30661450
2021-11-30,19.26946435630461,19.46811862801909,19.22973410820644,19.388656616210938,69037687
2021-12-01,19.26946433899011,19.746234893798828,19.22973409092764,19.746234893798828,26708594
2021-12-02,19.7065029948295,19.865427017211914,19.428388229077974,19.865427017211914,44946537
2021-12-03,19.865427096974596,20.024351119995117,19.74623483751511,20.024351119995117,48718884
2021-12-06,19.865427002509904,20.223005294799805,19.785964991377504,20.223005294799805,40131504
2021-12-07,20.22300680336719,20.660045623779297,20.0640827692472,20.660045623779297,55302861
2021-12-08,20.660043891802545,20.660043891802545,20.42165937621877,20.62031364440918,57106332
2021-12-09,20.580583572387695,20.699775839972897,20.421661054144725,20.580583572387695,20239968
2021-12-10,20.501119871005503,20.660043891802545,20.46138962361214,20.62031364440918,26309396
2021-12-13,20.620313603257518,20.620313603257518,20.42165933546356,20.540851593017578,29973700
2021-12-14,20.262737095386395,20.302467346191406,20.06408281013751,20.302467346191406,29160040
2021-12-15,20.183273491089096,20.302465749743575,20.143543243408203,20.143543243408203,21432876
2021-12-16,20.14354500509131,20.342199292092975,20.103813238323816,20.262737274169922,25563548
2021-12-17,20.38193148785632,20.540855538865117,20.262739207405758,20.342201232910156,33636305
2021-12-20,20.22300525438179,20.342197513036268,20.064081232434617,20.143543243408203,22066262
2021-12-21,20.143544861129467,20.46139141493816,20.06408284377431,20.381929397583008,24947650
2021-12-22,20.501121520996094,20.620315303992832,20.421661019814145,20.501121520996094,29022100
2021-12-23,20.580583572387695,20.580583572387695,20.421661054144725,20.580583572387695,25233610
2021-12-24,20.620313603257518,20.620313603257518,20.501119830091714,20.540851593017578,11700188
2021-12-27,20.540853287198978,20.580583537789952,20.46139127040512,20.501121520996094,12516101
2021-12-28,20.501119871005503,20.62031364440918,20.501119871005503,20.62031364440918,20524696
2021-12-29,20.660045657979364,20.7395076751709,20.58058364078783,20.7395076751709,28449708
2021-12-30,20.739505902201067,20.739505902201067,20.62031364440918,20.62031364440918,16524895
2022-01-03,20.73950581910053,20.73950581910053,20.421659294391805,20.461389541625977,18002393
2022-01-04,20.501119871005503,20.62031364440918,20.42165937621877,20.62031364440918,19743263
2022-01-05,20.501121412671747,20.69977569580078,20.501121412671747,20.69977569580078,22175457
2022-01-06,20.620315441063283,20.898430228272648,20.58058367459629,20.8189697265625,41105425
2022-01-07,20.818967470158782,21.057351980676454,20.660043452739163,20.898427963256836,39679140
2022-01-10,20.938163575491146,20.977893829345703,20.699777505527695,20.977893829345703,30719261
2022-01-11,20.858701070502917,21.772510528564453,20.858701070502917,21.772510528564453,87729869
2022-01-12,21.534125979717793,22.050626845960224,21.494394211168682,21.772510528564453,64383760
2022-01-13,21.97116270485417,22.64658754890891,21.891700691033872,22.606857299804688,122602157
2022-01-14,22.567125524121746,22.765779800770023,22.010894458873686,22.169816970825195,77352144
2022-01-17,22.05062467041632,22.249278946726378,21.931432407752656,22.090354919433594,42132094
2022-01-18,22.169816970825195,22.28900923369179,22.090354957043512,22.169816970825195,42386514
2022-01-19,22.090354919433594,22.36847120939004,21.931432407752656,22.090354919433594,65648775
2022-01-20,21.93143276046628,22.090355274703096,21.693046715693242,22.010894775390625,43772718
2022-01-21,21.772510528564453,21.851972550050675,21.534125979717793,21.772510528564453,48990640
2022-01-24,21.573856262179667,21.971164854542504,21.335471713006765,21.851972579956055,44422549
2022-01-25,21.4943924677209,21.653316497802734,21.375200202965463,21.653316497802734,43360919
2022-01-26,21.653318313193413,22.130088927798973,21.653318313193413,21.931434631347656,35591582
2022-02-07,22.169818675438204,22.686319531314535,22.090356655546778,22.646589279174805,93574876
2022-02-08,22.72604946114427,23.00416575046621,22.36847115835723,22.805511474609375,73256072
2022-02-09,22.80551116091162,23.123357694788098,22.726049148539545,22.964433670043945,51136359
2022-02-10,22.96443384670823,23.004165611005835,22.606857061700808,22.92470359802246,55683899
2022-02-11,22.72604932336995,22.92470359802246,22.646587310386575,22.92470359802246,42311969
2022-02-14,22.52739686008178,22.805513170080214,22.44793484070909,22.76578140258789,38192116
2022-02-15,22.726051386052625,22.76578163834443,22.32874280068671,22.368473052978516,41980974
2022-02-16,22.52739730596083,22.646589579573025,22.408205032348633,22.408205032348633,56187583
2022-02-17,22.72604956272921,22.884972074757947,22.487663521268317,22.606857299804688,52361915
2022-02-18,22.408204882944226,22.606859176177377,22.368473114930406,22.52739715576172,29633716
2022-02-21,22.328742862528568,22.52739715576172,22.289011094514752,22.52739715576172,27785111
2022-02-22,22.32873925257117,22.368469498549697,21.851968722770202,22.130084991455078,57291179
2022-02-23,22.05062467041632,22.209548697709106,21.891700643123535,22.090354919433594,33080415
2022-02-24,21.851970847771103,21.891701097613204,21.21627775662615,21.375200271606445,107999940
2022-02-25,21.37519827716393,21.5738525390625,21.057351761248565,21.5738525390625,81487307
2022-03-01,21.454662013698268,22.090355096748286,21.41493176436209,22.05062484741211,88118196
2022-03-02,21.89170089199633,22.209548950195312,21.85197064252739,22.209548950195312,42058969
2022-03-03,22.24927919966425,22.328741214214,22.09035517056476,22.209548950195312,40374708
2022-03-04,21.931432829322965,22.01089484449679,21.653316534020508,21.732778549194336,55921839
2022-03-07,21.3752006333313,21.3752006333313,20.58058349814715,20.858699798583984,102904489
2022-03-08,20.540855538865117,20.699778074261836,20.342201232910156,20.342201232910156,74400007
2022-03-09,20.421659294391805,20.818967829180657,20.421659294391805,20.461389541625977,52782317
2022-03-10,20.938161425406342,21.375200235376248,20.85869941024494,21.295738220214844,41788050
2022-03-11,21.097084223697475,21.25600825615649,20.977891957159166,21.057353973388672,24434656
2022-03-14,21.176545955278677,21.41493200076289,21.05735369034251,21.295738220214844,27259732
2022-03-15,21.17654818608899,21.375202487113487,21.057355908596698,21.136817932128906,34687534
2022-03-16,21.37519858131582,21.57385284604108,21.216276078902666,21.41493034362793,34194429
2022-03-17,22.169819180844435,22.368473477295748,21.653318313193413,21.931434631347656,62411893
2022-03-18,22.527397093369668,22.726051386052625,22.249280780491134,22.368473052978516,94544200
2022-03-21,22.606858963700798,22.64658921572922,22.32874265266594,22.4876651763916,47424079
2022-03-22,22.52739682828717,22.68631935119629,22.36847278976609,22.68631935119629,39008553
2022-03-23,22.726051131349323,23.202821731567383,22.686319363890842,23.202821731567383,64207519
2022-03-24,23.12335759663715,23.242549856883418,22.96443357256758,23.163087844848633,35237606
2022-03-25,23.004167377048297,23.123359647867893,22.88497359061675,23.04389762878418,27730784
2022-03-28,22.845243338880866,23.04389762878418,22.56712702989384,23.04389762878418,28358020
2022-03-29,23.00416539481314,23.00416539481314,22.805511122027575,22.884971618652344,14444598
2022-03-30,22.92470535796458,23.163089899603776,22.845243338880866,23.04389762878418,52464581
2022-03-31,23.123359388041376,23.361743927001953,23.123359388041376,23.361743927001953,52161301
2022-04-01,23.361743881237523,23.719322204589844,23.123359342743928,23.719322204589844,58656199
2022-04-06,23.679590149484728,23.957706451416016,23.60012964802886,23.957706451416016,107167686
2022-04-07,23.957706519611275,24.593401142351127,23.83851425147628,24.11663055419922,124740002
2022-04-08,24.196092427008523,24.315284694431774,23.91797612594633,24.235822677612305,50957418
2022-04-11,24.315284873893788,24.513939159602703,24.076898821675936,24.19609260559082,49881184
2022-04-12,24.235822746306113,24.4344770311119,24.116630478545023,24.394746780395508,54183865
2022-04-13,24.394746856922158,24.47420735860421,23.99743828606422,24.11663055419922,44492238
2022-04-14,24.116631045358833,24.116631045358833,23.40147590637207,23.40147590637207,55412480
2022-04-15,23.123357674680307,23.520666220583365,22.924703401728777,23.322011947631836,37411628
2022-04-18,23.12335783379917,23.16308808241814,22.52739501084358,22.84524154663086,46317913
2022-04-19,22.96443388505012,23.202819924398256,22.805511374429873,23.004165649414062,41045705
2022-04-20,23.00416744111085,23.202821731567383,22.88497365434737,23.202821731567383,42339816
2022-04-21,23.04389582094939,23.12335783379917,22.76577953378108,22.84524154663086,33210839
2022-04-22,22.805513037947776,23.40147590637207,22.646589000123182,23.40147590637207,58654671
2022-04-25,22.92470538999491,23.282282202953304,22.80551311900878,23.12335968017578,53367885
2022-04-26,23.1233594856315,23.600130081176758,23.08362771856243,23.600130081176758,55501806
2022-04-27,23.16308794316822,23.361742216292498,22.964433670043945,22.964433670043945,57151572
2022-04-28,22.805513087144984,23.04389762878418,22.646589048977553,23.04389762878418,45627681
2022-04-29,23.083627766208437,23.282282055128,22.96443549597909,23.242551803588867,33745792
2022-05-03,23.12335783379917,23.202819846648946,22.84524154663086,22.84524154663086,25157466
2022-05-04,23.04389568241602,23.123357694788098,22.845241409291745,22.964433670043945,16744449
2022-05-05,23.043893975076493,23.12335598156117,22.249276941453168,22.28900718688965,55243561
2022-05-06,21.772508454332637,22.249279022216797,21.653316191264558,22.249279022216797,60244736
2022-05-09,21.812242267043864,22.050626815561895,21.573856202913834,21.69304847717285,55207849
2022-05-10,21.37520178929796,22.090356946516764,21.295739768359873,21.89170265197754,58205530
2022-05-11,21.693046889902718,21.772508905465195,21.37520034326469,21.53412437438965,40212914
2022-05-12,21.097084262058853,21.216278044425795,20.62031519503869,20.69977569580078,61577001
2022-05-13,20.699775805174784,20.89843008935347,20.302467236817403,20.501121520996094,73821018
2022-05-16,20.580583897708205,20.898430454830308,20.22300708930032,20.421661376953125,48772246
2022-05-17,20.421661310016027,20.50112181232715,20.18327525624687,20.262737274169922,49579960
2022-05-18,20.262737087633607,20.818969692362433,20.223006836843798,20.7395076751709,50349892
2022-05-19,20.342199224362155,20.342199224362155,19.984620902704965,20.10381317138672,57532261
2022-05-20,20.103811520295302,20.302465790320404,20.024351024774706,20.223005294799805,46041035
2022-05-23,20.302465790320404,20.421659564824903,20.024351024774706,20.223005294799805,44382918
2022-05-24,20.223006844581384,20.58058364866223,20.183275078164456,20.302467346191406,43685165
2022-05-25,20.461389771690747,20.461389771690747,19.98461922146103,20.143543243408203,43891506
2022-05-26,20.2230069556804,20.342199224362155,19.984620902704965,20.10381317138672,36994542
2022-05-27,20.501123259483293,21.17654818608899,20.381930981991,21.136817932128906,81338317
2022-05-30,21.335470093289395,21.53412437438965,20.977891781064187,21.53412437438965,88012720
2022-05-31,21.295736269282152,21.5738525390625,20.898427745485012,21.5738525390625,226827694
2022-06-01,21.375200342057177,21.375200342057177,21.097084045410156,21.097084045410156,38395489
2022-06-02,20.977893885064493,21.256010209621195,20.8587016075722,21.136817932128906,33225896
2022-06-06,21.097084151709865,21.454662465716563,21.01762365136339,21.33547019958496,25729936
2022-06-07,21.136815810995095,21.295738326499187,21.057353795437106,21.097084045410156,20757842
2022-06-08,21.216275994302805,21.33546824954033,21.176544232149126,21.256006240844727,19701945
2022-06-09,21.05735238615951,21.097082633473587,20.540851593017578,20.540851593017578,70180410
2022-06-10,20.183275037031237,20.739507640839292,20.143544786307196,20.660045623779297,42306945
2022-06-13,20.223006844581384,20.421661129830273,20.10381306094252,20.302467346191406,50985847
2022-06-14,20.342199071151228,20.779237891563334,20.262737054091232,20.660045623779297,49224555
2022-06-15,20.42165894222149,20.977889971966647,20.42165894222149,20.898427963256836,46670075
2022-06-16,21.17654818608899,21.454664510645692,20.977893885064493,21.136817932128906,67750550
2022-06-17,20.779237891563334,20.977892176407362,20.620315373055256,20.660045623779297,58294875
2022-06-20,20.699776099328815,20.977892404253534,19.984620969245203,20.262737274169922,48736593
2022-06-21,20.66004745800552,21.057356062967163,20.540855179639436,21.01762580871582,47616570
2022-06-22,20.73950746179373,21.01762376129676,20.540853178664694,20.69977569580078,36768385
2022-06-23,20.938161744922766,20.97789199530381,20.381929145916704,20.69977569580078,32403463
2022-06-24,20.977889971966647,20.977889971966647,20.69977369928819,20.898427963256836,25299908
2022-06-27,21.05735426291679,21.05735426291679,20.779237960095504,20.8189697265625,24898601
2022-06-28,20.66004555458381,20.77923782196864,20.342199003020287,20.501121520996094,26269531
2022-06-29,20.302467236817403,20.580583537789952,20.302467236817403,20.501121520996094,36926864
2022-06-30,20.342199555092183,20.501122077381027,19.94489097595215,19.94489097595215,42227962
2022-07-01,19.86542725190221,19.944889264032184,19.309194682604222,19.54758071899414,71887895
2022-07-04,19.547582530651354,19.706505054028316,19.070811929296546,19.30919647216797,50157955
2022-07-05,19.587312782592605,19.746236821581526,19.070811929296546,19.30919647216797,40806052
2022-07-06,19.190002783535864,19.309195046169137,18.59403995475766,18.67350196838379,72523584
2022-07-07,18.71323039716714,19.070808665897395,18.59403814612762,18.83242416381836,38592732
2022-07-08,19.031080207939166,19.229734483530965,18.91188643009461,18.951618194580078,33802531
2022-07-11,19.070808444046254,19.070808444046254,18.792692184448242,18.792692184448242,25128867
2022-07-12,18.594040342101646,18.633772107548314,18.23646354675293,18.23646354675293,43995404
2022-07-13,18.395385853219697,18.911886673277554,18.395385853219697,18.633771896362305,84664372
2022-07-14,18.759677431355016,19.01148453743339,18.63377387831583,18.67574119567871,76889143
2022-07-15,18.633771946471292,18.633771946471292,18.25605972556227,18.29802703857422,55453170
2022-07-18,18.54983582633285,18.843611821959577,18.38196337141747,18.71770668029785,55416461
2022-07-19,18.717704606220327,18.717704606220327,18.507864861303283,18.633769989013672,39100393
2022-07-20,18.927548301757085,19.137388090472577,18.591804960002406,18.67574119567871,59763845
2022-07-21,18.75967516313696,19.095418464297172,18.591802712081684,19.01148223876953,44206754
2022-07-22,18.885581047980338,19.137388154906528,18.71770857606252,19.095420837402344,36738361
2022-07-25,19.095418851224963,19.221322391592416,18.92754639676811,19.053451538085938,31218890
2022-07-26,19.053452534057342,19.347226943287595,19.053452534057342,19.26329231262207,32660417
2022-07-27,19.347226943287595,19.347226943287595,19.095419849390105,19.26329231262207,24929158
2022-07-28,19.305258724434335,19.515098493178186,19.26329141106572,19.47313117980957,25209883
2022-07-29,19.682971869751523,19.724939185084285,19.095419849390105,19.26329231262207,40800475
2022-08-01,19.22132339633885,19.26329231262207,18.969516302441363,19.26329231262207,22517447
2022-08-02,18.885579986042796,18.969516217281964,18.717707523564457,18.843612670898438,41367413
2022-08-03,18.759675594501886,18.927546448466888,18.675739367044194,18.71770668029785,33103644
2022-08-04,18.63377387831583,18.759677431355016,18.549837642639524,18.67574119567871,24012263
2022-08-05,18.885580145794414,19.3472270200892,18.843612830295054,19.305259704589844,37280449
2022-08-08,19.305258262844692,19.47313071420609,19.137385811483295,19.38919448852539,22262404
2022-08-09,19.47313133633322,19.724938420469698,19.347226193314587,19.557065963745117,34136517
2022-08-10,19.557065070090655,19.976744591774576,19.47313044651413,19.766904830932617,36157680
2022-08-11,20.018715515041826,20.22855529695851,19.89281196608191,20.186586380004883,37854546
2022-08-12,20.228553771972656,20.27052108481198,20.018714005875328,20.228553771972656,24217363
2022-08-15,20.228556207943313,20.48036331720317,20.10265265331338,20.354459762573242,24989279
2022-08-16,20.39642435109312,20.690200339884655,20.27052081331113,20.606264114379883,34774445
2022-08-17,20.732170718277374,20.942010496393742,20.60626557064719,20.900041580200195,38549756
2022-08-18,20.816105650656084,20.8580745674583,20.52233123779297,20.52233123779297,33644486
2022-08-19,20.4803609595478,20.732169640770536,20.27052119233737,20.64823341369629,30774893
2022-08-22,20.396426088336803,20.606265869496443,20.354458772485067,20.52233123779297,12706000
2022-08-23,20.31249052061309,20.396425148448767,19.97674560546875,19.97674560546875,32637888
2022-08-24,19.976746364838547,20.060682596815273,19.599035722368978,19.682971954345703,39684183
2022-08-25,19.850841985043523,20.060681755711954,19.76690575658607,19.934778213500977,27667902
2022-08-26,19.976745989110924,20.14461844990699,19.892811359663327,20.018714904785156,26868294
2022-08-29,19.515097678975856,19.808873663150504,19.473130367358188,19.724937438964844,31919638
2022-08-30,19.64100211334067,19.808874569392028,19.4731312582397,19.515098571777344,38842515
2022-08-31,19.473130367358188,19.892809887336163,19.473130367358188,19.724937438964844,42973778
2022-09-01,19.389194101687178,19.51509763722112,19.179354342147164,19.347225189208984,47416271
2022-09-02,19.305259243249004,19.38919547319235,19.221323013305664,19.221323013305664,23757109
2022-09-05,19.38919503021402,19.59903479980302,19.263291488650694,19.515098571777344,23703944
2022-09-06,19.599035340334215,19.724938885369895,19.515099109993617,19.641002655029297,19997110
2022-09-07,19.389196938226636,19.47313317451214,19.137388229370117,19.137388229370117,45548573
2022-09-08,19.263291928752547,19.263291928752547,19.053452154369406,19.221323013305664,26408669
2022-09-12,19.47313170313569,19.515099017632146,19.221323013305664,19.221323013305664,30718228
2022-09-13,19.389196862783255,19.43116418028744,19.05345351989816,19.095420837402344,38558926
2022-09-14,18.843611821959577,18.927546448466888,18.71770668029785,18.71770668029785,48437119
2022-09-15,18.71770668029785,18.843611821959577,18.63377205379054,18.71770668029785,24916815
2022-09-16,18.633771429724696,18.759674966219393,18.549835205078125,18.549835205078125,71416305
2022-09-19,18.549837188060092,18.801644287967722,18.549837188060092,18.59180450439453,29757815
2022-09-20,18.675737297616998,18.717704606220327,18.507864861303283,18.633769989013672,26890436
2022-09-21,18.549836729357473,18.59180404465414,18.465900497813685,18.50786781311035,27644866
2022-09-22,18.38196263468498,18.38196263468498,18.04621933926089,18.130155563354492,51464914
2022-09-23,18.13015754650869,18.33999732922071,17.96228507995888,18.1721248626709,29458864
2022-09-26,18.088189016494503,18.088189016494503,17.836381912231445,17.836381912231445,32377387
2022-09-27,17.752445608544367,17.9203180780379,17.37473495360969,17.416702270507812,65358411
2022-09-28,17.416701650539764,17.542605197702972,16.871118545532227,16.871118545532227,80680032
2022-09-29,16.91308355920311,17.16489222021087,16.787180029174348,16.829147338867188,73812400
2022-09-30,16.661277770996094,16.787181310635788,16.577341544252842,16.661277770996094,75499114
2022-10-03,16.61931022780807,16.745215378782017,16.451439361426974,16.535375595092773,48476329
2022-10-04,16.87111671928994,17.038987563685936,16.87111671928994,16.913084030151367,37745270
2022-10-05,17.122925266045147,17.45866858480085,17.080957951557096,17.20686149597168,50633254
2022-10-06,17.29079818725586,17.416701735029836,17.122925722923576,17.29079818725586,30549741
2022-10-07,17.122923286069785,17.290795726511252,17.122923286069785,17.164892196655273,21669957
2022-10-11,16.955054777291185,17.03898940809968,16.78718231377327,16.871118545532227,41981454
2022-10-12,16.871115291209634,17.122922336964194,16.829146382950437,16.997018814086914,25198753
2022-10-13,16.99702011956795,16.99702011956795,16.45143707789533,16.493404388427734,64804802
2022-10-14,16.661279296718345,16.787182847887397,16.61931037902832,16.61931037902832,40398712
2022-10-17,16.577343062288808,16.787182847887397,16.45143951111975,16.61931037902832,22801138
2022-10-18,16.78718231377327,16.997022092695435,16.619309850255352,16.871118545532227,28776690
2022-10-19,16.829150624925173,16.9550557804884,16.535376197812457,16.7032470703125,42592189
2022-10-20,16.367503127761175,16.70324646147387,16.325535811403526,16.535375595092773,64458365
2022-10-21,16.661280203574826,16.78718376159668,16.53537664555297,16.78718376159668,23498848
2022-10-24,16.9550557804884,16.997023098375774,16.7032470703125,16.7032470703125,33946126
2022-10-25,16.871120000594782,16.913087319618537,16.619311283600474,16.78718376159668,27415838
2022-10-26,16.91308495816238,17.248828266326697,16.745214104555412,17.080957412719727,34095200
2022-10-27,17.290797803566452,17.41670134854658,17.248828887939453,17.248828887939453,36193148
2022-10-28,17.332765118243017,17.374734033870016,17.080958028282758,17.248828887939453,25718419
2022-10-31,17.374735423080384,17.50063897812723,17.122926712036133,17.122926712036133,27234306
2022-11-01,17.374732628523464,17.71047592163086,17.248827492776673,17.71047592163086,32177692
2022-11-02,17.836382308587048,17.836382308587048,17.45867004284851,17.500638961791992,26228859
2022-11-03,17.332765118243017,17.41670134854658,17.206861573262888,17.248828887939453,27251897
2022-11-04,17.248828448311464,17.542604446411133,17.20686113470454,17.542604446411133,18062072
2022-11-07,17.752444696152644,18.004253387451172,17.6685084657198,18.004253387451172,30406830
2022-11-08,18.08818817138672,18.130157087436725,17.87834839398803,18.08818817138672,26650053
2022-11-09,17.668507473858526,17.87834723768559,17.542603935752357,17.79441261291504,51240920
2022-11-10,17.626539778229912,17.79441222602175,17.584572466757106,17.752443313598633,20542908
2022-11-11,18.00425489632092,18.339998245239258,17.96228597711202,18.339998245239258,56718152
2022-11-14,18.423932019779897,18.423932019779897,18.214092254638672,18.214092254638672,43010546
2022-11-15,18.130155224642294,18.465898513793945,17.962282779591327,18.465898513793945,35373348
2022-11-16,18.38196326554849,18.549835719497025,18.172123498588004,18.29802703857422,34925590
2022-11-17,18.33999732922071,18.38196464538292,18.088188629395994,18.1721248626709,22810612
2022-11-18,18.004253002930064,18.130156545415158,17.878347859494568,17.962284088134766,33386537
2022-11-21,17.878347859494568,18.004253002930064,17.794413231804775,17.962284088134766,30639529
2022-11-22,17.92031776379667,18.1721248626709,17.752445297246858,18.1721248626709,28035389
2022-11-23,18.38196434877622,19.053452603190017,18.339997033291187,18.927547454833984,66956130
2022-11-24,19.053452448521135,19.095419763665493,18.717707523564457,18.843612670898438,40943183
2022-11-25,18.80164337158203,18.969515830638734,18.717707142053676,18.80164337158203,24645744
2022-11-28,18.549833770856814,18.843609733930716,18.465897552699953,18.633769989013672,39643864
2022-11-29,18.80164338859376,19.22132293566483,18.591803615058225,19.17935562133789,49570003
2022-11-30,19.179356157141306,19.51509948398756,19.053452609692773,19.305259704589844,82168764
2022-12-01,19.47313059690187,19.55706522112661,18.969514846801758,18.969514846801758,41114605
2022-12-02,18.88558006286621,19.0954198413425,18.843612747551138,18.88558006286621,25145970
2022-12-05,19.05345351989816,19.305260626824346,19.01148460144343,19.095420837402344,30855069
2022-12-06,18.92754691539935,19.221322918273373,18.80164337158203,18.80164337158203,40620669
2022-12-07,18.843611047073207,19.473130325693244,18.843611047073207,19.347225189208984,64141028
2022-12-08,19.221324465655623,19.347228019608607,18.969517357749652,19.137388229370117,30150579
2022-12-09,18.96951531085751,19.221322391592416,18.92754639676811,19.053451538085938,24968410
2022-12-12,19.095419468865863,19.305259243249004,18.92754700897918,19.221323013305664,32842455
2022-12-13,19.263291305681815,19.389194846049268,19.011482623996535,19.053451538085938,38157366
2022-12-14,19.179355698809207,19.38919547319235,19.095419468865863,19.221323013305664,44345848
2022-12-15,19.05345351989816,19.221324390865437,18.927548365484522,19.095420837402344,41327581
2022-12-16,18.885580984394203,19.05345345574681,18.67574119567871,18.67574119567871,91755541
2022-12-19,18.50786781311035,18.75967650774172,18.465900497813685,18.50786781311035,63166865
2022-12-20,18.42393264488081,18.591803502119227,18.298027500763986,18.3819637298584,68996528
2022-12-21,18.298026879934877,18.423932019779897,18.130156028392108,18.214092254638672,65411450
2022-12-22,18.38196472082134,18.59180450439453,18.25606117086753,18.59180450439453,52825680
2022-12-23,18.214092872619982,18.50786727302481,18.17212395759757,18.3819637298584,23735516
2022-12-26,18.339995443936857,18.549835205078125,18.339995443936857,18.549835205078125,7258446
2022-12-27,18.63377387831583,18.717708513041593,18.549837642639524,18.67574119567871,10223483
2022-12-28,18.549837188060092,18.759676971633283,18.465900954440716,18.59180450439453,16169124
2022-12-29,18.42393264488081,18.549836188047223,18.256060186691982,18.3819637298584,18265830
2022-12-30,18.549835205078125,18.717706053420944,18.423931668583432,18.549835205078125,14487885
2023-01-03,18.465900954440716,18.675740738013907,18.298028487201968,18.59180450439453,17368421
2023-01-04,18.46590185543629,18.75967788696289,18.46590185543629,18.75967788696289,18212363
2023-01-05,18.75967508433924,18.969514846801758,18.717706171276532,18.969514846801758,40541276
2023-01-06,18.92754593373905,19.053451071976834,18.843611309514316,18.969514846801758,18638428
2023-01-09,19.22132211590695,19.431161880493164,19.053451264808192,19.431161880493164,46374091
2023-01-10,19.389194567956064,19.431161880493164,19.17935480336985,19.431161880493164,25155935
2023-01-11,19.431161800890564,19.515098026571263,19.263290950479515,19.38919448852539,20608729
2023-01-12,19.38919547319235,19.431162787688805,19.13738678336232,19.221323013305664,18666262
2023-01-13,19.26329338427365,19.431164255894114,19.137388229370117,19.137388229370117,23958984
2023-01-16,19.26329056615323,19.51509763722112,19.22132165367504,19.347225189208984,24363905
2023-01-17,19.34722603780295,19.515098493178186,19.26329141106572,19.47313117980957,30399713
2023-01-30,19.515098493178186,19.641002034234422,19.221322496746716,19.47313117980957,73535134
2023-01-31,19.51509893880466,19.557066253131598,19.17935562133789,19.17935562133789,45711658
2023-02-01,19.26329330932016,19.34722794432853,18.969517283939247,19.095420837402344,33352861
2023-02-02,19.053452526027428,19.053452526027428,18.801643831285602,18.88558006286621,46310643
2023-02-03,18.843612286821415,18.885579601110383,18.759676057293063,18.80164337158203,31011989
2023-02-06,18.75967788696289,18.927548761441965,18.675741649248064,18.75967788696289,23585847
2023-02-07,18.801642907755543,18.969515362670922,18.71770668029785,18.71770668029785,24932077
2023-02-08,18.717707142053676,18.843612286821415,18.717707142053676,18.80164337158203,16263298
2023-02-09,18.71770668029785,18.843611821959577,18.71770668029785,18.71770668029785,16799040
2023-02-10,18.717707523564457,18.885579986042796,18.6757402084201,18.843612670898438,20970031
2023-02-13,18.759677494517245,19.095420837402344,18.71770857606252,19.095420837402344,23070616
2023-02-14,19.13738678336232,19.34722655774546,19.011483238922523,19.221323013305664,38123620
2023-02-15,19.137387234160084,19.221323466080616,18.885580139348953,18.927547454833984,42329208
2023-02-16,18.96951531085751,19.13738616436399,18.92754639676811,19.053451538085938,23206289
2023-02-17,18.969517283939247,19.179357073361253,18.969517283939247,19.095420837402344,22840878
2023-02-20,19.137387164722867,19.305259627954833,19.053452534057342,19.26329231262207,15223381
2023-02-21,19.179357147988146,19.221324465655623,19.053453594035158,19.137388229370117,13573430
2023-02-22,18.969517357749652,19.221324465655623,18.88558112146415,19.137388229370117,21752774
2023-02-23,19.17935562133789,19.305259165269128,19.095419391733593,19.17935562133789,16581228
2023-02-24,19.26329330932016,19.26329330932016,19.095420837402344,19.095420837402344,34689807
2023-03-01,19.053451538085938,19.13738616436399,18.96951531085751,19.053451538085938,24991335
2023-03-02,19.095419918675052,19.137387234160084,18.801643907428417,18.927547454833984,26723817
2023-03-03,18.969515830638734,18.969515830638734,18.80164337158203,18.80164337158203,22144815
2023-03-06,18.969516371269485,18.969516371269485,18.843612823863918,18.927547454833984,27429609
2023-03-07,18.927546013241894,19.095418464297172,18.927546013241894,19.01148223876953,53171646
2023-03-08,18.969517283939247,19.095420837402344,18.843613730476154,19.095420837402344,40297821
2023-03-09,19.0954198413425,19.137387156657578,18.88558006286621,18.88558006286621,29629443
2023-03-10,18.717708513041593,18.801644748717898,18.63377387831583,18.67574119567871,36836381
2023-03-13,18.633769989013672,18.717704606220327,18.507864861303283,18.633769989013672,30899896
2023-03-14,18.465899332428002,18.465899332428002,18.214092254638672,18.214092254638672,71928555
2023-03-15,18.298027948785407,18.339996864835413,18.08818817138672,18.08818817138672,46671172
2023-03-16,17.87834775811773,17.92031667267505,17.500637132804208,17.542604446411133,89990158
2023-03-17,17.5845751987284,17.752446071650645,17.500638961791992,17.500638961791992,85517896
2023-03-20,17.54260490732572,17.626541137695312,17.374734047536982,17.626541137695312,38490424
2023-03-21,17.62654121477,17.836380991136313,17.500637669140303,17.668508529663086,39702296
2023-03-22,17.794413154230767,17.962284009828934,17.75244423961843,17.920316696166992,29961440
2023-03-23,17.836381078888472,18.08818817138672,17.752444847738907,18.08818817138672,25480026
2023-03-24,18.08818763061986,18.130156545415158,17.878347859494568,17.962284088134766,26366994
2023-03-27,18.08818801693358,18.08818801693358,17.96228447175953,18.004253387451172,16598425
2023-03-28,18.046220779418945,18.21409324100302,18.00425346449815,18.046220779418945,19194267
2023-03-29,18.046219802145547,18.256059567286773,18.046219802145547,18.214092254638672,22574788
2023-03-30,18.256061095945807,18.298028412108014,18.088188629395994,18.1721248626709,24035782
2023-03-31,18.2140946895137,18.381965563497584,18.2140946895137,18.339998245239258,29245189
2023-04-06,18.339995793533337,18.339995793533337,18.172123341040212,18.214092254638672,27922105
2023-04-07,18.214092254638672,18.298026879934877,18.172123341040212,18.214092254638672,14732745
2023-04-10,18.214092412550322,18.33999595253654,18.172123498588004,18.29802703857422,11957826
2023-04-11,18.172125770304802,18.339998245239258,18.172125770304802,18.339998245239258,27666088
2023-04-12,18.339994980480864,18.465898513793945,18.298026068742978,18.465898513793945,20700998
2023-04-13,18.507866912128815,18.759675594501886,18.507866912128815,18.71770668029785,26528971
2023-04-14,18.717707599704994,18.88558006286621,18.633772969074844,18.88558006286621,19797696
2023-04-17,18.88558006286621,18.927547378181284,18.801643831285602,18.88558006286621,21285264
2023-04-18,18.885579601110383,18.885579601110383,18.759676057293063,18.80164337158203,12892535
2023-04-19,18.843612670898438,18.885579986042796,18.801643754803628,18.843612670898438,15726252
2023-04-20,18.75967788696289,18.801645205345014,18.675741649248064,18.75967788696289,10507414
2023-04-21,18.759675594501886,18.801642907755543,18.63377205379054,18.71770668029785,16516810
2023-04-24,18.6757402084201,18.885579986042796,18.63377289327574,18.843612670898438,11964716
2023-04-25,18.843614124677714,18.927548761441965,18.71770896763019,18.75967788696289,19484257
2023-04-26,18.759676439659266,18.843612670898438,18.717707523564457,18.843612670898438,19395521
2023-04-27,18.843612286821415,18.885579601110383,18.717707142053676,18.80164337158203,17827522
2023-04-28,18.843611309514316,18.969514846801758,18.717706171276532,18.969514846801758,22672472
2023-05-02,19.13738678336232,19.221323013305664,19.053452154369406,19.221323013305664,33330651
2023-05-03,19.179356081006087,19.305259627954833,19.095419849390105,19.26329231262207,26432070
2023-05-04,19.263290950479515,19.431161800890564,19.179354724798817,19.38919448852539,21531649
2023-05-05,19.389194101687178,19.431161413215055,19.305257877681107,19.347225189208984,18255071
2023-05-08,19.431162803042195,19.599035263061523,19.389195488512577,19.599035263061523,28653094
2023-05-09,19.59903487840146,19.641002192107408,19.47313133633322,19.557065963745117,16263213
2023-05-10,19.59903487840146,19.59903487840146,19.431162421676877,19.557065963745117,18374497
2023-05-11,19.557065963745117,19.59903487840146,19.47313133633322,19.557065963745117,19658735
2023-05-12,19.59903425225196,19.59903425225196,19.38919448852539,19.38919448852539,21948336
2023-05-15,19.389195488512577,19.64100257759114,19.305259258502915,19.599035263061523,21384072
2023-05-16,19.724937519144355,19.766904830932617,19.641001294617503,19.766904830932617,33863676
2023-05-17,19.7249385200609,20.14461806304092,19.7249385200609,19.97674560546875,58987570
2023-05-18,20.060681318714646,20.27052108481198,20.018714005875328,20.228553771972656,42628650
2023-05-19,20.31249107725448,20.480361938476562,20.270522161236126,20.480361938476562,39101794
2023-05-22,20.480360576597892,20.732169253112215,20.438393264320677,20.606264114379883,35285806
2023-05-23,20.60626449968398,20.732169640770536,20.43839364648586,20.64823341369629,30439781
2023-05-24,20.564298629760742,20.606265945767813,20.354458847824407,20.564298629760742,22234626
2023-05-25,20.396424624280304,20.438393538069988,20.18658485818297,20.228553771972656,22579454
2023-05-26,20.228553771972656,20.35445731144098,20.018714005875328,20.228553771972656,24580387
2023-05-29,20.270522161236126,20.522330854494918,20.270522161236126,20.480361938476562,16731453
2023-05-30,20.606265945767813,20.64823486272537,20.48036239679611,20.564298629760742,27136509
2023-05-31,20.56429770557726,20.606265019698274,20.35445793307137,20.396425247192383,72476669
2023-06-01,20.396425247192383,20.56429770557726,20.35445793307137,20.396425247192383,23508849
2023-06-02,20.56429770557726,20.56429770557726,20.35445793307137,20.396425247192383,24882144
2023-06-05,20.52233123779297,20.690202102150394,20.480362320990753,20.52233123779297,39957962
2023-06-06,20.52233123779297,20.606265869496443,20.438395005139018,20.52233123779297,27116037
2023-06-07,20.564297186622042,20.64823341369629,20.522329873560107,20.64823341369629,28576184
2023-06-08,20.60626647788059,20.690202713012695,20.5642991607898,20.690202713012695,30224467
2023-06-09,20.816104829335455,21.193817060899978,20.774137515139582,21.1518497467041,50715341
2023-06-12,21.151849807245647,21.235784435877633,20.73217026028403,20.816104888916016,35104687
2023-06-13,20.816104888916016,20.98397734808083,20.73217026028403,20.816104888916016,29285264
2023-06-14,20.81610672230917,20.942011878247175,20.73217208628458,20.774139404296875,27173225
2023-06-15,20.7321720123291,20.81610664805428,20.64823577565337,20.7321720123291,25508645
2023-06-16,20.732169253112215,20.816103877666645,20.606264114379883,20.606264114379883,47743787
2023-06-19,20.606264227231588,21.025943756103516,20.564296914724533,21.025943756103516,29447063
2023-06-20,20.94200913108941,21.025943756103516,20.81610399166755,21.025943756103516,26911003
2023-06-21,20.900040600416425,21.109880368695606,20.85807328714074,21.067913055419922,28211725
2023-06-26,20.98397819552746,21.151850661471876,20.900041962555253,20.9420108795166,28999658
2023-06-27,20.90004295928432,20.98397919625947,20.64823584930943,20.774139404296875,22106375
2023-06-28,20.732169288146252,20.983976364135742,20.732169288146252,20.983976364135742,19665393
2023-06-29,21.109881358316564,21.109881358316564,20.816105348763557,20.900041580200195,19981394
2023-06-30,20.858074188232422,21.109881280665633,20.73217064201582,20.858074188232422,26745054
2023-07-03,20.900040600416425,21.067913055419922,20.85807328714074,21.067913055419922,17245909
2023-07-04,20.942010419360308,21.067913965576913,20.816105272193255,20.858074188232422,22944066
2023-07-05,20.98397819552746,21.06791442849967,20.900041962555253,20.9420108795166,22215430
2023-07-06,20.816105727704148,20.858074644661706,20.354458847824407,20.564298629760742,55266413
2023-07-07,20.39642473247355,20.690200726758228,20.27052119233737,20.64823341369629,27536433
2023-07-10,20.564298629760742,20.774138411697077,20.43839508078904,20.564298629760742,23314568
2023-07-11,20.816105729583047,20.98397819552746,20.774138413572185,20.9420108795166,26471466
2023-07-12,20.90004256671519,21.109882354736328,20.858075249491176,21.109882354736328,28887561
2023-07-13,21.15185027451011,21.193817589753202,20.900041580200195,20.900041580200195,19777722
2023-07-14,20.98397789578142,21.319721221923828,20.98397789578142,21.319721221923828,48842434
2023-07-17,21.319720417708048,21.94923973083496,21.27775310387975,21.94923973083496,55372975
2023-07-18,21.86530396137996,22.075143736828714,21.739400416300796,22.03317642211914,48326032
2023-07-19,22.03317549321255,22.075142806152808,21.73939949977964,21.86530303955078,52286569
2023-07-20,21.65546598808123,22.03317825570206,21.65546598808123,21.9912109375,49679134
2023-07-21,21.823335677917836,22.32695143682909,21.823335677917836,22.201047897338867,58305182
2023-07-24,22.15907942283964,22.15907942283964,21.823336110559573,21.907272338867188,39143053
2023-07-25,21.82333521944896,22.201047430934942,21.82333521944896,22.117111206054688,27461778
2023-07-26,22.07514283542229,22.326951516248815,22.03317552242639,22.24301528930664,26506250
2023-07-27,22.243015751902995,22.41088820927865,22.20104843803428,22.32695198059082,24012940
2023-07-28,22.201047430934942,22.326950967780157,21.94923875629418,22.117111206054688,25967524
2023-07-31,22.201048882858316,22.32695242793748,22.03317642211914,22.03317642211914,54156840
2023-08-01,22.159079967198306,22.201048882858316,21.86530396137996,22.03317642211914,49149283
2023-08-02,22.033175959441962,22.033175959441962,21.78136887457136,21.94923973083496,70651452
2023-08-04,22.0801721352881,22.0801721352881,21.425621558179465,21.46925926208496,85000115
2023-08-07,21.55653300528775,21.731078827085135,21.425621558179465,21.46925926208496,48733413
2023-08-08,21.512895301382258,21.600169044585048,21.381985518882168,21.46925926208496,50675580
2023-08-09,21.6438045501709,21.774715994051057,21.469258732677613,21.6438045501709,41385891
2023-08-10,21.643805357257385,21.7310791015625,21.512895573103822,21.7310791015625,33004777
2023-08-11,21.774716806019168,21.99290033447784,21.643805357257385,21.7310791015625,25540364
2023-08-14,21.512896711535575,21.55653441830149,20.989255882602784,21.207439422607422,57612459
2023-08-15,21.2074383450871,21.2074383450871,20.771071287249022,20.85834503173828,52776556
2023-08-16,20.552887781402912,20.552887781402912,20.2037944676622,20.421977996826172,63753404
2023-08-17,20.11652153454626,20.29106903076172,19.89833799658108,20.29106903076172,63636466
2023-08-18,20.291069830605387,20.771072967206475,20.16016003558767,20.37834358215332,31715892
2023-08-21,20.596527071110042,20.901984368369252,20.552889363153955,20.81471061706543,31392662
2023-08-22,20.814710117871538,20.9019838670823,20.37834303642605,20.552888870239258,40928104
2023-08-23,20.55288639594342,20.814707612055887,20.509250358895397,20.68379783630371,23718079
2023-08-24,20.68380082241387,20.945620411716988,20.68380082241387,20.81471061706543,25891904
2023-08-25,20.771070195973152,20.814707898229244,20.50925064086914,20.50925064086914,24171589
2023-08-28,20.50925280496462,20.81471009455597,20.50925280496462,20.771072387695312,16193784
2023-08-29,20.771072087427154,20.945619583129883,20.727436045805614,20.945619583129883,19731014
2023-08-30,20.98925481616806,21.0328925207168,20.771071287249022,20.85834503173828,22240003
2023-08-31,20.945620411716988,20.989256455064726,20.68380082241387,20.81471061706543,47670369
2023-09-01,20.771072387695312,20.945619885921317,20.727436345442968,20.771072387695312,19883799
2023-09-04,20.72743576774722,20.9019832611084,20.72743576774722,20.9019832611084,12159546
2023-09-05,20.901983541508343,20.989255624751422,20.85834583527852,20.945619583129883,18234387
2023-09-06,20.901984679438836,20.989256767433115,20.64016342163086,20.64016342163086,24064734
2023-09-07,20.596525192260742,20.68379893560331,20.552887488285357,20.596525192260742,21478810
2023-09-08,20.85834611392961,21.03289361196416,20.77107236491234,20.989255905151367,27964594
2023-09-11,21.03289331123593,21.25107684835537,20.98925560504707,21.163803100585938,31804913
2023-09-12,21.251075744628906,21.251075744628906,21.032892218841358,21.251075744628906,25620724
2023-09-13,21.29471257405209,21.556533813476562,21.20743882757727,21.556533813476562,29899657
2023-09-14,21.64380426579737,21.81835174560547,21.512894488245365,21.81835174560547,36480679
2023-09-15,21.861990523971468,21.905628231698177,21.469261142081116,21.68744468688965,68599170
2023-09-18,21.55653379721429,21.774717330932617,21.469260050805303,21.774717330932617,28046363
2023-09-19,21.774717330932617,21.905627118241963,21.643805879015012,21.774717330932617,32023916
2023-09-20,21.731080730008017,21.905628231698177,21.643806979162935,21.68744468688965,41106510
2023-09-21,21.556533013653112,21.600169052967345,21.120165962078016,21.251075744628906,56209297
2023-09-22,21.120167059005365,21.338350596124805,21.03289331123593,21.163803100585938,41810024
2023-09-25,21.294711775679378,21.55653300528775,21.25107573638208,21.46925926208496,30554444
2023-09-26,21.381986897951794,21.469260646783464,21.251077107008445,21.425622940063477,27439419
2023-09-27,21.29471206665039,21.42562185093923,21.20743832225509,21.29471206665039,28222707
2023-09-28,21.381986618041992,21.469260365731166,21.294712870352818,21.381986618041992,25637393
2023-10-02,21.425622659582437,21.469260365731166,21.381986618041992,21.381986618041992,12797219
2023-10-03,21.294712607177356,21.33835031278678,21.076529072955033,21.120166778564453,29133154
2023-10-04,20.945617387808067,21.032891126512222,20.68379783630371,20.68379783630371,55350432
2023-10-05,20.683800794387558,21.076530177810096,20.683800794387558,21.032894134521484,36796026
2023-10-06,21.03289331123593,21.207439142166514,20.945619563466494,21.163803100585938,25617938
2023-10-11,21.42562182879871,21.7310791015625,21.38198578895026,21.7310791015625,57943630
2023-10-12,21.818351463488884,22.036534978123772,21.600167948853993,21.99289894104004,49846820
2023-10-13,21.905628482748725,21.949264526367188,21.774718687284977,21.949264526367188,27997976
2023-10-16,21.949264220543196,22.123811721801758,21.861990469913913,22.123811721801758,28197210
2023-10-17,22.12381203005776,22.167448073676223,21.81835473090344,21.949264526367188,27495658
2023-10-18,22.036538278212472,22.080174321830935,21.731080979058152,21.949264526367188,48332151
2023-10-19,21.818354480853095,21.949264274816546,21.643806979162935,21.68744468688965,40951070
2023-10-20,21.46926144771551,21.643807287282147,21.120168103973867,21.512897491455078,47982523
2023-10-23,21.512895309730684,21.556533013653112,21.207438040706478,21.251075744628906,25942534
2023-10-24,21.29471259044537,21.38198633698738,21.120166761969614,21.338350296020508,28918685
2023-10-25,21.425623739367577,21.55653519980301,21.33835165188844,21.512897491455078,28985810
2023-10-26,21.251075744628906,21.556533013653112,21.207438040706478,21.251075744628906,35509941
2023-10-27,21.294711775679378,21.55653300528775,21.294711775679378,21.46925926208496,27988847
2023-10-30,21.469259270416455,21.556533013653112,21.163802001392245,21.251075744628906,27158659
2023-10-31,21.251075744628906,21.338349487865564,21.163802001392245,21.251075744628906,23694312
2023-11-01,21.381985527179797,21.469259270416455,21.251075744628906,21.251075744628906,18938170
2023-11-02,21.469260067001738,21.556533813476562,21.381986320526917,21.556533813476562,26324272
2023-11-03,21.687444633263688,22.123811721801758,21.643806925644878,22.123811721801758,61519139
2023-11-06,22.254719067139124,22.254719067139124,21.992899508663104,22.080171585083008,36691937
2023-11-07,22.036538278212472,22.080174321830935,21.81835473090344,21.949264526367188,21027131
2023-11-08,21.99290004013415,22.03653607939859,21.90562629699707,21.90562629699707,21393675
2023-11-09,22.036537971172475,22.167447764812227,21.992901928162006,22.123811721801758,24255393
2023-11-10,22.167446940482336,22.25472068786621,22.03653715171066,22.25472068786621,30529646
2023-11-13,22.298357531691373,22.429268989782358,22.25472148873327,22.341995239257812,27753098
2023-11-14,22.51654129863533,22.865636304189902,22.472905255245188,22.821998596191406,58575983
2023-11-15,22.9965433523884,23.432910392605987,22.90926961142325,23.389272689819336,84191245
2023-11-16,23.432912826538086,23.432912826538086,23.127455533736875,23.432912826538086,42755653
2023-11-17,23.432912826538086,23.563822619279083,23.30200303379709,23.432912826538086,41000316
2023-11-20,23.258365326477872,23.432912826538086,23.171091576447765,23.432912826538086,37317949
2023-11-21,23.43291228321918,23.694731862630587,23.43291228321918,23.607458114624023,57266297
2023-11-22,23.563821496295326,23.73836898803711,23.520185455664006,23.73836898803711,39792166
2023-11-23,23.738370119339294,23.825642204761074,23.258365326477872,23.432912826538086,42705377
2023-11-24,23.476548063393874,23.563821810428227,23.21472848689909,23.345638275146484,36237468
2023-11-27,23.4765458588462,23.694729373639582,23.302000045776367,23.302000045776367,37513118
2023-11-28,23.912914286213848,23.912914286213848,23.607457014726606,23.694730758666992,65257342
2023-11-29,23.738370119339294,23.782006162050184,23.432912826538086,23.432912826538086,49315920
2023-11-30,23.520184647225324,23.869277954101562,23.476546943485673,23.869277954101562,71488047
2023-12-01,23.82564108441053,23.82564108441053,23.43291172465481,23.520185470581055,25213861
2023-12-04,23.694732693926497,23.694732693926497,23.38927539749113,23.47654914855957,27193414
2023-12-05,23.432912022180833,23.432912022180833,23.17109078107778,23.345638275146484,39641072
2023-12-06,23.432912801456574,23.694732386658323,23.389275094184065,23.65109634399414,34606067
2023-12-07,23.651096369309187,23.651096369309187,23.34563907650798,23.432912826538086,21476598
2023-12-08,23.65109550476336,24.00018882751465,23.563821757923474,24.00018882751465,67201752
2023-12-11,24.000188020026602,24.000188020026602,23.651094709020587,23.912914276123047,26923491
2023-12-12,24.17473521440185,24.17473521440185,23.912913985869153,24.087461471557617,36663409
2023-12-13,24.174736008432447,24.43655558095654,24.08746226272167,24.392919540405273,50978987
2023-12-14,24.436555552382227,24.829286575317383,24.26200806116477,24.829286575317383,79800526
2023-12-15,24.872924030540073,24.872924030540073,24.523830692857672,24.567466735839844,66350275
2023-12-18,24.436555845547566,24.78564916756231,24.436555845547566,24.654739379882812,49319290
2023-12-19,24.611103338859067,24.654739379882812,24.349282098891813,24.654739379882812,58013033
2023-12-20,24.61110172335147,24.654737761510884,24.17473468332473,24.262006759643555,64363364
2023-12-21,24.00018960483367,24.305646896362305,23.95655356230457,24.305646896362305,42635571
2023-12-22,24.1310985981933,24.26200838605527,24.08746255710873,24.218372344970703,28528862
2023-12-25,24.21837314669579,24.39292064602882,24.08746335450018,24.305646896362305,22756146
2023-12-26,24.392917917430168,24.523827694982174,24.262006475270027,24.436553955078125,24847441
2023-12-27,24.43655476367781,24.523828506469727,24.349281020885893,24.523828506469727,28267010
2023-12-28,24.436555035504558,24.785648345947266,24.392918995927296,24.785648345947266,36614614
2023-12-29,24.654740181780078,24.742013931274414,24.523830389842733,24.742013931274414,29880958
2024-01-02,24.61110413933707,24.742013931274414,24.436556640348396,24.742013931274414,42765847
2024-01-03,24.523829312202025,24.698375138912386,24.262008075224124,24.611103057861328,56056539
2024-01-04,24.611104443430357,24.742014236985217,24.48019298526716,24.567466735839844,38727536
2024-01-05,24.567464545561588,24.61110224926164,24.480190802769673,24.523828506469727,33453491
2024-01-08,24.611102523030016,24.872922089709995,24.56746481884455,24.785648345947266,52590660
2024-01-09,24.8729218130292,24.8729218130292,24.480190802769673,24.523828506469727,36655839
2024-01-10,24.480192184448242,24.56746593216595,24.174736564348702,24.480192184448242,37891017
2024-01-11,24.61110413933707,24.785649973717426,24.56746643228574,24.742013931274414,33704788
2024-01-12,24.61110363832894,24.61110363832894,24.305646353621118,24.480192184448242,34583674
2024-01-15,24.523830692857672,24.698376529394704,24.523830692857672,24.567466735839844,20377725
2024-01-16,24.26200808953498,24.523829326667318,24.131098303272935,24.392919540405273,53092017
2024-01-17,24.174736603629547,24.262008686880773,24.00018910791052,24.043825149536133,84030922
2024-01-18,24.00018960483367,24.305646896362305,23.912915855167153,24.305646896362305,45360966
2024-01-19,24.087461744147724,24.349281311035156,24.087461744147724,24.349281311035156,44618982
2024-01-22,24.392919526017195,24.611103057861328,24.349281820883423,24.611103057861328,33887047
2024-01-23,24.698374327445368,24.698374327445368,24.349281020885893,24.523828506469727,38827157
2024-01-24,24.611101434886223,24.611101434886223,24.30564417752612,24.436553955078125,26823417
2024-01-25,24.3492831917123,24.611104443430357,24.3492831917123,24.567466735839844,25633811
2024-01-26,24.523829575561027,24.960196643935394,24.480191869958634,24.872922897338867,50915393
2024-01-29,24.785649150742344,24.916558938333,24.74201310974821,24.872922897338867,22352224
2024-01-30,24.872922089709995,24.960195833472724,24.742012306370007,24.785648345947266,25692095
2024-01-31,24.829286575317383,24.872922615817625,24.69837512460017,24.829286575317383,23882314
2024-02-01,24.78565022708988,25.04747147824937,24.654740433814304,25.003833770751953,43764345
2024-02-02,24.872921276373475,24.96019501728238,24.56746401549638,24.698373794555664,39403269
2024-02-05,24.48019298526716,24.78565027996739,24.436556942284984,24.567466735839844,39110431
2024-02-15,25.134741656389977,25.134741656389977,24.654738562607278,24.785648345947266,44551730
2024-02-16,24.78564916756231,24.829286873194313,24.611103338859067,24.654739379882812,22312520
2024-02-19,24.698375110537295,25.047470092773438,24.654739070061897,25.047470092773438,29977617
2024-02-20,25.047470357415822,25.309289932250977,25.00383265187112,25.309289932250977,31723182
2024-02-21,25.178379864719293,25.352925691131453,25.178379864719293,25.265653610229492,27567609
2024-02-22,25.26565415279568,25.614747477724833,25.222016446799362,25.571109771728516,28181752
2024-02-23,25.483836611947286,25.571108691035047,25.222015380859375,25.222015380859375,25477050
2024-02-26,25.22201509090859,25.57110839707111,25.22201509090859,25.396562576293945,25475860
2024-02-27,25.352925973187414,25.614747212630828,25.265653891314535,25.309289932250977,30623001
2024-02-29,25.22201536222228,25.658382415771484,25.22201536222228,25.658382415771484,52290017
2024-03-01,25.57110979059015,25.57110979059015,25.35292625427246,25.35292625427246,25130139
2024-03-04,25.265653596334158,25.52747316811253,25.265653596334158,25.483837127685547,32828939
2024-03-05,25.352927055457368,25.483838513071575,25.309291012658186,25.440200805664062,27962015
2024-03-06,25.396563646292694,25.87656675441345,25.396563646292694,25.745656967163086,36062687
2024-03-07,25.571107859608514,26.05111260202523,25.571107859608514,26.007474899291992,38868007
2024-03-08,25.96384017606217,26.400207237844725,25.920204135727207,26.356571197509766,59848121
2024-03-11,26.356571759023524,26.574755294563097,26.18202426474856,26.443843841552734,37722122
2024-03-12,26.443843264810646,26.57475471496582,26.269297438950808,26.57475471496582,29273488
2024-03-13,26.443844236352817,27.88385692409964,26.443844236352817,27.79658317565918,104743828
2024-03-14,27.927492141723633,28.102039633452705,27.665672568738273,27.927492141723633,76976514
2024-03-15,27.927492156742126,27.927492156742126,27.18566781340701,27.709308624267578,71784928
2024-03-18,27.578398852770672,27.752944680080716,27.31657761489323,27.491125106811523,34169913
2024-03-19,27.49112509179303,27.84021841083066,27.272941559318483,27.709308624267578,48487633
2024-03-20,27.9274921875,27.9274921875,27.2293055486558,27.27294158935547,55855271
2024-03-21,27.40385105459535,28.102039349857538,27.40385105459535,27.88385581970215,58436231
2024-03-22,28.01476341240256,28.625677951169898,27.665671768261504,27.84021759033203,56761722
2024-03-25,27.665672302246094,27.971127912917268,27.622034597430048,27.665672302246094,35250589
2024-03-26,27.665672864101044,28.102039933474195,27.578399117304762,27.752944946289062,37728957
2024-03-27,27.883854754134088,28.451129913330078,27.752943309356986,28.451129913330078,49707062
2024-03-28,28.232947163662676,28.32022257230644,28.014763635877905,28.276586532592773,56255583
2024-03-29,28.276585759249055,28.451129913330078,28.145674314471954,28.451129913330078,26663000
2024-04-01,28.625679936722165,28.669315979114458,27.49112618843942,27.62203598022461,53001689
2024-04-02,27.62203515839877,27.971128480975636,27.578399117304762,27.752944946289062,26546173
2024-04-03,27.883855845504613,27.883855845504613,27.44748878479004,27.44748878479004,41153001
2024-04-08,27.92749242267799,28.18931199829729,27.534761394640775,27.971128463745117,40051510
2024-04-09,28.102039054866452,28.189311134325916,27.84021782266342,28.05840301513672,22123204
2024-04-10,28.232948588644877,28.320224001693635,27.709309427218724,27.79658317565918,26318470
2024-04-11,27.578398544562955,27.88385581970215,27.578398544562955,27.88385581970215,22129390
2024-04-12,27.66567258361597,28.014764238045345,27.66567258361597,27.709308624267578,27897424
2024-04-15,27.709308329734544,28.102039349857538,27.53476083976694,27.88385581970215,32122984
2024-04-16,27.752944422114748,27.971127952680458,26.967484044999846,27.01112174987793,66272770
2024-04-17,27.011122000948593,27.752944680080716,27.011122000948593,27.491125106811523,40102217
2024-04-18,27.665672302246094,27.883855832501638,27.447488771990553,27.665672302246094,44950634
2024-04-19,27.491125137575214,27.79658241646992,26.749300793004707,27.054758071899414,65393195
2024-04-22,27.272942392170464,27.752945512429346,27.142032601609706,27.36021614074707,44974171
2024-04-23,27.491125387711694,27.752944963656116,27.447489346590377,27.534761428833008,36242333
2024-04-24,27.752944395603656,28.014763966189104,27.40385107995364,27.44748878479004,40839592
2024-04-25,27.272941604737316,27.447489096850934,27.011122031175137,27.054758071899414,31048146
2024-04-26,27.0111231108304,27.447490193948124,27.0111231108304,27.1856689453125,18884397
2024-04-29,29.192957164260836,29.891143798828125,29.105681754179624,29.891143798828125,177983883
2024-04-30,29.891142462728393,30.458420950641887,29.498411457958767,29.760231018066406,101541812
2024-05-02,29.67295894110264,30.3275095059799,29.629322902620753,29.760231018066406,61454142
2024-05-03,29.978415852168865,30.632966445702827,29.84750773099196,30.327510833740234,94349300
2024-05-06,30.50205880341715,31.72388459966701,30.371147350968418,31.505701065063477,84770985
2024-05-07,31.462066371315206,31.81116137331709,31.11297469853,31.41843032836914,87556290
2024-05-08,31.46206576605878,32.116616385307786,31.331157639738944,31.76752471923828,77082006
2024-05-09,31.59297647643481,31.767523969960944,31.462065023986078,31.505701065063477,46264740
2024-05-10,31.50570199202998,32.727531153445256,31.462065949668713,32.683895111083984,76500471
2024-05-13,32.33479855723352,32.37843459749424,31.59297588515181,31.854795455932617,86754932
2024-05-14,31.636614152939842,31.7238862396061,31.156611017842025,31.462066650390625,93881663
2024-05-15,31.592977177853825,32.46571133564417,31.592977177853825,32.20389175415039,57317743
2024-05-16,32.33480039006487,32.9020789332587,32.33480039006487,32.72753143310547,67122977
2024-05-17,32.334800883784865,33.25117111206055,32.29116484038445,33.25117111206055,64394226
2024-05-20,33.25116700967021,33.643898010253906,32.81479997106973,33.643898010253906,70838943
2024-05-21,33.2075326134746,33.338444063213686,32.50934598303788,32.94571304321289,73013066
2024-05-22,32.814802913960534,33.12026186590476,32.640258746239944,33.07662582397461,43189978
2024-05-23,32.64025554311229,33.16389465332031,32.46570806330419,33.16389465332031,69175700
2024-05-24,32.90207926920078,32.90207926920078,32.29116467703516,32.334800720214844,51857095
2024-05-27,32.029341306328405,32.77116394042969,31.85479382500566,32.77116394042969,87352386
2024-05-28,32.64025748419642,32.68389352443937,31.942067523443356,32.07297897338867,78129837
2024-05-29,32.0293452013714,32.0293452013714,31.4184306070575,31.462066650390625,73172216
2024-05-30,31.243879322265258,31.680246361205324,30.720240207223704,30.807512283325195,82877367
2024-05-31,30.851151277964878,31.505701899103173,30.851151277964878,30.894790649414062,157048063
2024-06-03,31.50570180816539,32.07298034320117,31.41842972395217,31.76752471923828,95568780
2024-06-04,31.5929745598801,31.98570556418515,31.200243555575053,31.7238826751709,97055235
2024-06-05,31.505698871774516,31.942065910603617,31.287515352359964,31.680246353149414,91819333
2024-06-06,31.636612466907373,32.378435151686176,31.636612466907373,32.16025161743164,71125382
2024-06-07,32.16025074904103,32.59661780576732,31.854795141019203,32.4657096862793,74532551
2024-06-11,32.116617451686764,32.552984545674946,32.02934536457582,32.37843704223633,75255590
2024-06-12,32.07297894778668,32.50934600830078,32.07297894778668,32.50934600830078,63727295
2024-06-13,32.29116495512538,32.552984545674946,32.24752891156991,32.37843704223633,53016411
2024-06-14,32.3784386330053,32.640261565635086,32.3784386330053,32.55298614501953,26342782
2024-06-17,32.50934600830078,32.90207702860677,32.42207392788455,32.50934600830078,31727213
2024-06-18,32.683894788170086,33.07662582397461,32.5093472912329,33.07662582397461,38265880
2024-06-19,33.07662582397461,33.382081446702244,32.94571436896757,33.07662582397461,38560148
2024-06-20,33.0766225780244,33.25116672861623,32.989347173512215,33.16389465332031,29959637
2024-06-21,33.251169221066576,33.294808591201935,32.98934964633702,33.03298568725586,71943302
2024-06-24,32.94571301828023,33.382080078125,32.771165528499026,33.382080078125,51448915
2024-06-25,33.425714208424324,33.46935024607228,33.0766225780244,33.16389465332031,35052379
2024-06-26,33.07662392551443,33.25116808321692,32.85844039916992,32.85844039916992,44918843
2024-06-27,32.55298174435525,33.20753232901072,32.50934570455484,32.902076721191406,45827634
2024-06-28,33.03298568725586,33.42571671395845,32.94571360541818,33.03298568725586,44958715
2024-07-01,33.251168347342606,33.382079795875754,33.07662418825365,33.338443756103516,44211341
2024-07-02,33.20753446107809,33.774813002554474,33.16389841847606,33.60026550292969,78062330
2024-07-03,33.6002632822258,34.25481386564578,33.6002632822258,34.211177825927734,83444320
2024-07-04,34.47299765340937,34.86572867226619,34.25481412395741,34.69118118286133,97270444
2024-07-05,34.86573084415686,35.083914387200124,34.6475473011136,34.9530029296875,77582903
2024-07-08,34.95300320859547,35.12755071026622,34.778455706924724,34.996639251708984,77668553
2024-07-09,34.99663458282342,35.12754602391581,34.77845106714692,34.865726470947266,51307063
2024-07-10,34.909365217542344,35.73846330730227,34.73481772561133,35.651187896728516,74243177
2024-07-11,35.607551316396616,36.393013353573785,35.08391217775614,35.12754821777344,76870902
2024-07-12,34.82209232853622,35.56391499051687,34.778452959653244,35.08391189575195,84730499
2024-07-15,35.22107984097627,35.35812824107507,33.62219810448967,34.398799896240234,165356219
2024-07-16,34.80993747063592,34.80993747063592,33.8962907812724,34.12470245361328,75683314
2024-07-17,34.26175117492676,34.35311445061234,33.804927825927734,33.804927825927734,67601500
2024-07-18,33.850609463770525,34.033339500427246,33.43946775261429,33.804927825927734,86401729
2024-07-19,33.804928482651405,33.804928482651405,32.662870087967235,32.84560012817383,115851958
2024-07-22,32.93696470267154,33.21105803113224,32.4344596862793,32.4344596862793,69680814
2024-07-23,32.7085526739117,33.11969440496147,32.52582262841339,32.754234313964844,59560011
2024-07-26,32.20605050659396,32.61719227394811,32.06900208904723,32.52582550048828,64141895
2024-07-29,33.07401500047652,33.302426701466985,32.57150995535469,32.89128494262695,47286625
2024-07-30,32.79991817319561,32.79991817319561,31.84058634268202,32.25172805786133,68650525
2024-07-31,32.20604799834775,32.70855301474,32.06899959147452,32.4344596862793,54629090
2024-08-01,32.936964047278465,33.02833081180449,32.52582232012559,32.79991912841797,44600215
2024-08-02,32.160363825770645,32.25172709963575,31.61217372672355,32.0233154296875,102461806
2024-08-05,31.155354032762684,31.155354032762684,28.87123880862579,29.46510887145996,113506909
2024-08-06,30.150342313988297,30.333072358402944,28.77987220880701,30.058979034423828,79376996
2024-08-07,29.921932434962788,30.972627639770508,29.87625079242461,30.972627639770508,49526411
2024-08-08,30.78989537185278,31.33808201349155,30.424435287236488,30.8355770111084,51560799
2024-08-09,31.246721217280747,32.160368016117694,31.246721217280747,31.70354461669922,64373989
2024-08-12,31.84058603111771,32.02331606777443,31.338081044275896,31.520811080932617,80046935
2024-08-13,31.612174356618198,31.65785947974655,30.835576057434082,31.520811080932617,70916073
2024-08-14,31.84058698753637,31.93195375125196,31.475130388531003,31.749223709106445,47937188
2024-08-15,32.06899770561722,32.06899770561722,31.338081044275896,31.520811080932617,37079661
2024-08-16,31.977635709762104,32.16036575373217,31.749224026120945,31.886272430419922,51367376
2024-08-19,32.0233179778478,32.16036638483617,31.840587930291907,31.977636337280273,43523065
2024-08-20,32.16036638483617,32.16036638483617,31.657861368021777,31.977636337280273,55553462
2024-08-21,30.881259291761374,31.15535261827362,30.42443591914572,30.78989601135254,229864805
2024-08-22,31.018306741715655,31.246718420984127,30.47011662029994,30.56148338317871,138073399
2024-08-23,30.515803668780396,30.561485310457755,30.104661923112452,30.24170684814453,125574516
2024-08-26,30.104661612487806,30.74421504522938,29.876249921171944,30.287391662597656,149017648
2024-08-27,30.24170590653147,30.28739103207222,29.73920089315493,30.013294219970703,149030098
2024-08-28,30.058980281435094,30.424436900139824,29.876250229439805,30.24170684814453,127718621
2024-08-29,29.96761163232585,30.104660034043988,29.693518314175204,29.784881591796875,120808221
2024-08-30,29.784883187055296,30.013294878628685,29.784883187055296,29.830568313598633,277101969
2024-09-02,29.96761351279452,30.424436900139824,29.921931871117163,30.24170684814453,118178472
2024-09-03,30.333073635340696,30.378755277046,30.058980299823016,30.10466194152832,85306442
2024-09-04,29.510788927442142,29.6935189720194,29.053965558641842,29.282377243041992,169696308
2024-09-05,29.373744947364376,29.830568330774174,29.236696538227108,29.51078987121582,75969197
2024-09-06,29.693518945594537,30.19602395377053,29.465107261397655,30.058979034423828,66842070
2024-09-09,29.556470860846527,29.876249313354492,29.419425940016612,29.876249313354492,96074463
2024-09-10,29.921930953631133,30.104661000023434,29.69351926696219,29.876249313354492,79520708
2024-09-11,29.784883204204537,29.830568330774174,29.419426588648193,29.51078987121582,83627857
2024-09-12,29.693518010946935,29.693518010946935,29.145329637600895,29.373743057250977,105241025
2024-09-13,29.373743988415537,29.78488223183349,29.373743988415537,29.739200592041016,77461510
2024-09-16,29.876249313354492,29.876249313354492,29.51078922056989,29.876249313354492,62160141
2024-09-18,30.881260248910593,31.292401994064967,30.515803630662365,30.698530197143555,207989641
2024-09-19,30.607166290283203,30.744214697637588,30.42443624223928,30.607166290283203,82638863
2024-09-20,30.972624456248013,31.475129443089827,30.881257695276872,31.063987731933594,253599447
2024-09-23,31.749226188356488,32.43446128594692,31.429451203595328,32.29741287231445,181383209
2024-09-24,32.16036638483617,32.2060480254037,31.70354300858931,31.977636337280273,115203027
2024-09-25,31.84058856927003,31.977636979008686,31.612176876562824,31.931955337524414,88345558
2024-09-26,32.06899961841534,32.16036638483617,31.886273056145207,31.977636337280273,71535359
2024-09-27,31.97763699780225,32.023318639313366,31.52081361211936,31.6121768951416,86917257
2024-09-30,31.566492084848463,31.840585391686346,31.429447174072266,31.429447174072266,67515161
2024-10-01,31.47513291698998,31.70354461669922,31.429451274105325,31.70354461669922,31460408
2024-10-04,31.15535195711677,31.566493680803056,31.15535195711677,31.292400360107422,65806773
2024-10-07,31.520812342479786,31.886272430419922,31.383763938180813,31.886272430419922,41893053
2024-10-08,31.977636012648755,32.16036605834961,31.612175921247047,32.16036605834961,69530270
2024-10-09,32.11468411406108,32.29741067274544,31.794905665792037,31.886272430419922,55801927
2024-10-11,32.11468505859375,32.25172998163769,31.977636650264014,32.11468505859375,44230476
2024-10-14,32.20605050659396,32.52582550048828,32.06900208904723,32.52582550048828,58426986
2024-10-15,32.57150586145547,33.25674087829996,32.57150586145547,33.211055755615234,72180867
2024-10-16,32.98264471746387,33.25674151769992,32.89128144090892,33.165374755859375,74736842
2024-10-17,33.21105797762492,33.348106384277344,33.02833141580269,33.348106384277344,37752324
2024-10-18,33.39378737884065,34.07902242827768,33.348105739268654,33.713565826416016,74212006
2024-10-21,33.80493042773853,33.85061206909723,32.936965300779974,32.98264694213867,70628898
2024-10-22,32.93696338746239,33.43946838378906,32.89128174875736,33.43946838378906,40061485
2024-10-23,33.30242508743902,33.39378836929282,33.0283317565918,33.0283317565918,28266646
2024-10-24,32.936964047278465,33.11969409104481,32.79991912841797,32.79991912841797,40536751
2024-10-25,32.79992037670388,33.02833206878319,32.79992037670388,32.98264694213867,22330691
2024-10-28,33.02833081180449,33.07401245142465,32.79991912841797,32.79991912841797,30243116
2024-10-29,32.79991943930372,32.9826459995163,32.57150775375226,32.754234313964844,40828186
2024-10-30,32.84560076803813,32.84560076803813,32.52582232012559,32.79991912841797,40597436
2024-11-01,31.246717466262904,32.79991753488871,31.246717466262904,32.6171875,79184621
2024-11-04,32.66287194998215,33.302425384521484,32.617190308647736,33.302425384521484,50682935
2024-11-05,33.07401525098536,33.48515701293945,33.07401525098536,33.48515701293945,40848482
2024-11-06,33.43946743788684,33.66787911023657,33.25674088823548,33.53083419799805,40831022
2024-11-07,33.53083578284234,33.896292384704,33.43946901841265,33.713565826416016,48888184
2024-11-08,33.850610745132,33.896292384704,33.53083578284234,33.713565826416016,47076113
2024-11-11,33.94197781436348,33.9876594543457,33.576517723934266,33.9876594543457,47962661
2024-11-12,33.804927825927734,33.987657862584456,33.6678794271138,33.804927825927734,52618544
2024-11-13,33.622199067214396,33.80492911081649,33.21105734043111,33.3937873840332,56332700
2024-11-14,33.302426953705854,33.71356871565995,33.302426953705854,33.48515701293945,52639319
2024-11-15,33.48515508961792,33.941978468819876,33.48515508961792,33.62220001220703,45459293
2024-11-18,33.713566779218894,33.804930060944976,33.48515508961792,33.62220001220703,48547350
2024-11-19,33.62219937196973,33.75924777723495,33.439469326711354,33.66788101196289,49166033
2024-11-20,34.764259338378906,34.764259338378906,34.764259338378906,34.764259338378906,154358866
2024-11-21,34.49016600099112,34.764259338378906,34.39880271695715,34.764259338378906,69631823
2024-11-22,34.76425904552807,34.90130745571042,34.444484068817054,34.49016571044922,39750045
2024-11-25,34.90130423074359,35.038349142976806,34.12470245361328,34.12470245361328,126051728
2024-11-26,34.35311445061234,34.80993779961136,34.17038789924118,34.71857452392578,45612506
2024-11-27,34.58152963814371,34.71857805087996,34.307436297957096,34.44448471069336,43102484
2024-11-28,34.39880242718489,34.672895762263735,34.216072375370366,34.49016571044922,41661756
2024-11-29,34.26175054206438,34.490162212344806,34.03333887178395,34.170387268066406,51177819
2024-12-02,34.444485553795545,35.35813236697163,34.444485553795545,35.26676559448242,70707500
2024-12-03,35.35813169493505,35.632225036621094,35.12971999598234,35.632225036621094,58651928
2024-12-04,35.63222345631832,35.63222345631832,35.17540007867322,35.449493408203125,43992636
2024-12-05,35.44949055126524,35.769268981016765,35.44949055126524,35.67790222167969,31632248
2024-12-06,35.769272162507555,35.769272162507555,35.4494937043134,35.72358703613281,30226609
2024-12-09,35.72358385870548,35.769268981016765,35.49517218829103,35.67790222167969,31668729
2024-12-10,35.769272162507555,35.769272162507555,35.4494937043134,35.72358703613281,33415515
2024-12-11,35.63222375395494,35.81495380359649,35.49517534540233,35.72358703613281,33743539
2024-12-12,35.723585120814796,36.22609360170854,35.540858566255935,36.1804084777832,52720571
2024-12-13,36.043363561864055,36.1804084777832,35.90631516065928,36.1804084777832,41103076
2024-12-16,36.134727473744924,36.50018755985214,36.089045834302944,36.454505920410156,50721115
2024-12-17,36.317457516798534,36.454505920410156,35.99768255541898,36.454505920410156,56481705
2024-12-18,36.27177429199219,36.68291599957123,35.860632584413146,36.27177429199219,61476547
2024-12-19,35.76927278406024,36.089047762525226,35.63222437312618,35.997684478759766,67928723
2024-12-20,35.449493107478155,35.54085987340356,34.992669733708375,35.17539978027344,101131693
2024-12-23,35.449491496839386,36.04336324987199,35.26676145857661,35.906314849853516,53475241
2024-12-24,35.95199966430664,36.18041136099293,35.769273095186335,35.95199966430664,34487735
2024-12-25,36.08904936966623,36.22609778670342,35.86063766479492,35.86063766479492,29417948
2024-12-26,36.043365478515625,36.043365478515625,35.906317070023135,36.043365478515625,15709327
2024-12-27,35.906317070023135,36.22609552807701,35.86063542895424,36.043365478515625,20744322
2024-12-30,36.08904711958452,36.3631404512837,35.95199871109203,36.043365478515625,23461709
2024-12-31,35.951998726863295,35.99768385323804,35.72358703613281,35.72358703613281,28881088
2025-01-02,35.58653926645497,35.81495093891581,35.26676083383849,35.35812759399414,51324254
2025-01-03,35.35813169493505,35.769273450107086,35.35813169493505,35.632225036621094,27289033
2025-01-06,35.76927278406024,36.089047762525226,35.76927278406024,35.997684478759766,31302581
2025-01-07,36.04336453499285,36.08904617486591,35.72358608530995,35.8149528503418,23646607
2025-01-08,35.769272162507555,35.99768385323804,35.72358703613281,35.72358703613281,24292292
2025-01-09,35.769270262101145,36.04336357935809,35.495173459558565,35.58654022216797,27824300
2025-01-10,35.40381082327106,35.44949246276008,34.85562417883146,35.2210807800293,51967498
2025-01-13,35.129716551905396,35.3124465902101,34.809938113550764,34.99266815185547,43751259
2025-01-14,35.17539944349603,35.495174407958984,35.12971780361357,35.495174407958984,29694950
2025-01-15,35.49517569151602,35.76927251129396,35.2667639985583,35.403812408447266,32644175
2025-01-16,35.63222375395494,35.81495380359649,35.49517534540233,35.72358703613281,36020419
2025-01-17,35.72358385870548,35.769268981016765,35.31244564018787,35.67790222167969,29014166
2025-01-20,35.677902541325096,35.723584178760156,35.35812759399414,35.35812759399414,20782054
2025-01-21,35.403813337668396,35.81495509284044,35.266764924182404,35.632225036621094,22344054
2025-01-22,35.906317085774354,35.906317085774354,35.67790539504388,35.72358703613281,31212195
2025-02-03,35.266764924182404,35.67790667935445,35.038353225229706,35.632225036621094,47083860
2025-02-04,35.90631613747257,35.997682902523216,35.31244784842914,35.495174407958984,40857156
2025-02-05,35.81495442594297,35.997684478759766,35.67790601500891,35.997684478759766,36484068
2025-02-06,35.99768192322434,36.1804084777832,35.86063352201957,36.1804084777832,30698374
2025-02-07,36.089047413951945,36.50018915749717,36.089047413951945,36.31745910644531,26720252
2025-02-10,36.22609517181599,36.728600189203625,36.13472840529093,36.682918548583984,51387016
2025-02-11,36.72860114508647,36.72860114508647,36.454507808949394,36.591552734375,32160670
2025-02-12,36.54586886767275,36.9570105894912,36.50018722864529,36.7742805480957,47894448
2025-02-13,36.81996313019377,37.04837481646704,36.63723308411801,37.00269317626953,32976417
2025-02-14,36.91132863850972,37.0026919157925,36.500186920166016,36.500186920166016,26998679
2025-02-17,36.68291663726857,37.139739990234375,36.637231513743515,37.139739990234375,33761238
2025-02-18,37.139739342837494,37.139739342837494,36.819960910164255,36.86564254760742,21960914
2025-02-19,36.819965075571595,36.95701348869079,36.45450844939696,36.54587173461914,33056381
2025-02-20,36.63723278340901,37.002692872560935,36.45450622411876,36.728599548339844,41036333
2025-02-21,36.81996536254883,36.91133213376905,36.54587201946007,36.81996536254883,36357226
2025-02-24,36.545871071924225,36.91133117675781,36.500189430141496,36.91133117675781,38624616
2025-02-25,36.59154987550405,37.139739990234375,36.59154987550405,37.139739990234375,35190017
2025-02-26,37.18542445510369,37.64224784279468,37.00269440297013,37.50519943237305,56599672
2025-02-27,37.41383585514197,37.64224754719377,37.13974252173697,37.23110580444336,67853194
2025-03-03,36.819964350836564,37.50519943237305,36.819964350836564,37.50519943237305,48245238
2025-03-04,37.04837290676369,37.64224465457664,37.04837290676369,37.45951461791992,55370212
2025-03-05,37.4138362069396,37.5508811322878,36.91133117675781,36.91133117675781,43698295
2025-03-06,37.13974252173697,37.32246908714975,37.00269411239156,37.23110580444336,26943757
2025-03-07,37.139742891935015,37.18542453374355,36.50018945075793,36.591552734375,67772975
2025-03-10,36.68292014773833,36.72860179034942,36.45450844939696,36.54587173461914,33150982
2025-03-11,36.18041197858778,36.36314203611317,35.723588577417296,36.226097106933594,92889085
2025-03-12,36.4545087335258,36.86564700551596,36.271778676371305,36.81996536254883,51310680
2025-03-13,36.86564671818269,36.86564671818269,36.408823321499945,36.54587173461914,31779119
2025-03-14,36.728600849990535,36.728600849990535,36.13472905539345,36.31745910644531,63038011
2025-03-17,36.50018881110691,36.63723373413086,36.13472871247144,36.63723373413086,52146399
2025-03-18,36.682920433647425,37.048377062670454,36.271778676371305,36.81996536254883,64920672
2025-03-19,37.04837386754612,37.36815231130964,36.7742805480957,36.7742805480957,66172117
2025-03-20,36.91132863850972,37.0026919157925,36.408820157597624,36.500186920166016,52656705
2025-03-21,36.5458685588074,36.77428023729995,36.36313851895624,36.500186920166016,69394875
2025-03-24,36.77427927272109,37.04837258266563,36.63723087510605,36.86564254760742,47153649
2025-03-25,36.865643826150624,37.04837386754612,36.72859890906824,36.7742805480957,25138489
2025-03-26,37.09405709948109,37.09405709948109,36.865645409249595,36.95701217651367,46495642
2025-03-27,36.774282766123754,36.91133117675781,36.408822661290166,36.91133117675781,46965475
2025-03-28,36.68291884529304,37.048375458491954,36.6372337190181,36.95701217651367,65684724
2025-03-31,36.3631404512837,36.54587050084508,36.043365478515625,36.043365478515625,84096192
2025-04-01,36.226094237914566,36.5915508387361,36.226094237914566,36.454505920410156,32144242
2025-04-02,36.3174593777247,37.00269446032328,36.13472932530791,36.91133117675781,43931109
2025-04-07,33.256744384765625,33.256744384765625,33.256744384765625,33.256744384765625,25587323
2025-04-08,32.434459348307094,33.256742810406635,32.114684382649344,32.754234313964844,145755744
2025-04-09,33.16537444027199,33.30242283908592,30.7442127817485,31.063987731933594,121986884
2025-04-10,34.170387268066406,34.170387268066406,34.170387268066406,34.170387268066406,42357493
2025-04-11,33.348105411401534,34.26175213500157,32.93696368872438,34.03334045410156,104975973
2025-04-14,34.444484443923955,34.71857778198773,33.80493099825121,33.85061264038086,63127955
2025-04-15,33.94197904029152,34.49016571044922,33.85061227174133,34.49016571044922,39340130
2025-04-16,34.26175401700254,34.53584735208139,33.896293913373505,34.49016571044922,53728886
2025-04-17,34.44448282473937,34.535846104703815,33.9876594543457,33.9876594543457,40892643
2025-04-18,33.8506123481487,33.89629398988398,33.43947060195948,33.57651901245117,60461173
2025-04-21,33.57651647092786,33.66787974748281,33.165374755859375,33.165374755859375,33084885
2025-04-22,32.98264408449191,32.98264408449191,32.525820739912874,32.6171875,55266259
2025-04-23,33.07401592638102,33.71356940411577,32.982649152255455,33.11969757080078,50747328
2025-04-24,33.16537411821604,33.576515825379836,32.75423241105224,33.211055755615234,49620176
2025-04-25,33.576516786061354,33.941976866282396,33.165375067134086,33.759246826171875,60735632
2025-04-28,34.80993779961136,34.80993779961136,34.21606953708397,34.71857452392578,92018191
2025-04-29,34.718578240810295,35.7235883220878,34.5815298273243,35.632225036621094,88864919
2025-04-30,35.67790317334645,35.9976816116277,35.49517313508368,35.906314849853516,70595245
2025-05-02,36.911328950463734,36.911328950463734,36.31745718724979,36.7742805480957,83328585
2025-05-05,36.089044888116284,36.13472652636058,35.449491496839386,35.906314849853516,106711728
2025-05-06,36.27177839366668,36.63723501984132,35.67790658386475,36.54587173461914,81587804
2025-05-07,36.728598597316655,36.728598597316655,35.90631516065928,36.1804084777832,65169866
2025-05-08,36.363137566882855,36.591549239395036,36.13472589437067,36.27177429199219,53787757
2025-05-09,35.86063352332976,36.500186920166016,35.6779034834786,36.500186920166016,69523191
2025-05-12,36.5458704521149,36.68291886042465,36.408822043805145,36.63723373413086,55474132
2025-05-13,36.81996282798497,37.09405615220606,36.63723278340901,36.728599548339844,72976325
2025-05-14,37.00269189854107,37.139740299686956,36.77428022015502,37.09405517578125,71498449
2025-05-15,37.094056744650935,37.68792852768636,36.957011822994446,37.59656524658203,80055640
2025-05-16,37.50519998417509,38.373165130615234,37.45951834179106,38.373165130615234,77106743
2025-05-19,38.32748160610594,38.373163246246705,37.55087978256998,37.91633987426758,67436487
2025-05-20,38.05338921990318,38.144752502441406,37.413835786278135,38.144752502441406,69827496
2025-05-21,38.23611662978019,39.423860240734435,37.87066000626696,39.28681182861328,133635005
2025-05-22,38.7843042898616,39.56090261433117,38.738622650531454,39.1954460144043,136209796
2025-05-23,39.51522193472358,39.60658521560285,39.05839855975567,39.10408020019531,122536459
2025-05-26,38.96703666571989,39.28681164546396,37.779293060302734,37.779293060302734,130335180
2025-05-27,37.77929182100704,38.28180032310063,37.27678680419922,37.27678680419922,167821595
2025-05-28,37.73361048113859,38.373163910029575,37.322468742188256,37.550880432128906,194205525
2025-05-29,37.82497629742081,38.14475126118472,37.32246780395508,37.32246780395508,258264172
2025-06-02,37.04837506322435,38.190433502197266,36.86564501593153,38.190433502197266,159835323
2025-06-03,38.14475334522336,39.28681182861328,37.87066000626696,39.28681182861328,214263752
2025-06-04,39.012716617898135,39.28680994370404,38.55589324645972,38.829986572265625,157646623
2025-06-05,38.55589298297092,38.73862302735466,37.2767861575704,37.64224624633789,109768849
2025-06-06,37.68792755251681,38.327480959556055,37.68792755251681,37.96202087402344,64631500
2025-06-09,38.14475343340919,38.373165130615234,37.82497845143509,38.373165130615234,40827689
2025-06-10,38.23611479528139,39.058398257984834,37.96202146947548,38.829986572265625,95645894
2025-06-11,38.78430527279315,38.82998691328103,38.007703443356064,38.51021194458008,74935485
2025-06-12,38.510211606373026,38.921349852439015,38.4188448409139,38.829986572265625,60104143
2025-06-13,38.37316100550415,39.149759298406096,38.32747936803089,39.01271438598633,67943773
2025-06-16,38.92134762575428,39.33248933358465,38.87566598828103,39.01271438598633,39228786
2025-06-17,39.01271915788231,39.37817578765523,38.92135238647461,38.92135238647461,71803245
2025-06-18,38.9670355757502,39.378173828125,38.921350449676744,39.378173828125,54090427
2025-06-19,39.0584001319353,39.51522352529127,39.0584001319353,39.28681182861328,39290533
2025-06-20,39.19544537557455,39.42385705378819,38.96703369736091,39.241127014160156,56379040
2025-06-23,38.96703369736091,39.241127014160156,38.78430365773288,39.241127014160156,31361774
2025-06-24,39.37817410811782,39.9720458984375,39.33249246700534,39.9720458984375,55564195
2025-06-25,40.01772594852413,40.109092712402344,39.74363262746085,40.109092712402344,38565018
2025-06-26,40.200458814228455,40.65728220984469,40.10909552921958,40.474552154541016,57247173
2025-06-27,40.47454992303261,40.88569165347667,40.42886828304677,40.65727996826172,49414797
2025-06-30,40.42886992956253,40.42886992956253,39.92636489868164,39.92636489868164,44824626
2025-07-01,39.97204303741455,40.97705301109818,39.78931300075783,40.20045471191406,110621013
2025-07-02,40.15477435169861,40.79432775770339,40.109092712402344,40.109092712402344,49173639
2025-07-03,40.246135723557586,40.65727742831677,40.20045408642557,40.565914154052734,52912072
2025-07-04,40.611598328275875,40.93137329346252,40.520231563018456,40.65727996826172,43898349
2025-07-07,40.657282469119835,41.068424224853516,40.47455241265087,41.068424224853516,56203182
2025-07-08,41.02273749594393,41.06841913307595,40.33750248310713,40.565914154052734,58248397
2025-07-09,40.56591607593638,40.65727935452892,39.60658422428637,40.109092712402344,84296814
2025-07-10,40.10909396323949,40.474550574292394,39.60658545945235,40.29182052612305,81792796
2025-07-11,40.20045630218458,40.565916389955085,40.06340789794922,40.06340789794922,91218625
2025-07-14,39.678113708793745,40.883402658899875,39.43705591877252,40.40128707885742,82654610
2025-07-15,40.54592173992301,41.36552047729492,40.54592173992301,41.36552047729492,56110586
2025-07-16,41.12446132347429,41.46194076538086,40.93161435170623,41.46194076538086,54049516
2025-07-17,41.46193952581708,41.46193952581708,40.979823949935486,41.26909255981445,44604022
2025-07-18,41.36551924408147,41.55836253818437,40.97982529937556,41.172672271728516,21077141
2025-07-21,41.22088185478659,41.70299743203556,40.73876627753763,40.97982406616211,43701501
2025-07-22,41.17267295200784,41.606577727408705,40.93161515214626,41.12446212768555,51611616
2025-07-23,41.41372994200136,41.46194076538086,40.93161435170623,41.46194076538086,44098298
2025-07-24,41.36551979716755,41.5583630938489,40.97982584730464,41.41373062133789,38455224
2025-07-25,41.12446021063678,41.317303498936404,40.73876627753763,40.97982406616211,50253763
2025-07-28,41.07624706285039,41.26909403574994,40.49770982240182,40.59413146972656,40975444
2025-07-29,40.69055829892759,40.78697994981537,40.01559570796252,40.20844268798828,52303755
2025-07-30,40.30486175589895,40.59413036827443,40.112014788231974,40.40128707885742,26124535
2025-07-31,40.063804750855674,40.160230075703424,39.7745361328125,39.7745361328125,25604999
2025-08-04,39.87095862580524,41.12446212768555,39.87095862580524,41.12446212768555,35691425
2025-08-05,40.88340486910298,41.22088432207723,40.6423470660499,41.07624816894531,38800184
2025-08-06,41.0762481710165,41.46194212722095,41.02803734605349,41.36552047729492,22325666
2025-08-07,41.461941445508224,41.5583630938489,41.220883646406435,41.41373062133789,28850793
2025-08-08,41.2208829702333,41.46194076538086,41.2208829702333,41.46194076538086,17118499
2025-08-11,41.269092444396826,41.654786375323404,41.269092444396826,41.5583610534668,21424854
2025-08-12,41.55836116969342,41.654786491819706,41.26909255981445,41.26909255981445,27353220
2025-08-13,41.269093793612804,41.46194076538086,41.17267214685379,41.46194076538086,23119435
2025-08-14,41.55836364308213,41.847635948427374,41.46194199346716,41.654788970947266,29278318
2025-08-15,41.55836432479655,41.75121130544008,41.269095692956355,41.31730651855469,22320875
2025-08-18,41.31730651855469,41.365521022403236,40.73876925487431,41.31730651855469,40690882
2025-08-19,41.220883646406435,41.60657759626935,41.07624749564531,41.41373062133789,26651362
2025-08-20,41.60657703996015,41.60657703996015,40.97982529937556,41.172672271728516,36965823
2025-08-21,41.46194199346716,41.654788970947266,41.365520343852175,41.654788970947266,28072778
2025-08-22,41.46194089113292,41.60657703996015,41.124461448202794,41.172672271728516,21803324
2025-08-25,41.31730597408174,41.413731302257936,40.97982652109047,41.36552047729492,20733566
2025-08-26,41.172673770318006,41.22088459559849,40.44950035636014,40.497711181640625,40994712
2025-08-27,40.3048636566591,40.59413228267636,40.25665283203125,40.25665283203125,33771979
2025-08-28,40.35307379988799,40.7387677468983,40.30486297607422,40.30486297607422,23101789
2025-08-29,40.30486392557056,40.44950007866927,39.67811584472656,39.67811584472656,32961121
2025-09-01,39.726327213647075,40.208442826244124,39.726327213647075,39.91917419433594,30881879
2025-09-02,39.91917392177441,40.497711181640625,39.87095941824373,40.497711181640625,26510693
2025-09-03,40.49770872356592,40.642344868878645,40.1602292888362,40.40128707885742,16562889
2025-09-04,40.20844011119045,40.44949790121167,40.1602292888362,40.40128707885742,16680077
2025-09-05,40.40128762136884,40.59413091337535,40.25665147411393,40.35307312011719,15357921
2025-09-08,40.35307448128696,40.49771063342066,40.25665283203125,40.25665283203125,19852656
2025-09-09,40.30486420226849,40.642347335732275,40.256653376988005,40.497711181640625,20360644
2025-09-10,40.49771050121313,40.64234665287466,40.3530743495516,40.545921325683594,25882215
2025-09-11,40.49771172337278,40.931616513201824,40.49771172337278,40.73876953125,24762060
2025-09-12,40.979823949935486,41.26909255981445,40.93161312799731,41.26909255981445,28460787
2025-09-15,41.26909569122969,41.799422129289546,41.26909569122969,41.6065788269043,36740112
2025-09-16,41.89584732055664,42.233326776868005,41.79942199143182,41.89584732055664,48237857
2025-09-17,41.751208018930086,41.89584416259003,41.5583610534668,41.5583610534668,21248996
2025-09-18,41.799422129289546,41.89584745873238,41.41373184626884,41.6065788269043,22606686
2025-09-19,41.79941942009641,42.08869171142578,41.2690930164092,42.08869171142578,151167171
2025-09-22,42.04047924765733,42.04047924765733,41.654788970947266,41.654788970947266,20659516
2025-09-23,41.702999114990234,41.75120993901072,41.46194131663769,41.702999114990234,21236608
2025-09-24,41.703000478096925,41.992269109925004,41.6065788269043,41.6065788269043,19820784
2025-09-25,41.94405522066004,41.94405522066004,40.97982406616211,40.97982406616211,29799690
2025-09-26,40.979826519024144,41.12446267215606,40.6423470660499,41.07624816894531,25311708
2025-09-30,40.69055789306222,41.413731302257936,40.69055789306222,41.36552047729492,29788834
2025-10-01,41.172671473040296,41.55836173201433,41.0762461496093,41.51015090942383,27365975
2025-10-02,41.510152269678564,41.65478842043968,41.36551979716755,41.41373062133789,19912000
2025-10-03,41.60657772138134,41.60657772138134,40.83518981933594,40.83518981933594,23716103
2025-10-07,40.73876953125,41.31730679885523,40.49771172337278,40.73876953125,34134786
2025-10-08,41.07624571031192,41.317303498936404,40.97982406616211,40.97982406616211,18636798
2025-10-09,41.365520475209145,41.55836377505148,40.83519036589223,41.07624816894531,39425978
2025-10-13,40.88340322180705,40.931614044825096,40.35307313385847,40.6423454284668,38773885
2025-10-14,40.690557346390015,41.461941570185296,40.690557346390015,40.83518981933594,36068988
2025-10-15,40.88340486910298,41.17267349711665,40.78697954093165,41.07624816894531,31144363
2025-10-16,41.02803734398473,41.41373130016973,41.02803734398473,41.07624816894531,24086410
2025-10-17,41.12446021063678,41.51015046548598,40.97982406616211,40.97982406616211,23546164
2025-10-20,41.269094045718354,41.31730486939237,40.88340377807617,40.88340377807617,13085767
2025-10-21,41.12446280762913,41.22088445786793,40.78697967529297,40.78697967529297,20567190
2025-10-22,41.07624775135898,41.124462254079575,40.545921325683594,40.545921325683594,26813614
2025-10-23,40.497711181640625,40.594132832201595,40.401289531079655,40.497711181640625,25983234
2025-10-27,41.654788551730995,41.654788551730995,40.93161515214626,41.12446212768555,52628136
2025-10-28,41.07624594831688,41.1244604489211,40.40128707885742,40.40128707885742,39185317
2025-10-29,40.44950035636014,40.97982679094587,40.44950035636014,40.497711181640625,32366605
2025-10-30,40.49771186369009,40.64234802021766,40.25665405497765,40.449501037597656,28569798
2025-10-31,40.690556237628634,40.690556237628634,40.35307312011719,40.35307312011719,27109200
2025-11-03,40.3530743495516,40.73876830181559,40.3530743495516,40.545921325683594,17833939
2025-11-04,40.54592065585793,41.028036249098214,40.54592065585793,40.88340377807617,29570604
2025-11-05,40.88340568727643,40.88340568727643,40.35307556734635,40.73876953125,19553506
2025-11-06,41.028038024902344,41.31730665771683,40.83519104360928,41.028038024902344,33047030
2025-11-07,40.883402658899875,40.979824303608375,40.40128707885742,40.40128707885742,19562047
2025-11-10,40.69055680513004,41.12446157469631,40.69055680513004,40.88340377807617,21482948
2025-11-11,40.93161356419136,41.895844726230024,40.93161356419136,41.79941940307617,42550628
2025-11-12,41.94405566923836,42.185113460440874,41.51015090942383,41.51015090942383,29329902
2025-11-13,41.55836377714698,41.895846908388414,41.22088432415571,41.36552047729492,31029200
2025-11-14,41.124461448202794,41.60657703996015,40.88340365232411,41.172672271728516,29472988
2025-11-17,40.93161336182766,40.97982418404124,40.497708605405464,40.690555572509766,33870414
2025-11-18,40.6423470660499,41.22088432207723,40.59413256283915,41.07624816894531,41034559
2025-11-19,41.1726734991927,41.55836377714698,40.883404871164444,41.36552047729492,39873982
2025-11-20,41.51015146460663,41.7512092590332,41.22088284694474,41.7512092590332,33806275
2025-11-21,41.55836107435114,41.847633361816406,41.36551778704087,41.847633361816406,37640914
2025-11-24,41.94405720316075,42.5225944519043,41.751210227496195,42.5225944519043,78193328
2025-11-25,42.18511402465105,42.42617181907763,41.702998435797895,41.7512092590332,34995848
2025-11-26,42.13690197103174,42.13690197103174,41.51015025252357,41.847633361816406,33890105
2025-11-27,41.84763689652093,42.42617416381836,41.703000740571454,42.42617416381836,33999716
2025-11-28,42.08869430055608,42.37796293143014,41.75121116599451,41.89584732055664,28493644
2025-12-01,41.75120803991134,42.13690197103174,41.70299721808377,41.847633361816406,22185215
2025-12-02,42.233325827532525,42.5225944519043,42.0886933544717,42.5225944519043,31252325
2025-12-03,42.4261743047758,42.52259595689564,41.944058687676076,42.136905670166016,27270981
2025-12-04,42.040479392165075,42.81186730473705,42.040479392165075,42.76365280151367,26069339
2025-12-05,42.81186472617442,42.95649719238281,42.61901775964662,42.95649719238281,20653045
2025-12-08,42.95649719238281,43.149344158910615,42.715439403785545,42.95649719238281,26787060
2025-12-09,43.004710473233985,43.342193603515625,42.811867173930374,43.342193603515625,26574054
2025-12-10,43.34219168832894,43.34219168832894,42.956497750264276,43.19755554199219,20616858
2025-12-11,43.39040306828681,43.53503921648111,42.908287478639174,43.43861389160156,34264556
2025-12-12,43.67967187472517,44.83675003051758,43.631461051202585,44.83675003051758,48273995
2025-12-15,44.836750581302745,45.463502329545726,44.49927113424889,45.07780838012695,36017846
2025-12-16,44.643904956532275,45.415289200444775,44.643904956532275,44.981388092041016,87630545
2025-12-17,45.22244262189994,47.63302050839247,45.17422812157013,47.19911575317383,125579433
2025-12-18,48.115138453334104,48.115138453334104,46.90984945077814,47.584808349609375,75424952
2025-12-19,47.39196316048802,48.404405146580594,47.199116192125146,47.72944259643555,87728780
2025-12-22,48.2115579571328,48.597251892089844,47.92228934503999,48.597251892089844,70136391
2025-12-23,48.597251892089844,48.597251892089844,48.06692181196141,48.597251892089844,50575628
2025-12-24,48.30798081697688,49.07936870629592,48.066923021127195,48.50082778930664,57101528
2025-12-26,48.50082667066759,48.50082667066759,47.68123165498209,48.01871109008789,50627288
2025-12-29,48.163347134825656,48.7900951813184,47.87407852273285,48.597251892089844,16893019
2025-12-30,48.21156052347676,48.69367612871153,48.16334969860332,48.4044075012207,19142023
2025-12-31,48.4044075012207,48.69367612871153,48.01871354573282,48.4044075012207,23595816
2026-01-02,48.40440723670526,49.175791465215475,48.06692410793507,48.98294448852539,37342935
2026-01-05,48.59725461414419,48.88652324243966,48.11513900756836,48.11513900756836,35277806
2026-01-06,48.16335037818573,48.40440818420443,47.82586724280943,48.066925048828125,25640129
2026-01-07,48.115138453334104,48.307981751142954,47.34375054909818,47.584808349609375,26814034
2026-01-08,47.63302285231172,47.87408065282291,47.53659752515716,47.584808349609375,19475525
2026-01-09,47.63302218111463,47.92229080200195,47.536596855318805,47.92229080200195,16199155
2026-01-12,48.2115592956543,48.597253241319564,48.01871232282167,48.2115592956543,22898435
2026-01-13,48.404407083490476,48.500828732405246,47.82586615525147,47.874080657958984,24160886
2026-01-14,48.163349967166496,48.404407771128035,47.536598205566406,47.536598205566406,26174124
2026-01-15,47.77765319986861,48.597251892089844,47.77765319986861,48.597251892089844,35375093
2026-01-16,48.30798204044528,49.17579159878268,48.11513874148155,48.69367599487305,32203580
2026-01-19,48.404405906263456,50.14002129226891,48.30798058144369,49.36863708496094,33518240
2026-01-20,49.1757926940918,49.657908308739756,49.0793710424623,49.1757926940918,23759189
2026-01-21,49.175790226624684,49.36863719845754,48.693674636167586,48.790096282958984,24783161
2026-01-22,48.7900975118353,49.36863844190557,48.69367586261532,48.98294448852539,24943180
2026-01-23,48.9829446215688,49.17579159878268,48.21156039096341,48.69367599487305,22260993
2026-01-26,48.69367707944384,49.1757926940918,48.307983116425376,49.1757926940918,26620059
2026-01-27,49.079369815995506,49.56148541859566,48.98294448852539,48.98294448852539,36339659
2026-01-28,49.0793684670017,49.36863708496094,48.69367452422269,49.36863708496094,23771086
2026-01-29,49.36863805536156,50.52571622819232,49.27221272864643,50.14002227783203,40409148
2026-01-30,50.1400214192622,50.23644306607614,48.9829432662446,49.079368591308594,37103710
2026-02-02,49.17579023812254,49.368637210000486,48.50082767567477,49.079368591308594,26115783
2026-02-03,49.07936968425542,49.94717555965622,48.98294435704413,49.272212982177734,19024199
2026-02-04,49.36863708496094,50.33286826365842,49.0793684670017,49.36863708496094,24030278
2026-02-05,49.27221285713062,50.043600759862706,49.079369559697724,49.85075378417969,26469418
2026-02-06,49.46506104987969,49.94717666182442,49.17579241836289,49.754329681396484,21817793
2026-02-09,50.04360062936701,50.52571622819232,49.85075365418687,50.14002227783203,23039872
2026-02-10,50.140022408579156,50.429291032978625,49.85075378417969,49.85075378417969,27841746
2026-02-11,50.04360185268211,50.52571746329272,49.75432954371557,50.33287048339844,33694567
2026-02-23,51.875635833976155,52.93629232023076,51.10425163922279,51.97206115722656,75349550
2026-02-24,52.16490567450018,52.26133100001917,51.297099814329705,51.87563705444336,36561784
2026-02-25,51.77921553405147,52.743446722103634,51.29709994002538,51.586368560791016,45456252
2026-02-26,51.972061789919344,54.38263972677553,51.972061789919344,53.9005241394043,99118043
2026-03-02,53.22556218570864,53.22556218570864,51.58636843438653,51.87563705444336,70614723
2026-03-03,51.10425296676493,51.97206250731192,51.10425296676493,51.586368560791016,42628958
2026-03-04,50.62213841051159,50.71856005999345,48.69367599487305,48.69367599487305,80863427
2026-03-05,49.65790557861328,50.140021166755155,49.07936834414304,49.65790557861328,33647794
2026-03-06,49.07936968917299,49.94717556466074,49.07936968917299,49.561485290527344,30300971
2026-03-09,47.68123502433317,49.1757926940918,47.63302419851842,49.1757926940918,69462432
2026-03-10,50.14002129226891,50.14002129226891,48.69367452422269,49.36863708496094,51806720
2026-03-11,48.98294314218193,50.04359964569918,48.98294314218193,49.36863708496094,26326183
2026-03-12,48.79009859349028,49.46506118774414,48.40440830980966,49.46506118774414,58284903
2026-03-13,49.175792555421125,49.94717680103258,48.8865239230981,49.46506118774414,38213526
2026-03-16,49.85075500932362,50.718560903849436,49.465061048478674,50.043601989746094,32854093
2026-03-17,50.6221376250431,51.48994716991531,50.23644367659988,51.00783157348633,37850832
2026-03-18,51.875635937690596,51.97206126113379,51.10425174139501,51.39352035522461,24316820
2026-03-19,50.52571760310823,50.52571760310823,49.657908030307624,49.754329681396484,42476779
2026-03-20,49.5614836884402,50.332867890021944,49.5614836884402,50.23644256591797,36931829
2026-03-23,48.982943019564644,49.85075254952004,48.59725275600116,49.65790557861328,60683415
2026-03-24,49.65790667900672,50.42929090147719,49.465059703826576,50.14002227783203,27627942
2026-03-25,51.393523078717834,51.393523078717834,50.2364448838325,50.911407470703125,30192763
2026-03-26,51.104251861572266,51.29709883066216,50.718557923392474,51.104251861572266,19807120
2026-03-27,50.911404892482366,51.104251861572266,50.33286766346268,51.104251861572266,32987829
2026-03-30,49.65790802890115,50.622139252763304,49.65790802890115,50.043601989746094,46101838
2026-03-31,50.33287076296343,50.33287076296343,49.46506118774414,49.46506118774414,39096996
2026-04-01,50.81498555535729,51.97206374420748,50.2364446218071,51.77921676635742,60156713
2026-04-02,53.03271372383888,53.03271372383888,51.68278863047754,52.55059814453125,50398030
2026-04-07,52.26133159330405,53.99694701159825,51.39352204503189,53.804100036621094,54000966
2026-04-08,54.28621415698213,54.86475506616268,52.55059878594052,54.479061126708984,71846455
2026-04-09,53.804101678948946,53.90052700850588,52.164907858983156,52.83987045288086,64105417
2026-04-10,52.068485260009766,52.45417921471731,51.682791305302224,52.068485260009766,43101068
2026-04-13,51.68278896905421,52.26132987496339,51.39352035522461,51.39352035522461,36136822
2026-04-14,51.393522942701004,52.35775415617851,51.20067596435547,51.20067596435547,45517593
2026-04-15,51.393523078717834,51.48994840727089,50.62213884154434,50.911407470703125,54074851
2026-04-16,51.104254316001224,51.77921690110788,50.6221387092465,51.48994827270508,51334329
2026-04-17,51.393522942701004,51.393522942701004,50.622138707569036,51.20067596435547,44102017
2026-04-20,51.20067596435547,51.779216899392075,50.81498568591457,51.20067596435547,47080788
2026-04-21,51.68278909059195,51.779214414261894,51.104251861572266,51.104251861572266,47048526
2026-04-22,51.10425296676493,51.97206250731192,51.10425296676493,51.586368560791016,36184653
2026-04-23,51.58636756786415,52.06848315261055,50.71855804402064,50.81498336791992,51400303
2026-04-24,50.911406247250476,51.39352184367946,50.911406247250476,51.00783157348633,31438161
2026-04-27,51.007830337468484,51.58636756786415,50.81498336791992,50.81498336791992,48577289
2026-04-28,51.586367323861005,51.875635937690596,51.00783009620181,51.39352035522461,45259681
2026-04-29,51.68279157109422,51.97206387773761,50.81498568591457,51.20067596435547,46419894
2026-04-30,50.814984720850454,51.20067499196643,50.429290771484375,50.429290771484375,51698999
2026-05-04,51.104253221472085,51.39352184367946,50.71855927302886,51.00783157348633,38554793
2026-05-05,51.39352158753057,52.454178101338,50.91140599350449,51.586368560791016,55990921
2026-05-06,52.45417773137227,53.225561940723324,52.261330759471996,52.743446350097656,67711919
2026-05-07,53.032714490344574,54.479061249172155,52.936292844389406,54.18979263305664,77016693
2026-05-08,54.96117808399665,54.96117808399665,53.6112529404581,54.38264083862305,56250832
2026-05-11,53.99694589676187,53.99694589676187,52.74344610266562,53.321983337402344,50072290
2026-05-12,52.936293695364085,52.936293695364085,51.586368560791016,51.586368560791016,88472655
2026-05-13,51.58636939915254,53.32198483020297,51.58636939915254,52.93629455566406,56436333
2026-05-14,52.45418016940376,53.90052700850588,52.45418016940376,52.83987045288086,39054749
2026-05-15,53.12913908505124,53.61125469808528,52.74344880157414,52.83987045288086,35873829
2026-05-18,53.03271743374452,53.41841139547184,52.45418016940376,52.83987045288086,30196201
2026-05-19,53.32198592557965,54.575485780519095,52.936295643117624,53.41841125488281,58564407
2026-05-20,54.38264153619479,55.92540999581373,53.611253628135174,55.73256301879883,114160798
2026-05-21,55.82898848009974,56.5039473838927,55.154025898056624,55.443294525146484,69562042
2026-05-22,55.443293165982915,56.11825573147968,55.15402454598432,55.53971481323242,36723053
2026-05-25,56.118255859810425,56.118255859810425,54.96117769891999,55.25044631958008,45882447
2026-05-26,55.25044619323383,56.60037132422735,55.25044619323383,55.53971481323242,51624736
2026-05-27,56.40752642338306,58.046720234584406,55.5397168532617,57.082489013671875,64861960
2026-05-28,56.50394672755492,58.625256098656834,56.50394672755492,57.17890930175781,68790607
2026-05-29,57.27533425161786,59.20379663479355,57.27533425161786,58.33598709106445,113326776
2026-06-01,58.3359889913117,60.360873088305084,58.3359889913117,59.87875747680664,43643407
2026-06-02,59.782332654702046,62.096488938442135,59.58948568468204,61.80721664428711,70092481
2026-06-03,63.06072417949492,67.97830200195312,62.00007129331774,67.97830200195312,83464881
2026-06-04,65.56771850585938,66.72479294865693,63.639256196863506,65.56771850585938,96293189
2026-06-05,63.928531380137855,65.56772147439771,63.6392590780919,64.2177963256836,63480956
2026-06-08,62.86787169595149,64.50706916024335,62.19291279427268,63.06072235107422,45812755
2026-06-09,62.48218131564692,67.01406476738835,62.48218131564692,66.72479248046875,53423093
2026-06-10,65.856995719286,66.2426823247251,64.69991383346739,65.76056671142578,61696930
2026-06-11,66.04983294451678,66.04983294451678,64.12137066876447,65.08560180664062,63511328
2026-06-12,65.37488038416168,66.72479822194339,64.50707080523024,65.1820297241211,82270335
2026-06-15,69.13537403819919,70.00318358875613,66.5319527430286,67.59260559082031,42661199
2026-06-16,67.88187655225457,69.13537267251986,67.11048866555278,68.26757049560547,40735130
2026-06-17,68.17113878662062,70.09960107033265,67.39975828703568,68.46041107177734,36419977
2026-06-18,68.74968693817863,70.09960472189587,68.36399299004506,69.3282241821289,58547843
2026-06-22,69.32822720095159,69.32822720095159,67.59260803702492,67.97830200195312,52104724
2026-06-23,67.7854568172734,70.96741538753285,67.7854568172734,69.81034088134766,62043835
2026-06-24,68.94253352431195,69.42464914336308,67.39976501464844,67.39976501464844,52945593
2026-06-25,67.39976338231432,68.6532595475889,67.3033417321394,68.07472229003906,37890648
2026-06-26,67.97829708665668,68.46041266883155,67.39975985934683,67.78545379638672,42223824
2026-06-29,68.74968496073646,69.23180054291133,67.20690921257689,67.78545379638672,38646852
2026-06-30,68.3639894288917,68.94252664270535,67.30333664415004,68.46041107177734,47496882
2026-07-01,69.0389535047889,69.61749076233875,67.59260668266414,68.07472229003906,47935620
2026-07-02,68.55683955777094,69.23180583834285,67.20691435312766,67.39976501464844,50257844
2026-07-03,67.3033417321394,68.84611020443909,67.20691272546414,68.07472229003906,35317083
2026-07-06,68.46041354095686,69.42464471759006,68.17114124536688,68.84610748291016,31531794
2026-07-07,68.7496860618792,69.61748823849332,67.68902587890625,67.68902587890625,57025636
2026-07-08,68.65325819005571,68.74968719482422,67.30334040129917,68.74968719482422,51272857
2026-07-09,69.13537682933219,69.13537682933219,67.39976501464844,67.39976501464844,59034785
2026-07-10,67.39976501464844,67.39976501464844,67.39976501464844,67.39976501464844,0
2026-07-13,70.0999984741211,70.19999694824219,66.0999984741211,66.5,107399782
2026-07-14,67.5,67.5,63.5,65.0,79238013
2026-07-15,64.5999984741211,65.30000305175781,62.900001525878906,63.5,77866183
2026-07-16,63.5,64.0,62.5,63.0,49271306
2026-07-17,62.79999923706055,62.900001525878906,61.29999923706055,62.099998474121094,85256416
2026-07-20,62.400001525878906,62.5,60.70000076293945,61.5,69118043
2026-07-21,61.5,63.29999923706055,61.20000076293945,62.70000076293945,49273558
