date,open,high,low,close,volume
2021-07-22,2458.4450863993225,2482.9072265625,2450.2910396782636,2482.9072265625,310645
2021-07-23,2507.36947571205,2507.36947571205,2454.3681697213888,2462.522216796875,137327
2021-07-26,2462.5221996498744,2474.753270177937,2433.983035084396,2438.06005859375,225219
2021-07-27,2462.5226845275674,2462.5226845275674,2421.75244140625,2421.75244140625,260261
2021-07-28,2425.8291068787953,2450.2912491330353,2380.9818460793554,2433.983154296875,443846
2021-07-29,2433.9835143426453,2454.368635903304,2409.5213684698547,2421.75244140625,275619
2021-07-30,2421.7526722149637,2429.9067216163608,2389.136474609375,2389.136474609375,327387
2021-08-02,2397.2897832165027,2405.4438300981915,2360.596572248903,2380.981689453125,391708
2021-08-03,2385.0590681164995,2393.2131162126243,2356.5198997800626,2360.596923828125,363981
2021-08-04,2372.827977061898,2372.827977061898,2323.9036888750547,2327.980712890625,662766
2021-08-05,2332.0576273600263,2372.827865600586,2327.98060353597,2348.36572265625,396005
2021-08-06,2360.596524520659,2364.673547879071,2315.749267578125,2315.749267578125,545220
2021-08-09,2315.7495013297876,2336.1346201795213,2299.44140625,2299.44140625,375762
2021-08-10,2334.4157821766653,2351.2707697736087,2304.919553882014,2309.13330078125,451439
2021-08-11,2300.7058177539784,2317.560805429832,2279.6370831591616,2283.850830078125,353787
2021-08-12,2309.132825301381,2309.132825301381,2245.9266348278034,2250.140380859375,407664
2021-08-13,2254.354243517364,2292.277959763451,2233.2855122695382,2271.209228515625,454099
2021-08-16,2292.277964369159,2292.277964369159,2245.926755530812,2254.354248046875,251266
2021-08-17,2254.354248046875,2254.354248046875,2254.354248046875,2254.354248046875,0
2021-08-18,2266.9961700165504,2351.271120574787,2250.1411799049033,2347.057373046875,442050
2021-08-19,2355.4845166728446,2372.339504269788,2304.919553882014,2309.13330078125,444488
2021-08-20,2338.6296506787908,2347.0571449154713,2296.4921794953893,2313.34716796875,287902
2021-08-23,2338.6290292016865,2368.1252511916177,2317.560299208879,2334.415283203125,314387
2021-08-24,2347.0571449154713,2355.4846391521514,2300.7059266137294,2313.34716796875,226980
2021-08-25,2325.987798334478,2330.2015443459536,2300.705322265625,2300.705322265625,169604
2021-08-26,2325.9879344334113,2342.8429194655373,2254.354248046875,2254.354248046875,472867
2021-08-27,2254.354134331185,2254.354134331185,2212.2166738763963,2216.430419921875,417938
2021-08-30,2229.071786715751,2241.713025581814,2178.5068312514995,2195.36181640625,539881
2021-08-31,2203.789410946974,2258.568115234375,2195.3619179796815,2258.568115234375,364612
2021-09-01,2258.568348564345,2296.492070835015,2233.2858670505652,2283.850830078125,288179
2021-09-02,2271.2092353863745,2325.9879367964354,2245.9267578125,2245.9267578125,291165
2021-09-03,2241.713236453555,2296.491943359375,2233.2857430834288,2296.491943359375,277423
2021-09-06,2317.5606831605246,2330.2019232504913,2275.4232161939694,2279.636962890625,328993
2021-09-07,2271.2092353863745,2288.064220435624,2245.9267578125,2245.9267578125,202608
2021-09-08,2258.568140685328,2258.568140685328,2182.720703125,2182.720703125,449542
2021-09-09,2186.934814453125,2195.3623089211524,2174.293572751084,2186.934814453125,237001
2021-09-10,2203.7898207214716,2212.2173152557793,2149.011106248471,2153.224853515625,339449
2021-09-13,2153.224480207576,2174.293212890625,2127.9420009879177,2174.293212890625,205228
2021-09-14,2178.506973930027,2182.7207204946885,2132.15576171875,2132.15576171875,471151
2021-09-15,2136.3695111955917,2182.7207234700522,2123.728271484375,2123.728271484375,541146
2021-09-16,2127.941785362678,2144.7967698011944,2060.521847608613,2073.1630859375,598964
2021-09-17,2073.1630929848584,2073.1630929848584,2031.0256317453286,2043.6668701171875,665409
2021-09-22,1967.8199568579207,1984.6749457817573,1946.751220703125,1946.751220703125,991389
2021-09-23,1963.6063046998615,2009.9575264846223,1963.6063046998615,1997.3162841796875,609358
2021-09-24,2001.5296869692595,2014.1709270974866,1934.109739618716,1938.323486328125,617941
2021-09-27,1938.3232497326849,1950.964488317898,1875.117056806619,1908.8270263671875,1119216
2021-09-28,1908.8269125634877,1925.6818963388826,1858.2619612373026,1866.689453125,922720
2021-09-29,1845.6209773050475,1849.834723828575,1778.2010329286074,1828.7659912109375,1212931
2021-09-30,1828.7662275479809,1858.2624570245612,1807.6974922075665,1845.6212158203125,868121
2021-10-01,1832.979996477971,1858.262479188012,1799.27001953125,1799.27001953125,570761
2021-10-04,1816.1250080046107,1837.1937435963114,1786.6287781762294,1799.27001953125,521539
2021-10-05,1786.6285547818538,1790.8423013733207,1727.636102501321,1744.4910888671875,810538
2021-10-06,1765.559938275643,1786.6286726226076,1736.0637101898924,1761.34619140625,888504
2021-10-07,1773.9872975237495,1795.0560302734375,1761.3460578739364,1795.0560302734375,461689
2021-10-08,1757.1322216309811,1790.842192309753,1677.0710412688982,1689.7122802734375,1758594
2021-10-12,1681.284895734089,1736.063601610137,1651.78866949314,1727.6361083984375,1557924
2021-10-13,1731.8498550042873,1752.9185880335365,1710.781121975038,1727.6361083984375,474014
2021-10-14,1740.2773731831971,1740.2773731831971,1660.2161865234375,1660.2161865234375,923821
2021-10-15,1656.0024277416626,1702.3536407318873,1656.0024277416626,1693.9261474609375,969060
2021-10-18,1693.9262768922738,1714.9950116794912,1668.643795147613,1677.0712890625,650855
2021-10-19,1689.712388945789,1727.6361083984375,1681.284895734089,1727.6361083984375,510641
2021-10-20,1723.4224782578883,1740.2774658203125,1719.208731367282,1740.2774658203125,577048
2021-10-21,1740.2774729833627,1761.3462075231128,1714.9949915356624,1723.4224853515625,690035
2021-10-22,1706.5672607421875,1727.6359923562886,1702.3535144193672,1706.5672607421875,497606
2021-10-25,1693.926267713826,1731.8499901253297,1685.498773844603,1698.1400146484375,785638
2021-10-26,1828.7658714011864,1866.6895876284,1782.4146626790366,1820.33837890625,2418793
2021-10-27,1820.3385244516226,1828.7660176203801,1748.7048325171836,1752.9185791015625,1213244
2021-10-28,1757.1323286415875,1769.7735684159875,1736.0635956842543,1744.4910888671875,632504
2021-10-29,1752.918582050121,1752.918582050121,1731.8498490927877,1744.4910888671875,464942
2021-11-01,1761.3461844638625,1782.4149187277844,1752.918690758294,1778.201171875,482406
2021-11-02,1790.842307486185,1790.842307486185,1727.6361083984375,1727.6361083984375,676061
2021-11-03,1736.0635956842543,1769.7735684159875,1731.8498490927877,1744.4910888671875,385869
2021-11-04,1752.918586526764,1752.918586526764,1731.849853515625,1731.849853515625,392107
2021-11-05,1731.8497436219022,1740.2772362915953,1689.7122802734375,1689.7122802734375,1065920
2021-11-08,1689.712388945789,1744.491094821837,1685.498642339939,1727.6361083984375,691800
2021-11-09,1731.849852034189,1740.277345231436,1723.4223588369425,1736.0635986328125,347876
2021-11-10,1736.0635956842543,1757.1323286415875,1731.8498490927877,1744.4910888671875,473709
2021-11-11,1744.491085932805,1752.9185791015625,1740.2773393484263,1752.9185791015625,349814
2021-11-12,1757.132437611078,1790.842412433353,1752.918690758294,1778.201171875,628770
2021-11-15,1786.6284214481889,1803.4834065561906,1769.773436340187,1773.9871826171875,474112
2021-11-16,1773.987428501674,1786.6286690848212,1769.773681640625,1769.773681640625,332207
2021-11-17,1778.2011771190707,1778.2011771190707,1744.4912021973823,1765.5599365234375,472665
2021-11-18,1757.1323316259293,1769.7735714217993,1731.849852034189,1736.0635986328125,641216
2021-11-19,1752.9186941964285,1803.4836565290177,1744.4912004743303,1769.773681640625,781945
2021-11-22,1782.4149222237722,1782.4149222237722,1765.5599347795758,1769.773681640625,175611
2021-11-23,1740.277228877937,1744.4909751948328,1706.567258342771,1714.9947509765625,1014064
2021-11-24,1723.4223588369425,1740.277345231436,1719.2086122383191,1736.0635986328125,413550
2021-11-25,1736.063601610137,1740.2773482159869,1727.6361083984375,1727.6361083984375,226234
2021-11-26,1719.208499710648,1727.6359923562886,1706.5672607421875,1706.5672607421875,300330
2021-11-29,1706.567391990719,1714.9948852845002,1677.0711654624843,1681.284912109375,569277
2021-11-30,1706.5675177646042,1706.5675177646042,1677.0712890625,1677.0712890625,709497
2021-12-01,1685.49853515625,1693.9260278320312,1677.0710424804686,1685.49853515625,447610
2021-12-02,1689.7125207792144,1727.636243190718,1685.498773844603,1698.1400146484375,582445
2021-12-03,1689.7124054031563,1698.1398986969377,1681.284912109375,1681.284912109375,366551
2021-12-06,1710.7811279296875,1723.4223677912369,1693.9261414476216,1710.7811279296875,587219
2021-12-07,1719.208731367282,1740.2774658203125,1706.567490695464,1740.2774658203125,607393
2021-12-08,1757.1323316259293,1761.3460782245525,1736.0635986328125,1736.0635986328125,467838
2021-12-09,1744.491100893819,1752.9185941348521,1710.7811279296875,1710.7811279296875,462642
2021-12-10,1710.7811205044861,1740.2773467200807,1706.5673739022582,1731.849853515625,399759
2021-12-13,1740.277493424152,1744.4912403815954,1672.8575421050564,1677.0712890625,1030350
2021-12-14,1681.2850162720622,1723.4224853515625,1681.2850162720622,1723.4224853515625,478894
2021-12-15,1714.9947509765625,1727.6359899272497,1702.3535120258755,1714.9947509765625,393362
2021-12-16,1727.6359899272497,1757.1322141455198,1710.781004659667,1714.9947509765625,864420
2021-12-17,1740.2775228956934,1883.544921875,1736.0637758668904,1883.544921875,2862073
2021-12-20,1883.5444279473259,1921.4681412617015,1849.8344605567695,1913.0406494140625,2676383
2021-12-21,1934.1095900159655,2102.6594453550474,1917.2546044820572,2031.0257568359375,3338797
2021-12-22,2047.880965909091,2136.369649621212,2039.4534722222222,2085.8046875,2540680
2021-12-23,2119.5142931434198,2136.369277581936,2052.094355389355,2073.1630859375,1357110
2021-12-24,2081.5909511199516,2106.8734323076433,2052.0947230676447,2060.522216796875,826743
2021-12-27,2068.9498310945473,2106.873555086097,2047.8810955436863,2064.736083984375,963871
2021-12-28,2085.8044611242854,2085.8044611242854,2022.5982653326403,2026.81201171875,943528
2021-12-29,2026.81201171875,2039.453250877079,2005.7432797882018,2026.81201171875,616734
2021-12-30,2026.8119968623225,2098.4456849011153,2026.8119968623225,2077.376953125,1276404
2022-01-03,2106.873291015625,2182.7207294921873,2090.0183046875,2106.873291015625,1960732
2022-01-04,2136.3693485295394,2275.4229747651902,2132.1556022799746,2271.209228515625,2655806
2022-01-05,2275.4228683997844,2283.8503605049686,2195.3616934005327,2199.575439453125,1652458
2022-01-06,2191.148565945358,2229.0722911251814,2165.866082492142,2178.50732421875,1250704
2022-01-07,2203.7893385704856,2212.216831261004,2090.018187248491,2094.23193359375,1515420
2022-01-10,2094.2321811868687,2115.3009154040406,2060.522206439394,2085.8046875,1145001
2022-01-11,2098.446052829264,2111.0872941113676,2056.308581888917,2081.591064453125,836995
2022-01-12,2103.915888928865,2116.7186225328946,2014.296753700658,2027.0994873046875,1418638
2022-01-13,2052.704954512747,2078.310421720806,2014.296753700658,2027.0994873046875,1084432
2022-01-14,1886.2687748704,1894.803927697868,1826.522705078125,1826.522705078125,1552174
2022-01-17,1800.917473426232,1822.255358182467,1766.776857816256,1775.31201171875,1955256
2022-01-18,1783.8469290472833,1835.0578456706503,1771.0441998914416,1796.649658203125,1084564
2022-01-19,1792.38232421875,1813.720209030878,1783.847170293899,1792.38232421875,631629
2022-01-20,1796.6498964749849,1800.917473426232,1771.044434767503,1775.31201171875,541770
2022-01-21,1758.241703913762,1792.382319523738,1758.241703913762,1775.31201171875,731370
2022-01-24,1775.311888177711,1783.8470414862575,1753.9740049063441,1771.0443115234375,591331
2022-01-25,1758.24169921875,1758.24169921875,1732.6362375796418,1758.24169921875,595033
2022-01-26,1758.2416920027708,1771.0444227697815,1728.3686535464133,1732.63623046875,615542
2022-02-07,1732.63623046875,1762.5092689251078,1707.030768934729,1732.63623046875,669509
2022-02-08,1732.6361216349774,1788.1146181405309,1732.6361216349774,1771.0443115234375,476267
2022-02-09,1792.3821977574191,1792.3821977574191,1753.9740078054742,1779.5794677734375,313609
2022-02-10,1779.579588669997,1783.847165621244,1758.241703913762,1775.31201171875,217364
2022-02-11,1775.3120186611375,1830.790519244298,1771.0444416932019,1800.91748046875,690938
2022-02-14,1779.579588669997,1792.382319523738,1758.241703913762,1775.31201171875,359136
2022-02-15,1775.312135541268,1805.1851762835488,1775.312135541268,1783.8472900390625,271901
2022-02-16,1822.2552447049125,1826.522821390404,1800.9173612774543,1809.4525146484375,455042
2022-02-17,1822.255615234375,1826.523192787617,1809.4528825746488,1822.255615234375,344117
2022-02-18,1809.4526457609954,1843.59326171875,1796.6499147768375,1843.59326171875,406513
2022-02-21,1822.255615234375,1839.3259254473435,1813.7204601278909,1822.255615234375,358073
2022-02-22,1800.9173510800733,1809.4525044027278,1762.5091611281287,1779.5794677734375,468899
2022-02-23,1792.3823230534008,1800.9174769727028,1779.579592174448,1788.11474609375,177262
2022-02-24,1771.044423996084,1779.5795778466677,1736.90380859375,1736.90380859375,465517
2022-02-25,1732.6362280515161,1753.9741126334313,1715.5659203859839,1724.10107421875,638225
2022-03-01,1724.1010813643293,1753.9741199028201,1724.1010813643293,1749.70654296875,470945
2022-03-02,1745.4388427734375,1749.7064194061354,1728.368536242646,1745.4388427734375,427117
2022-03-03,1749.7065405752144,1758.2416944316788,1732.6362328622854,1741.17138671875,327083
2022-03-04,1732.6361068913966,1749.7064133632332,1724.1009536554784,1728.3685302734375,276337
2022-03-07,1715.5659105705492,1715.5659105705492,1677.1577185428503,1689.96044921875,789052
2022-03-08,1681.4252966585327,1715.565911819112,1677.1577197634604,1694.22802734375,517301
2022-03-09,1698.495603002683,1719.8334874625157,1672.8901416508838,1689.96044921875,489865
2022-03-10,1702.763064567585,1728.3685241851426,1702.763064567585,1711.2982177734375,292186
2022-03-11,1711.2983349240396,1711.2983349240396,1689.9604504486774,1694.22802734375,238788
2022-03-14,1707.0308865151985,1724.1011953803504,1689.9605776500464,1719.8336181640625,359424
2022-03-15,1718.9630095891976,1723.3148146767653,1705.907594326495,1710.2593994140625,368767
2022-03-16,1723.3148099459136,1736.3702251727764,1697.2039794921875,1697.2039794921875,482710
2022-03-17,1714.611328125,1736.3703551316626,1710.2595227236675,1714.611328125,530387
2022-03-18,1727.6667576919367,1766.8330066068675,1727.6667576919367,1762.481201171875,601861
2022-03-21,1779.8884167480467,1779.8884167480467,1736.370362548828,1740.72216796875,290567
2022-03-22,1740.722041286209,1745.0738463894245,1727.6666259765625,1727.6666259765625,305711
2022-03-23,1736.370362548828,1749.4257788085936,1723.3149462890624,1740.72216796875,379431
2022-03-24,1740.7220381724685,1740.7220381724685,1714.6112075998815,1718.9630126953125,352667
2022-03-25,1732.0184248519004,1732.0184248519004,1710.2593994140625,1710.2593994140625,376532
2022-03-28,1697.2040887129933,1701.5558940686676,1649.3342298005755,1653.68603515625,1057531
2022-03-29,1666.74156733045,1666.74156733045,1623.2235107421875,1623.2235107421875,563485
2022-03-30,1631.9270096425935,1662.389647155922,1623.2233989244996,1658.037841796875,699640
2022-03-31,1671.0932526525198,1697.2040847252156,1640.630615234375,1640.630615234375,554603
2022-04-01,1627.575192687332,1653.686024655578,1610.167971375168,1618.87158203125,610890
2022-04-06,1601.4643375880282,1601.4643375880282,1544.890869140625,1544.890869140625,851405
2022-04-07,1518.7798854929756,1531.835299981454,1466.5582275390625,1466.5582275390625,1157857
2022-04-08,1488.3173681052335,1492.6691732751317,1431.743900896555,1444.79931640625,671054
2022-04-11,1440.4474961180124,1449.1511063664595,1388.225834627329,1401.28125,939309
2022-04-12,1401.281258931974,1440.447505299638,1396.9294537800113,1427.39208984375,702036
2022-04-13,1436.0958207019266,1436.0958207019266,1401.2813765636981,1418.6885986328125,479247
2022-04-14,1418.6884810149127,1449.151117110325,1409.9848707019378,1431.743896484375,436259
2022-04-15,1414.3367919921875,1423.0404030198317,1396.929569936899,1414.3367919921875,534292
2022-04-18,1409.9849875982554,1431.744015184648,1396.9295710464196,1418.6885986328125,242808
2022-04-19,1418.6884795398246,1457.8547259074885,1418.6884795398246,1427.39208984375,408278
2022-04-20,1444.799320778918,1466.558346694263,1440.4475155958487,1457.854736328125,685781
2022-04-21,1470.9102804744946,1527.4837528004366,1470.9102804744946,1479.6138916015625,844631
2022-04-22,1479.6137680908923,1501.372794092229,1470.9101576903577,1475.261962890625,577119
2022-04-25,1457.8546178800768,1483.9654468570336,1423.0401792441348,1466.5582275390625,655803
2022-04-26,1492.6694247427304,1492.6694247427304,1440.44775390625,1440.44775390625,584732
2022-04-27,1396.9296919796445,1440.4477509198202,1396.9296919796445,1423.04052734375,329751
2022-04-28,1449.151250534509,1488.3175005489552,1431.7440283058663,1470.9102783203125,584620
2022-04-29,1497.0211116632765,1527.4837505634014,1457.8548616488304,1470.9102783203125,692937
2022-05-03,1479.6138839034347,1483.9656894443272,1444.799439576295,1449.1512451171875,229340
2022-05-04,1462.2065370858434,1462.2065370858434,1440.4475112363516,1444.79931640625,175388
2022-05-05,1466.5583377362748,1466.5583377362748,1431.743896484375,1431.743896484375,492450
2022-05-06,1392.57763671875,1405.6330520629883,1379.522221374512,1392.57763671875,780505
2022-05-09,1375.1705287165535,1379.5223341871756,1362.1151123046875,1362.1151123046875,322701
2022-05-10,1340.3560971860531,1418.6885963722511,1327.3006806550202,1409.9849853515625,840494
2022-05-11,1414.3367897246276,1427.3922062451627,1392.5777621904026,1405.6331787109375,477263
2022-05-12,1401.2812469482424,1423.0402725219728,1388.225831604004,1392.57763671875,539531
2022-05-13,1405.6331787109375,1418.6885952314726,1396.9295676972474,1405.6331787109375,354819
2022-05-16,1427.3920744889938,1431.7438795941432,1379.5222183323506,1383.8740234375,301302
2022-05-17,1392.5777621904026,1414.3367897246276,1383.8741511767125,1405.6331787109375,279899
2022-05-18,1409.9849853515625,1414.3367908619068,1392.5777633101852,1409.9849853515625,321274
2022-05-19,1383.8741443525728,1388.2259498379583,1357.7633114402602,1379.5223388671875,340801
2022-05-20,1405.6330520629883,1409.9848571777345,1388.225831604004,1392.57763671875,427438
2022-05-23,1392.57763671875,1405.6330520629883,1388.225831604004,1392.57763671875,166941
2022-05-24,1396.9295608087293,1401.2813662941146,1375.170533381802,1379.5223388671875,302373
2022-05-25,1405.6331809645433,1418.6885975060095,1392.5777644230768,1414.3367919921875,394523
2022-05-26,1427.3922073929398,1431.744012903284,1405.6331798412182,1409.9849853515625,280439
2022-05-27,1418.6887243910498,1457.8549775184101,1414.3369184880098,1440.44775390625,719307
2022-05-30,1457.854859488351,1462.2066650390625,1444.7994428362165,1462.2066650390625,455084
2022-05-31,1449.1512462136275,1466.5584683903676,1444.7994406694422,1453.5030517578125,782797
2022-06-01,1449.15136571233,1462.2067834214502,1440.44775390625,1440.44775390625,325671
2022-06-02,1440.4476351252572,1457.8548573019975,1431.7440240368871,1453.5030517578125,486754
2022-06-06,1510.0764362482735,1584.0571262085634,1497.0210203729282,1575.353515625,2085984
2022-06-07,1566.6498940677966,1566.6498940677966,1531.8354519774011,1540.5390625,971954
2022-06-08,1562.2982157218357,1571.0018269514837,1544.8909932625395,1553.5946044921875,653386
2022-06-09,1553.5946144706872,1618.8716991123126,1540.539197542362,1597.1126708984375,958680
2022-06-10,1566.6499050414363,1584.0571262085634,1557.946294457873,1575.353515625,561823
2022-06-13,1540.539058326656,1544.8908635761663,1523.1318373286147,1527.483642578125,507689
2022-06-14,1523.13183029263,1536.1872459808526,1492.6691936867774,1505.724609375,496075
2022-06-15,1505.724478355251,1514.4280880567264,1479.613649250825,1483.9654541015625,479753
2022-06-16,1510.076526096889,1518.7801371983119,1462.2066650390625,1462.2066650390625,487496
2022-06-17,1431.7439052297107,1457.854736328125,1423.0402948635726,1457.854736328125,538028
2022-06-20,1457.85484596535,1457.85484596535,1409.9849853515625,1409.9849853515625,369116
2022-06-21,1431.743900896555,1444.79931640625,1409.9848750470633,1444.79931640625,272326
2022-06-22,1436.095687866211,1440.4474929809571,1392.57763671875,1392.57763671875,358685
2022-06-23,1409.9849842177825,1418.6885952314726,1383.8741511767125,1405.6331787109375,371495
2022-06-24,1418.68848538686,1483.9655629353351,1414.3366802169617,1444.79931640625,609314
2022-06-27,1475.261844400087,1492.669063803038,1462.206429847874,1483.9654541015625,511718
2022-06-28,1479.614015099598,1492.6694328798885,1470.910403246071,1488.317626953125,189592
2022-06-29,1470.9102804744946,1488.3175027286306,1462.2066693474264,1479.6138916015625,321380
2022-06-30,1466.558360931839,1510.0764131850092,1453.5029452558877,1501.372802734375,711306
2022-07-01,1501.3729172204373,1523.1319450062408,1466.5584727631517,1470.9102783203125,861991
2022-07-04,1479.613898989103,1518.7801492564618,1470.910287818579,1510.0765380859375,650408
2022-07-05,1527.483642578125,1531.8354478276353,1492.6692005820423,1527.483642578125,754423
2022-07-06,1527.4838802939967,1531.8356862207602,1479.614015099598,1488.317626953125,869649
2022-07-07,1514.4282590176197,1636.27880859375,1497.021037649601,1636.27880859375,1560990
2022-07-08,1658.0378326579212,1679.7968593332218,1605.816168637199,1627.5751953125,1661625
2022-07-11,1640.6306139357546,1649.334224619764,1597.112560515708,1636.27880859375,875151
2022-07-12,1592.7608652556623,1610.1680878267625,1575.3536426845624,1597.1126708984375,1050108
2022-07-13,1644.982413999496,1671.093245967742,1618.87158203125,1618.87158203125,931275
2022-07-14,1597.112566770218,1692.8522846692501,1592.7607614111712,1658.037841796875,1328681
2022-07-15,1688.500500549623,1749.4257763426506,1658.0378626531092,1732.0185546875,2107235
2022-07-18,1753.7775817564384,1766.8329979978014,1714.6113330323492,1732.0185546875,1061822
2022-07-19,1714.6114520448627,1736.3704806241121,1714.6114520448627,1723.3150634765625,399130
2022-07-20,1749.4258861541748,1762.4813032150269,1671.0933837890625,1671.0933837890625,1200875
2022-07-21,1675.4451969691686,1710.259642620476,1658.0379741435147,1705.9078369140625,715438
2022-07-22,1705.9077059659091,1718.9631220829951,1675.445068359375,1675.445068359375,531375
2022-07-25,1675.4451894760132,1684.1488008499146,1666.7415781021118,1671.0933837890625,315124
2022-07-26,1679.7967481488658,1688.5003582429015,1658.0377229137769,1666.7413330078125,331032
2022-07-27,1666.7413439628406,1705.9075896434294,1649.3341236603567,1697.2039794921875,509916
2022-07-28,1727.6666259765625,1745.0738463894245,1714.611210666916,1727.6666259765625,960939
2022-07-29,1758.1295288670005,1819.0548095703125,1745.0741115734336,1819.0548095703125,1428209
2022-08-01,1810.350950677711,1836.4617816971008,1788.5919248282191,1805.9991455078125,880398
2022-08-02,1779.8881781817659,1797.2953975282867,1758.1291539986146,1766.832763671875,935152
2022-08-03,1771.1845809530114,1810.3508247578693,1758.1291663513923,1797.29541015625,811435
2022-08-04,1792.9438428691788,1805.9992592007504,1749.4257884306064,1775.53662109375,687248
2022-08-05,1797.2955423990886,1845.1653994605656,1797.2955423990886,1827.7581787109375,696319
2022-08-08,1823.406490619366,1836.461907019982,1801.647463285006,1810.35107421875,408126
2022-08-09,1810.3510822990545,1845.165526189421,1792.9438603538713,1840.813720703125,488387
2022-08-10,1819.0548095703125,1840.8138383929238,1814.70300380579,1819.0548095703125,404780
2022-08-11,1858.220934354342,1862.5727398212139,1805.999268751878,1810.35107421875,693774
2022-08-12,1823.4064882435084,1832.1100991659118,1792.9438500150966,1801.6474609375,474767
2022-08-15,1819.0546827823068,1819.0546827823068,1792.9438500150966,1801.6474609375,348651
2022-08-16,1810.3509593972685,1845.165400924139,1801.6473490155508,1832.1099853515625,564877
2022-08-17,1827.7581713573043,1845.1653920368976,1801.647340337914,1805.9991455078125,676093
2022-08-18,1814.4281734682127,1823.300682873925,1796.6831546567876,1805.5556640625,581134
2022-08-19,1809.9919196564017,1836.6094478866428,1801.1194102463212,1827.7369384765625,448312
2022-08-22,1809.9918404980965,1814.4280950091213,1743.4480228327254,1747.88427734375,550000
2022-08-23,1690.212793799595,1703.5215559554972,1672.4677775917253,1694.6490478515625,582249
2022-08-24,1707.9580062063117,1730.1392790141858,1676.9042242752878,1685.7767333984375,554302
2022-08-25,1712.3942394109497,1734.5755119421794,1707.9579849047036,1725.7030029296875,273558
2022-08-26,1739.011721209855,1783.3742651182697,1734.5754668190136,1761.1929931640625,797196
2022-08-29,1672.467945108942,1699.0854720868033,1654.7229271237013,1681.3404541015625,856022
2022-08-30,1685.7767123734736,1730.1392574359336,1685.7767123734736,1725.7030029296875,708063
2022-08-31,1734.5755615234375,1747.8843254225944,1716.8305429912284,1734.5755615234375,563988
2022-09-01,1725.7030757933624,1734.5755851804747,1694.649292938469,1716.83056640625,490372
2022-09-02,1721.266773086939,1747.8843005058095,1716.8305185171275,1730.1392822265625,522720
2022-09-05,1747.8842989042207,1752.3205534699675,1699.0854986810066,1707.9580078125,458249
2022-09-06,1739.011814888277,1743.4480695180941,1707.958032479558,1712.394287109375,590440
2022-09-07,1703.5217814837906,1783.374364990843,1694.6492722052292,1778.9381103515625,865440
2022-09-08,1805.5555859870717,1809.9918404980965,1739.0117683217006,1747.88427734375,758106
2022-09-12,1770.0655764770506,1801.1193585205076,1765.629321899414,1774.5018310546875,536651
2022-09-13,1774.5018544823233,1778.938109118529,1756.7568359375,1756.7568359375,391869
2022-09-14,1672.46804337649,1725.7031004600917,1672.46804337649,1721.266845703125,819518
2022-09-15,1739.011839874031,1743.448094567587,1716.83056640625,1716.83056640625,340184
2022-09-16,1707.9579810794237,1707.9579810794237,1672.467945108942,1681.3404541015625,985770
2022-09-19,1690.2128877031041,1690.2128877031041,1663.5953619125041,1668.0316162109375,493355
2022-09-20,1694.6493165337386,1707.9580807997104,1676.9042975124428,1699.0855712890625,449193
2022-09-21,1699.0854469581886,1703.521701388889,1668.0316659432872,1676.9041748046875,449978
2022-09-22,1672.467969713713,1694.6492425215872,1654.7229514674136,1685.7767333984375,339365
2022-09-23,1685.776658602039,1690.2129129667812,1672.4678955078125,1672.4678955078125,320319
2022-09-26,1672.4679411601244,1672.4679411601244,1623.6691418159298,1636.9779052734375,470670
2022-09-27,1650.286599017204,1672.4678705093709,1605.9240560328706,1668.0316162109375,630144
2022-09-28,1659.1592460766174,1672.4680100825794,1517.1990966796875,1517.1990966796875,1286059
2022-09-29,1548.252879360266,1557.125388697574,1503.8903326737254,1517.1990966796875,631162
2022-09-30,1472.836379139459,1490.581395755597,1437.346345907183,1486.1451416015625,1144361
2022-10-03,1459.5279055720805,1490.5816907970184,1446.2191404756786,1450.6553955078125,500551
2022-10-04,1486.1453139991092,1521.6353513483416,1468.4002953244928,1517.1990966796875,677267
2022-10-05,1552.6891845003581,1570.4342037517908,1534.9441652489256,1548.2529296875,604784
2022-10-06,1588.179057524055,1641.414109731565,1579.3065488228033,1628.1053466796875,961401
2022-10-07,1614.796632844258,1641.4141597592734,1601.4878693867504,1636.9779052734375,577695
2022-10-11,1557.1253121975249,1565.9978210989354,1495.0177498876521,1503.8902587890625,1078332
2022-10-12,1521.6354248046873,1565.9979736328123,1508.32666015625,1552.689208984375,780103
2022-10-13,1552.6891845003581,1557.1254393132165,1521.635400810351,1548.2529296875,904442
2022-10-14,1610.3603993733723,1668.0317084418402,1597.0516357421875,1597.0516357421875,1929964
2022-10-17,1557.1253448486327,1597.0516357421875,1526.0715630425348,1597.0516357421875,984506
2022-10-18,1614.7967269940686,1623.6692364830471,1557.125415315709,1565.9979248046875,671643
2022-10-19,1557.125487938356,1592.6155275494866,1557.125487938356,1579.3067626953125,588360
2022-10-20,1570.4341327529864,1605.924169651359,1552.6891143038001,1601.4879150390625,813371
2022-10-21,1605.924267578125,1605.924267578125,1526.0716796875,1530.5079345703125,691948
2022-10-24,1565.997749460915,1574.8702579564442,1530.507715478798,1534.9439697265625,545372
2022-10-25,1539.3802271133814,1570.4340069110578,1530.5077185997598,1557.125244140625,584023
2022-10-26,1565.9979022115633,1605.9241943359375,1561.5616475310774,1605.9241943359375,795811
2022-10-27,1605.9241218986092,1619.232885339758,1592.6153584574606,1614.796630859375,518233
2022-10-28,1614.7967036969096,1614.7967036969096,1583.7429209335075,1605.9241943359375,271545
2022-10-31,1610.3605224609373,1641.414306640625,1601.4880126953124,1641.414306640625,622665
2022-11-01,1636.9779052734375,1654.7229232167808,1619.232887330094,1636.9779052734375,366181
2022-11-02,1645.8503447187707,1668.0316162109375,1623.669073226604,1668.0316162109375,392708
2022-11-03,1650.2866726273912,1685.7767085978726,1641.4141636347708,1681.3404541015625,462410
2022-11-04,1663.5954849363313,1694.6492673218095,1659.1592303098344,1690.2130126953125,446999
2022-11-07,1712.3942623782468,1747.8842989042207,1703.5217532467532,1707.9580078125,852352
2022-11-08,1730.1393056286431,1730.1393056286431,1707.958032479558,1712.394287109375,495431
2022-11-09,1739.0118161564899,1761.1930893217511,1730.1393068903853,1734.5755615234375,536119
2022-11-10,1743.447998046875,1756.7567613907443,1725.7029802550492,1743.447998046875,400526
2022-11-11,1792.2468754810652,1805.555639407905,1774.5018569119457,1801.119384765625,1143324
2022-11-14,1805.5557373046875,1827.73701171875,1792.24697265625,1818.864501953125,701148
2022-11-15,1832.1731479779412,1889.8444577205883,1823.3006387867647,1885.408203125,1204885
2022-11-16,1880.972216109155,1889.8447265625,1823.300898162412,1889.8447265625,1136025
2022-11-17,1889.8446474672653,2067.294849107384,1880.9721373852592,2053.986083984375,2598330
2022-11-18,2058.4220420435854,2067.2945508454977,2014.0594980340256,2022.9320068359375,914432
2022-11-21,2022.9323246489537,2040.6773450406113,1991.8785389635532,2014.059814453125,685968
2022-11-22,2009.6234619140623,2062.8585205078125,1991.8784423828124,2018.4959716796875,750917
2022-11-23,2040.6770244397617,2085.0395684493215,2022.9320068359375,2022.9320068359375,1054140
2022-11-24,2040.6773668514784,2067.294897723454,2027.3686014154905,2062.858642578125,544648
2022-11-25,2067.2948257311255,2071.7310807219646,2000.7510008685356,2005.187255859375,580191
2022-11-28,1969.69716796875,2027.3684814453125,1965.2609130859373,2018.4959716796875,396254
2022-11-29,2005.1873042572963,2027.3685797468681,2000.7510491593819,2014.059814453125,297972
2022-11-30,2036.240966796875,2080.6035150931034,2018.4959474783839,2036.240966796875,1126469
2022-12-01,2053.9860847839623,2076.167359997612,2027.3685545275828,2031.8048095703125,684946
2022-12-02,2018.4960444421229,2036.2410646130425,2005.187279313933,2031.8048095703125,377745
2022-12-05,2049.5498297412323,2053.9860847839623,2022.9322994848528,2031.8048095703125,416316
2022-12-06,2031.8048095703125,2071.731104954882,2005.187279313933,2031.8048095703125,1163411
2022-12-07,2031.8047858044108,2058.4223157494466,1996.3147458776962,2005.187255859375,795069
2022-12-08,2022.9322017678173,2022.9322017678173,1983.0059083118736,1991.87841796875,461818
2022-12-09,2014.0597927145764,2018.4960477646084,1929.7709467639663,1943.0797119140625,807910
2022-12-12,1916.4619895241478,1956.3882809725676,1916.4619895241478,1951.9520263671875,330361
2022-12-13,1965.260987164223,1969.697242214255,1925.334691713934,1943.0797119140625,395380
2022-12-14,1965.260960941821,2005.187255859375,1951.952195969303,2005.187255859375,423194
2022-12-15,1996.3147940614674,2018.4960695510395,1991.8785389635532,2014.059814453125,267603
2022-12-16,1974.1334228515625,1987.4421874999998,1947.5158935546874,1974.1334228515625,634693
2022-12-19,1974.133302137587,2022.9321028645834,1956.3882836914063,1996.3145751953125,550248
2022-12-20,1991.8783679806809,2014.0596415662117,1943.0795660925128,1960.8245849609375,531251
2022-12-21,1965.2608388381366,1969.6970935533468,1925.3345464012443,1938.643310546875,522439
2022-12-22,1951.9518472546729,1960.824355651285,1898.716796875,1898.716796875,652697
2022-12-23,1889.8442884783879,1907.5893052716121,1876.5355258834697,1898.716796875,314288
2022-12-26,1916.4620845002948,1916.4620845002948,1872.099536247973,1880.9720458984375,146374
2022-12-27,1889.8445320393691,1920.8983154296875,1889.8445320393691,1920.8983154296875,190969
2022-12-28,1903.1532702694572,1907.58952497871,1867.6632325954347,1872.0994873046875,275648
2022-12-29,1841.0457763671875,1841.0457763671875,1809.9919921874998,1818.864501953125,509610
2022-12-30,1832.1732171750537,1849.9182362275965,1809.991943359375,1809.991943359375,303129
2023-01-03,1809.9918721762049,1841.045654296875,1792.2468538215362,1841.045654296875,371626
2023-01-04,1823.3006373814176,1876.5356924874443,1823.3006373814176,1863.2269287109375,331378
2023-01-05,1876.5356924874443,1889.8444562639509,1854.3544195265997,1863.2269287109375,343404
2023-01-06,1841.0456834145643,1947.5157952264908,1841.0456834145643,1934.20703125,650437
2023-01-09,1951.9521484375,1991.8784423828124,1920.8983642578123,1974.1334228515625,828361
2023-01-10,1951.9520498853212,1978.5695778383028,1929.7707765911698,1934.20703125,546587
2023-01-11,1938.6434568640304,1951.9522220141268,1916.46218161387,1943.0797119140625,403655
2023-01-12,1929.7708002726238,1943.079564412435,1907.5895267062717,1916.4620361328125,422877
2023-01-13,1863.2269484978958,1872.0994577764573,1734.5755639587555,1778.9381103515625,2304087
2023-01-16,1787.8107177734373,1841.0457763671875,1778.9382080078124,1818.864501953125,953341
2023-01-17,1818.8643813535393,1854.3544180628767,1818.8643813535393,1841.045654296875,499792
2023-01-30,1889.8445320393691,1934.2070797398237,1889.8445320393691,1920.8983154296875,719477
2023-01-31,1894.2807123161765,1943.079512867647,1885.408203125,1885.408203125,595554
2023-02-01,1894.2807878963565,1974.1333738029946,1894.2807878963565,1965.2608642578125,835146
2023-02-02,1974.133520727759,1987.4422860360362,1943.079735008446,1969.697265625,413248
2023-02-03,1947.515869684368,2005.1871824540644,1947.515869684368,1991.87841796875,484399
2023-02-06,1969.6971190304037,1983.0058833481764,1951.9520999400395,1965.2608642578125,444318
2023-02-07,1960.8246094852216,2005.1871572111315,1956.3883547126306,1965.2608642578125,584994
2023-02-08,1978.5696046560404,1996.3146235318793,1965.260840499161,1983.005859375,302215
2023-02-09,1987.4421132635746,1987.4421132635746,1960.8245849609375,1960.8245849609375,198619
2023-02-10,1978.5695811607884,2031.8046371561459,1974.1333264945085,2000.7508544921875,824244
2023-02-13,2000.7508774148932,2000.7508774148932,1960.8245849609375,1960.8245849609375,308976
2023-02-14,1974.1334228515625,1991.8784423828124,1969.69716796875,1974.1334228515625,262224
2023-02-15,1969.6972405569895,1996.3147708347867,1951.9522203717913,1987.4422607421875,288453
2023-02-16,1996.3146476659495,2000.7509024385406,1960.8246094852216,1965.2608642578125,301246
2023-02-17,1965.260863130142,1969.6971179001875,1920.8983154296875,1920.8983154296875,386028
2023-02-20,1920.898436663902,1951.9522220141268,1920.898436663902,1943.0797119140625,237302
2023-02-21,1960.8247059509818,2014.0597658410536,1960.8247059509818,2005.187255859375,480748
2023-02-22,1983.0058585464685,1991.8783679806809,1960.8245849609375,1960.8245849609375,329869
2023-02-23,1965.2609130859373,1996.314697265625,1965.2609130859373,1974.1334228515625,285036
2023-02-24,1991.8784672397605,2000.750977116107,1956.388427734375,1956.388427734375,405228
2023-03-01,1912.0258058895965,1938.6433345098692,1912.0258058895965,1920.8983154296875,556733
2023-03-02,1920.8982925069818,1965.2608396780436,1894.2807642043445,1960.8245849609375,482042
2023-03-03,1969.6970707504204,2005.1871080612389,1969.6970707504204,1978.569580078125,578617
2023-03-06,2027.3680260483097,2173.764404296875,2027.3680260483097,2173.764404296875,1797708
2023-03-07,2169.32858876713,2187.0736078981495,2129.402295722336,2164.892333984375,1317916
2023-03-08,2151.583642279786,2213.691211335285,2142.711132414715,2178.201171875,1165953
2023-03-09,2213.6911365946785,2218.1273913774335,2151.5835696361105,2164.892333984375,918349
2023-03-10,2142.710933886925,2151.5834429299352,2089.4758796288647,2098.348388671875,751183
2023-03-13,2098.348343498246,2133.83837890625,2071.7308169422427,2133.83837890625,493604
2023-03-14,2102.7852117841335,2120.530234668388,2067.295166015625,2067.295166015625,742750
2023-03-15,2085.0398692713957,2107.2211444764107,2049.549828943372,2053.986083984375,695480
2023-03-16,2063.9434589800444,2068.469650776053,2027.7339246119734,2041.3125,521241
2023-03-17,2059.4173366970485,2091.1006803385417,2032.2601850043404,2036.786376953125,567004
2023-03-20,2036.7864087023543,2045.8387927410315,2014.1554486056616,2018.681640625,354073
2023-03-21,2041.3124014871162,2091.1005088404604,2032.2600183319626,2063.943359375,608984
2023-03-22,2091.1007239300275,2109.2054921025815,2059.417379628057,2082.04833984375,555812
2023-03-23,2095.6270918773725,2113.7318615696176,2054.891360069821,2086.57470703125,664278
2023-03-24,2095.626915973166,2104.679300059443,2068.4697637143345,2082.04833984375,626746
2023-03-27,2095.6269812119745,2095.6269812119745,2045.8388671875,2045.8388671875,407945
2023-03-28,2050.3649081143467,2054.8910999644886,1991.5244140625,1991.5244140625,638532
2023-03-29,2000.5769366259988,2014.1555131189355,1977.9459758044377,1982.47216796875,330031
2023-03-30,2000.576797762784,2000.576797762784,1964.3672629616478,1991.5244140625,516078
2023-03-31,1986.9980766208694,2009.6290342133623,1964.3671190283765,1968.893310546875,452275
2023-04-06,1973.4197254269623,1986.9983015193495,1946.2625732421875,1946.2625732421875,435474
2023-04-07,1946.262658719994,1950.7888509495756,1932.68408203125,1932.68408203125,306762
2023-04-10,1946.26264238691,1959.8412189617025,1937.2102580037151,1941.7364501953125,264070
2023-04-11,1959.8411334002458,1977.9459013762296,1950.788749412254,1955.31494140625,403972
2023-04-12,1968.8935015278478,1968.8935015278478,1941.7363497826361,1964.3673095703125,303674
2023-04-13,1955.3147658062644,1982.4719153313513,1946.2623826312354,1950.78857421875,558395
2023-04-14,1919.1054426767294,1928.1578268402989,1851.2125614499582,1864.7911376953125,1652857
2023-04-17,1860.2649040670956,1946.2625517003678,1855.738712086397,1923.631591796875,998385
2023-04-18,1923.6316561984786,1946.2626168596373,1882.8959270083933,1887.422119140625,826142
2023-04-19,1896.4744058242572,1896.4744058242572,1837.6339111328125,1837.6339111328125,821508
2023-04-20,1846.6863804668114,1855.738764684786,1819.5292278128877,1824.055419921875,837088
2023-04-21,1842.1602092069738,1873.8435543284697,1842.1602092069738,1846.6864013671875,561334
2023-04-24,1833.1078773256036,1855.738838774068,1815.0031081668324,1851.212646484375,410307
2023-04-25,1855.7387106216963,1873.8434785302006,1819.5291748046875,1819.5291748046875,682222
2023-04-26,1824.0554766504144,1869.3173991479434,1824.0554766504144,1860.2650146484375,742130
2023-04-27,1855.7387484326775,1855.7387484326775,1824.0554039472415,1833.1077880859375,502983
2023-04-28,1846.686326667444,1846.686326667444,1819.5291748046875,1819.5291748046875,335553
2023-05-02,1824.0552751550722,1833.1076586546012,1801.42431640625,1801.42431640625,528088
2023-05-03,1796.8981094360352,1810.4766845703125,1778.793342590332,1810.4766845703125,667109
2023-05-04,1810.4766999057788,1810.4766999057788,1792.371932906721,1801.42431640625,318275
2023-05-05,1819.529044699367,1819.529044699367,1787.845703125,1787.845703125,469559
2023-05-08,1815.0028762817383,1851.2124099731445,1796.8981094360352,1810.4766845703125,532423
2023-05-09,1819.5292278128877,1833.1078041398496,1805.9506514859258,1824.055419921875,399938
2023-05-10,1815.0030198085456,1842.1601722246335,1810.4768277391977,1833.1077880859375,501212
2023-05-11,1842.1600938911897,1896.47439641378,1842.1600938911897,1878.36962890625,878042
2023-05-12,1887.4222246047136,1896.474609375,1869.3174550641406,1896.474609375,477441
2023-05-15,1896.4744028389737,1919.1053623000591,1891.9482109467565,1910.052978515625,472443
2023-05-16,2000.5769366259988,2032.2602817761842,1973.4197836401254,1982.47216796875,1564733
2023-05-17,2014.1552257318608,2014.1552257318608,1968.8933105468752,1968.893310546875,693037
2023-05-18,1991.5245201145362,2009.6292884792138,1986.9983280233669,2000.576904296875,539336
2023-05-19,2009.6293297151549,2063.943635923673,2000.5769453470687,2045.8388671875,843935
2023-05-22,2045.8388627984552,2063.9436314957866,2014.155517578125,2014.155517578125,390517
2023-05-23,2027.7340941011237,2032.2602862754566,2005.1031332294594,2014.155517578125,295511
2023-05-24,2014.1553799417995,2032.2601474019507,2000.5768043466865,2023.207763671875,270009
2023-05-25,2036.786446008491,2045.838830212973,2027.734061804009,2032.26025390625,290758
2023-05-26,2041.3127408414273,2054.8913178315033,1991.5246252111485,2009.62939453125,474576
2023-05-29,2023.2080131083922,2109.2056691465564,2018.6818206853309,2086.57470703125,844320
2023-05-30,2091.1006097560976,2091.1006097560976,2041.3125,2041.3125,503524
2023-05-31,2072.9959503914874,2095.6269105485994,2050.364990234375,2050.364990234375,531297
2023-06-01,2045.838830212973,2054.8912144174556,2027.734061804009,2032.26025390625,224530
2023-06-02,2054.8911822657974,2072.9959503914874,2041.31260617153,2050.364990234375,344073
2023-06-05,2068.4699014055677,2095.6270554721614,2068.4699014055677,2072.99609375,582456
2023-06-06,2072.995842572062,2072.995842572062,2009.629157427938,2041.3125,583106
2023-06-07,2041.312638110732,2045.838830212973,2009.6292933950444,2032.26025390625,427509
2023-06-08,2036.7863325639205,2036.7863325639205,1986.998222212358,1991.5244140625,443287
2023-06-09,2000.5770098711992,2014.1555868612752,1982.472240551098,2009.62939453125,263206
2023-06-12,2014.155517578125,2027.7340941011237,1991.5245567064608,2014.155517578125,261326
2023-06-13,2023.2078326443386,2032.2602166830159,2005.1030645669844,2018.681640625,386747
2023-06-14,2018.6815410199558,2095.6268015521064,2014.1553492239468,2041.3125,680182
2023-06-15,2041.312638110732,2054.8912144174556,2023.2078697017678,2032.26025390625,265691
2023-06-16,2032.2599613824032,2036.7861528331434,1982.4718554242597,1986.998046875,620354
2023-06-19,1991.5244935501453,1991.5244935501453,1941.7363812113917,1946.2625732421875,599404
2023-06-20,1950.788749412254,1973.4197093822338,1932.6839814362702,1955.31494140625,456964
2023-06-21,1982.4722676881604,1986.9984600801424,1928.1579589843752,1928.157958984375,580443
2023-06-26,1932.6841513763572,1955.3151133362678,1923.631766592393,1928.157958984375,354246
2023-06-27,1955.3150431791569,1973.4198120974825,1932.68408203125,1932.68408203125,355326
2023-06-28,1955.3150431791569,1964.3674276383197,1932.68408203125,1932.68408203125,233533
2023-06-29,1955.3151133362678,1964.3674981202319,1923.631766592393,1928.157958984375,290143
2023-06-30,1923.631766592393,1946.2627285523035,1910.0531894164467,1928.157958984375,451122
2023-07-03,1955.3150431791569,1955.3150431791569,1928.1578898016685,1932.68408203125,307546
2023-07-04,1941.7364779881068,2027.734130859375,1941.7364779881068,2027.734130859375,1388510
2023-07-05,2054.891144748264,2054.891144748264,1982.4720735677083,2036.786376953125,1342628
2023-07-06,2036.7864555210583,2213.3079483328834,2027.734071274298,2095.626953125,3866779
2023-07-07,2136.362580128205,2158.9935396634614,2077.5220853365386,2118.2578125,1432184
2023-07-10,2145.415141091418,2181.6246793376863,2122.7841796875,2122.7841796875,1303200
2023-07-11,2145.4149701891447,2158.9935459498356,2118.2578186677633,2149.941162109375,747153
2023-07-12,2158.993508031813,2172.5720835540255,2127.31016514665,2136.362548828125,508649
2023-07-13,2168.0457613939057,2213.307677080626,2145.4148035505455,2177.09814453125,1220458
2023-07-14,2136.362752807089,2140.888945079985,2023.2079459846793,2091.100830078125,2259411
2023-07-17,2149.941400954108,2149.941400954108,2082.0485146081887,2086.57470703125,786903
2023-07-18,2091.1005088404604,2095.626700418037,2045.838593064693,2063.943359375,853379
2023-07-19,2095.6270891769345,2104.679474011392,2050.3651650046463,2054.891357421875,711404
2023-07-20,2082.0484379359655,2082.0484379359655,2023.2079386029925,2027.734130859375,675155
2023-07-21,2014.1553733132102,2018.6815651633524,1982.472030362216,1991.5244140625,646623
2023-07-24,1982.4718554242597,2009.6290041287016,1973.419472522779,1986.998046875,474418
2023-07-25,1996.050691024117,2018.6816512398098,1977.9459228515625,1977.9459228515625,472458
2023-07-26,1986.9980674101928,1986.9980674101928,1937.2099609375,1937.2099609375,581024
2023-07-27,1964.3673786401198,1982.472147106849,1941.7364180567083,1959.8411865234375,366973
2023-07-28,1959.8411176127772,2000.5768452305947,1955.314925655242,1964.3673095703125,420617
2023-07-31,1973.4195020653738,2014.1552257318608,1950.7885444728809,1968.893310546875,766772
2023-08-01,1973.4197836401254,1991.5245522973744,1964.367399311501,1982.47216796875,309487
2023-08-02,1982.4720933702256,2023.2078213161892,1955.31494140625,1955.31494140625,640407
2023-08-04,1950.7888345785075,1959.8412189617025,1919.1054892373252,1941.7364501953125,458539
2023-08-07,1968.8935333961663,1973.4197254269623,1941.7363812113917,1946.2625732421875,293085
2023-08-08,1959.8413057282498,1964.3674981202319,1919.105574200411,1928.157958984375,427563
2023-08-09,1928.1578898016685,1950.7888509495756,1928.1578898016685,1932.68408203125,211684
2023-08-10,1937.2101677389708,1941.7363597196693,1914.579207835478,1923.631591796875,379934
2023-08-11,1928.157799686946,1937.210183723035,1914.5792236328125,1914.5792236328125,290854
2023-08-14,1905.5269410347826,1905.5269410347826,1828.5816726319529,1891.9483642578125,711848
2023-08-15,1896.4745565168025,1923.6317100707424,1878.3697874808427,1891.9483642578125,302123
2023-08-16,1873.8435543284697,1887.4221308091107,1842.1602092069738,1846.6864013671875,583161
2023-08-17,1852.647782488567,1907.6769245426829,1852.647782488567,1880.162353515625,494134
2023-08-18,1875.5765676239391,1893.9196147400655,1848.0619969497493,1857.2335205078125,444251
2023-08-21,1861.819282286844,1884.7480911820023,1852.647758728781,1857.2335205078125,240201
2023-08-22,1870.990751663057,1880.162274955523,1838.890420139426,1852.647705078125,690300
2023-08-23,1852.6477094046677,1852.6477094046677,1811.3758544921875,1811.3758544921875,775396
2023-08-24,1825.1332697893054,1825.1332697893054,1765.5183639921672,1770.1041259765625,1123888
2023-08-25,1765.5183639921672,1802.2044598673292,1765.5183639921672,1770.1041259765625,572635
2023-08-28,1788.4471138116671,1820.5474466236715,1783.861351981381,1806.7901611328125,438806
2023-08-29,1825.133188054591,1884.7480911820023,1811.375902717496,1857.2335205078125,661259
2023-08-30,1893.9195412509412,1907.6768260542167,1866.40497164439,1903.091064453125,795776
2023-08-31,1889.3338771913109,1907.6769245426829,1870.990829839939,1880.162353515625,637335
2023-09-01,1889.3338623046875,1898.5053859081083,1875.5765768995564,1889.3338623046875,266625
2023-09-04,1898.5054627925015,1926.0200347170305,1893.9197008050799,1916.8485107421875,366536
2023-09-05,1971.8776020992711,2022.3209826180896,1953.5345546378826,1985.6348876953125,1309162
2023-09-06,1999.3921796690743,2003.9779415490493,1944.363037109375,1944.363037109375,647486
2023-09-07,1912.2626563915308,1935.1914652211653,1893.919609327823,1898.50537109375,525311
2023-09-08,1875.5763769654243,1875.5763769654243,1820.5472412109375,1820.5472412109375,1044760
2023-09-11,1829.71892578125,1866.40501953125,1829.71892578125,1834.3046875,630350
2023-09-12,1848.062020650724,1889.3338771913109,1843.476258812881,1880.162353515625,565060
2023-09-13,1875.5765826128259,1880.162344428505,1838.8904880873915,1848.06201171875,661507
2023-09-14,1861.8192769663344,1912.2626563915308,1857.2335152004075,1898.50537109375,559740
2023-09-15,1907.6768798828125,1912.2626416132998,1880.1623094998872,1907.6768798828125,744542
2023-09-18,1893.9194988332283,1967.291682807397,1889.3337373348427,1930.6055908203125,1096456
2023-09-19,1962.706015625,2013.14939453125,1944.36296875,1948.94873046875,981612
2023-09-20,1967.2919473215618,1976.4634715514992,1912.2628019419378,1921.434326171875,591878
2023-09-21,1912.2626022080244,1935.1914103879767,1889.3337940280721,1893.9195556640625,492270
2023-09-22,1880.162467137157,1926.0200882868437,1870.9909429072197,1921.434326171875,414852
2023-09-25,1962.7060399255088,1985.6348488031433,1944.3629928234013,1971.8775634765625,640636
2023-09-26,1971.8775390624999,2013.14939453125,1944.36296875,1948.94873046875,1008136
2023-09-27,1948.9486368138546,1958.1201598106259,1912.2625448267704,1930.6055908203125,551264
2023-09-28,1930.605789506184,1958.120361328125,1916.8485035952135,1958.120361328125,627169
2023-10-02,1967.2918701171875,1990.220679792213,1944.3630604421621,1967.2918701171875,752345
2023-10-03,1953.534288067684,1985.6346167448523,1953.534288067684,1962.705810546875,586180
2023-10-04,1948.9487354572002,1948.9487354572002,1893.9195946913499,1907.6768798828125,681347
2023-10-05,1926.0199895894752,1958.1203227493,1921.4342277095004,1944.363037109375,544494
2023-10-06,2008.5637504906174,2008.5637504906174,1916.8485107421875,1916.8485107421875,980054
2023-10-11,1976.4633939871978,1985.634917857208,1935.191536572152,1967.2918701171875,790211
2023-10-12,1958.120278149982,1981.0490870276165,1930.6057074968205,1971.8775634765625,732274
2023-10-13,1916.8482107579023,2026.9064812320403,1884.747881869612,1994.80615234375,2356017
2023-10-16,1981.0490625,1985.63482421875,1944.36296875,1948.94873046875,761025
2023-10-17,1967.2919473215618,1967.2919473215618,1921.434326171875,1921.434326171875,507219
2023-10-18,1921.43428020897,1935.1915662247861,1870.990898150978,1875.57666015625,904729
2023-10-19,1875.5766066008923,1889.3338922238818,1857.233559103573,1870.9908447265625,512707
2023-10-20,1866.4049754776977,1870.990737088208,1843.476167425146,1861.8192138671875,446168
2023-10-23,1880.162344428505,1880.162344428505,1843.4762499030708,1848.06201171875,275952
2023-10-24,1848.0619579713737,1857.2334813359957,1825.133149559818,1843.4761962890625,516189
2023-10-25,1843.4761962890625,1852.6477196536848,1838.8904346067513,1843.4761962890625,279143
2023-10-26,1825.1330962145416,1857.233427052486,1815.9615731179863,1838.890380859375,538543
2023-10-27,1838.890420139426,1857.2334667243579,1829.71889684696,1852.647705078125,348041
2023-10-30,1870.9908058449073,1903.0911382981287,1848.0619969497493,1857.2335205078125,578791
2023-10-31,1893.919609327823,1953.5345122848732,1893.919609327823,1898.50537109375,1573288
2023-11-01,1898.505317300053,1907.676840572034,1870.9907474841102,1893.9195556640625,506435
2023-11-02,1921.4341108574924,1926.0198724585844,1903.091064453125,1903.091064453125,423964
2023-11-03,1926.0198974609375,1935.19142078218,1870.990757533482,1926.0198974609375,593359
2023-11-06,1953.5345993578014,1981.0491711797422,1944.3630754171545,1958.120361328125,853513
2023-11-07,1953.534516374455,1990.2206105786702,1926.0199457212937,1971.8775634765625,618779
2023-11-08,1967.2919543628961,1976.4634786256602,1948.948905837368,1953.53466796875,385885
2023-11-09,1958.1204301001321,1962.706192231514,1930.6058573118398,1953.53466796875,429016
2023-11-10,1935.191612516781,1944.3631367467185,1912.2628019419378,1921.434326171875,506351
2023-11-13,1944.3630754171545,1958.120361328125,1944.3630754171545,1958.120361328125,366594
2023-11-14,1958.12025390625,1962.706015625,1939.7772070312499,1948.94873046875,228201
2023-11-15,1962.7060846292748,1962.7060846292748,1944.363037109375,1944.363037109375,519855
2023-11-16,1939.7771138170835,1958.1201598106259,1930.6055908203125,1930.6055908203125,268364
2023-11-17,1935.1915133494251,1953.5345608693249,1935.1915133494251,1944.363037109375,250185
2023-11-20,1958.120035436539,2017.7349311289863,1953.5342742294276,2013.149169921875,1178416
2023-11-21,2031.4925088521368,2072.764365691119,2017.7352232391427,2059.007080078125,1051787
2023-11-22,2059.0069724814734,2072.7642573755593,2036.0781643246644,2049.83544921875,569304
2023-11-23,2077.349893670333,2123.2075072171397,2072.764132315652,2091.107177734375,1065896
2023-11-24,2091.107383071192,2100.2789066811533,2068.1785740462888,2077.35009765625,371011
2023-11-27,2086.5217663627527,2109.4505769821235,2077.350242115004,2100.279052734375,391013
2023-11-28,2109.4505461985927,2118.6220703125,2081.9359738568724,2118.6220703125,747130
2023-11-29,2127.7935419942346,2210.3372569853905,2118.6220181063286,2187.408447265625,1586480
2023-11-30,2187.408135194659,2214.9227029329563,2169.0650900357937,2191.993896484375,842414
2023-12-01,2191.9939930050873,2196.5797544967295,2155.3079010719475,2169.065185546875,592098
2023-12-04,2196.579971153531,2210.3372569853905,2182.822685321672,2187.408447265625,485544
2023-12-05,2187.408271340763,2187.408271340763,2159.8937018899355,2182.822509765625,347429
2023-12-06,2182.8225981613687,2187.4083599222117,2127.79345703125,2127.79345703125,1027939
2023-12-07,2118.6220703125,2150.722404711174,2109.4505461985927,2118.6220703125,547712
2023-12-08,2123.207863353746,2146.136673973117,2100.279052734375,2100.279052734375,551749
2023-12-11,2118.621904422075,2150.7222363072583,2100.278857630542,2146.136474609375,463933
2023-12-12,2164.47953125,2201.165625,2164.47953125,2178.23681640625,825753
2023-12-13,2191.99394473351,2320.395263671875,2191.99394473351,2320.395263671875,2451569
2023-12-14,2389.181940582162,2540.5120826919724,2375.4246549358154,2467.139892578125,3119425
2023-12-15,2490.0687324438204,2499.240256320225,2430.453827247191,2448.796875,1803369
2023-12-18,2448.7968065493574,2476.3113774094627,2407.5249502591996,2453.382568359375,1029421
2023-12-19,2462.5541306960095,2494.654463870818,2425.8680356390855,2467.139892578125,955220
2023-12-20,2476.3114466292136,2494.6544943820227,2430.453827247191,2448.796875,793783
2023-12-21,2430.453450217176,2467.1395400317747,2416.696166536701,2457.968017578125,825961
2023-12-22,2444.2111434072817,2467.13995338296,2430.453857421875,2430.453857421875,421907
2023-12-25,2467.1396825036336,2581.7837197946947,2467.1396825036336,2563.440673828125,1647859
2023-12-26,2563.440909565359,2581.783957218778,2522.1690523451653,2531.340576171875,689187
2023-12-27,2540.5116648826734,2586.369276162144,2512.997098114991,2577.19775390625,912210
2023-12-28,2581.7837197946947,2604.712527252907,2549.6833893531975,2563.440673828125,707341
2023-12-29,2563.4408673542302,2641.398818597561,2558.855105516387,2632.227294921875,1250171
2024-01-02,2623.0554624382853,2623.0554624382853,2517.5829525849977,2554.26904296875,1208345
2024-01-03,2499.2400475187674,2503.8258090738477,2444.2109088578036,2462.553955078125,1371909
2024-01-04,2457.968429392689,2485.4830013635024,2421.282333431604,2430.453857421875,954018
2024-01-05,2421.282108020231,2453.382438997772,2370.8387307698094,2380.01025390625,1221291
2024-01-08,2384.5962216872576,2402.9392695463907,2338.738602039426,2366.253173828125,969749
2024-01-09,2380.0102828238773,2402.939090943568,2343.3241898323727,2361.667236328125,570855
2024-01-10,2357.081921024134,2366.2534460086636,2297.4670086246906,2315.81005859375,1018753
2024-01-11,2315.809716318168,2352.4958108340993,2306.638192689185,2338.738525390625,917585
2024-01-12,2347.910096153846,2430.453810471755,2311.224000901442,2384.59619140625,2947289
2024-01-15,2421.282108020231,2444.2109158613316,2375.4244923380297,2380.01025390625,1042600
2024-01-16,2366.253173828125,2370.838935792908,2315.8097922155102,2366.253173828125,1191680
2024-01-17,2370.8389505286773,2375.4247125219626,2283.70947265625,2283.70947265625,1191758
2024-01-18,2283.709404159882,2311.2239752943387,2265.3663567369113,2288.295166015625,648611
2024-01-19,2334.1527845730525,2352.4958319960233,2274.5378804483967,2288.295166015625,834773
2024-01-22,2302.0522342566287,2315.8095185250945,2269.951904296875,2269.951904296875,642757
2024-01-23,2283.709374611705,2334.1527543722045,2274.5378510188866,2306.63818359375,752332
2024-01-24,2329.5669629098866,2361.6672950759676,2315.809677695852,2324.981201171875,802323
2024-01-25,2338.738525390625,2338.738525390625,2297.466669060202,2338.738525390625,496750
2024-01-26,2338.7386165756775,2338.7386165756775,2283.70947265625,2283.70947265625,603245
2024-01-29,2288.2951072677824,2343.3242481239213,2283.709345529771,2324.981201171875,501383
2024-01-30,2334.1525762185634,2334.1525762185634,2297.4664846473484,2302.05224609375,236412
2024-01-31,2329.5670925891063,2352.4959025555345,2279.123710662964,2283.70947265625,848561
2024-02-01,2279.1237336771687,2292.8810197959447,2210.3373030832904,2233.26611328125,1153104
2024-02-02,2247.0231309047963,2256.194653888081,2169.065185546875,2169.065185546875,1699938
2024-02-05,2187.40861676453,2191.9943790638267,2141.5509937715633,2159.89404296875,776889
2024-02-15,2224.0942661975378,2228.6800275711407,2164.4793683406965,2205.751220703125,890180
2024-02-16,2210.33694164324,2214.9227029329563,2182.8223739049427,2191.993896484375,442555
2024-02-19,2210.336873287448,2219.5083955832465,2182.822306400052,2196.57958984375,561342
2024-02-20,2219.508729516006,2288.295157083651,2201.165682164634,2256.19482421875,1416120
2024-02-21,2260.7804885956366,2288.2950584365567,2228.6801571145625,2279.12353515625,824950
2024-02-22,2288.2949339372835,2320.395263671875,2274.537649765316,2320.395263671875,828510
2024-02-23,2338.7385939802307,2352.495879827173,2306.638260337365,2334.15283203125,784415
2024-02-26,2343.32423828125,2416.69642578125,2324.9811914062498,2407.52490234375,1228789
2024-02-27,2430.453995213364,2444.2112819787226,2389.182134917288,2421.282470703125,1161827
2024-02-29,2412.1106541460545,2416.696415845952,2357.081513747285,2375.424560546875,891540
2024-03-01,2380.0103517524926,2398.3533987794867,2352.4957812120015,2357.08154296875,737834
2024-03-04,2357.081611499452,2366.2531352796054,2311.223992598684,2352.495849609375,685802
2024-03-05,2334.1527635761336,2357.0815726485907,2329.567001761642,2338.738525390625,342043
2024-03-06,2352.4957812120015,2380.0103517524926,2347.910019455253,2357.08154296875,670450
2024-03-07,2357.0815726485907,2384.5961435355393,2338.738525390625,2338.738525390625,365106
2024-03-08,2338.7387255859376,2361.667536621094,2279.123816894531,2292.881103515625,623673
2024-03-11,2306.6381152925037,2315.8096386137463,2279.123545328776,2311.223876953125,376634
2024-03-12,2320.3954002743676,2338.738446916853,2302.0523536318824,2311.223876953125,523811
2024-03-13,2311.22415234375,2343.3244877929687,2292.881103515625,2292.881103515625,476539
2024-03-14,2297.466591971261,2315.8096386137463,2283.709306989397,2311.223876953125,389519
2024-03-15,2306.63818359375,2311.223945390159,2279.123612815296,2306.63818359375,450838
2024-03-18,2306.6381152925037,2315.8096386137463,2292.88083031064,2311.223876953125,228773
2024-03-19,2306.637995679451,2311.2237571022724,2269.951904296875,2269.951904296875,389502
2024-03-20,2260.7805460770305,2384.596113509241,2260.7805460770305,2357.08154296875,971070
2024-03-21,2367.3339214977364,2381.314239931778,2311.4126477615696,2316.07275390625,976473
2024-03-22,2316.0728427754343,2325.393055422418,2269.4717795405163,2278.7919921875,565755
2024-03-25,2278.7916053414588,2302.092133003437,2269.4713942766675,2288.11181640625,327035
2024-03-26,2302.092371559928,2371.9939617894806,2264.8115234375,2264.8115234375,725697
2024-03-27,2264.8115735690453,2288.112104161319,2246.1711490952257,2269.4716796875,260428
2024-03-28,2269.4716294528034,2302.092371559928,2264.8115234375,2264.8115234375,261708
2024-03-29,2260.1515668935326,2292.7723111579753,2260.1515668935326,2278.7919921875,182000
2024-04-01,2292.772223182847,2344.0333907743334,2288.1121170381666,2316.07275390625,373128
2024-04-02,2344.033194790882,2348.6933005459337,2297.432137240368,2320.732666015625,315008
2024-04-03,2325.3927717706765,2325.3927717706765,2306.7523487504704,2320.732666015625,268424
2024-04-08,2241.510732442391,2269.4713652795103,2194.909677713859,2218.210205078125,1166158
2024-04-09,2246.170837915244,2246.170837915244,2204.2298886595654,2218.210205078125,597781
2024-04-10,2232.1905214966846,2260.151154333804,2218.210205078125,2218.210205078125,480181
2024-04-11,2208.890318110489,2208.890318110489,2157.629150390625,2157.629150390625,908340
2024-04-12,2255.4912379488032,2344.0332493558844,2190.249755859375,2190.249755859375,1889452
2024-04-15,2190.249688308483,2190.249688308483,2138.988525390625,2138.988525390625,518939
2024-04-16,2120.3481280723313,2120.3481280723313,2064.426858760534,2073.7470703125,787759
2024-04-17,2087.7273792613637,2087.7273792613637,2050.446533203125,2050.446533203125,656652
2024-04-18,2036.4662159312854,2073.747061989524,2031.8061101740057,2050.446533203125,580332
2024-04-19,2041.1263698361956,2050.4465815706076,1957.2444642264888,1975.8848876953125,844147
2024-04-22,1980.5448920805873,1989.865103337437,1947.9241526816127,1966.5645751953125,454566
2024-04-23,1999.1854462456088,2003.8455521809133,1966.5647046984777,1989.865234375,549785
2024-04-24,2017.8257430995516,2059.7666938799116,2008.505531815027,2045.786376953125,649749
2024-04-25,2045.786376953125,2064.426799522174,2017.8257430995516,2045.786376953125,324398
2024-04-26,2050.4465035933927,2059.7667149733625,2017.8257637634977,2036.4661865234375,443585
2024-04-29,2041.1263216885652,2069.086956232244,2041.1263216885652,2050.446533203125,279425
2024-04-30,2050.4465035933927,2059.7667149733625,2036.4661865234375,2036.4661865234375,217979
2024-05-02,2031.806418985815,2064.4271642447616,2022.4862060546873,2022.4862060546875,328379
2024-05-03,2059.766652264391,2111.027813293595,2059.766652264391,2064.4267578125,814522
2024-05-06,2092.3875016276043,2106.367819010417,2078.4071842447916,2097.047607421875,270074
2024-05-07,2111.0279830129525,2129.668406704016,2092.3875593218886,2125.00830078125,336675
2024-05-08,2134.3282986839345,2134.3282986839345,2073.7469277605915,2083.067138671875,340577
2024-05-09,2083.0673246837796,2092.3875364273313,2050.4465835813494,2055.106689453125,346438
2024-05-10,2055.106697116732,2078.4072265625,2055.106697116732,2078.4072265625,199405
2024-05-13,2083.067189352853,2097.047506059919,2064.426767076765,2087.727294921875,412604
2024-05-14,2087.7274116847825,2157.6289991295857,2087.7274116847825,2143.648681640625,621570
2024-05-15,2148.3088740796115,2152.968980097138,2101.7078139043488,2106.367919921875,528859
2024-05-16,2129.6684639010077,2176.2695243802423,2129.6684639010077,2152.968994140625,481230
2024-05-17,2157.6290070564514,2166.94921875,2134.3284778225807,2166.94921875,279406
2024-05-20,2176.26957501603,2176.26957501603,2138.98872576522,2157.629150390625,222530
2024-05-21,2152.969070022171,2152.969070022171,2069.087158203125,2069.087158203125,798107
2024-05-22,2078.4072265625,2097.047650119114,2073.747120673346,2078.4072265625,291802
2024-05-23,2064.4268718005314,2083.067295022207,2031.8061311626,2041.1263427734375,543842
2024-05-24,2022.4862060546873,2027.1463125202513,1999.1856737268683,2022.4862060546875,403651
2024-05-27,2027.145954384076,2050.4464825953874,2013.1656374572894,2045.786376953125,333664
2024-05-28,2045.786427445845,2055.106638960405,2036.4662159312854,2050.446533203125,294915
2024-05-29,2073.747135630825,2134.328512626782,2069.087029708059,2125.00830078125,1161605
2024-05-30,2101.7077132161457,2101.7077132161457,2064.4268668619793,2097.047607421875,536339
2024-05-31,2115.6880387190936,2148.30877940419,2101.707721282624,2120.34814453125,797647
2024-06-03,2120.348102511404,2143.6486311104304,2106.367785351988,2138.988525390625,329017
2024-06-04,2138.988525390625,2148.3087368302354,2111.0278910717934,2138.988525390625,306986
2024-06-05,2138.9886333154504,2176.2694809549357,2129.6684214055795,2171.609375,546051
2024-06-06,2171.6092493544065,2250.8310460046746,2171.6092493544065,2227.530517578125,1133611
2024-06-07,2246.1709314713266,2264.8113541391385,2185.589557800938,2204.22998046875,645955
2024-06-11,2199.569818707675,2199.569818707675,2064.4267578125,2064.4267578125,1076915
2024-06-12,2166.9490853002517,2208.890035338321,2148.3086630611097,2199.56982421875,1198161
2024-06-13,2213.550099605272,2232.1905214966846,2171.609150349593,2218.210205078125,1009878
2024-06-14,2218.2106255425347,2348.693603515625,2218.2106255425347,2348.693603515625,2047731
2024-06-17,2348.693292025862,2488.4964641702586,2339.373080549569,2432.5751953125,2109532
2024-06-18,2460.536088757049,2516.457363501527,2446.555770070929,2479.176513671875,1717542
2024-06-19,2507.136646480669,2507.136646480669,2451.2153829903937,2455.87548828125,1016574
2024-06-20,2474.516307211822,2483.836519291716,2451.2157770120875,2469.856201171875,452773
2024-06-21,2423.2548320086707,2437.235148347182,2385.9739884393066,2418.5947265625,1530494
2024-06-24,2423.2549334213054,2455.875672909669,2409.2746164977207,2427.9150390625,647768
2024-06-25,2437.235195833094,2535.097412109375,2423.254879222197,2535.097412109375,1621449
2024-06-26,2572.3784607379102,2614.3194139021157,2530.4375075737053,2553.738037109375,1595207
2024-06-27,2530.437204959208,2544.4175210087064,2493.1563621605455,2525.777099609375,883196
2024-06-28,2516.4572393698772,2567.7184053570413,2516.4572393698772,2558.398193359375,966977
2024-07-01,2567.718442111545,2572.3785481770833,2507.1370632595485,2516.457275390625,526230
2024-07-02,2521.1171277197723,2535.0974445093457,2474.516071754527,2493.156494140625,599190
2024-07-03,2511.79711182555,2549.07795949643,2474.51626415467,2488.49658203125,496393
2024-07-04,2530.437536535129,2698.201351112043,2530.437536535129,2646.940185546875,2222772
2024-07-05,2656.2602210168393,2768.102756638601,2656.2602210168393,2698.201171875,1686584
2024-07-08,2763.4427933393927,2898.5858641772384,2735.4821579936315,2824.024169921875,2542654
2024-07-09,2828.6841584476574,2926.546378097412,2805.383629959621,2903.245849609375,2082132
2024-07-10,2935.866538290042,2935.866538290042,2865.9649540450414,2898.585693359375,1258196
2024-07-11,2912.5659465789795,3005.768056869507,2879.945207977295,2982.467529296875,1539847
2024-07-12,2777.422979009482,2903.245832085415,2735.482027984171,2856.644775390625,2992551
2024-07-15,2917.2259724934897,2977.807342529297,2898.5855509440103,2907.90576171875,1420118
2024-07-16,2954.50711484375,2963.8273265625,2898.58584453125,2912.566162109375,707797
2024-07-17,2898.585726415936,2907.905937754894,2847.324564051667,2856.644775390625,728770
2024-07-18,2791.403714100784,2875.285628714831,2791.403714100784,2805.384033203125,1089201
2024-07-19,2791.4035892881193,2800.723801606277,2670.240829152074,2702.861572265625,2118394
2024-07-22,2674.900719309022,2702.8613540056317,2572.3783920881187,2637.619873046875,1617019
2024-07-23,2679.560731374945,2693.5410482342927,2632.95967517712,2651.60009765625,596968
2024-07-26,2553.7380943986914,2609.6593665388086,2525.7774583286327,2581.69873046875,899417
2024-07-29,2628.2998416385135,2651.6003721494935,2563.0583562077704,2586.35888671875,1030404
2024-07-30,2618.9795709155233,2721.5019028730703,2581.6987229309607,2716.841796875,1094030
2024-07-31,2679.5609198073935,2688.8811317023756,2604.9992246475354,2623.6396484375,1395840
2024-08-01,2665.5804234946645,2674.900634765625,2609.6591558689024,2674.900634765625,1190857
2024-08-02,2600.339154515456,2628.2997905855145,2558.3982004103677,2581.69873046875,946848
2024-08-05,2479.1763918385923,2493.1567098376822,2367.333847845874,2399.95458984375,1591109
2024-08-06,2549.078113179411,2553.7382194192273,2404.6148197451116,2502.47705078125,1495735
2024-08-07,2544.4179317989865,2632.9599477407096,2516.457295185811,2586.35888671875,1039930
2024-08-08,2553.738087360542,2586.3588293523735,2507.137027372211,2558.398193359375,743961
2024-08-09,2614.3193191002156,2651.6001650053877,2563.0581559806033,2567.71826171875,888437
2024-08-12,2591.018739346591,2614.3192675781247,2553.7378941761363,2563.05810546875,719646
2024-08-13,2577.0384897922236,2632.959759010138,2577.0384897922236,2614.3193359375,776718
2024-08-14,2651.600291507345,2688.8811391911036,2637.6199736259355,2646.940185546875,1056953
2024-08-15,2618.580138373331,2618.580138373331,2557.1333120216104,2566.586669921875,1645406
2024-08-16,2618.580008742229,2694.2068682004883,2604.3999725938056,2661.1201171875,931052
2024-08-19,2665.8468981954607,2750.927118350635,2665.8468981954607,2746.200439453125,1103070
2024-08-20,2774.5604764183095,2864.367374292156,2769.833797582844,2817.1005859375,1397773
2024-08-21,2831.280505718698,2854.9138989216917,2788.7403979533083,2821.8271484375,1077062
2024-08-22,2836.007080078125,2850.1871154785154,2793.466973876953,2836.007080078125,534945
2024-08-23,2798.1937115778687,2906.9073186155224,2798.1937115778687,2883.27392578125,764620
2024-08-26,2869.0941218325966,2939.9943060623973,2854.9140849866367,2873.82080078125,747665
2024-08-27,2873.820789500825,2902.1808630814253,2836.0073580600247,2864.367431640625,538802
2024-08-28,2883.2740067565815,2944.7208298513942,2831.2805410609712,2850.187255859375,1066337
2024-08-29,2817.1005935668945,3025.074462890625,2807.6472358703613,3025.074462890625,2394314
2024-08-30,3039.254405095027,3053.4344411996694,2949.447509765625,2949.447509765625,1491365
2024-09-02,2977.8075819749097,3043.9810837965747,2944.7208310640776,2949.447509765625,1394824
2024-09-03,2977.807641083809,2982.53431987918,2897.4541015625,2897.4541015625,798932
2024-09-04,2741.4737830528848,2854.9140775240385,2732.0204251802884,2765.107177734375,1798463
2024-09-05,2817.100646033654,2845.4607196514426,2732.0204251802884,2765.107177734375,1093602
2024-09-06,2656.3934736042997,2661.120152382955,2561.859898031193,2590.219970703125,3778893
2024-09-09,2571.3132089120368,2642.213389304832,2538.226458062066,2552.406494140625,1520980
2024-09-10,2609.126796576813,2618.5801545354248,2462.5997482183325,2476.77978515625,1581394
2024-09-11,2514.593179281656,2561.8599683658977,2486.2331058311106,2547.679931640625,879622
2024-09-12,2613.8534479335144,2618.5801268628697,2524.0465482757627,2557.13330078125,1127456
2024-09-13,2561.8599797106053,2604.4000900748038,2538.2265850638287,2557.13330078125,512363
2024-09-16,2571.313244047619,2576.0399228050596,2481.50634765625,2481.50634765625,770747
2024-09-18,2476.7795229852795,2481.506201464259,2363.3392394897705,2368.06591796875,1941184
2024-09-19,2368.066035118762,2467.326288087812,2363.33935640595,2462.599609375,1044122
2024-09-20,2472.0530492879075,2528.773195734284,2429.512939453125,2429.512939453125,1094804
2024-09-23,2467.326196010575,2533.4996955204374,2443.6928033284817,2486.23291015625,579700
2024-09-24,2490.959810805047,2514.5932055944686,2434.239663310435,2467.326416015625,779144
2024-09-25,2490.959716796875,2533.4998258123815,2476.7796804583727,2490.959716796875,872170
2024-09-26,2505.1398476787,2519.319884552353,2462.5997370577406,2467.326416015625,750771
2024-09-27,2481.506452889278,2490.959810805047,2438.9663422683193,2467.326416015625,1036294
2024-09-30,2434.2395836537275,2434.2395836537275,2386.9727956216166,2401.15283203125,1367059
2024-10-01,2424.786202566964,2481.50634765625,2424.786202566964,2481.50634765625,748053
2024-10-04,2472.0529068500796,2476.7795854482633,2396.42604927914,2415.332763671875,938882
2024-10-07,2434.2396904973702,2472.0531225827663,2368.066184347927,2386.972900390625,1239896
2024-10-08,2377.519485874369,2382.2461647727273,2325.5260179924244,2339.7060546875,879914
2024-10-09,2349.159496369909,2363.339533571337,2306.619384765625,2306.619384765625,1079195
2024-10-11,2282.9859894299116,2325.5261010341956,2240.4458778256276,2306.619384765625,998429
2024-10-14,2339.7060546875,2363.339449179293,2292.4392657039143,2339.7060546875,602880
2024-10-15,2358.61268840653,2391.6994395465017,2353.8860096722487,2372.792724609375,542977
2024-10-16,2382.2460820779384,2382.2460820779384,2339.7059734694035,2372.792724609375,597563
2024-10-17,2386.9726802323794,2405.87939453125,2363.339287358792,2405.87939453125,683605
2024-10-18,2264.07901703209,2268.805695564516,2178.998803448421,2197.905517578125,2991846
2024-10-21,2207.3590815226235,2278.259266153971,2207.3590815226235,2268.805908203125,1284666
2024-10-22,2259.3525502522784,2301.8926610310873,2254.6258712768554,2268.805908203125,596477
2024-10-23,2268.8060356029105,2292.4394318071077,2254.6259978803923,2273.53271484375,296720
2024-10-24,2254.6258374950553,2273.5325531134627,2240.44580078125,2240.44580078125,440777
2024-10-25,2240.44580078125,2259.3525163996574,2212.0857273536394,2240.44580078125,623272
2024-10-28,2254.62579109945,2254.62579109945,2197.905645411414,2202.63232421875,753528
2024-10-29,2202.6322891898776,2212.085646654212,2164.818859332541,2174.272216796875,947243
2024-10-30,2164.8189641172044,2183.7256799610227,2150.638927234341,2160.09228515625,858936
2024-11-01,2108.0987031761733,2164.81884765625,2098.6453457628277,2164.81884765625,1001145
2024-11-04,2174.272262703659,2221.5390510233037,2150.638868543837,2212.085693359375,552852
2024-11-05,2183.725597513133,2202.6323126431166,2183.725597513133,2193.178955078125,297430
2024-11-06,2197.9056568634815,2230.992408687233,2188.4522991995527,2212.085693359375,462134
2024-11-07,2212.0858099404445,2226.265847183652,2202.6324517783055,2207.359130859375,253255
2024-11-08,2230.9922425772775,2235.718921057314,2178.998779296875,2178.998779296875,330501
2024-11-11,2174.2721008168382,2188.452136256948,2155.365386896692,2178.998779296875,252320
2024-11-12,2155.3653253187363,2155.3653253187363,2131.73193359375,2131.73193359375,435607
2024-11-13,2259.3526230344346,2287.712697800557,2212.0858317575635,2226.265869140625,1021825
2024-11-14,2226.265576488256,2240.4456120072896,2183.7254699311557,2188.4521484375,563495
2024-11-15,2188.4523870294747,2292.439325506037,2188.4523870294747,2287.712646484375,989176
2024-11-18,2268.805970149254,2282.9860074626863,2216.8125,2216.8125,823469
2024-11-19,2226.2656603159394,2273.5324471591653,2221.538981631617,2254.625732421875,488425
2024-11-20,2212.085693359375,2212.085693359375,2212.085693359375,2212.085693359375,593785
2024-11-21,2202.6322436987975,2245.1723514097184,2197.905565064251,2235.718994140625,305177
2024-11-22,2245.172490993468,2282.985922420726,2230.992454208246,2249.899169921875,590940
2024-11-25,2273.5326420998085,2368.0662238919003,2273.5326420998085,2316.07275390625,1517711
2024-11-26,2316.072568359375,2386.9727490234377,2297.1658535156253,2363.33935546875,886384
2024-11-27,2353.8860567245015,2377.5194508683217,2301.892589608097,2311.345947265625,717928
2024-11-28,2301.892589608097,2320.799304923153,2259.3524801492204,2311.345947265625,577313
2024-11-29,2282.9858629042606,2325.5259721509237,2273.532505293891,2301.892578125,493227
2024-12-02,2320.7991331789544,2382.2459534056884,2311.3457762209955,2368.06591796875,733965
2024-12-03,2382.2459534056884,2401.1526673216067,2363.3392394897705,2368.06591796875,623672
2024-12-04,2372.79287436822,2396.42626953125,2349.15947920519,2396.42626953125,471910
2024-12-05,2405.879345800586,2410.6060242795656,2353.885882531811,2368.06591796875,635687
2024-12-06,2353.8858581174545,2377.5192502672285,2339.7058228275905,2349.1591796875,564335
2024-12-09,2353.8861754370514,2363.339533571337,2287.712668497054,2306.619384765625,561399
2024-12-10,2287.712553121805,2339.7060202382095,2287.712553121805,2311.345947265625,475598
2024-12-11,2325.5259025327623,2358.6126531785535,2297.1658305506553,2344.4326171875,407857
2024-12-12,2349.1593538668785,2405.8794992318735,2349.1593538668785,2391.699462890625,827341
2024-12-13,2382.2461168184054,2438.9662624569387,2377.5194380151943,2401.15283203125,778749
2024-12-16,2410.6061662946427,2424.786202566964,2382.24609375,2382.24609375,594307
2024-12-17,2377.5195423692758,2434.2396904973702,2377.5195423692758,2386.972900390625,614317
2024-12-18,2386.9728407748908,2472.053060842115,2382.246161882267,2438.96630859375,904755
2024-12-19,2396.4261646943933,2415.332879997702,2372.7927705652573,2410.606201171875,780582
2024-12-20,2424.7863211356857,2434.239679112823,2372.7928522614316,2377.51953125,983540
2024-12-23,2415.332879997702,2434.239595301011,2405.879522346048,2410.606201171875,349522
2024-12-24,2438.966274126838,2438.966274126838,2405.879522346048,2410.606201171875,216363
2024-12-25,2429.512950808503,2453.1463452716207,2410.6062352380086,2438.96630859375,364671
2024-12-26,2467.3263681001754,2542.9532299576517,2457.873010367991,2528.773193359375,1417506
2024-12-27,2542.9533136541195,2542.9533136541195,2486.233165394176,2495.6865234375,613676
2024-12-30,2509.866571620725,2538.2266458763265,2476.7798183225236,2505.139892578125,636825
2024-12-31,2505.139799028914,2528.773193359375,2476.77972583236,2528.773193359375,524290
2025-01-02,2533.4999329079196,2542.9532908665315,2472.0531061769443,2476.77978515625,501407
2025-01-03,2476.7798692124034,2476.7798692124034,2424.7863986755015,2443.693115234375,771529
2025-01-06,2462.5998134328356,2538.2266791044776,2429.5130597014927,2533.5,1100228
2025-01-07,2538.2265395975023,2566.586612665631,2514.593145374062,2519.31982421875,767970
2025-01-08,2505.1398476787,2519.319884552353,2457.8730580998563,2467.326416015625,682000
2025-01-09,2472.053201017582,2547.6800675879094,2443.693126053709,2453.146484375,934695
2025-01-10,2623.3064874822444,2661.119914328835,2528.772920365767,2599.673095703125,4037315
2025-01-13,2571.313529896422,2590.220247028013,2448.4198685410784,2509.86669921875,1966488
2025-01-14,2500.413224528607,2528.773298908893,2462.5997920215577,2514.59326171875,743064
2025-01-15,2486.2331168409196,2613.8534479335144,2486.2331168409196,2557.13330078125,1239561
2025-01-16,2599.6733513431273,2642.213460728742,2590.2199937018795,2609.126708984375,1327384
2025-01-17,2609.1266741071427,2609.1266741071427,2547.6798502604165,2580.7666015625,1068590
2025-01-20,2580.7665094005215,2628.033295286978,2571.3131522232306,2604.39990234375,690648
2025-01-21,2604.400157521474,2670.5736642461575,2590.2201203661843,2613.853515625,1062022
2025-01-22,2632.759844193892,2646.9398792613633,2599.673095703125,2599.673095703125,761830
2025-02-03,2552.40663993485,2680.0269719315925,2552.40663993485,2675.30029296875,1695631
2025-02-04,2670.573675482123,2689.480391768722,2609.126847550676,2623.306884765625,904549
2025-02-05,2637.4865965928047,2661.1199890353923,2613.8532041502167,2656.393310546875,831964
2025-02-06,2646.93995356984,2665.84666752391,2632.759918104287,2656.393310546875,994152
2025-02-07,2646.9400575805007,2675.3001296260063,2637.486700231999,2642.21337890625,601818
2025-02-10,2632.760175223728,2651.6668910242574,2566.586669921875,2566.586669921875,1117353
2025-02-11,2580.766706772272,2599.6734225728014,2557.1333120216104,2566.586669921875,474097
2025-02-12,2580.766683999594,2590.2200418164425,2547.679931640625,2547.679931640625,471998
2025-02-13,2547.6799429225393,2585.4933743573824,2547.6799429225393,2557.13330078125,430494
2025-02-14,2557.1333844474193,2580.7667798674506,2524.046630859375,2524.046630859375,562862
2025-02-17,2542.953057158364,2609.12655678702,2524.046342978748,2585.4931640625,827073
2025-02-18,2585.4933857224046,2604.4001015229337,2566.586669921875,2566.586669921875,404280
2025-02-19,2585.4932568539552,2585.4932568539552,2557.133184566709,2561.85986328125,317413
2025-02-20,2561.8599207781363,2609.126708984375,2542.953205495641,2609.126708984375,572478
2025-02-21,2618.5799138768284,2618.5799138768284,2571.313128427788,2585.4931640625,522406
2025-02-24,2571.3131403688526,2599.6732117699794,2571.3131403688526,2594.946533203125,263922
2025-02-25,2618.5799138768284,2637.4866280564443,2580.7664855175963,2585.4931640625,709308
2025-02-26,2590.2201203661843,2613.853515625,2571.313404159132,2613.853515625,448745
2025-02-27,2613.853317147714,2613.853317147714,2552.406494140625,2552.406494140625,810563
2025-03-03,2542.953275171213,2566.586669921875,2533.4999172709486,2566.586669921875,514618
2025-03-04,2524.0464335649217,2580.7665781394144,2505.1397187067573,2561.85986328125,784943
2025-03-05,2566.5864618019978,2618.5799260373974,2552.406426101434,2594.946533203125,562442
2025-03-06,2599.6732117699794,2637.4866403048154,2590.2198546362706,2594.946533203125,491248
2025-03-07,2594.946602376302,2594.946602376302,2547.679815447772,2552.406494140625,418369
2025-03-10,2580.7668884622176,2590.220247028013,2509.86669921875,2509.86669921875,667088
2025-03-11,2457.8729538690477,2481.50634765625,2401.152808779762,2481.50634765625,905857
2025-03-12,2490.95997155231,2505.1400093410325,2467.326575237772,2500.413330078125,488122
2025-03-13,2519.319714997944,2519.319714997944,2334.979248046875,2334.979248046875,1936644
2025-03-14,2358.6127702809345,2363.339449179293,2306.61930239899,2339.7060546875,744517
2025-03-17,2349.1594010482695,2358.6127587989668,2311.3459700454805,2330.252685546875,669918
2025-03-18,2353.885882531811,2382.2459534056884,2353.885882531811,2368.06591796875,623991
2025-03-19,2372.7928633586016,2410.6062954439976,2363.3395053372524,2386.972900390625,879987
2025-03-20,2418.412109375,2423.24893359375,2379.717515625,2418.412109375,551921
2025-03-21,2418.412123269182,2418.412123269182,2379.717529296875,2379.717529296875,349976
2025-03-24,2384.554302199878,2428.085719481417,2345.859709060732,2350.696533203125,607955
2025-03-25,2384.554314657476,2403.901611328125,2374.8806663221517,2403.901611328125,360492
2025-03-26,2403.901547235095,2442.5961395447143,2399.0647231963926,2413.5751953125,498267
2025-03-27,2394.2279373972037,2394.2279373972037,2370.043816817434,2389.39111328125,361524
2025-03-28,2374.8807594761224,2403.9017056204334,2312.002042830115,2316.8388671875,445916
2025-03-31,2205.5916849124205,2326.51228167297,2205.5916849124205,2278.14404296875,602282
2025-04-01,2345.859696237664,2399.064761513158,2326.5123997738488,2389.39111328125,607422
2025-04-02,2379.7175940688776,2399.0648915816328,2350.696647799745,2370.0439453125,409397
2025-04-07,2133.03955078125,2133.03955078125,2133.03955078125,2133.03955078125,81019
2025-04-08,1934.7295881218513,1987.9346517952022,1920.2191162109375,1920.2191162109375,1768906
2025-04-09,1847.6668463812932,1871.8509674072266,1731.5830654568142,1741.2567138671875,2961243
2025-04-10,1915.38232421875,1915.38232421875,1915.38232421875,1915.38232421875,505070
2025-04-11,1876.687744740479,1973.4242264281327,1828.3195038966523,1968.58740234375,1372613
2025-04-14,2026.629229108864,2108.8552360178155,2026.629229108864,2070.16064453125,1648159
2025-04-15,2074.997584025065,2099.181705050998,2045.9766387939453,2089.508056640625,823988
2025-04-16,2089.508235527074,2128.2028324812786,2065.3241124306955,2099.181884765625,1004575
2025-04-17,2084.6713218777063,2108.855443941253,2065.3240242268694,2094.344970703125,557266
2025-04-18,2108.8555095345127,2108.8555095345127,2050.8136147766822,2084.67138671875,458657
2025-04-21,2074.997506648936,2074.997506648936,2026.6292664007092,2045.9765625,354578
2025-04-22,2031.4660965002238,2074.9975128538,2007.2819763037926,2026.6292724609375,611318
2025-04-23,2084.6713464019494,2108.85546875,2065.324048523509,2108.85546875,665425
2025-04-24,2104.018412081995,2113.692059953636,2060.486996659609,2070.16064453125,503101
2025-04-25,2108.8553019662922,2176.570839185393,2108.8553019662922,2152.38671875,862491
2025-04-28,2171.7339889043055,2176.5708129330455,2118.5289245881645,2137.876220703125,485399
2025-04-29,2157.2234524563623,2157.2234524563623,2118.528861380912,2147.5498046875,264720
2025-04-30,2142.7129700247165,2215.2653279262304,2142.7129700247165,2186.244384765625,594568
2025-05-02,2195.918109048006,2210.4285811342265,2123.3657486169045,2137.876220703125,826047
2025-05-05,2128.202438890515,2142.7129100647685,2012.118669496487,2065.32373046875,1059555
2025-05-06,2002.4451777019772,2050.8134187092714,2002.4451777019772,2041.1397705078125,627110
2025-05-07,2041.139835030692,2070.1607805524554,2021.792538016183,2031.4661865234375,551167
2025-05-08,2065.32373046875,2089.5078490925057,2060.4869067439986,2065.32373046875,446264
2025-05-09,2099.181884765625,2108.855534004176,2074.9977616692468,2099.181884765625,441361
2025-05-12,2128.202726403061,2137.876375159439,2108.855428890306,2133.03955078125,317082
2025-05-13,2253.9599301449884,2278.144049567145,2142.7129808030686,2147.5498046875,1245434
2025-05-14,2181.4079177588746,2210.428865666975,2181.4079177588746,2205.592041015625,609289
2025-05-15,2220.102424772493,2224.939249227335,2181.407829133757,2200.755126953125,471438
2025-05-16,2210.4287758628093,2229.7760736821774,2195.918302498283,2200.755126953125,529444
2025-05-19,2200.754933076746,2200.754933076746,2133.039396674385,2137.876220703125,332759
2025-05-20,2152.3866285719314,2176.570747994088,2142.7129808030686,2147.5498046875,358574
2025-05-21,2157.2235304135625,2200.7549469465716,2147.549882295116,2191.081298828125,418684
2025-05-22,2181.4075343210607,2195.9180057245267,2166.8970629175947,2171.73388671875,420500
2025-05-23,2191.081526551485,2249.12342129457,2186.244701989561,2229.776123046875,734678
2025-05-26,2210.4287758628093,2220.102424772493,2181.407829133757,2200.755126953125,510473
2025-05-27,2200.754985809326,2220.1022823878698,2166.897216796875,2166.897216796875,453134
2025-05-28,2195.918212890625,2224.939158435435,2195.918212890625,2195.918212890625,520125
2025-05-29,2239.44970703125,2302.3284245072896,2234.612882610016,2239.44970703125,1073554
2025-06-02,2224.939158435435,2244.2864554653083,2191.0813886331566,2195.918212890625,518159
2025-06-03,2210.428568793403,2224.939040798611,2176.57080078125,2176.57080078125,493310
2025-06-04,2200.7549601587757,2249.123201041386,2200.7549601587757,2244.286376953125,517096
2025-06-05,2234.612728776603,2253.960025129647,2220.1022565118196,2244.286376953125,386411
2025-06-06,2224.9392337675486,2253.9601802949514,2220.1024093463147,2239.44970703125,286890
2025-06-09,2244.286402569593,2287.817819860814,2244.286402569593,2258.796875,365159
2025-06-10,2263.633854026958,2278.144327450208,2239.4497316548754,2253.960205078125,409637
2025-06-11,2253.960101331263,2287.81787109375,2244.2864528276955,2287.81787109375,292418
2025-06-12,2282.980866839172,2302.32816232086,2278.14404296875,2278.14404296875,338061
2025-06-13,2263.633854026958,2307.165274296707,2249.1233806037085,2253.960205078125,423453
2025-06-16,2253.960012662209,2282.98095703125,2249.1231886007017,2282.98095703125,221776
2025-06-17,2282.9808298319326,2331.349067752101,2273.307182247899,2302.328125,637341
2025-06-18,2302.328125,2326.512243960084,2263.6335346638657,2302.328125,562637
2025-06-19,2302.32816232086,2312.001810061704,2278.14404296875,2278.14404296875,198446
2025-06-20,2287.817755009828,2302.328227028918,2268.470458984375,2268.470458984375,372377
2025-06-23,2258.797070418418,2258.797070418418,2215.2656493611034,2229.776123046875,487495
2025-06-24,2253.960038034539,2302.3282791940787,2253.960038034539,2297.491455078125,428184
2025-06-25,2302.3283438491017,2336.186113611588,2273.3073983383983,2287.81787109375,487301
2025-06-26,2302.3284498222906,2307.165274296707,2239.4497316548754,2253.960205078125,588607
2025-06-27,2263.6336607852227,2282.98095703125,2239.449540477688,2282.98095703125,510327
2025-06-30,2287.8176536239494,2312.0017725840335,2287.8176536239494,2302.328125,369369
2025-07-01,2316.8386990480076,2336.1859950734606,2263.6336349780117,2268.470458984375,489199
2025-07-02,2263.6336349780117,2287.817755009828,2263.6336349780117,2268.470458984375,174124
2025-07-03,2273.3074779798867,2287.817951243588,2239.44970703125,2239.44970703125,300417
2025-07-04,2239.449605260879,2258.7969020665882,2176.570890642323,2181.40771484375,563498
2025-07-07,2181.40767629523,2191.081324527138,2104.018490439967,2113.692138671875,753503
2025-07-08,2108.8553534613716,2108.8553534613716,2084.6712324354385,2089.508056640625,419743
2025-07-09,2094.344842208059,2142.7130833675988,2094.344842208059,2113.692138671875,347190
2025-07-10,2128.2027013769975,2137.8763500196205,2104.0185797704407,2118.529052734375,481833
2025-07-11,2070.1608058670677,2234.6128325013674,2045.9766843032,2210.4287109375,1704524
2025-07-14,2210.4284771279927,2210.4284771279927,2142.712943911818,2171.73388671875,559008
2025-07-15,2162.06026546512,2191.081208625726,2152.386617744918,2186.244384765625,364217
2025-07-16,2176.5709653108015,2244.286506453804,2176.5709653108015,2224.939208984375,697486
2025-07-17,2229.7760187132744,2268.4706133981035,2205.5918970352564,2263.6337890625,620553
2025-07-18,2282.981082360113,2379.717568900796,2273.307433706045,2355.533447265625,1375127
2025-07-21,2350.696494916306,2379.7174392979887,2341.0228467890784,2374.880615234375,751634
2025-07-22,2374.8807445737616,2418.4121635170686,2345.859798611557,2355.533447265625,982838
2025-07-23,2370.043790138374,2370.043790138374,2282.98095703125,2282.98095703125,666805
2025-07-24,2302.3284830729167,2321.67578125,2292.6548339843753,2321.67578125,577611
2025-07-25,2316.8387254617983,2316.8387254617983,2278.144132969743,2282.98095703125,219820
2025-07-28,2297.491559411725,2297.491559411725,2258.7969647268965,2263.6337890625,265550
2025-07-29,2273.3074779798867,2273.3074779798867,2220.1024093463147,2239.44970703125,420595
2025-07-30,2253.9601403912925,2268.4706133981035,2239.449667384482,2263.6337890625,327542
2025-07-31,2268.4705740866148,2287.81787109375,2244.2864528276955,2287.81787109375,323544
2025-08-04,2249.123063287815,2307.1649487920167,2239.4494157037816,2302.328125,355305
2025-08-05,2307.1651792920325,2345.8597734939954,2302.328355016787,2341.02294921875,468093
2025-08-06,2341.0228069313416,2365.206926837657,2307.1650390625,2307.1650390625,319059
2025-08-07,2345.859838461975,2374.8807849171744,2326.512540825175,2331.349365234375,595377
2025-08-08,2350.6965722859277,2374.8806933999804,2326.512451171875,2326.512451171875,438702
2025-08-11,2336.186189643575,2336.186189643575,2307.1652431883754,2331.349365234375,170416
2025-08-12,2336.186073973588,2355.5333706524584,2312.001953125,2312.001953125,338533
2025-08-13,2336.1861249435046,2379.717543420713,2316.838827842523,2341.02294921875,600078
2025-08-14,2358.6393120433195,2373.319639711639,2334.172099262787,2343.958984375,262248
2025-08-15,2353.746043788733,2358.6394867072127,2319.491943359375,2319.491943359375,255641
2025-08-18,2314.598479968159,2368.4263515953257,2295.0247084673715,2329.27880859375,418148
2025-08-19,2324.385274036238,2368.426258175872,2314.598388671875,2314.598388671875,256409
2025-08-20,2309.705007026231,2324.38533546072,2275.4509073457575,2285.23779296875,323604
2025-08-21,2299.9180606253303,2353.7459301293275,2299.9180606253303,2314.598388671875,343236
2025-08-22,2319.491718874139,2329.278603763904,2299.917949094611,2309.704833984375,166273
2025-08-25,2329.2788291963343,2343.9591579517732,2309.7050575224157,2319.491943359375,253348
2025-08-26,2319.4917913472877,2348.8524469339623,2319.4917913472877,2334.172119140625,257238
2025-08-27,2353.745869487213,2373.319639711639,2343.958984375,2343.958984375,345223
2025-08-28,2363.532754599426,2368.4261971555325,2339.0655418188935,2343.958984375,255367
2025-08-29,2358.6392921241554,2378.213062183277,2339.0655220650337,2353.745849609375,466190
2025-09-01,2353.7460134198586,2353.7460134198586,2270.557484879032,2275.450927734375,491006
2025-09-02,2295.0245460445044,2314.598316160023,2275.4507759289863,2290.131103515625,246798
2025-09-03,2299.917949094611,2324.3851613190213,2299.917949094611,2309.704833984375,183158
2025-09-04,2348.8524269311065,2383.106524823852,2339.0655418188935,2343.958984375,550514
2025-09-05,2368.4261771537163,2368.4261771537163,2343.958964579814,2353.745849609375,259976
2025-09-08,2378.2131958007812,2407.5738525390625,2343.9590962727866,2348.8525390625,427506
2025-09-09,2353.746022969735,2353.746022969735,2319.491922843356,2329.27880859375,353465
2025-09-10,2334.172046208786,2348.8523735434323,2299.917949094611,2309.704833984375,654929
2025-09-11,2329.2786844187767,2348.8524548760774,2270.557373046875,2270.557373046875,632475
2025-09-12,2295.024626889436,2314.598397694463,2250.983642578125,2250.983642578125,549070
2025-09-15,2275.450927734375,2304.8115848664315,2270.557484879032,2275.450927734375,416155
2025-09-16,2285.2377414869225,2285.2377414869225,2246.090199876868,2250.983642578125,614343
2025-09-17,2270.557413383152,2309.7049549932062,2250.983642578125,2250.983642578125,613650
2025-09-18,2260.770619600432,2285.2378340982723,2250.983733801296,2265.6640625,483300
2025-09-19,2290.131103515625,2299.9179885733843,2265.6638908712275,2290.131103515625,462336
2025-09-22,2314.598276429257,2339.065488653668,2304.811391539493,2309.704833984375,754198
2025-09-23,2339.065488653668,2339.065488653668,2290.1310642048466,2309.704833984375,505111
2025-09-24,2319.4918926492237,2319.4918926492237,2275.4509073457575,2285.23779296875,459218
2025-09-25,2285.2376412898934,2304.811411236702,2275.4507563164893,2299.91796875,250375
2025-09-26,2314.5983565758015,2314.5983565758015,2241.1967173609237,2270.557373046875,579159
2025-09-30,2304.811411236702,2324.3851811835107,2290.131083776596,2299.91796875,439068
2025-10-01,2299.9180807125795,2324.3852943371817,2299.9180807125795,2304.8115234375,242287
2025-10-02,2319.491718874139,2348.8523735434323,2309.704833984375,2309.704833984375,504317
2025-10-03,2319.4917913472877,2343.959004336183,2319.4917913472877,2334.172119140625,266447
2025-10-07,2348.8524322813123,2476.0819390298834,2339.0655471468067,2461.401611328125,1439306
2025-10-08,2461.4016717492455,2461.4016717492455,2392.893474126006,2432.041015625,763523
2025-10-09,2446.721250711665,2446.721250711665,2407.5737107002783,2417.360595703125,411297
2025-10-13,2255.8770452038993,2275.4508156612,2192.262291217672,2270.557373046875,2336614
2025-10-14,2285.237613133022,2285.237613133022,2192.26220703125,2192.26220703125,1400531
2025-10-15,2202.0491316511825,2202.0491316511825,2148.221263988598,2172.6884765625,739335
2025-10-16,2182.475433689449,2221.6229751009187,2172.6885483365813,2197.15576171875,570975
2025-10-17,2187.3688241259547,2211.836036923784,2153.114726208993,2162.901611328125,688824
2025-10-20,2158.0081687685592,2177.5819390068227,2158.0081687685592,2162.901611328125,435300
2025-10-21,2192.2622990576497,2231.4098401122505,2192.2622990576497,2206.942626953125,503532
2025-10-22,2216.7295238940746,2260.7705078125,2192.2623106060605,2260.7705078125,542941
2025-10-23,2250.983703882159,2260.7705895512117,2211.836161205947,2221.623046875,375761
2025-10-27,2221.623088107639,2236.3034168836807,2197.1558734809028,2202.04931640625,520559
2025-10-28,2197.155689136402,2197.155689136402,2172.6884765625,2172.6884765625,393713
2025-10-29,2197.155689136402,2197.155689136402,2172.6884765625,2172.6884765625,255213
2025-10-30,2182.4753815663885,2202.049151804652,2148.2212836494273,2162.901611328125,495384
2025-10-31,2182.475494453654,2206.942708517036,2167.795166015625,2167.795166015625,452453
2025-11-03,2187.3688763658824,2231.409860453786,2182.475433689449,2197.15576171875,430365
2025-11-04,2211.8361513297123,2211.8361513297123,2158.0082803902724,2167.795166015625,304565
2025-11-05,2158.0081886985085,2167.7950739080256,2104.180320046165,2153.11474609375,461470
2025-11-06,2143.3278410898615,2172.688496447257,2133.5409559707296,2162.901611328125,390154
2025-11-07,2143.3279722045068,2182.475515075822,2143.3279722045068,2158.00830078125,479218
2025-11-10,2197.15576171875,2206.9426470716176,2162.901662983714,2197.15576171875,395411
2025-11-11,2202.0492657043596,2206.942708517036,2167.795166015625,2167.795166015625,315582
2025-11-12,2187.368896484375,2197.155781927258,2182.4754537629333,2187.368896484375,254217
2025-11-13,2197.155781927258,2211.8361100915827,2182.4754537629333,2187.368896484375,228936
2025-11-14,2162.901631303267,2197.155729536577,2153.11474609375,2153.11474609375,323120
2025-11-17,2162.901776380942,2162.901776380942,2084.606689453125,2084.606689453125,610429
2025-11-18,2084.6065656136775,2084.6065656136775,2025.88525390625,2025.88525390625,583374
2025-11-19,2006.3114734327937,2040.5655717596949,2006.3114734327937,2030.7786865234375,405246
2025-11-20,2055.24588204764,2104.180307810679,2055.24588204764,2099.286865234375,371281
2025-11-21,2065.032734607515,2084.6065046037947,2045.4589646112352,2055.245849609375,430476
2025-11-24,2069.9263402635806,2094.3935546875,2065.032897378797,2094.3935546875,517275
2025-11-25,2113.967153218822,2128.6474806717306,2099.286825765914,2118.860595703125,232317
2025-11-26,2118.8607378888614,2177.5820516409776,2118.8607378888614,2167.795166015625,302491
2025-11-27,2177.582072216908,2177.582072216908,2143.3279722045068,2158.00830078125,139316
2025-11-28,2158.00830078125,2167.7951864990787,2143.3279722045068,2158.00830078125,290309
2025-12-01,2158.008229106938,2182.4754425888764,2128.6475729286126,2133.541015625,261424
2025-12-02,2133.5409033764367,2143.3277882543102,2118.8605760596265,2128.6474609375,207389
2025-12-03,2138.434499104818,2148.221384684245,2099.2869567871094,2113.96728515625,441327
2025-12-04,2123.7541707356772,2133.5410563151045,2099.2869567871094,2113.96728515625,240196
2025-12-05,2118.8607691114194,2133.541097765771,2084.6066689179324,2094.3935546875,485772
2025-12-08,2094.3933896019344,2094.3933896019344,2045.4589646112352,2055.245849609375,694037
2025-12-09,2055.245909759964,2060.1393524022496,2020.9918112639643,2025.88525390625,560669
2025-12-10,2020.991781477162,2040.5655517578125,2006.3114537666743,2040.5655517578125,444223
2025-12-11,2040.5655617347131,2040.5655617347131,2006.311463576097,2035.672119140625,437662
2025-12-12,2050.352487508533,2050.352487508533,2016.098388671875,2016.098388671875,326729
2025-12-15,1996.524637957317,2035.6721798780486,1991.6311952172255,2006.3115234375,309880
2025-12-16,2001.4180085358796,2006.3114510995372,1976.9507957175927,1981.84423828125,439890
2025-12-17,1981.8443298339844,2020.9918721516929,1981.8443298339844,1996.524658203125,366176
2025-12-18,2011.2050071678725,2011.2050071678725,1976.950907289101,1986.73779296875,265500
2025-12-19,1991.6311752171193,2016.098388671875,1991.6311752171193,2016.098388671875,289692
2025-12-22,2216.7294191632955,2216.7294191632955,2143.3277827671595,2192.26220703125,1331807
2025-12-23,2172.6885483365813,2202.049204395184,2153.114777630846,2197.15576171875,534681
2025-12-24,2226.516531032986,2295.024731987847,2202.04931640625,2202.04931640625,1331847
2025-12-26,2216.729496793927,2348.8524469339623,2211.836054196148,2334.172119140625,1924054
2025-12-29,2392.893563964844,2564.164064453125,2368.426349609375,2446.721435546875,3308470
2025-12-30,2427.1474807059717,2461.401578215935,2417.360595703125,2417.360595703125,1645316
2025-12-31,2436.9344382123622,2466.295094094439,2388.0000117422346,2441.827880859375,1256610
2026-01-02,2485.8689271790377,2534.8033548794124,2441.8279422487008,2529.909912109375,1305334
2026-01-05,2588.631076549402,2603.311404015656,2456.508129353119,2480.975341796875,2248888
2026-01-06,2461.4017331614077,2544.59026092233,2441.8279619235436,2520.123046875,1530962
2026-01-07,2534.803303079044,2573.950844439338,2490.762319048713,2495.65576171875,1411732
2026-01-08,2485.868905855429,2515.2295622238003,2422.254150390625,2422.254150390625,1096148
2026-01-09,2319.4918632658105,2505.4426877470355,2309.7049777667985,2476.08203125,2319338
2026-01-12,2476.082113610693,2476.082113610693,2397.787027014307,2436.9345703125,1097417
2026-01-13,2456.508217391654,2461.4016600557807,2378.213134765625,2378.213134765625,1287287
2026-01-14,2383.106710091817,2397.7870389014174,2368.4263812822164,2373.31982421875,617965
2026-01-15,2378.213062183277,2402.680274757179,2348.8524070945946,2353.745849609375,599785
2026-01-16,2353.745921444991,2407.573790750386,2353.745921444991,2378.213134765625,866506
2026-01-19,2353.7458819953763,2432.0409633091517,2348.8524394132655,2397.786865234375,854404
2026-01-20,2397.7869054221323,2427.147561406893,2368.4262494373716,2378.213134765625,643332
2026-01-21,2388.0,2441.8278688524592,2383.1065573770493,2388.0,1053645
2026-01-22,2407.573903923896,2412.4673468180504,2378.2132465589707,2383.106689453125,875398
2026-01-23,2402.6802879271468,2412.4671730103532,2383.1065177607343,2407.57373046875,427739
2026-01-26,2407.573750398597,2422.2540781449297,2387.999980070153,2397.786865234375,632636
2026-01-27,2412.4673468180504,2427.1476755005133,2373.3198036648164,2383.106689453125,709964
2026-01-28,2402.6803278688526,2417.360655737705,2378.2131147540986,2388.0,600383
2026-01-29,2383.106710091817,2407.5739247744846,2348.8526095360826,2373.31982421875,823343
2026-01-30,2363.5328470443787,2363.5328470443787,2319.4918623168437,2358.639404296875,948737
2026-02-02,2343.959065236863,2363.5328361365446,2295.0246379876594,2304.8115234375,770230
2026-02-03,2304.811411236702,2324.3851811835107,2270.5573138297873,2299.91796875,549876
2026-02-04,2324.385274036238,2324.385274036238,2290.131175260967,2314.598388671875,327569
2026-02-05,2339.0656112007473,2339.0656112007473,2250.983642578125,2250.983642578125,399978
2026-02-06,2270.557353138412,2290.131123424088,2206.942599709965,2280.34423828125,594826
2026-02-09,2314.5984185231305,2314.5984185231305,2231.409891853166,2241.19677734375,457428
2026-02-10,2241.1968277469755,2275.450927734375,2241.1968277469755,2275.450927734375,340472
2026-02-11,2280.344319306086,2285.237762051378,2241.19677734375,2241.19677734375,446947
2026-02-23,2275.4509570930577,2348.8526008702534,2241.1968566636997,2319.491943359375,1170430
2026-02-24,2324.38526546023,2378.213134765625,2309.70493746785,2378.213134765625,918194
2026-02-25,2387.999927212733,2422.254024529309,2343.9589449485634,2363.53271484375,1380791
2026-02-26,2378.2131958007812,2480.9754943847656,2358.6394246419272,2466.295166015625,1507245
2026-03-02,2407.5738627323067,2432.041076784464,2388.0000914905804,2402.680419921875,892640
2026-03-03,2402.680307816486,2441.8278484733737,2373.3196523238203,2397.786865234375,886991
2026-03-04,2353.746056149166,2353.746056149166,2246.0903113772706,2255.877197265625,1414187
2026-03-05,2314.598276429257,2343.9589310985502,2270.557294425318,2309.704833984375,817903
2026-03-06,2275.4509369665834,2329.27880859375,2275.4509369665834,2329.27880859375,578715
2026-03-09,2231.409780155908,2280.344205159327,2187.368797652831,2236.30322265625,1222129
2026-03-10,2280.3442987856656,2329.2787257982336,2231.4098717730976,2250.983642578125,872513
2026-03-11,2299.918131169914,2348.8525594926778,2295.024688337637,2339.065673828125,885213
2026-03-12,2309.7049661624205,2348.8525079617834,2280.3443098128982,2304.8115234375,924485
2026-03-13,2265.664001594983,2309.7049865071963,2255.8771160589354,2295.024658203125,761619
2026-03-16,2309.7050696515726,2319.4919555399265,2255.877197265625,2255.877197265625,414449
2026-03-17,2275.450897216797,2348.8525390625,2255.877126057943,2348.8525390625,747809
2026-03-18,2363.532786885246,2388.0,2348.8524590163934,2388.0,997262
2026-03-19,2365.0,2390.0,2320.0,2320.0,816846
2026-03-20,2340.0,2390.0,2335.0,2355.0,800249
2026-03-23,2305.0,2305.0,2220.0,2235.0,1139719
2026-03-24,2255.0,2275.0,2240.0,2240.0,488398
2026-03-25,2285.0,2295.0,2210.0,2220.0,694199
2026-03-26,2250.0,2250.0,2210.0,2210.0,424927
2026-03-27,2215.0,2225.0,2170.0,2220.0,515346
2026-03-30,2160.0,2205.0,2155.0,2180.0,470604
2026-03-31,2180.0,2250.0,2150.0,2155.0,767043
2026-04-01,2215.0,2225.0,2185.0,2190.0,357355
2026-04-02,2215.0,2215.0,2135.0,2140.0,414597
2026-04-07,2180.0,2230.0,2165.0,2170.0,491369
2026-04-08,2220.0,2280.0,2200.0,2280.0,877928
2026-04-09,2290.0,2295.0,2240.0,2280.0,686925
2026-04-10,2285.0,2325.0,2285.0,2310.0,341444
2026-04-13,2310.0,2485.0,2300.0,2430.0,1221035
2026-04-14,2540.0,2670.0,2540.0,2670.0,3258173
2026-04-15,2875.0,2930.0,2750.0,2820.0,3967308
2026-04-16,2835.0,2870.0,2750.0,2820.0,2710812
2026-04-17,2690.0,2690.0,2550.0,2605.0,3979619
2026-04-20,2630.0,2780.0,2630.0,2710.0,2462299
2026-04-21,2750.0,2755.0,2640.0,2645.0,1546132
2026-04-22,2675.0,2680.0,2580.0,2585.0,1516368
2026-04-23,2610.0,2615.0,2440.0,2485.0,1983692
2026-04-24,2530.0,2565.0,2470.0,2520.0,1442606
2026-04-27,2575.0,2700.0,2555.0,2615.0,2368224
2026-04-28,2650.0,2685.0,2575.0,2580.0,1268001
2026-04-29,2590.0,2650.0,2550.0,2595.0,1444866
2026-04-30,2580.0,2580.0,2515.0,2515.0,953183
2026-05-04,2540.0,2580.0,2515.0,2575.0,1218519
2026-05-05,2575.0,2585.0,2520.0,2545.0,648006
2026-05-06,2550.0,2550.0,2490.0,2520.0,1216076
2026-05-07,2535.0,2575.0,2535.0,2575.0,1083126
2026-05-08,2585.0,2620.0,2530.0,2570.0,1269577
2026-05-11,2600.0,2600.0,2525.0,2545.0,764435
2026-05-12,2600.0,2795.0,2580.0,2795.0,2803108
2026-05-13,2870.0,2870.0,2735.0,2850.0,4030772
2026-05-14,2930.0,3135.0,2895.0,3135.0,3787771
2026-05-15,3290.0,3445.0,3290.0,3445.0,2780541
2026-05-18,3400.0,3400.0,3125.0,3290.0,4078725
2026-05-19,3445.0,3615.0,3325.0,3365.0,5525558
2026-05-20,3330.0,3410.0,3200.0,3200.0,1014625
2026-05-21,3285.0,3520.0,3280.0,3460.0,1563543
2026-05-22,3450.0,3595.0,3450.0,3540.0,1137340
2026-05-25,3635.0,3845.0,3635.0,3845.0,1271411
2026-05-26,3875.0,3875.0,3665.0,3665.0,922219
2026-05-27,3690.0,3720.0,3500.0,3505.0,1111158
2026-05-28,3505.0,3630.0,3420.0,3425.0,1163748
2026-05-29,3515.0,3600.0,3450.0,3515.0,1357332
2026-06-01,3630.0,3835.0,3630.0,3835.0,1138603
2026-06-02,3780.0,3850.0,3705.0,3850.0,788664
2026-06-03,3920.0,4225.0,3820.0,3985.0,3387453
2026-06-04,3940.0,3995.0,3785.0,3825.0,2348082
2026-06-05,3750.0,3750.0,3570.0,3680.0,1997929
2026-06-08,3330.0,3550.0,3325.0,3535.0,2484239
2026-06-09,3800.0,3885.0,3755.0,3885.0,2084077
2026-06-10,4180.0,4270.0,4100.0,4130.0,5542150
2026-06-11,4000.0,4310.0,4000.0,4165.0,3951219
2026-06-12,4300.0,4355.0,4020.0,4020.0,3219502
2026-06-15,4080.0,4420.0,4035.0,4420.0,3302200
2026-06-16,4480.0,4860.0,4450.0,4860.0,3037888
2026-06-17,5065.0,5310.0,4960.0,5145.0,5202371
2026-06-18,5115.0,5295.0,5090.0,5195.0,2793257
2026-06-22,5275.0,5360.0,5125.0,5185.0,1701224
2026-06-23,5165.0,5185.0,4965.0,5000.0,1699649
2026-06-24,4870.0,4985.0,4825.0,4900.0,1836857
2026-06-25,5040.0,5235.0,4875.0,5165.0,3162918
2026-06-26,5020.0,5050.0,4710.0,4720.0,3025809
2026-06-29,4640.0,4730.0,4315.0,4380.0,3417875
2026-06-30,4250.0,4430.0,4210.0,4290.0,3823864
2026-07-01,4490.0,4560.0,4250.0,4330.0,2599657
2026-07-02,4260.0,4395.0,4250.0,4295.0,1577881
2026-07-03,4300.0,4320.0,4225.0,4230.0,1344479
2026-07-06,4210.0,4280.0,4010.0,4135.0,1845734
2026-07-07,4150.0,4150.0,3870.0,3890.0,2185143
2026-07-08,3950.0,4035.0,3870.0,3950.0,1623847
2026-07-09,4025.0,4140.0,3950.0,3950.0,1516647
2026-07-10,3950.0,3950.0,3950.0,3950.0,0
2026-07-13,4345.0,4345.0,4345.0,4345.0,759099
2026-07-14,4485.0,4485.0,4150.0,4265.0,4504070
2026-07-15,4370.0,4370.0,3985.0,4040.0,3380182
2026-07-16,4040.0,4350.0,4000.0,4260.0,2897608
2026-07-17,4090.0,4200.0,3985.0,4010.0,1907312
2026-07-20,4020.0,4050.0,3800.0,3875.0,1404844
2026-07-21,3925.0,3990.0,3795.0,3985.0,1633798
