date,open,high,low,close,volume
2021-07-22,92.0478827293883,92.43141557409409,89.74668566115359,90.13021850585938,13833661
2021-07-23,91.28080981710683,91.28080981710683,88.2125473022461,88.2125473022461,9641396
2021-07-26,88.59608011660369,89.74667855967647,88.2125473022461,88.2125473022461,7992883
2021-07-27,88.97961293096128,89.74667855967647,87.8290144878885,88.2125473022461,6302383
2021-07-28,87.82902275933161,87.82902275933161,84.37722710503472,86.29489135742188,10466567
2021-07-29,87.44548167353092,88.97961293096128,86.29488323045814,88.2125473022461,6944849
2021-07-30,90.89729031932598,95.49968476587412,90.89729031932598,93.9655532836914,47826340
2021-08-02,95.11614795700014,96.65027937566143,92.43141797434286,96.2667465209961,20846931
2021-08-03,96.26674459862897,97.41734313964844,94.732613210603,97.41734313964844,12968320
2021-08-04,97.41734063534336,100.48560333251953,97.03380779819635,100.48560333251953,17177979
2021-08-05,100.48560460408528,102.40326881408691,99.71853892008463,101.25267028808594,15544971
2021-08-06,100.86914133471112,102.01973990506903,98.1844113372093,98.95147705078125,13709212
2021-08-09,97.80087724328041,100.10207435488701,96.65027868747711,98.18441009521484,9958167
2021-08-10,98.18441205533597,98.56794491492712,95.49968203819788,97.0338134765625,9048627
2021-08-11,96.65027744563547,99.3350073746809,95.49967890461599,97.41734313964844,13560553
2021-08-12,97.41734508499206,97.8008779396574,95.49968081166546,96.2667465209961,8458563
2021-08-13,96.65027618408203,96.65027618408203,91.66434923807779,92.04788208007812,16543698
2021-08-16,91.66435172909596,93.96554884363393,91.28081887667295,93.58201599121094,13761334
2021-08-17,93.58201599121094,93.58201599121094,93.58201599121094,93.58201599121094,0
2021-08-18,88.59607786290786,91.66434029971852,87.44547944910386,91.28080749511719,12518127
2021-08-19,90.13021592970019,90.89728159718699,87.82901892723974,88.59608459472656,14700948
2021-08-20,90.13022044609333,90.51375329905542,87.44549047535864,88.97962188720703,13259896
2021-08-23,90.13021910486142,94.34908042466346,89.7466862576067,92.81494903564453,11706313
2021-08-24,94.34907913208008,94.34907913208008,91.28081639607747,92.04788208007812,7671704
2021-08-25,93.19848754260005,94.73261902478276,92.43142180150869,93.9655532836914,7402195
2021-08-26,95.49967829901198,95.49967829901198,92.81494838699156,94.73261260986328,8039789
2021-08-27,94.732613210603,97.41734313964844,93.19848182257705,97.41734313964844,10136388
2021-08-30,98.95147705078125,99.71854276435319,97.03381276685137,98.95147705078125,10917114
2021-08-31,97.80087407924785,98.56793975830078,95.11614420256262,98.56793975830078,11480969
2021-09-01,97.0338134765625,97.80087919574481,95.88321489778903,97.0338134765625,8955728
2021-09-02,97.03381223032675,97.41734508499206,95.88321366633078,96.2667465209961,8697894
2021-09-03,96.65027556066846,98.95147259782723,96.26674272114201,98.56793975830078,13528139
2021-09-06,99.11625260808862,101.49504267068274,98.3233225872239,98.71978759765625,13917257
2021-09-07,98.32332080480002,98.71978580804519,94.3586707723484,96.34099578857422,13479961
2021-09-08,94.755126953125,95.54805688578713,92.3763371551386,94.755126953125,12493979
2021-09-09,94.35866734238921,97.92685224189132,93.56573736472208,96.73745727539062,8264275
2021-09-10,97.92685586214066,101.49504089355469,97.13392585515976,101.49504089355469,14112297
2021-09-13,99.90917070450321,101.09856559384254,98.32331085205078,98.32331085205078,6594996
2021-09-14,99.51271761852097,99.90918262895332,98.3233225872239,98.71978759765625,5231405
2021-09-15,99.11624077827699,99.5127057413901,97.92684588893766,98.32331085205078,7779515
2021-09-16,97.92685580155486,98.71978580804519,95.94453078532905,96.34099578857422,8723721
2021-09-17,95.54806754548672,95.9445325560489,93.1692774821136,93.56574249267578,24758067
2021-09-22,91.18694371190564,91.97987365722656,89.60108382126381,91.97987365722656,22611652
2021-09-23,92.77280776388145,93.96220273521325,91.97987778299357,92.3763427734375,12648443
2021-09-24,93.16927337646484,93.96220336264753,91.97987839719082,93.16927337646484,8251149
2021-09-27,91.97987715816085,92.77280713366224,90.39401720715809,91.58341217041016,11604616
2021-09-28,90.39402303059896,90.39402303059896,88.41169796413845,89.20462799072266,20380621
2021-09-29,86.42937296741414,87.22230299463811,83.2576528585182,84.05058288574219,26288637
2021-09-30,84.44704958714476,87.222304737896,84.05058456560887,86.42937469482422,16667986
2021-10-01,85.23997907285337,85.63644409179688,83.65411899707935,85.63644409179688,11177173
2021-10-04,86.0328944478058,86.0328944478058,80.8788500799649,82.06824493408203,23967186
2021-10-05,79.29299577551696,80.48239071214971,78.5793576036222,79.68946075439453,32336511
2021-10-06,80.0859292602539,81.27532424926758,78.6586528536072,79.29299926757812,19820058
2021-10-07,80.08592987060547,80.87885986932433,78.81724308257044,80.08592987060547,23152002
2021-10-08,78.34149206788382,78.73795709646708,75.64552866360236,76.27986907958984,32448434
2021-10-12,75.48693272754187,75.56623056630684,74.13895416259766,74.13895416259766,36761148
2021-10-13,75.0111826070493,75.40764763779435,73.10814924955778,73.26673889160156,22357781
2021-10-14,74.21824645996094,74.53541966846531,73.34602467375575,74.21824645996094,17819927
2021-10-15,76.12128548798704,76.5177505165703,75.2490636350191,76.27986907958984,22801002
2021-10-18,76.27986385768881,76.67632885913122,74.77330169186833,75.01117706298828,15212121
2021-10-19,75.72481662122499,78.10360667215353,75.32835161273691,78.0243148803711,16882499
2021-10-20,79.134419064749,79.134419064749,77.15209399849353,77.4692611694336,15037845
2021-10-21,76.83491452002612,77.7864280545007,75.88339493597603,76.04198455810547,14887889
2021-10-22,75.72481187184653,76.35915826547232,75.16976331460562,76.12127685546875,13172183
2021-10-25,75.9627044632499,77.15209958919071,75.48694157321243,76.43846130371094,11176092
2021-10-26,77.23138128330679,77.94501947541958,76.99349986941064,77.70713806152344,9645456
2021-10-27,77.86572203751332,78.02431166411687,76.67632706107732,77.07279205322266,9160973
2021-10-28,77.15208971661355,80.48239322326313,76.91420830203472,79.13441467285156,18167602
2021-10-29,82.06825318825354,82.06825318825354,79.13441467285156,79.13441467285156,32094150
2021-11-01,79.05512538807032,79.68947186252794,77.54856309799206,77.86573028564453,15354252
2021-11-02,78.89653263334414,79.68946260955865,77.94501908171696,78.34148406982422,10784134
2021-11-03,78.57936296272862,78.73795259484075,77.38996794497922,77.94502258300781,8362340
2021-11-04,78.57935263713141,78.89652581010212,77.78642272949219,77.78642272949219,6881679
2021-11-05,78.34148262036467,79.21370436814783,77.70713623129937,79.05511474609375,7485930
2021-11-08,82.4647263079458,84.05058642925245,81.67179624729246,83.65412139892578,28746908
2021-11-09,85.23996952601841,86.42936444963728,83.25764465332031,83.25764465332031,27295108
2021-11-10,82.86117902168861,83.25764399308426,81.6717841075017,82.46471405029297,13663341
2021-11-11,81.27532196044922,81.67178694562215,80.48239199010337,81.27532196044922,17262115
2021-11-12,82.06824907889734,83.65410896447989,80.48238919331477,82.46471405029297,18758780
2021-11-15,82.86119133827246,83.65412139892578,82.4647263079458,83.65412139892578,11902849
2021-11-16,83.65412139892578,84.05058642925245,83.25765636859911,83.65412139892578,11461319
2021-11-17,84.0505869690801,84.44705200195312,83.25765690333407,84.44705200195312,10747409
2021-11-18,84.44704789935417,84.44704789935417,83.65411787213019,84.05058288574219,9858683
2021-11-19,84.84351291296616,85.23997792657816,83.65411787213019,84.05058288574219,10435087
2021-11-22,84.44705200195312,85.23998206769916,84.0505869690801,84.44705200195312,13078452
2021-11-23,84.05057460239955,84.05057460239955,82.86117967878069,83.25764465332031,11460932
2021-11-24,82.86117835183745,83.65410828821868,81.67178344726562,81.67178344726562,11869994
2021-11-25,82.06824907889734,83.25764399308426,80.87885416471042,82.46471405029297,12567783
2021-11-26,81.67178630359068,82.46471626770321,80.48239135742188,80.48239135742188,9584048
2021-11-29,79.29299987188661,81.27532486868377,78.89653487252717,80.08592987060547,11482437
2021-11-30,81.27532547595455,82.068255480598,80.87886047363281,80.87886047363281,17935630
2021-12-01,80.08592422191914,82.86117902168861,79.6894592505235,82.46471405029297,12897648
2021-12-02,83.25764465332031,84.44703957693918,82.06824972970145,83.25764465332031,18029597
2021-12-03,84.84351460868065,87.222304737896,84.05058456560887,86.42937469482422,22548355
2021-12-06,86.03290795380214,86.03290795380214,84.05058288574219,84.05058288574219,14617149
2021-12-07,84.44703890727116,84.84350387866681,82.06824907889734,82.46471405029297,15755708
2021-12-08,85.63643582067758,86.42936578198014,84.05057589807242,84.843505859375,17816763
2021-12-09,83.2576481577312,83.65411314895849,82.46471817527662,82.8611831665039,20105853
2021-12-10,82.46471338364685,83.25764332002807,81.67178344726562,81.67178344726562,13085555
2021-12-13,82.46471691596798,82.86118190114091,80.87885697527629,81.27532196044922,9877314
2021-12-14,80.48239547131108,81.67179047827628,80.08593046898936,80.87886047363281,11596469
2021-12-15,80.87885633947815,81.2753213215344,80.48239135742188,80.48239135742188,9796812
2021-12-16,81.67177998270965,82.06824493408203,80.08592017722015,82.06824493408203,15236850
2021-12-17,80.48239547131108,82.068255480598,80.48239547131108,80.87886047363281,17263954
2021-12-20,80.87885633947815,81.67178630359068,80.08592637536562,80.48239135742188,7948355
2021-12-21,80.87886047363281,81.67179047827628,80.48239547131108,80.87886047363281,7555420
2021-12-22,81.67178344726562,82.06824841545624,81.27531847907501,81.67178344726562,4001007
2021-12-23,82.46470988545441,83.65410473957154,82.06824493408203,82.06824493408203,10182380
2021-12-24,82.46471470424108,83.65410962785994,82.06824972970145,83.25764465332031,10471302
2021-12-27,83.25764465332031,83.65410962785994,82.46471470424108,83.25764465332031,7238174
2021-12-28,84.4470514595791,84.4470514595791,83.65412139892578,83.65412139892578,7885324
2021-12-29,84.44704789935417,84.84351291296616,84.05058288574219,84.05058288574219,6511278
2021-12-30,84.0505869690801,84.84351703482615,83.65412193620709,84.44705200195312,7581132
2022-01-03,84.84351648990577,85.23998152023243,83.25765636859911,83.65412139892578,9941961
2022-01-04,84.05057589807242,85.23997084002629,83.65411091742115,84.843505859375,13999213
2022-01-05,84.84350833377323,88.80815825591216,84.44704334155934,88.01522827148438,31952123
2022-01-06,87.22230058661255,87.22230058661255,85.23997557328045,86.03290557861328,18103907
2022-01-07,86.82584219919124,87.22230723206427,83.25765690333407,84.44705200195312,14850826
2022-01-10,83.65411787213019,84.44704789935417,83.2576528585182,84.05058288574219,8328046
2022-01-11,84.84351703482615,85.23998206769916,83.65412193620709,84.44705200195312,12518222
2022-01-12,84.843505859375,85.23997084002629,84.44704087872371,84.843505859375,8719186
2022-01-13,84.8435045514788,84.8435045514788,82.46471470424108,83.25764465332031,9835912
2022-01-14,83.65412139892578,84.05058642925245,82.4647263079458,83.65412139892578,13414627
2022-01-17,84.44704903496637,86.03290911074038,84.05058401602285,85.63644409179688,14039424
2022-01-18,86.82583497513173,87.61876497490462,84.84350997569949,85.23997497558594,13491873
2022-01-19,84.05057460239955,84.8435045514788,82.86117967878069,83.25764465332031,14097821
2022-01-20,82.4647263079458,84.05058642925245,82.06826127761913,83.65412139892578,9033283
2022-01-21,82.46471626770321,82.86118124975947,80.08592637536562,80.48239135742188,24685431
2022-01-24,80.08592637536562,81.67178630359068,79.68946139330934,80.48239135742188,12202759
2022-01-25,78.89653427124023,79.68946426391601,77.9450206998596,79.29299926757812,23528050
2022-01-26,78.42077585753054,79.05511620875679,78.18289444483594,78.34148406982422,13963026
2022-02-07,79.68946426391601,81.27532424926758,78.57936106425477,79.29299926757812,19729078
2022-02-08,78.97582606059267,80.0859292602539,78.73795069253538,79.29299926757812,15301581
2022-02-09,80.08593046898936,81.27532547595455,79.2930004643459,80.87886047363281,17106270
2022-02-10,82.06824493408203,82.86117483682679,81.27531503133729,82.06824493408203,17859328
2022-02-11,82.86117835183745,84.05057325640928,80.87885351088441,81.67178344726562,33554413
2022-02-14,80.0859292602539,80.0859292602539,79.13441568887326,79.29299926757812,15958954
2022-02-15,79.68946426391601,80.0859292602539,79.13441568887326,79.29299926757812,8781363
2022-02-16,81.27532196044922,82.06825193079506,80.87885697527629,81.27532196044922,15465802
2022-02-17,81.6717841075017,83.25764399308426,81.6717841075017,82.46471405029297,14270988
2022-02-18,80.87885416471042,82.86117902168861,80.87885416471042,82.46471405029297,11302035
2022-02-21,81.67178475516184,83.65410962785994,81.67178475516184,83.25764465332031,10770978
2022-02-22,82.06824841545624,83.25764332002807,80.87885351088441,81.67178344726562,15345696
2022-02-23,82.068255480598,82.068255480598,80.48239547131108,80.87886047363281,12250345
2022-02-24,79.29299615438711,80.48239109670293,78.57935797908253,79.05511474609375,25379681
2022-02-25,80.08593955645021,80.08593955645021,78.57937116676011,78.73796081542969,20085740
2022-03-01,79.68945860631257,82.06824841545624,79.29299363812197,81.67178344726562,16463184
2022-03-02,81.27532196044922,81.67178694562215,80.48239199010337,81.27532196044922,8115803
2022-03-03,82.06824493408203,82.46470988545441,80.8788500799649,82.06824493408203,13128492
2022-03-04,80.48239547131108,81.67179047827628,80.48239547131108,80.87886047363281,9513554
2022-03-07,79.21371034096389,79.21371034096389,76.5177470585205,77.38996887207031,34415524
2022-03-08,76.12127736549144,77.31067232432724,75.72481237921284,76.20056915283203,21234633
2022-03-09,76.99350842044755,78.18290352287335,76.91421662353443,77.86573028564453,11124134
2022-03-10,79.68946075439453,80.08592573327212,79.21370398965654,79.68946075439453,11159566
2022-03-11,79.68946075439453,80.48239071214971,79.29299577551696,79.68946075439453,13724963
2022-03-14,80.48239547131108,81.27532547595455,80.08593046898936,80.87886047363281,12808763
2022-03-15,80.08593590953836,80.08593590953836,78.18290255919844,78.42078399658203,11936938
2022-03-16,79.29299824952032,79.68946324076794,78.50006826702513,79.13441467285156,10821566
2022-03-17,80.8788500799649,82.46470988545441,80.48238512859253,82.06824493408203,21970531
2022-03-18,82.06825318404933,83.2576481577312,82.06825318404933,82.8611831665039,16863302
2022-03-21,83.25764465332031,84.05057460239955,82.46471470424108,83.25764465332031,7958286
2022-03-22,83.2576481577312,83.65411314895849,82.06825318404933,82.8611831665039,8240664
2022-03-23,83.25765636859911,83.65412139892578,82.86119133827246,83.65412139892578,10161035
2022-03-24,82.46471470424108,83.65410962785994,82.06824972970145,83.25764465332031,13535904
2022-03-25,83.65411314895849,83.65411314895849,82.46471817527662,82.8611831665039,9821382
2022-03-28,82.06824493408203,82.06824493408203,80.48238512859253,82.06824493408203,14124892
2022-03-29,81.67177998270965,82.06824493408203,80.8788500799649,82.06824493408203,6314926
2022-03-30,82.8611831665039,83.2576481577312,82.06825318404933,82.8611831665039,10853171
2022-03-31,82.86117483682679,82.86117483682679,81.67177998270965,82.06824493408203,7356930
2022-04-01,81.27531503133729,82.06824493408203,80.48238512859253,82.06824493408203,10468307
2022-04-06,80.08593046898936,80.87886047363281,79.68946546666763,80.87886047363281,15183680
2022-04-07,80.08592823201553,80.87885821451074,79.13441467285156,79.13441467285156,15907930
2022-04-08,79.68946075439453,79.68946075439453,79.05511436836021,79.68946075439453,10820311
2022-04-11,79.68946248929139,79.68946248929139,77.3106725642379,77.62784576416016,14309053
2022-04-12,76.99349560781388,77.62784197670872,76.4384470722124,76.59703063964844,16147755
2022-04-13,77.46925776369861,78.57936096191406,77.23138239595113,78.57936096191406,8098261
2022-04-14,79.2930027947354,79.68946780870908,78.89653778076172,78.89653778076172,7492773
2022-04-15,77.86572112692014,78.02431075166908,77.3106725642379,77.62784576416016,5871489
2022-04-18,77.46925613941123,77.78642933933348,76.99349936431565,77.62784576416016,4582278
2022-04-19,78.2621794641607,78.81723402925321,77.78642272949219,77.78642272949219,6548723
2022-04-20,78.02431289161065,78.81724288837586,77.62784789322805,78.65865325927734,9089556
2022-04-21,78.50007276678805,79.0551213665208,78.34148918102899,78.89653778076172,5728166
2022-04-22,78.18289596609253,78.81724237923729,77.62784739177266,78.57936096191406,6166582
2022-04-25,77.15209170052277,77.15209170052277,74.93188527261496,75.01117706298828,17262834
2022-04-26,75.5662276604372,75.72481123271741,75.16976268016121,75.3283462524414,7164601
2022-04-27,72.79096984863281,73.18743481284199,71.91874208771245,72.79096984863281,15506684
2022-04-28,73.34602766139533,75.16976914740097,72.87027085404743,73.74249267578125,16445720
2022-04-29,77.4692594753416,78.42077911608207,75.4076426614344,75.80410766601562,26618796
2022-05-03,75.96269277182851,76.20056813065939,75.48692995501571,76.04198455810547,8315366
2022-05-04,76.200565671483,76.67632242336647,75.88339248703558,76.59703063964844,5062569
2022-05-05,77.54855908305817,78.5000726959054,77.46926124067423,78.18289947509766,12527077
2022-05-06,75.96269277182851,76.35915775278883,75.64551957714515,76.04198455810547,9423963
2022-05-09,74.8525893543547,75.16976254793268,74.37683258877549,74.61470794677734,10558307
2022-05-10,74.05966307419527,75.64552307128906,73.42531665552744,75.64552307128906,7549337
2022-05-11,74.69400896525678,76.27986907958984,74.69400896525678,76.27986907958984,6441259
2022-05-12,75.01117951190099,75.32835273332493,73.74249267578125,73.74249267578125,10514048
2022-05-13,74.13896132633337,74.9318913939947,74.13896132633337,74.77330780029297,8475819
2022-05-16,75.88339165863167,76.27985662246897,74.5354132014149,75.09046173095703,5997599
2022-05-17,75.72481554978764,77.62784877351946,75.32835054690916,77.15209197998047,13221169
2022-05-18,78.02431786143465,78.42078288507042,76.5177495617035,76.83492279052734,18423583
2022-05-19,75.72481638031856,76.27986497060571,75.40764316462193,75.8833999633789,9786939
2022-05-20,76.59703835025608,77.31067657470703,76.20057334218068,77.31067657470703,8029799
2022-05-23,78.10360659085788,78.26219017425767,76.91421156663161,77.31067657470703,6474263
2022-05-24,77.46925235969735,77.62784197670872,76.51773885593042,76.59703063964844,7558833
2022-05-25,76.59704338630563,78.34149316627591,76.43845979247938,77.86573028564453,10735264
2022-05-26,78.34148911028954,78.73795412390523,77.6278508758661,78.18289947509766,10652751
2022-05-27,78.89653487252717,80.4823948699649,78.420778083211,80.08592987060547,15816610
2022-05-30,80.87885351088441,81.67178344726562,80.08592357450318,81.67178344726562,12151341
2022-05-31,81.67178819282202,82.8611831665039,80.48239321914015,82.8611831665039,30933384
2022-06-01,82.06824841545624,82.86117835183745,81.27531847907501,81.67178344726562,9901397
2022-06-02,81.27531913610606,83.25764399308426,80.87885416471042,82.46471405029297,10894761
2022-06-06,83.2576481577312,83.2576481577312,81.67178819282202,82.8611831665039,10799838
2022-06-07,83.25764688631384,83.25764688631384,81.27532196044922,81.27532196044922,10364462
2022-06-08,82.06824907889734,83.25764399308426,81.27531913610606,82.46471405029297,12989081
2022-06-09,82.06824972970145,83.25764465332031,81.67178475516184,83.25764465332031,10995656
2022-06-10,82.46471470424108,84.05057460239955,81.67178475516184,83.25764465332031,10437686
2022-06-13,81.27532547595455,81.67179047827628,80.08593046898936,80.87886047363281,13701451
2022-06-14,79.2930004643459,81.27532547595455,79.2930004643459,80.87886047363281,11320326
2022-06-15,80.48239425659179,81.27532424926758,79.29299926757812,79.29299926757812,14516161
2022-06-16,81.27532486868377,82.06825486740263,79.68946487124603,80.08592987060547,10662369
2022-06-17,78.3414880155335,78.81724481530881,76.99350335833151,77.31067657470703,20938073
2022-06-20,77.31068057373683,77.86572919392292,76.27986907958984,76.27986907958984,9154004
2022-06-21,77.54855115013083,78.89652963870058,76.9142047734066,78.8172378540039,9439155
2022-06-22,79.29300839605358,79.29300839605358,76.2005798586922,76.43846130371094,13397155
2022-06-23,77.38996664826192,77.46925843820145,75.16976628207608,75.64552307128906,10115619
2022-06-24,74.61471391015156,75.3283521403437,71.9187506236346,72.9495620727539,38619700
2022-06-27,74.13896132633337,75.01118319084557,73.82178808935359,74.77330780029297,16895898
2022-06-28,75.16976795093014,75.16976795093014,71.91875004505094,72.15663146972656,33600376
2022-06-29,71.2083194921243,71.2083194921243,67.85834905107595,67.94424438476562,63822399
2022-06-30,67.94424494260453,68.20193749918315,64.93786236502562,65.62503814697266,42049039
2022-07-01,66.1404043108025,66.82757996396012,63.90709326812926,63.99298858642578,19525786
2022-07-04,63.649413860145394,64.16479242939228,62.87634272957803,63.56351852416992,19972768
2022-07-05,65.02375885154792,65.53914397383706,62.70455201482305,64.25069427490234,12700623
2022-07-06,64.8519562404639,64.93785156056741,62.618645150808625,62.790435791015625,11981603
2022-07-07,63.219929122741405,64.59427412583263,61.33020556266521,64.07889556884766,14697524
2022-07-08,65.0237522258397,65.88271860427031,64.5942690366244,65.36734008789062,9376546
2022-07-11,65.96861597795044,66.14040662054272,64.7660618196256,65.10964965820312,6274057
2022-07-12,64.07888511617426,64.16478043609469,62.79043565718928,63.39171600341797,7925009
2022-07-13,65.02374864595335,65.62502900978728,64.59426548038327,65.45323181152344,9564350
2022-07-14,65.19554826478405,67.77244735387913,64.76606508326822,67.34296417236328,13194123
2022-07-15,67.42886981304707,68.28783630748079,66.9993865658302,68.03014373779297,11437536
2022-07-18,68.20193022108914,70.09165358969284,67.85834236678122,69.66217041015625,13288581
2022-07-19,69.0609065466696,71.03652552561292,68.80321398040151,70.95063018798828,9713346
2022-07-20,71.72368981846341,72.5826561635947,71.12241599822876,71.6377944946289,12188175
2022-07-21,71.89548576228805,73.61341857910156,71.89548576228805,73.61341857910156,12118390
2022-07-22,73.6993221724697,73.78521750462441,72.66855852643188,73.1839370727539,10949208
2022-07-25,72.92624875503441,73.3557319555312,72.32496834230275,72.6685562133789,5823687
2022-07-26,72.92625627320366,72.92625627320366,71.72370187715927,71.89549255371094,6539969
2022-07-27,72.23907887838314,73.0980453491211,70.95062917227621,73.0980453491211,8049124
2022-07-28,74.38648798792276,75.41725158691406,73.52752159879341,75.41725158691406,19766828
2022-07-29,74.55828666459385,74.9877698676079,73.87111091841396,74.2146987915039,18840064
2022-08-01,74.04289755982093,74.30059008900135,73.09803587514811,74.12879943847656,6632030
2022-08-02,73.61341386304662,73.69931574109887,72.23906900832215,72.58265686035156,8274615
2022-08-03,72.49676410535074,73.87110900878906,71.80958837693487,73.87110900878906,9491837
2022-08-04,75.07366180419922,75.33134778232406,73.95700290547832,75.07366180419922,14406020
2022-08-05,75.84673562281496,76.01852628118904,75.15955988253154,75.76083374023438,7184276
2022-08-08,75.58903863468038,75.58903863468038,74.98776481235268,75.50314331054688,4460288
2022-08-09,75.58904478063272,75.67494011175016,74.55828770043611,75.33135223388672,6571818
2022-08-10,74.38649176709266,74.81597498347702,74.04290388330641,74.7300796508789,9009318
2022-08-11,76.61980226391006,77.04928547515034,76.2762209376328,76.87749481201172,9524163
2022-08-12,76.87749481201172,77.13518736011338,76.53390693234074,76.87749481201172,6727944
2022-08-15,77.30698221954852,78.16594868865461,77.30698221954852,77.73646545410156,8758108
2022-08-16,78.08003846507413,78.08003846507413,77.47875811930821,77.90824127197266,4759647
2022-08-17,77.47876929536285,77.90825250997881,77.3928739631184,77.82235717773438,6034482
2022-08-18,77.13517565713153,77.13517565713153,76.19030749304372,76.79158782958984,6924959
2022-08-19,76.79159778691569,77.30697631835938,76.53390524449706,77.30697631835938,7170535
2022-08-22,76.5339005729054,76.5339005729054,75.84673142405616,76.27621459960938,2860000
2022-08-23,75.58904415402039,75.58904415402039,73.9570066627435,74.38648986816406,9347516
2022-08-24,74.7300681175734,74.98776062899111,73.61340930595368,74.04289245605469,6418641
2022-08-25,74.38648945135208,74.55828666459385,73.95700624833805,74.2146987915039,5317757
2022-08-26,75.07366582658275,75.76083502512691,74.98777049593893,75.15956115722656,7189953
2022-08-29,73.01215134729772,73.09804668526276,71.8954922935696,72.49677276611328,10362399
2022-08-30,72.15317768346146,73.3557319555312,72.15317768346146,72.6685562133789,7940714
2022-08-31,72.32496458966756,73.52751879934186,72.23906926470366,73.35572814941406,12830586
2022-09-01,72.0672836303711,72.84035471563533,71.38010787604874,72.0672836303711,10512943
2022-09-02,71.89548062930739,71.89548062930739,71.03651428222656,71.03651428222656,7418820
2022-09-05,71.12242297298452,71.63780151992624,70.43524720813302,70.69293975830078,4447943
2022-09-06,71.46600065835631,71.55190253962841,70.60703427278283,70.7788314819336,3872324
2022-09-07,69.83397508932602,69.91987042374927,68.28783285613149,68.88910675048828,9390706
2022-09-08,69.74806242569092,70.8647212608555,69.57627178338541,70.52113342285156,8877194
2022-09-12,71.7236878728292,71.80958319433364,70.34934306857933,71.29420471191406,10767187
2022-09-13,72.15317230485425,74.47237879329592,72.15317230485425,73.78520965576172,16273188
2022-09-14,71.29420680770806,71.38010213173752,70.60703110868616,71.03651428222656,22768441
2022-09-15,71.12242209318696,71.89548662733971,70.692938883816,71.46600341796875,11992683
2022-09-16,70.95062675916013,72.3249717549189,70.95062675916013,71.8095932006836,20534880
2022-09-19,72.58265643199567,73.09803493030162,72.15317325784184,72.4108657836914,14565346
2022-09-20,73.01214029616523,73.35572814941406,72.4967617929886,73.35572814941406,9868629
2022-09-21,72.84035131613332,73.52752048499141,72.75444943580686,72.9262466430664,8017708
2022-09-22,72.41087022511697,72.92624875503441,71.89548514180596,72.6685562133789,8672710
2022-09-23,72.6685538672824,73.44162491389683,72.1531753540039,72.1531753540039,6842076
2022-09-26,71.12241868253665,72.23907104131624,69.14679339281321,69.83396911621094,15291070
2022-09-27,70.43524144400075,70.52113676922943,69.31858255584832,69.66217041015625,9107794
2022-09-28,70.00575702231158,70.26344954681845,67.1711654663086,67.1711654663086,12523535
2022-09-29,68.71730734401248,69.31858116191535,67.42885783131226,67.77244567871094,11838891
2022-09-30,67.08526715686179,69.06089228110423,66.7416793239423,68.8031997680664,13575554
2022-10-03,67.77244512454078,68.11603296912998,66.22630310058594,66.22630310058594,15566626
2022-10-04,67.60065626957328,68.71731526397035,67.25707493596853,68.54552459716797,13431960
2022-10-05,70.43524530552371,71.72369491477109,69.8339714425657,70.34934997558594,21614560
2022-10-06,70.95062405086519,71.29421192503807,70.43524551630267,71.12242126464844,12322169
2022-10-07,70.52113702475866,71.03651553139136,69.83396786704614,70.43524169921875,9956211
2022-10-11,66.99938279628769,66.99938279628769,64.07889556884766,64.07889556884766,30082754
2022-10-12,63.305826007008505,64.07889713811512,62.275068867795724,62.8763427734375,20842982
2022-10-13,62.962241935015506,63.64941114692093,61.416099739789175,62.189170837402344,17081571
2022-10-14,63.9070954998783,65.4532309433877,63.9070954998783,65.10964965820312,16141801
2022-10-17,64.07888699237778,65.53913368735188,63.735299149243104,65.45323181152344,12926912
2022-10-18,66.56989432837216,66.82758686325869,64.42247838229564,65.36734008789062,22507484
2022-10-19,64.68017387630525,65.36734307845175,64.16478878295327,64.33658599853516,12192849
2022-10-20,63.47762018066102,65.45323902806942,63.39172484875522,65.28144836425781,19150916
2022-10-21,65.2814462531675,66.4840005211414,64.85196305413349,65.53913879394531,11160885
2022-10-24,66.9134811650505,67.34296434768447,66.56989330826467,66.74168395996094,9957862
2022-10-25,66.99938333175744,66.99938333175744,65.19555509119661,66.39810943603516,14550600
2022-10-26,66.65578583298824,66.91347835309675,65.79681950381729,66.05451202392578,9355542
2022-10-27,66.48400218859233,67.68655648672687,66.22630964135146,67.60065460205078,10878556
2022-10-28,67.85834794767388,69.31858825683594,67.25707406822922,69.31858825683594,17517037
2022-10-31,69.57627634121954,69.7480669947788,67.6006510583214,69.06089782714844,13663648
2022-11-01,68.63141272005669,69.1467912197113,68.03013234263199,68.7173080444336,7916843
2022-11-02,69.23268654408821,69.23268654408821,68.20192954477898,68.7173080444336,7563879
2022-11-03,67.25706951358538,68.45961719103826,67.25706951358538,68.28782653808594,10051954
2022-11-04,67.8583475432781,69.49038506069391,67.68655687971591,69.14679718017578,7998711
2022-11-07,70.86472415359768,72.58265686035156,70.34934565225015,72.58265686035156,19416666
2022-11-08,73.01215134729772,73.01215134729772,72.06728952289389,72.49677276611328,11608167
2022-11-09,73.26983893217621,74.55828857421875,73.26983893217621,74.55828857421875,15528094
2022-11-10,73.69932424911228,74.47238881368126,73.44163169199332,74.30059814453125,7345175
2022-11-11,77.99415398162198,78.76721852111224,76.27622113227694,77.65056610107422,24637897
2022-11-14,78.59542887765029,79.28260464766488,78.25184099264301,78.76721954345703,16239171
2022-11-15,78.2518276557309,80.14155742449651,78.16593233746718,79.71207427978516,19876881
2022-11-16,79.54028744397667,80.91463237527904,79.28260145564136,80.39925384521484,17599197
2022-11-17,79.45438813398229,80.3133544921875,79.02490495487969,80.3133544921875,9117311
2022-11-18,81.08643170515703,81.51591491699219,80.48515127655156,81.51591491699219,12466434
2022-11-21,82.0312859450188,82.0312859450188,80.39924857888953,80.91462707519531,8224602
2022-11-22,81.00053996249439,81.43002319335938,80.05567161187619,81.43002319335938,7981251
2022-11-23,82.03129365697893,82.46077686984269,81.85950299319092,82.28898620605469,8971220
2022-11-24,82.8902623997247,83.06205306831475,81.94540061569161,82.80436706542969,7028438
2022-11-25,82.46077367777866,82.97615220258609,81.85949982440226,82.54666900634766,10235269
2022-11-28,81.08642620618377,81.94539257160226,80.82873367520091,81.25821685791016,5919896
2022-11-29,81.34411600724852,82.03129175324044,80.39925427155484,81.94539642333984,6194093
2022-11-30,82.80436218481897,83.49153137207031,81.68770324461941,83.49153137207031,13577456
2022-12-01,85.03767312336439,87.61457230892087,84.77998058345132,87.18508911132812,25439187
2022-12-02,85.89664119304997,86.75560760498047,85.72485053202134,86.75560760498047,11891619
2022-12-05,87.18509081094572,88.04405722287622,85.89664119304997,86.75560760498047,12207653
2022-12-06,86.32612226713472,86.7556054624936,85.12356800945118,85.63894653320312,8695698
2022-12-07,85.63894012797451,86.32611581050989,84.52228783559575,85.03766632080078,16029028
2022-12-08,85.03767308500623,85.29536562480305,82.54666922941321,83.31974029541016,11455104
2022-12-09,84.43639841410284,85.55305078451407,84.26460120476719,85.46715545654297,13143029
2022-12-12,85.03766603363171,85.20945667698894,83.57742590491644,84.26459503173828,11299136
2022-12-13,84.60819118865963,84.77998184890353,82.288984508399,82.71846771240234,16857131
2022-12-14,83.06204441837534,84.17870330810547,82.63256123823194,84.17870330810547,16424531
2022-12-15,83.31974490473745,84.60819456821277,82.71847101647319,84.35050201416016,11632640
2022-12-16,82.80436557827352,83.74922734533702,82.54667302662266,82.632568359375,26571238
2022-12-19,81.68770577600917,82.71846941891845,81.51591511222117,82.28898620605469,22961832
2022-12-20,81.25821617553459,81.77359467977907,80.14156384190376,80.3133544921875,24904781
2022-12-21,80.31336247980772,82.03129536707634,80.31336247980772,81.85950469970703,21815067
2022-12-22,82.37487649206301,83.57743072509766,81.9453933055073,83.57743072509766,23093704
2022-12-23,81.85949442561461,81.85949442561461,80.22745707686582,80.571044921875,11804310
2022-12-26,80.57105296497242,80.74284362792969,79.88387720635596,80.74284362792969,3634272
2022-12-27,81.17232513427734,81.51591300637098,80.9146325918587,81.17232513427734,3629446
2022-12-28,80.48514514247125,81.00053020010897,80.05566196336865,80.3133544921875,4937879
2022-12-29,79.54028138684745,80.571044921875,79.11079821893425,80.571044921875,4724896
2022-12-30,81.25821811866699,81.43001532645218,80.57104894770644,80.65694427490234,4322136
2023-01-03,80.1415645149021,81.43001406302983,79.2825981494836,81.25821685791016,7267519
2023-01-04,80.74284575285354,81.17232897494318,80.48515319824219,80.48515319824219,4786284
2023-01-05,81.17232153204696,82.3748757543115,80.9146290010641,81.25821685791016,9155416
2023-01-06,81.60180709454853,83.31973987548639,81.25821922768226,83.14794921875,15773685
2023-01-09,85.3812626565704,86.75560760498047,84.60819157515422,86.75560760498047,19770110
2023-01-10,86.75560591373538,87.18508911132812,86.32612271614262,87.18508911132812,13677387
2023-01-11,87.18508482216602,87.6145679986299,86.32611846923828,86.32611846923828,11554684
2023-01-12,86.75560760498047,87.18509081094572,85.89664119304997,86.75560760498047,8883600
2023-01-13,87.18509081094572,87.61457401691096,86.32612439901523,86.75560760498047,10416228
2023-01-16,87.18509081094572,87.18509081094572,86.32612439901523,86.75560760498047,5016987
2023-01-17,86.75560591373538,87.18508911132812,86.32612271614262,87.18508911132812,9154658
2023-01-30,91.05043364025298,91.05043364025298,88.90301775251116,90.19146728515625,25206791
2023-01-31,89.33250244140625,89.33250244140625,85.89663696289062,85.89663696289062,19627126
2023-02-01,86.75560423907112,87.61457061767578,85.29536401680055,87.61457061767578,14698930
2023-02-02,88.4735336303711,89.76198314925999,87.61456728444516,88.4735336303711,19229586
2023-02-03,88.90302193839595,91.0504379272461,88.04405554285589,91.0504379272461,27783049
2023-02-06,89.76198146654211,90.1914646314538,88.04404880689538,88.90301513671875,10525657
2023-02-07,89.33249830163042,89.76198146654211,88.47353197180706,88.90301513671875,9366816
2023-02-08,89.33250513616598,91.0504379272461,89.33250513616598,91.0504379272461,10751847
2023-02-09,89.761988333936,91.90940432278614,89.761988333936,91.0504379272461,17695273
2023-02-10,91.47992112501612,92.33888752055618,89.33250513616598,91.0504379272461,20060981
2023-02-13,90.19146295694205,90.62094611387987,88.47353032919077,89.3324966430664,10860481
2023-02-14,89.7619857788086,90.19146896435313,88.04405303663044,89.7619857788086,14447861
2023-02-15,89.33250259326405,90.19146896435313,88.90301940771951,89.7619857788086,12541375
2023-02-16,90.19146295694205,90.62094611387987,89.3324966430664,89.3324966430664,10998839
2023-02-17,88.90302018558278,89.3325033748851,87.61457061767578,87.61457061767578,8379123
2023-02-20,87.18508411148218,88.4735336303711,87.18508411148218,88.4735336303711,9577105
2023-02-21,88.47353530511623,88.47353530511623,87.61456894293065,88.04405212402344,5514297
2023-02-22,87.18508576183784,88.47353530511623,86.75560258074505,88.04405212402344,8291557
2023-02-23,88.47353197180706,89.76198146654211,87.61456564198369,88.90301513671875,11983652
2023-02-24,89.761988333936,92.33888752055618,89.33250513616598,91.0504379272461,25824630
2023-03-01,89.761988333936,91.47992112501612,89.761988333936,91.0504379272461,9484722
2023-03-02,91.05043877495659,93.19785478379991,90.62095557318793,92.76837158203125,13908777
2023-03-03,92.76837158203125,93.62733798556857,91.90940517849391,92.76837158203125,7361838
2023-03-06,93.6273422241211,93.6273422241211,92.76837578169796,93.6273422241211,6904611
2023-03-07,93.62733714936545,95.34526994109693,92.76837075349971,94.91578674316406,14314351
2023-03-08,94.05682373046875,94.48630694384988,93.19785730370647,94.05682373046875,7867454
2023-03-09,94.48630866654422,94.91579188775579,92.76837578169796,93.6273422241211,6492939
2023-03-10,92.33888412190375,92.33888412190375,91.05043457601673,91.9094009399414,9938849
2023-03-13,91.05043711860058,93.62733628233457,91.05043711860058,93.1978530883789,10360731
2023-03-14,92.7683673038661,94.48630003171547,91.47991775797907,91.9094009399414,16436647
2023-03-15,93.1978530883789,94.48630267024589,92.33888670046758,93.1978530883789,13126916
2023-03-16,92.76837158203125,93.19785478379991,91.47992197672525,92.76837158203125,9340503
2023-03-17,94.05682373046875,94.48630694384988,92.3388908769442,94.05682373046875,18091493
2023-03-20,93.6273405170876,94.05682373046875,92.76837409032534,94.05682373046875,9948768
2023-03-21,94.48630003171547,94.91578321367781,91.47991775797907,91.9094009399414,10336445
2023-03-22,92.76837578169796,93.6273422241211,91.90940933927483,93.6273422241211,12460598
2023-03-23,93.62733714936545,95.34526994109693,93.19785395143258,94.91578674316406,12314132
2023-03-24,95.34526824951172,95.77475143982483,94.48630186888548,95.34526824951172,12864744
2023-03-27,95.34527510896734,95.34527510896734,93.19785900290952,93.6273422241211,12012678
2023-03-28,93.6273405170876,94.48630694384988,93.19785730370647,94.05682373046875,12197193
2023-03-29,94.48630020757427,96.63371612138278,94.05681702481257,95.77474975585938,16739564
2023-03-30,97.06320359971788,97.06320359971788,95.77475399441188,96.63372039794922,13624706
2023-03-31,97.49268680148654,98.35165320502387,95.77475399441188,96.63372039794922,19446187
2023-04-06,97.06320359971788,97.06320359971788,96.20423719618054,96.63372039794922,10805910
2023-04-07,97.0632027328284,97.0632027328284,94.4863035452312,94.91578674316406,9481455
2023-04-10,94.48630866654422,94.91579188775579,92.76837578169796,93.6273422241211,12679679
2023-04-11,93.6273422241211,94.05682544533265,92.76837578169796,93.6273422241211,10217055
2023-04-12,93.6273422241211,94.48630866654422,92.3388925604864,93.6273422241211,15765831
2023-04-13,91.90939729110053,92.33888045601222,88.47353197180706,88.90301513671875,38704784
2023-04-14,89.76199756640393,91.05044729223748,88.9030310825149,90.62096405029297,14176694
2023-04-17,90.62095472947607,91.47992112501612,89.761988333936,91.0504379272461,6523579
2023-04-18,91.05044729223748,91.479930534182,90.19148080834844,90.62096405029297,5937302
2023-04-19,90.62094779636548,90.62094779636548,88.47353197180706,88.90301513671875,11158946
2023-04-20,88.04404880689538,89.76198146654211,88.04404880689538,88.90301513671875,10496056
2023-04-21,88.04405212402344,89.33250166730183,88.04405212402344,88.04405212402344,19142268
2023-04-24,87.61457061767578,88.47353699628044,87.61457061767578,87.61457061767578,10168802
2023-04-25,88.47353870410637,88.47353870410637,86.75560591373538,87.18508911132812,10386079
2023-04-26,86.32611846923828,86.75560164570214,85.20945958907492,86.32611846923828,18094354
2023-04-27,85.89664119304997,87.61457401691096,85.72485053202134,86.75560760498047,11090336
2023-04-28,85.89664119304997,87.18509081094572,85.81074586253565,86.75560760498047,15189522
2023-05-02,86.75560164570214,87.6145679986299,85.46715211631053,86.32611846923828,13127604
2023-05-03,86.75560591373538,87.61457230892087,85.89663951854988,87.18508911132812,12056467
2023-05-04,87.18508411148218,88.90301680333405,86.75560093851922,88.4735336303711,9824724
2023-05-05,88.90301680333405,89.33249997629702,88.4735336303711,88.4735336303711,3605474
2023-05-08,88.90301348612859,89.76197980000423,88.47353032919077,89.3324966430664,5269127
2023-05-09,89.33250259326405,90.19146896435313,88.47353622217499,89.7619857788086,6375486
2023-05-10,89.33250166730183,89.33250166730183,87.61456894293065,88.04405212402344,10070534
2023-05-11,88.47353197180706,89.33249830163042,88.04404880689538,88.90301513671875,5147173
2023-05-12,88.04405045740812,88.90301680333405,87.61456728444516,88.4735336303711,9994899
2023-05-15,88.04405045740812,88.90301680333405,88.04405045740812,88.4735336303711,6823538
2023-05-16,89.3324966430664,90.19146295694205,88.90301348612859,89.3324966430664,11808688
2023-05-17,89.76199756640393,91.479930534182,89.33251432445941,90.62096405029297,17280581
2023-05-18,91.90940933927483,94.48630866654422,91.90940933927483,93.6273422241211,21578154
2023-05-19,94.05682544533265,94.05682544533265,92.76837578169796,93.6273422241211,9682280
2023-05-22,94.05682962590998,94.91579610651189,93.19786314530806,94.48631286621094,16475274
2023-05-23,94.48631286621094,95.34527934681286,92.7683799050071,94.48631286621094,13601480
2023-05-24,93.62733628233457,94.05681947629023,92.76836989442324,93.1978530883789,17062192
2023-05-25,94.48630267024589,96.20423544606854,93.1978530883789,93.1978530883789,39458660
2023-05-26,93.62733714936545,95.7747531390298,93.62733714936545,94.91578674316406,42121761
2023-05-29,96.20424155139048,96.20424155139048,93.19785900290952,93.6273422241211,35918469
2023-05-30,94.05681702481257,97.06319930414448,93.62733384205086,95.77474975585938,34910032
2023-05-31,94.91578339033597,96.63371612138278,94.91578339033597,95.77474975585938,41343237
2023-06-01,95.77475568226406,96.63372210093908,95.34527247292655,96.20423889160156,12896493
2023-06-02,97.92216419662017,100.49906325442596,97.49268102031921,100.069580078125,36200182
2023-06-05,101.3580296070279,102.21699595962983,99.21061372552307,100.069580078125,21733123
2023-06-06,100.49906921386719,104.79390123155382,99.64010281032985,104.36441802978516,41115039
2023-06-07,106.51182983398438,109.51821212768554,105.65286346435548,107.37079620361328,42850204
2023-06-08,106.08235511001276,107.37080476721938,104.79390545280611,105.223388671875,18450551
2023-06-09,106.94132477896554,108.65925770714169,105.65287508283343,108.22977447509766,20315008
2023-06-12,109.08873496492545,109.08873496492545,106.94131892230881,107.80028533935547,18925040
2023-06-13,109.08873409032822,109.94770050048828,108.22976768016815,109.94770050048828,21909868
2023-06-14,108.65925521544185,109.08873843763726,106.94132232666016,106.94132232666016,17614774
2023-06-15,107.370806305776,109.51822243189152,107.370806305776,108.65925598144531,13896949
2023-06-16,107.37080213083213,108.22976854787879,106.51183571378549,107.80028533935547,14109931
2023-06-19,107.370806305776,109.08873920666842,106.94132308055289,108.65925598144531,8959506
2023-06-20,108.65925598144531,109.51822243189152,107.370806305776,108.65925598144531,9414600
2023-06-21,107.80028953099911,109.08873920666842,107.80028953099911,108.65925598144531,11713354
2023-06-26,107.80029124305362,109.08874093918574,106.5118415469215,108.22977447509766,21034602
2023-06-27,108.22975823187059,108.22975823187059,104.79389289117628,106.51182556152344,28626139
2023-06-28,105.22337605876308,106.94130872911023,104.3644097235895,106.51182556152344,23553682
2023-06-29,106.51183832908163,106.51183832908163,104.36442223373724,105.223388671875,22964095
2023-06-30,105.03198953343733,105.03198953343733,100.86772563123056,102.25581359863281,36820383
2023-07-03,102.718505859375,103.64389780405405,101.33041794235642,102.718505859375,20070079
2023-07-04,102.25580988703547,103.18120183171453,101.33041794235642,102.718505859375,16542006
2023-07-05,102.255806208726,104.10659003150836,102.255806208726,103.18119812011719,12179964
2023-07-06,102.25580547701928,102.71850142940399,99.94232571509576,100.40502166748047,16608244
2023-07-07,100.86772155761719,101.33041752806497,99.94232961672162,100.86772155761719,20282186
2023-07-10,100.86772134568956,102.71850522359212,99.47963343726263,99.94232940673828,17366790
2023-07-11,101.33041381835938,102.71850167888485,100.40502191134239,101.33041381835938,15920276
2023-07-12,101.33041773709384,101.7931137084961,99.01693788008257,101.7931137084961,17724965
2023-07-13,103.64389759410511,103.64389759410511,101.7931137084961,101.7931137084961,14051932
2023-07-14,102.71850665548573,107.34546641474185,102.71850665548573,106.42007446289062,20135610
2023-07-17,107.80816239066746,107.80816239066746,105.4946825110394,106.42007446289062,19236163
2023-07-18,108.2708585673365,109.19625052090349,104.56929075306859,107.34546661376953,23053577
2023-07-19,107.34546196831597,107.80815792507596,104.1065902709961,104.1065902709961,16312316
2023-07-20,104.10659050626377,105.49467837968062,103.18119859065253,105.031982421875,10535434
2023-07-21,101.79311760949872,103.18120557690098,100.86772563123056,102.25581359863281,19506695
2023-07-24,102.71850958776689,103.18120557690098,101.79311760949872,102.25581359863281,10015353
2023-07-25,103.64390224140284,107.80816617074493,103.18120624925372,105.95738220214844,16172305
2023-07-26,106.88276625309746,107.34546221090308,104.56928646406938,105.031982421875,8139014
2023-07-27,104.10658685784591,105.49467468261719,103.18119497466506,105.49467468261719,11839037
2023-07-28,107.3454631399601,110.12163891082115,106.88276717814993,108.73355102539062,27234303
2023-07-31,109.19625414719228,109.6589501393414,105.49468620999932,105.95738220214844,22511362
2023-08-01,105.95737062420761,106.88276250738846,103.64389091625549,105.49467468261719,19786128
2023-08-02,104.10659755516915,104.56929354430324,101.33042162036463,102.25581359863281,24414699
2023-08-04,101.33041752806497,102.71850543940833,100.4050255871694,100.86772155761719,12452967
2023-08-07,100.86771834163922,103.18119812011719,100.40502238594362,103.18119812011719,5058025
2023-08-08,103.18120140985611,103.18120140985611,100.4050255871694,100.86772155761719,9969430
2023-08-09,100.86772197001689,103.18120183171453,100.86772197001689,102.718505859375,10828996
2023-08-10,102.25580988703547,102.718505859375,100.86772197001689,102.718505859375,13056022
2023-08-11,102.25581359863281,103.64390156603507,101.79311760949872,102.25581359863281,8155565
2023-08-14,101.79310977186786,102.71850167888485,100.86771786485089,101.33041381835938,8628977
2023-08-15,102.25580967989835,103.18120162270286,100.86772176569158,101.7931137084961,10535121
2023-08-16,100.86772134568956,101.33041731516519,99.016937467787,99.94232940673828,11496577
2023-08-17,98.09154190555695,100.86771761986518,96.24075809601814,100.40502166748047,14247001
2023-08-18,99.94232919283003,100.40502516131535,98.55424128737405,99.01693725585938,8069023
2023-08-21,99.47963343726263,99.94232940673828,98.55424149831136,99.94232940673828,5171063
2023-08-22,100.40502166748047,101.33041357224988,99.47962976271107,100.40502166748047,6415473
2023-08-23,99.47963000432541,101.33041381835938,99.47963000432541,101.33041381835938,4344356
2023-08-24,102.7185062644756,105.49468210946142,102.7185062644756,104.56929016113281,16653140
2023-08-25,102.71850330532877,109.19624675701616,102.71850330532877,107.80815887451172,39014855
2023-08-28,111.97242698348872,115.21129883838302,108.2708591493238,110.12164306640625,36999409
2023-08-29,110.12163891082115,110.58433487263132,107.3454631399601,108.73355102539062,19470686
2023-08-30,110.12164325714112,111.97242717742921,109.19625129699708,111.04703521728516,18304638
2023-08-31,110.12163517838817,110.58433112451586,107.80815544774977,109.19624328613281,18194335
2023-09-01,109.19624721350047,109.65894317626953,108.7335512507314,109.65894317626953,4234680
2023-09-04,109.6589392322605,109.6589392322605,107.34545950162209,109.19624328613281,8498192
2023-09-05,108.27085528796232,110.1216391390386,106.88276739965512,109.65894317626953,9877054
2023-09-06,109.6589392322605,110.58433112451586,108.27085139387745,109.19624328613281,11309089
2023-09-07,108.27085528796232,110.58433510180768,108.27085528796232,109.65894317626953,8864911
2023-09-08,108.27085483534653,108.73355079618135,105.49467907033764,107.80815887451172,12963946
2023-09-11,107.34546221090308,107.8081581687087,104.56928646406938,105.031982421875,15902279
2023-09-12,105.95737480394767,107.34546268347538,105.49467884410511,106.88276672363281,13330655
2023-09-13,106.88276601155599,106.88276601155599,103.18119835747613,104.1065902709961,20119471
2023-09-14,105.03198288426255,107.34546268347538,105.03198288426255,106.88276672363281,10197033
2023-09-15,106.88277063698604,108.73355454412,106.42007466020254,107.34546661376953,13948225
2023-09-18,105.49467837968062,106.88276625309746,105.031982421875,105.031982421875,8924301
2023-09-19,105.03197874102676,106.88276250738846,105.03197874102676,105.49467468261719,6299189
2023-09-20,106.42007819429756,107.3454701785958,105.03199021785021,105.95738220214844,10796203
2023-09-21,105.03198593003408,105.49468190329415,103.18120203699384,103.6438980102539,12158385
2023-09-22,102.71850606373378,104.56928995677403,102.25581009047372,103.6438980102539,9025837
2023-09-25,104.1065902709961,105.49467814127604,103.18119835747613,104.1065902709961,9393318
2023-09-26,103.18120140985611,103.18120140985611,100.4050255871694,100.86772155761719,16370829
2023-09-27,99.47963000432541,101.79310977186786,99.47963000432541,101.33041381835938,12048012
2023-09-28,101.33041381835938,101.79310977186786,100.86771786485089,101.33041381835938,7303495
2023-10-02,102.25580988703547,103.18120183171453,101.79311391469595,102.718505859375,5323426
2023-10-03,102.25581359863281,103.18120557690098,101.79311760949872,102.25581359863281,4578116
2023-10-04,100.86771786485089,102.25580572537636,100.40502191134239,101.33041381835938,8579225
2023-10-05,101.79311411721365,103.6438980102539,101.3304181439536,103.6438980102539,9576593
2023-10-06,103.64390156603507,103.64390156603507,102.25581359863281,102.25581359863281,5214488
2023-10-11,104.56928692441998,107.34546268347538,104.1065909645774,106.88276672363281,22552855
2023-10-12,107.3454629136769,109.19624675701616,105.95737503117246,107.80815887451172,15574867
2023-10-13,106.88276695284209,108.27085483534653,105.95737503117246,107.80815887451172,10453665
2023-10-16,106.42007466020254,107.34546661376953,105.49468270663557,107.34546661376953,9247105
2023-10-17,108.2708585673365,108.73355454412,107.34546661376953,107.34546661376953,12532669
2023-10-18,107.34546661376953,108.73355454412,105.95737868341905,107.34546661376953,19873716
2023-10-19,106.88277063698604,107.34546661376953,105.03198672985208,107.34546661376953,12992111
2023-10-20,106.42007143688605,109.65894317626953,106.42007143688605,109.65894317626953,20261096
2023-10-23,108.73355434251867,108.73355434251867,106.42007446289062,106.42007446289062,9766699
2023-10-24,105.95737062420761,105.95737062420761,104.56928279943634,105.49467468261719,10671716
2023-10-25,104.56928279943634,105.95737062420761,103.64389091625549,105.49467468261719,15147581
2023-10-26,102.71850606373378,105.03198593003408,101.79311411721365,103.6438980102539,16347714
2023-10-27,102.71850263284692,105.95737433748623,102.71850263284692,105.031982421875,13461915
2023-10-30,104.56928995677403,105.03198593003408,102.71850606373378,103.6438980102539,15653898
2023-10-31,103.64389454845815,105.49467837968062,103.64389454845815,105.031982421875,12483934
2023-11-01,104.56929422570109,106.42007819429756,104.56929422570109,105.95738220214844,7712823
2023-11-02,106.42007466020254,107.34546661376953,105.95737868341905,107.34546661376953,8323699
2023-11-03,107.80815910177027,108.73355102539062,107.3454631399601,108.73355102539062,9474779
2023-11-06,109.65894317626953,110.58433510180768,108.7335512507314,109.65894317626953,13454538
2023-11-07,109.1962469872008,109.65894294901096,107.80815910177027,108.73355102539062,6951668
2023-11-08,108.27085506358046,109.65894294901096,107.80815910177027,108.73355102539062,4876697
2023-11-09,108.27085139387745,109.6589392322605,108.27085139387745,109.19624328613281,5623205
2023-11-10,108.73355102539062,109.1962469872008,107.80815910177027,108.73355102539062,4979852
2023-11-13,111.50972791399275,114.28590371268136,111.04703194754464,113.36051177978516,25864674
2023-11-14,114.28590393066406,114.74859989799468,112.8978160286722,114.28590393066406,13139900
2023-11-15,115.67398858448816,117.52477240183997,115.21129263015021,116.59938049316406,21914559
2023-11-16,116.59938024902343,116.59938024902343,114.74859643554687,115.67398834228516,10509041
2023-11-17,115.21129629431492,116.59938420147535,114.74860032526145,116.13668823242188,6810632
2023-11-20,115.67399578709755,115.67399578709755,113.823211854504,114.74860382080078,7049794
2023-11-21,115.21129286758543,118.45016455462599,114.74859691229392,117.52477264404297,20750405
2023-11-22,116.13668087442873,117.52476869364502,116.13668087442873,117.06207275390625,7836987
2023-11-23,116.59938073345995,117.98746859933448,116.59938073345995,117.52477264404297,6491389
2023-11-24,117.52476869364502,118.45016057312253,117.06207275390625,117.06207275390625,6800946
2023-11-27,117.06207644750202,118.45016431051587,116.59938049316406,116.59938049316406,8062262
2023-11-28,116.59938420147535,117.06208017052882,115.6739922633684,116.13668823242188,10758855
2023-11-29,116.13668477816844,118.45016455462599,115.67398882287694,117.52477264404297,13660118
2023-11-30,117.52478045225143,118.4501724243164,116.59938848018646,118.4501724243164,18841204
2023-12-01,117.52478045225143,118.91286841034889,117.06208446621895,118.4501724243164,9884517
2023-12-04,119.37556475125825,121.22634870089017,119.37556475125825,120.30095672607422,10524967
2023-12-05,119.37556086359797,120.30095280827703,118.45016891891892,119.8382568359375,11565276
2023-12-06,118.91286098864651,119.37555694580078,117.52477311718371,119.37555694580078,8193534
2023-12-07,119.37555245260005,119.37555245260005,116.13668087442873,117.06207275390625,9613491
2023-12-08,118.45016891891892,120.76364878061655,117.98747294657939,119.8382568359375,14357271
2023-12-11,120.3009493296383,121.68903720651875,119.375557411718,121.2263412475586,9275769
2023-12-12,121.22634475295608,121.68904072529561,119.37556086359797,119.8382568359375,8089606
2023-12-13,119.83826073866624,121.22634870089017,119.37556475125825,120.30095672607422,7038569
2023-12-14,122.15173751316713,123.53982543945312,121.2263455623098,123.53982543945312,13601903
2023-12-15,123.53982104235934,124.00251700131948,121.2263412475586,121.2263412475586,15391528
2023-12-18,119.37556126815738,123.07712905941808,119.37556126815738,121.68904113769531,9721248
2023-12-19,121.68904113769531,122.15173711160291,120.30095321597256,121.68904113769531,10763114
2023-12-20,123.07712905941808,123.53982503332567,120.76364918988014,121.68904113769531,14874306
2023-12-21,119.83826073866624,121.22634870089017,118.91286876385028,120.30095672607422,11779025
2023-12-22,120.76364918988014,122.15173711160291,119.83825724206497,121.68904113769531,8911896
2023-12-25,121.68903720651875,122.15173316547889,120.3009493296383,121.2263412475586,5153447
2023-12-26,122.15172971329599,123.53981755094709,122.15172971329599,122.61442565917969,5235309
2023-12-27,123.07712946402445,124.00252141488178,122.6144334885958,123.53982543945312,7107572
2023-12-28,124.00250672062386,125.39059448242188,124.00250672062386,125.39059448242188,6761196
2023-12-29,125.853301775897,126.31599773830838,123.07712600142868,124.92790985107422,8333996
2024-01-02,124.46521739031044,124.9279133657391,122.15173751316713,123.53982543945312,11990282
2024-01-03,120.76364027181633,120.76364027181633,116.13668087442873,117.06207275390625,24357929
2024-01-04,117.06207668875146,118.45016455462599,116.59938073345995,117.52477264404297,8366576
2024-01-05,117.52476869364502,117.98746463338377,115.67398493468997,117.06207275390625,11917562
2024-01-08,117.06207644750202,118.45016431051587,116.13668453882612,116.59938049316406,8354374
2024-01-09,118.45016057312253,118.45016057312253,116.13668087442873,117.06207275390625,12967341
2024-01-10,116.59937681416748,117.06207275390625,114.74859305521245,117.06207275390625,8998129
2024-01-11,117.06208017052882,117.06208017052882,115.6739922633684,116.13668823242188,6337431
2024-01-12,116.59938049316406,116.59938049316406,115.67398858448816,116.59938049316406,5040982
2024-01-15,118.45016807768924,118.45016807768924,115.6739922633684,116.13668823242188,5985063
2024-01-16,115.21129629431492,117.06208017052882,113.82320838715451,116.13668823242188,10866196
2024-01-17,114.74859643554687,116.59938024902343,114.28590048217772,115.67398834228516,13752001
2024-01-18,115.67398882287694,118.9128605099175,113.8232050017109,117.52477264404297,12557143
2024-01-19,121.2263412475586,121.68903720651875,119.375557411718,121.2263412475586,21762940
2024-01-22,121.68904919252077,124.46522521972656,121.22635318798646,124.46522521972656,16613307
2024-01-23,125.39061722879516,125.39061722879516,124.00252921519227,124.46522521972656,9321907
2024-01-24,124.92790193700078,125.39059787010079,123.53981413770077,124.00251007080078,5032678
2024-01-25,124.46520684235287,126.7786865234375,124.00251090613595,126.7786865234375,8591561
2024-01-26,126.7786865234375,127.70407839587135,125.85329465100365,126.7786865234375,5987791
2024-01-29,126.7786865234375,127.24138245965442,126.31599058722057,126.7786865234375,3388501
2024-01-30,126.7787016139311,126.7787016139311,124.92791764876422,125.85330963134766,5766936
2024-01-31,124.92791764876422,126.31600562263938,124.4652216574725,125.85330963134766,8003129
2024-02-01,124.92791713628554,124.92791713628554,122.15174119992363,123.07713317871094,13386604
2024-02-02,122.15173669763513,122.61443266997466,119.37556086359797,119.8382568359375,16627034
2024-02-05,118.4501727764423,120.76365271348219,117.06208481421837,120.30095672607422,10779020
2024-02-15,126.31598632362056,126.77868224421991,124.00250672062386,125.39059448242188,15385016
2024-02-16,129.55486214073906,133.25642963047446,125.39059871478672,126.7786865234375,20527429
2024-02-19,126.7787016139311,127.70409359651454,125.39061364005595,125.85330963134766,7035912
2024-02-20,125.39059871478672,127.24138245965442,124.9279027785698,126.7786865234375,9456630
2024-02-21,126.31600966020063,127.7040976784446,125.85331365411932,127.24140167236328,6134190
2024-02-22,127.70409781666008,130.01757784957059,127.70409781666008,128.1667938232422,8704140
2024-02-23,129.5548747032354,132.33105058973334,128.62948274106947,130.94296264648438,14294848
2024-02-26,130.4802666654014,131.40565862756736,129.5548747032354,130.94296264648438,7850892
2024-02-27,130.01756612805352,130.48026209292203,127.70408630371094,127.70408630371094,9909120
2024-02-29,125.39061413222937,129.5548780702001,125.39061413222937,128.62948608398438,12202232
2024-03-01,128.62947823344797,129.554870163185,127.24139033884242,127.70408630371094,8584477
2024-03-04,128.62948274106947,131.86835460865035,128.62948274106947,130.94296264648438,13176865
2024-03-05,130.94295572987065,134.1818274263692,130.94295572987065,133.71913146972656,13290186
2024-03-06,133.7191288071191,138.34608828141387,133.2564328596896,137.88339233398438,16593838
2024-03-07,143.4357436060541,151.30157470703125,141.12226387047258,151.30157470703125,43189146
2024-03-08,163.79438107290238,163.79438107290238,145.28654140364787,147.6000213623047,74157270
2024-03-11,147.1373204813375,147.1373204813375,140.6595768123478,142.51036071777344,26038974
2024-03-12,142.5103502061632,146.21191774398562,141.5849583217076,145.7492218017578,13842984
2024-03-13,146.67462158203125,148.06270948343848,143.8984457792168,146.67462158203125,18468774
2024-03-14,144.82384059955547,145.28653657591187,140.6595768123478,142.51036071777344,15036219
2024-03-15,139.27148118361927,142.97304878982843,137.88339333129085,141.5849609375,23682039
2024-03-18,142.04766551150553,146.6746253001539,142.04766551150553,146.21192932128906,15626980
2024-03-19,146.2119297027588,148.5254096031189,143.8984498023987,148.06271362304688,18415260
2024-03-20,146.6746365970697,148.9881166695787,144.3611565245607,144.8238525390625,14981893
2024-03-21,145.74923372268677,148.98810558319093,144.82384176254274,148.06271362304688,16610128
2024-03-22,148.0627057537343,148.0627057537343,145.74922597633218,147.13731384277344,10934879
2024-03-25,147.13730962844122,147.13730962844122,143.8984380328466,145.7492218017578,11807965
2024-03-26,145.7492254949679,147.13731335682473,141.5849619093974,145.28652954101562,11991906
2024-03-27,143.43575267048624,144.36114462319907,141.1222727887042,142.51036071777344,17322980
2024-03-28,143.43576049804688,144.36115250126008,141.12228049001388,143.43576049804688,15504776
2024-03-29,142.51035381730196,145.7492254949679,140.65957000149285,145.28652954101562,8745000
2024-04-01,147.60001561482747,148.06271158854167,138.8087921142578,138.8087921142578,25932841
2024-04-02,140.19686944321623,143.89843695326815,139.73417350445976,142.0476531982422,17127139
2024-04-03,142.51034180477598,143.43573363467712,140.6595581449737,142.97303771972656,14237233
2024-04-08,145.28652854370915,145.28652854370915,140.19687308517157,141.5849609375,12788790
2024-04-09,142.51034604586087,145.28652161818283,141.1222582596999,144.3611297607422,12451524
2024-04-10,145.74922964775976,147.137317549167,144.82383771348827,146.67462158203125,17867950
2024-04-11,144.36113810989093,147.13731384277344,144.36113810989093,147.13731384277344,14703645
2024-04-12,146.21192604136243,148.98810185227438,146.21192604136243,148.52540588378906,14785670
2024-04-15,145.28653774261474,149.91349754333496,143.8984498023987,148.06271362304688,15746738
2024-04-16,144.823832592933,146.67461639603758,141.12226498672385,141.5849609375,21447952
2024-04-17,141.58495418842023,144.3611297607422,140.65956233097955,144.3611297607422,10603473
2024-04-18,143.43575989173738,143.43575989173738,139.73419189453125,139.73419189453125,19331309
2024-04-19,137.4207033653782,138.8087912781598,132.7937436561062,135.1072235107422,36186891
2024-04-22,134.64452338301186,135.1072193396545,130.94295572987065,133.71913146972656,15709145
2024-04-23,139.73417505724677,139.73417505724677,133.71912778657057,134.18182373046875,12628368
2024-04-24,136.0326007121318,139.7341680784483,136.0326007121318,136.95799255371094,12566703
2024-04-25,135.1072156182651,136.03260750606142,132.33103995487608,134.18182373046875,12719244
2024-04-26,133.25643503289473,134.64452289782074,131.40565121299343,131.86834716796875,13389085
2024-04-29,132.7937513078962,136.49531928860412,132.7937513078962,136.03262329101562,9679827
2024-04-30,135.10720887055268,137.88338439529005,135.10720887055268,136.95799255371094,11510545
2024-05-02,133.71913146972656,134.64452338301186,131.4056516865133,133.71913146972656,15590529
2024-05-03,135.10720887055268,137.42068847450048,134.6445129497631,136.95799255371094,10215536
2024-05-06,138.8087762368692,138.8087762368692,135.56990479134222,136.95799255371094,9180526
2024-05-07,138.34610389557895,140.19688789418203,137.8834078959282,139.73419189453125,10295561
2024-05-08,138.80878841362127,139.271484375,136.9580045681063,139.271484375,9775148
2024-05-09,137.88338439529005,138.8087762368692,136.0326007121318,136.95799255371094,8397391
2024-05-10,138.346085148676,142.04765264429275,137.42069327477182,140.19686889648438,15027164
2024-05-13,140.19686399923788,141.58495176160656,136.49529663292137,136.95799255371094,11691002
2024-05-14,136.9580004391254,139.2714801762728,136.9580004391254,137.88339233398438,6927419
2024-05-15,138.80879989522973,142.04767189278508,138.80879989522973,139.73419189453125,10645652
2024-05-16,141.58496795654295,142.51035990397133,138.8087921142578,138.8087921142578,8462257
2024-05-17,137.42069327477182,141.12226077038858,137.42069327477182,140.19686889648438,6669168
2024-05-20,140.19688044096293,141.1222723910683,138.8087925158049,140.65957641601562,6298238
2024-05-21,140.6595768123478,142.97305669412984,140.6595768123478,142.51036071777344,8386068
2024-05-22,143.43575676921097,144.82384473794525,142.51036479005475,143.89845275878906,8548385
2024-05-23,143.8984390589475,149.45079040527344,143.8984390589475,149.45079040527344,17387331
2024-05-24,147.6000213623047,149.45080532923015,146.2119333871106,147.6000213623047,10043525
2024-05-27,149.9134873681198,153.6150549574561,149.45079141945277,153.15235900878906,15906805
2024-05-28,154.5404425830376,155.00313851891494,150.8388750960187,151.76426696777344,9601475
2024-05-29,151.76427436313747,153.15236223841006,149.91349052944065,150.83888244628906,9873570
2024-05-30,147.60001351630274,148.98810141770997,145.28653368062402,146.67462158203125,15027339
2024-05-31,147.13731335682473,148.98809717263387,144.36113763311107,145.28652954101562,33752677
2024-06-03,146.2119373771715,149.91350541203659,145.74924137281334,148.9881134033203,12868452
2024-06-04,148.06271735403607,148.98810933749877,146.2119333871106,147.6000213623047,12797795
2024-06-05,146.67461740287246,147.13731335682473,144.82383358706335,145.28652954101562,12777601
2024-06-06,147.13732166290285,149.91349754333496,146.67462568283082,148.06271362304688,11481384
2024-06-07,148.06271735403607,148.52541334576742,146.2119333871106,147.6000213623047,6973913
2024-06-11,146.2119297027588,148.98810558319093,145.28653774261474,148.06271362304688,9876293
2024-06-12,148.0626953125,150.83887084960938,147.59999938964845,150.3761749267578,8937512
2024-06-13,153.61505071128286,155.00313851891494,151.76426696777344,151.76426696777344,10600765
2024-06-14,152.2269785777632,153.6150665283203,150.8388906272061,153.6150665283203,6458288
2024-06-17,153.61504395993168,156.39121945318348,152.68965212884777,154.54043579101562,8462035
2024-06-18,154.07775597823294,158.7047156172189,153.61506001433435,158.2420196533203,12416301
2024-06-19,161.01819717151494,167.49594073588622,160.55550120263126,165.64515686035156,18662157
2024-06-20,166.57054086749474,166.57054086749474,163.79436518636982,164.71975708007812,9069718
2024-06-21,161.48089599609375,163.33167990435845,160.09280806489525,161.48089599609375,16533889
2024-06-24,160.09280767026155,161.943591573964,158.7047197424847,159.63011169433594,11930909
2024-06-25,153.61507456401395,157.31664262579744,150.83889851767637,156.39125061035156,19332204
2024-06-26,155.0031519350798,161.943591573964,155.0031519350798,159.63011169433594,15097262
2024-06-27,156.39124351324037,160.09281140704488,156.39124351324037,159.16741943359375,13591291
2024-06-28,156.39122376031622,158.24200747345606,155.00313597546133,155.92852783203125,17775052
2024-07-01,154.68938670984517,158.5088777397179,154.2119503311111,157.07656860351562,21435632
2024-07-02,157.55400459721403,158.50887735234866,151.82476806640625,151.82476806640625,24669081
2024-07-03,154.21193749733803,155.64424651434118,152.30219214133385,153.25706481933594,13802996
2024-07-04,155.16681096639977,158.5088653564453,155.16681096639977,158.5088653564453,11145832
2024-07-05,159.94118438630147,161.37349350020864,157.5540025297895,160.89605712890625,7402155
2024-07-08,160.89605474057404,165.19298201851223,159.94118201214334,164.71554565429688,10039994
2024-07-09,166.14785410563152,171.87709045410156,164.715545018514,171.87709045410156,25436067
2024-07-10,172.8319673245996,174.74171281989902,168.53503996017582,171.399658203125,14005607
2024-07-11,174.26428269970324,184.76788330078125,171.87710074491278,184.76788330078125,26008317
2024-07-12,179.51607786366637,179.51607786366637,167.10273205394475,169.4899139404297,43323823
2024-07-15,171.87709457694984,173.30940369842443,169.0124763340007,171.399658203125,17529345
2024-07-16,169.48991679612485,171.87709872283082,168.05760764010125,170.92222595214844,14366999
2024-07-17,169.4899034892043,179.51606679419947,168.53503079349048,174.26426696777344,26774948
2024-07-18,167.5801807750355,170.92223566228694,162.80581665039062,168.0576171875,24530288
2024-07-19,164.7155427096183,166.62528813233848,160.4186155084978,163.28323364257812,26435615
2024-07-22,160.89606387440753,161.37350026572625,155.64426356990163,156.59913635253906,20507458
2024-07-23,160.4186183763587,167.10272747537363,159.94118201214334,164.71554565429688,17472118
2024-07-26,148.4827117919922,149.91502090895676,148.4827117919922,148.4827117919922,48354286
2024-07-29,148.9601494108815,149.91502216351537,145.1406584003461,146.57296752929688,22256679
2024-07-30,144.18578444109852,149.91502090895676,142.27603895181247,148.4827117919922,19403668
2024-07-31,145.61809310913085,147.0504022216797,142.7534748840332,143.2309112548828,20355574
2024-08-01,147.0504039056138,148.4827130345646,145.1406584003461,146.57296752929688,14710602
2024-08-02,140.8437217154154,143.2309034394055,136.5467946122332,137.02423095703125,26562500
2024-08-05,127.4755157177265,128.9078248830942,123.65602461007926,124.13346099853516,30624178
2024-08-06,130.34012545498936,132.2498708829013,123.1785801003196,131.2949981689453,28764195
2024-08-07,135.11448449203647,139.4114115606878,132.72730278723017,138.93397521972656,27115008
2024-08-08,132.72730310412422,134.1596121304277,129.86268505151722,131.77243041992188,22323383
2024-08-09,136.069357173959,141.7985932654941,134.63704815107522,138.93397521972656,21824697
2024-08-12,138.9339810766355,145.14065377078072,138.9339810766355,141.79859924316406,19569220
2024-08-13,141.7986103544299,144.6632287454285,140.36630115893064,142.2760467529297,12318756
2024-08-14,144.18578045184796,149.9150167611929,144.18578045184796,148.96014404296875,22643796
2024-08-15,147.52783016179572,148.0052665053614,144.18577575683594,144.18577575683594,16958521
2024-08-16,148.4827130345646,149.91502216351537,146.57296752929688,146.57296752929688,14628720
2024-08-19,147.527851451527,147.527851451527,144.66323297674006,147.0504150390625,11972146
2024-08-20,148.960152312248,148.960152312248,147.05040676978328,148.00527954101562,10403935
2024-08-21,146.09552412189421,147.52783318191277,144.66321506187563,145.6180877685547,14807826
2024-08-22,145.61809310913085,145.61809310913085,141.79860214233398,143.2309112548828,13198628
2024-08-23,140.84372536288544,143.70834350585938,139.8888526485608,143.70834350585938,15604259
2024-08-26,144.18578524202914,145.14065799197635,140.84373061721388,141.3211669921875,13256723
2024-08-27,140.36630249023438,141.7986116993184,139.41142968417836,140.36630249023438,8537437
2024-08-28,141.32116458290503,146.0955282512464,140.36629184923675,145.14065551757812,10002021
2024-08-29,142.75347368340744,146.57296461808056,142.2760373165733,145.14065551757812,10648303
2024-08-30,145.618094776663,148.00527665824765,145.1406584003461,146.57296752929688,13044808
2024-09-02,148.4827017191968,149.437574399063,145.14064733966504,146.09552001953125,8455605
2024-09-03,145.61809602743722,146.57296878827287,144.18578688618373,144.66322326660156,7023257
2024-09-04,136.0693582674352,139.41141268102135,134.15961288824315,137.02423095703125,20067176
2024-09-05,138.4565399914253,139.41141268102135,137.02423095703125,137.02423095703125,7334732
2024-09-06,137.50166843805212,138.4565411355386,135.11448669433594,135.11448669433594,7269869
2024-09-09,131.77244309976066,136.54680698018677,131.29500671171806,135.59193420410156,12405182
2024-09-10,136.54680160997648,139.4114198255704,136.06936524071082,137.97911071777344,9539010
2024-09-11,137.0242433682294,137.501679756272,134.63706142801632,135.59193420410156,11434544
2024-09-12,139.41142557435117,142.75348029702397,139.41142557435117,140.84373474121094,14796967
2024-09-13,140.84373889326238,141.3211752962904,139.41142968417836,140.36630249023438,9198222
2024-09-16,146.09554221413353,148.96016068892047,144.66323297674006,147.0504150390625,21413339
2024-09-18,145.6180877685547,148.48270588859182,142.27603329517802,145.6180877685547,30646943
2024-09-19,143.70834641707572,145.61809188441228,141.32116458290503,145.14065551757812,25882949
2024-09-20,148.96015648702974,149.9150292850235,145.6181016940515,147.52784729003906,35257586
2024-09-23,148.00527827754902,149.91502380371094,146.09553275138708,149.91502380371094,17481136
2024-09-24,148.00527827754902,149.91502380371094,145.14065998830614,149.91502380371094,19774934
2024-09-25,150.86988421419065,151.8247568990906,148.96013884439077,151.34732055664062,24771341
2024-09-26,150.86989689753605,155.1668243408203,150.86989689753605,155.1668243408203,25304992
2024-09-27,155.64425908694477,156.1216954645121,151.82476806640625,151.82476806640625,26628128
2024-09-30,148.0052665053614,149.43757553605843,144.18577575683594,144.18577575683594,18422309
2024-10-01,143.7083505057659,147.52784154910853,143.7083505057659,144.66322326660156,10543426
2024-10-04,143.23090306970457,146.57295747466435,142.27603038257323,144.18577575683594,18519897
2024-10-07,146.0955339985509,148.00527954101562,145.14066122731856,148.00527954101562,12957530
2024-10-08,145.61808367959813,146.09552001953125,144.66321099973192,146.09552001953125,11015367
2024-10-09,146.09554221413353,148.48272427645597,146.09554221413353,147.0504150390625,10316983
2024-10-11,148.00527954101562,149.91502508348034,146.5729703841671,148.00527954101562,12002284
2024-10-14,148.96014288407338,153.25707008265243,148.00527017327803,150.86988830566406,14793412
2024-10-15,152.30220244546317,161.37349350020864,151.3473297028584,160.89605712890625,34602584
2024-10-16,156.12169175581496,161.37349178429804,155.64425538958923,157.5540008544922,33917206
2024-10-17,158.50886945926172,158.98630581305466,155.64425133650397,158.03143310546875,14912181
2024-10-18,165.1929796318031,165.1929796318031,153.7345070561867,156.12168884277344,35535129
2024-10-21,156.5991418797165,157.07657828788638,153.73452343069732,154.2119598388672,16923674
2024-10-22,154.2119543959455,157.07657274385778,153.73451800462678,156.59913635253906,13624689
2024-10-23,156.5991418797165,157.07657828788638,153.73452343069732,154.2119598388672,11623014
2024-10-24,153.7345135766755,155.16682270937747,151.82476806640625,151.82476806640625,9484095
2024-10-25,151.82477371780962,155.6442648805218,151.82477371780962,154.68939208984375,9396278
2024-10-28,155.16682145018015,156.1216941975659,152.30220320802297,153.73451232910156,10029721
2024-10-29,152.30219324154055,152.30219324154055,148.4827025019408,151.34732055664062,17231596
2024-10-30,151.34733294833237,152.77964209295382,149.91502380371094,149.91502380371094,13443105
2024-11-01,138.9339960271662,148.00528786399147,138.45655961470172,147.0504150390625,30646210
2024-11-04,147.52783318191277,148.48270588859182,144.66321506187563,145.6180877685547,12613121
2024-11-05,143.2309112548828,143.70834762573242,141.32116577148437,143.2309112548828,17308986
2024-11-06,144.18578278390984,147.52783735174881,143.70834641707572,145.14065551757812,13421941
2024-11-07,144.66321681096002,150.86988947941705,144.18578045184796,148.96014404296875,15612074
2024-11-08,150.86989365359977,152.30220277056435,148.00527541967068,148.4827117919922,12460015
2024-11-11,148.0052742125496,151.82476515997024,146.57296510726687,150.3924560546875,8019989
2024-11-12,147.05039682857324,148.0052695352523,145.6180877685547,145.6180877685547,15116838
2024-11-13,145.6180963698466,155.16682400065622,145.6180963698466,149.91502380371094,27999084
2024-11-14,148.96016068892047,149.43759710138494,145.14066938920456,147.0504150390625,20419976
2024-11-15,147.05040676978328,152.30220701156125,146.5729703841671,148.00527954101562,20734916
2024-11-18,148.00527792952636,148.48271430994419,143.7083505057659,144.66322326660156,17782522
2024-11-19,150.86990208301728,152.30221128000795,146.0955380930484,147.52784729003906,25150693
2024-11-20,148.00527954101562,148.00527954101562,148.00527954101562,148.00527954101562,15599226
2024-11-21,146.09553115297996,147.0504039056138,143.23091289507838,146.57296752929688,13386825
2024-11-22,148.48271876326004,150.86990073694588,148.48271876326004,149.43759155273438,12173225
2024-11-25,150.86988947941705,151.34732583852914,148.96014404296875,148.96014404296875,11433704
2024-11-26,148.00527954101562,148.960152312248,147.52784315539947,148.00527954101562,7925944
2024-11-27,147.52783436315798,148.00527072032028,143.70834350585938,143.70834350585938,12960717
2024-11-28,144.18579371445844,144.66323011748645,139.41142968417836,140.36630249023438,17213695
2024-11-29,139.88885946242328,145.61809602743722,139.41142308200546,144.66322326660156,11663361
2024-12-02,145.6181016940515,148.48272008803283,145.6181016940515,147.52784729003906,10592228
2024-12-03,149.91502508348034,151.82477062594506,147.52784315539947,148.00527954101562,17792446
2024-12-04,148.00527017327803,150.86988830566406,146.57296110708504,150.86988830566406,17757696
2024-12-05,151.34732879154265,151.82476515997024,148.96014694940476,150.3924560546875,15844570
2024-12-06,151.3473275881202,154.6893821405393,150.86989122348893,152.3022003173828,18621648
2024-12-09,152.77963256835938,153.73450527191162,151.347323513031,152.77963256835938,6646996
2024-12-10,151.8247610164594,151.8247610164594,150.3924519502664,150.86988830566406,8874577
2024-12-11,148.48270768385666,150.86988947941705,148.0052713247446,148.96014404296875,9879664
2024-12-12,148.00527827754902,152.30220571141334,148.00527827754902,149.91502380371094,13779360
2024-12-13,149.43757518684075,152.77962958399053,149.43757518684075,151.34732055664062,10490438
2024-12-16,152.7796284803349,155.64424651434118,152.30219214133385,153.25706481933594,18050159
2024-12-17,151.8247610164594,153.25707008265243,149.91501559486872,150.86988830566406,13695399
2024-12-18,151.82476683433012,154.6893850764873,151.82476683433012,153.73451232910156,11468832
2024-12-19,150.86989408694438,153.73451232910156,150.39245771325153,153.73451232910156,9710761
2024-12-20,152.3022015283978,154.21194700210813,150.3924560546875,150.3924560546875,23462634
2024-12-23,151.34731946333176,155.16681017534012,151.34731946333176,153.25706481933594,9487301
2024-12-24,154.68938670984517,158.986314118452,154.68938670984517,157.07656860351562,14909199
2024-12-25,158.03143310546875,159.46374216684762,157.55399675167578,158.03143310546875,7794911
2024-12-26,158.03143722071792,158.50887358694365,156.12169175581496,157.5540008544922,5229495
2024-12-27,157.07656448826646,158.98630995316938,157.07656448826646,157.5540008544922,6158598
2024-12-30,156.59912520009078,158.5088706293602,156.12168884277344,156.12168884277344,8469357
2024-12-31,154.68939208984375,155.6442648805218,153.7345192991657,154.68939208984375,5512390
2025-01-02,154.21193749733803,155.64424651434118,152.7796284803349,153.25706481933594,7489059
2025-01-03,155.644257823873,156.59913057125874,153.2570759554087,153.73451232910156,6061633
2025-01-06,156.12168364926993,159.94117438075054,156.12168364926993,158.5088653564453,13477371
2025-01-07,161.850922328404,169.9673402622768,160.41861328125,167.10272216796875,33178007
2025-01-08,167.10273586973852,167.10273586973852,163.2832447641445,163.76068115234375,18070131
2025-01-09,164.7155377951013,166.14784681940654,158.03142901501025,158.5088653564453,12566692
2025-01-10,157.5540025297895,162.32836624281342,157.5540025297895,160.89605712890625,10736840
2025-01-13,158.5088790189303,159.94118816669172,154.21195157564603,155.1668243408203,15554342
2025-01-14,153.2570759554087,156.1216941975659,152.77963958171586,153.73451232910156,13483329
2025-01-15,153.73452343069732,156.5991418797165,152.3022142061877,154.2119598388672,12087372
2025-01-16,158.98630995316938,161.37349178429804,157.5540008544922,157.5540008544922,16659797
2025-01-17,158.98630169788038,159.46373803931547,156.12168364926993,158.5088653564453,13230814
2025-01-20,158.98631326542343,165.1929861556652,158.98631326542343,164.2381134033203,15717035
2025-01-21,163.28324065097544,165.1929861556652,162.805804274803,164.2381134033203,9913674
2025-01-22,167.1027361336401,170.4447908563129,164.23811779992056,169.01248168945312,24305294
2025-02-03,153.73451232910156,158.50887606603018,152.77963958171586,153.73451232910156,37477086
2025-02-04,154.21194700210813,155.64425610739087,149.9150196862599,150.3924560546875,20092620
2025-02-05,152.3022142061877,155.64426906337678,152.3022142061877,154.2119598388672,14165783
2025-02-06,154.21194870279444,157.0765669449516,153.73451232910156,153.73451232910156,8656041
2025-02-07,153.734513952377,158.03144136098382,153.734513952377,157.07656860351562,15747224
2025-02-10,155.6442582413957,160.41862199113174,154.6893854914485,158.98631286621094,19546373
2025-02-11,158.03143196675313,161.37348641922225,158.03143196675313,159.94117736816406,13967659
2025-02-12,159.46374216684762,160.41861487443353,158.03143310546875,158.03143310546875,8566742
2025-02-13,157.07656497899387,164.23811049475347,157.07656497899387,162.80580139160156,21390094
2025-02-14,165.1929767717634,168.05759486607144,163.28323137555805,167.10272216796875,28457804
2025-02-17,166.14785526575668,171.39965528852485,165.6704189000505,169.96734619140625,17984710
2025-02-18,169.01248041078364,172.83197149351324,169.01248041078364,170.92222595214844,11402708
2025-02-19,170.44479790045713,177.60634403072845,170.44479790045713,175.2191619873047,24432526
2025-02-20,175.69658556754874,176.65145831519845,169.48991270782554,171.399658203125,23357630
2025-02-21,170.44478830579894,174.26427936027062,168.5350427785631,172.83197021484375,18326460
2025-02-24,169.48992642489347,169.96736283735797,166.14787153764206,168.0576171875,19043358
2025-02-25,163.76068543172084,169.4899222398277,163.28324903104527,168.53504943847656,20523405
2025-02-26,165.67040906944166,168.05759075632122,164.23810005731391,167.5801544189453,21556954
2025-02-27,167.10272448801854,167.5801608436986,161.3734882198579,163.28323364257812,23340555
2025-03-03,156.59912404408988,159.9411785206406,156.12168769029694,158.03143310546875,16668853
2025-03-04,153.73451800462678,158.50888191781394,152.77964522198934,156.59913635253906,22983973
2025-03-05,158.5088653564453,161.37348340505577,157.55399267357515,158.5088653564453,18253267
2025-03-06,160.4186107221856,161.85091974649083,158.03142901501025,158.5088653564453,9266611
2025-03-07,155.64426072340746,158.03144263634314,155.1668243408203,155.1668243408203,9475214
2025-03-10,155.16682145018015,156.1216941975659,153.2570759554087,153.73451232910156,8645374
2025-03-11,148.0052713247446,151.34732583852914,146.09552588829627,148.96014404296875,20092741
2025-03-12,149.4375861785697,154.68938633181014,148.96014980100236,151.82476806640625,17050335
2025-03-13,155.16681973896328,156.59912884424602,150.3924560546875,150.3924560546875,13845848
2025-03-14,151.34733424032888,152.77964339717744,148.00527954101562,148.00527954101562,11983893
2025-03-17,150.3924560546875,152.3022015283978,149.9150196862599,150.3924560546875,10330526
2025-03-18,152.30219214133385,153.734501158337,151.8247558023328,153.25706481933594,11445218
2025-03-19,152.77963372725475,154.21194279344778,150.86988830566406,150.86988830566406,8894576
2025-03-20,151.82476966271034,156.59913348858174,151.82476966271034,155.1668243408203,10714341
2025-03-21,156.59913057125874,156.59913057125874,152.77963958171586,153.73451232910156,16661774
2025-03-24,155.16681017534012,155.64424651434118,152.30219214133385,153.25706481933594,7652980
2025-03-25,154.6893738363391,155.64424651434118,152.30219214133385,153.25706481933594,7412931
2025-03-26,154.2119598388672,155.16683265520692,153.25708702252746,154.2119598388672,4738454
2025-03-27,150.86990073694588,151.34733713168305,147.5278459737857,149.43759155273438,16331290
2025-03-28,146.5729616488333,147.05039800599565,142.2760344343724,143.70834350585938,18877507
2025-03-31,137.02423506516678,140.8437259380634,136.5467987060547,136.5467987060547,20073313
2025-04-01,137.5016787729933,144.1857881577916,137.02424238836485,142.75347900390625,15634479
2025-04-02,141.7986103544299,144.18579234692874,141.7986103544299,142.2760467529297,10429092
2025-04-07,128.43038940429688,128.43038940429688,128.43038940429688,128.43038940429688,3405933
2025-04-08,116.97191305721508,124.61089513442096,116.97191305721508,121.74627685546875,33749347
2025-04-09,116.4944728685462,117.4493455969769,109.81036376953125,109.81036376953125,28734379
2025-04-10,120.7914047241211,120.7914047241211,120.7914047241211,120.7914047241211,4087080
2025-04-11,117.44935239203357,129.8626985798095,116.01704321652096,128.43038940429688,37124244
2025-04-14,126.52063751220703,131.77243755988354,125.56576477626585,126.52063751220703,25697305
2025-04-15,127.4755084611393,131.2949993513607,126.04319937730628,129.38525390625,12225806
2025-04-16,127.47550964355469,128.9078187406733,126.0432005464361,127.47550964355469,7832335
2025-04-17,124.13346515198933,125.5657743652815,121.26884672540496,123.6560287475586,13417582
2025-04-18,124.61089804006177,125.56577082197796,122.70115247622941,123.1785888671875,8624888
2025-04-21,122.70114135742188,124.13345040050461,122.22370500972762,122.70114135742188,4205022
2025-04-22,122.22371323529411,125.56576789407168,121.26884047564337,121.74627685546875,7423497
2025-04-23,126.52063459916549,131.2949981689453,126.0431982421875,131.2949981689453,9807482
2025-04-24,130.34012845597178,130.34012845597178,126.52063751220703,126.52063751220703,8650133
2025-04-25,132.72730723987928,135.11448902476917,130.81756181196732,131.2949981689453,15506401
2025-04-28,131.77243866189554,132.24987503385893,129.86269317404196,130.81756591796875,7138875
2025-04-29,130.81756878243456,132.2498779296875,129.38525963518163,132.2498779296875,9776474
2025-04-30,130.81756299008305,131.2949993513607,129.38525390625,129.38525390625,8403696
2025-05-02,131.77243744555136,133.2047465482204,130.8175647104387,132.72731018066406,10473829
2025-05-05,132.72730539805852,134.1596144491167,127.95294189453125,127.95294189453125,9506384
2025-05-06,128.90780941470638,134.63704538869334,128.43037308354081,130.34011840820312,17347021
2025-05-07,130.81756299008305,131.77243571263838,128.43038118369466,129.38525390625,13078004
2025-05-08,129.38525274103338,132.2498708829013,129.38525274103338,131.2949981689453,7144459
2025-05-09,131.2949981689453,132.72730723987928,129.86268909801137,131.2949981689453,6354093
2025-05-12,132.7273158758459,136.06937059214417,132.24987948780327,135.59193420410156,7766883
2025-05-13,140.36628838900862,140.36628838900862,137.5016702586207,138.45654296875,9116185
2025-05-14,141.32116577148437,143.2309112548828,140.84372940063477,143.2309112548828,10117723
2025-05-15,143.23090714869704,144.1857798630217,140.84372536288544,143.70834350585938,8892849
2025-05-16,141.7986116993184,142.2760481023464,138.93399328115035,140.36630249023438,10101103
2025-05-19,138.45655253235722,139.41142530844246,135.11449781605896,135.59193420410156,14543951
2025-05-20,137.5016632080078,139.41140853034125,137.5016632080078,137.5016632080078,8101822
2025-05-21,137.97911071777344,139.4114198255704,137.50167434850778,137.97911071777344,7294487
2025-05-22,138.45654296875,140.36628838900862,137.5016702586207,138.45654296875,6900143
2025-05-23,138.4565483227111,138.93398469623767,135.59193008155154,136.06936645507812,6122388
2025-05-26,135.59191788567438,137.97909953859116,134.63704522450763,137.5016632080078,4247232
2025-05-27,137.0242320893089,137.0242320893089,134.6370503455927,135.11448669433594,7595227
2025-05-28,138.45655253235722,138.45655253235722,134.63706142801632,135.59193420410156,8924512
2025-05-29,135.11448481463003,136.06935749883237,131.77243041992188,131.77243041992188,29235703
2025-06-02,130.34013497164702,132.24988053899716,126.99808022878426,128.43038940429688,15629483
2025-06-03,129.8626914720857,130.81756420349808,127.47550964355469,127.47550964355469,21330056
2025-06-04,130.3401351928711,134.15962633405414,130.3401351928711,133.68218994140625,17054298
2025-06-05,132.7273212829371,136.06937613538517,132.7273212829371,133.2047576904297,11775484
2025-06-06,132.72731018066406,134.63705565088944,131.77243744555136,132.72731018066406,6997588
2025-06-09,133.68218994140625,135.1144991193499,132.7273171561105,133.68218994140625,8004102
2025-06-10,135.11449370802495,137.0242392021313,135.11449370802495,136.06936645507812,13982300
2025-06-11,138.4565388787653,140.36628424261033,137.5016661968428,138.93397521972656,16104979
2025-06-12,140.36628838900862,140.36628838900862,136.06936119342672,138.45654296875,13036445
2025-06-13,136.0693582674352,138.9339763362233,134.63704923304115,137.02423095703125,13717548
2025-06-16,136.54679754849138,139.4114156788793,136.54679754849138,138.45654296875,9967870
2025-06-17,139.41142149229307,142.2760397421347,139.41142149229307,141.3211669921875,12469401
2025-06-18,140.3662942422403,143.23091249208193,139.88885786726667,141.3211669921875,10900858
2025-06-19,140.84373186712395,142.75347738396633,138.456549971071,139.4114227294922,8528558
2025-06-20,138.93398345630473,140.36629256410168,137.02423797924214,137.97911071777344,11103075
2025-06-23,136.0693748629823,140.36630249023438,135.5919384599543,140.36630249023438,13138081
2025-06-24,142.75347900390625,143.2309153885347,141.3211698500209,142.75347900390625,13604439
2025-06-25,143.7083383198657,146.09552001953125,143.23090197993258,146.09552001953125,12307157
2025-06-26,144.66321506187563,146.09552412189421,143.23090600185708,145.6180877685547,16326024
2025-06-27,144.18578399658205,145.14065673828125,141.79860214233398,143.2309112548828,20559915
2025-06-30,143.23091668597723,143.23091668597723,140.84373474121094,140.84373474121094,19218356
2025-07-01,140.36628424261033,142.27602960645538,138.4565388787653,138.93397521972656,21938561
2025-07-02,139.2274108455375,142.6957093363516,136.75005478067027,140.21835327148438,53257125
2025-07-03,146.1640077167087,146.65947892930774,141.7047668033176,142.69570922851562,35588727
2025-07-04,143.6866635692363,146.6594910913584,142.69572106186223,145.66854858398438,25413248
2025-07-07,145.17306529151068,147.15495014190674,141.7047668033176,142.69570922851562,15095979
2025-07-08,141.20930171513058,142.6957154173951,140.2183592469542,141.70477294921875,8182217
2025-07-09,141.70478159412997,145.17308044433594,141.20931032981483,145.17308044433594,12403324
2025-07-10,144.18213150024414,150.12778640747072,144.18213150024414,148.64137268066406,16282968
2025-07-11,147.15495895385743,149.63231516520182,146.65948771158855,148.64137268066406,11751914
2025-07-14,147.65042422516177,149.13683789185805,146.6594817806976,147.1549530029297,7647831
2025-07-15,145.6685421965843,149.1368408203125,145.17307096462312,149.1368408203125,9082459
2025-07-16,148.64136651651748,151.61419384684785,147.65042407307405,149.63230895996094,12065474
2025-07-17,150.12779235839844,151.61420614412515,149.63232109648953,150.12779235839844,9128480
2025-07-18,152.1096770546653,153.59609083695844,151.6142057939009,152.6051483154297,14593048
2025-07-21,151.61419987913038,152.10967112056545,150.12778615482517,151.1187286376953,10667070
2025-07-22,149.63230895996094,153.10060751201303,148.64136651651748,149.63230895996094,11967753
2025-07-23,150.62325125330824,153.10060735944816,150.62325125330824,152.1096649169922,12115409
2025-07-24,152.60513904240352,154.091552734375,151.11872535043207,154.091552734375,11154896
2025-07-25,153.10060735944816,153.59607858067616,150.62325125330824,152.1096649169922,8186736
2025-07-28,152.60514520441444,154.0915589564055,151.61420270308707,153.10061645507812,10521065
2025-07-29,152.6051361382202,153.59607858067616,152.1096649169922,152.1096649169922,5066255
2025-07-30,152.60514550460013,153.59608800787674,149.63231799477023,150.62326049804688,11369185
2025-07-31,149.13684367195503,152.60514236200052,148.14590118908492,151.1187286376953,12360243
2025-08-04,147.15495920989474,147.15495920989474,144.67760299423995,146.1640167236328,18214416
2025-08-05,146.65949423728136,147.65043676591162,144.6776091800208,145.17308044433594,16009304
2025-08-06,143.68666076660156,144.6776032546471,142.69571827855603,143.68666076660156,9637726
2025-08-07,146.16401363063503,148.14589856121992,145.6685423979888,146.65948486328125,12912138
2025-08-08,148.64137892755085,150.6232639799182,147.6504364013672,147.6504364013672,13814308
2025-08-11,149.13683773823922,153.10060751201303,148.14589529479576,149.63230895996094,20357787
2025-08-12,151.11872595709724,151.11872595709724,146.65948486328125,146.65948486328125,13333692
2025-08-13,148.64136666962594,149.13683789185805,145.66853933623344,147.1549530029297,14450464
2025-08-14,146.16401363063503,147.6504273285737,145.6685423979888,146.65948486328125,8382288
2025-08-15,147.15495609592747,147.6504273285737,146.65948486328125,146.65948486328125,6113550
2025-08-18,147.650427124429,149.63231205227368,147.15495589246783,149.1368408203125,12005230
2025-08-19,149.63230911409013,150.12778033632222,146.6594817806976,147.1549530029297,11328678
2025-08-20,146.65948823073813,147.15495947476091,142.69571827855603,143.68666076660156,13056783
2025-08-21,142.69570922851562,144.18212286631268,142.20023801591663,142.69570922851562,9841867
2025-08-22,142.69571231217336,143.68665475878566,141.70476986556102,142.2002410888672,6568319
2025-08-25,145.17306811400135,147.65042422516177,145.17306811400135,147.1549530029297,8961381
2025-08-26,146.65949387518353,148.14590766445903,146.16402261209169,147.6504364013672,12768133
2025-08-27,148.64136958835132,150.12778328423485,148.64136958835132,149.1368408203125,7870941
2025-08-28,148.14590169615664,148.6413729392876,145.66854548050185,146.1640167236328,10306725
2025-08-29,147.65042407307405,152.10966506856957,147.65042407307405,149.63230895996094,17429107
2025-09-01,150.62325110802283,155.5779633155236,149.63230866652268,154.58702087402344,21629729
2025-09-02,155.0825011623893,159.04627116015,154.58702991266918,155.57797241210938,28130427
2025-09-03,155.0825011623893,155.57797241210938,152.60514491378882,155.57797241210938,8727603
2025-09-04,155.08250461925158,155.57797588001597,152.1096770546653,152.6051483154297,9807180
2025-09-05,153.59607843252329,155.0824920947735,153.1006072117732,154.58702087402344,6164216
2025-09-08,164.4964562240912,169.94664001464844,160.53268619459502,169.94664001464844,44847886
2025-09-09,168.46022371760384,168.46022371760384,162.51456876286488,165.48739624023438,53127916
2025-09-10,167.96475531222552,170.44211158526718,166.97381280300885,167.4692840576172,26524922
2025-09-11,168.46022688948716,170.4421119117164,164.49645684502863,164.99192810058594,16206693
2025-09-12,166.47833873269087,166.97380997891912,163.50551125532138,165.48739624023438,10835239
2025-09-15,165.98287061170058,166.47834186725788,163.505514333914,164.99192810058594,8513549
2025-09-16,166.9738097064263,168.95569468810496,165.98286721558696,167.96475219726562,13795437
2025-09-17,168.46022656683385,168.46022656683385,165.9828702937922,167.4692840576172,8772227
2025-09-18,168.95569157319912,171.92851899090934,167.46927786434398,168.46022033691406,19220166
2025-09-19,169.94663404576917,170.93757651833926,167.96474910062904,168.46022033691406,17569255
2025-09-22,169.94663382267606,171.92851876521456,167.46927764450294,170.9375762939453,19664683
2025-09-23,175.89229157456012,175.89229157456012,171.92852162358412,172.91946411132812,26390207
2025-09-24,173.41493562210437,173.91040686673895,169.4511656650277,170.44210815429688,17026096
2025-09-25,171.43305064356605,171.9285218882006,168.46022317575853,170.44210815429688,14585666
2025-09-26,168.95568884535498,168.95568884535498,164.0009765625,164.0009765625,15320820
2025-09-30,164.49645716969562,164.99192842623083,161.52362963048424,162.5145721435547,24699831
2025-10-01,164.49644797857553,164.99191920742666,161.02814937661762,161.52362060546875,14064869
2025-10-02,164.00098277732593,164.99192527144876,162.0190977890803,163.01004028320312,15281684
2025-10-03,164.4964477907855,167.46927516049848,163.50550533421452,164.0009765625,19851462
2025-10-07,167.46927161312928,174.90133987998414,166.97380039533897,171.9285125732422,35702965
2025-10-08,171.4330503797121,173.91040659907213,169.45116540422413,172.91946411132812,21809884
2025-10-09,178.36965038789717,179.85606414112965,174.40588037927722,177.3787078857422,25717989
2025-10-13,171.92851566028042,172.9194581136538,169.451159526847,171.43304443359375,22382400
2025-10-14,173.4149358968819,174.90134963314088,166.9738097064263,167.96475219726562,24886793
2025-10-15,170.44210163930828,176.38775634765625,168.4602167365256,176.38775634765625,20892418
2025-10-16,178.36964898570088,189.76548767089844,178.36964898570088,189.76548767089844,52249067
2025-10-17,189.7654901621293,197.69303022112163,187.78360514738122,194.2247314453125,42800794
2025-10-20,191.74736583709716,198.6839630508423,189.27000968933106,198.18849182128906,24346390
2025-10-21,198.18849221254007,198.18849221254007,192.24283744616386,193.23377990722656,24511033
2025-10-22,189.76547842075172,191.74736331287443,188.77453597469034,191.25189208984375,18298110
2025-10-23,189.7654901621293,194.72020269899951,188.27907640106824,194.2247314453125,18805422
2025-10-27,200.17037654923803,203.14320392373168,196.20660671657987,200.6658477783203,30721529
2025-10-28,197.69301736765897,201.16131591796875,196.20660370324046,201.16131591796875,20552049
2025-10-29,203.14321112309105,220.48470475555004,202.64773987644938,218.998291015625,42778749
2025-10-30,218.00733913845485,225.4394075181749,217.01639668782553,222.96205139160156,46098588
2025-10-31,223.45753512912327,245.25827026367188,222.96206387606534,245.25827026367188,53508720
2025-11-03,246.24920679107913,248.72656299622076,240.3035518987392,243.7718505859375,40547486
2025-11-04,246.2492043403402,249.2220317569238,234.85336591010315,236.8352508544922,38287998
2025-11-05,227.91676298100896,236.33977378682886,227.91676298100896,232.87147521972656,32926607
2025-11-06,237.3307225480039,239.3126074962127,231.3850677033775,231.8805389404297,24595004
2025-11-07,228.90771511086228,230.8896000901771,224.44847390740392,226.43035888671875,19979925
2025-11-10,226.92583013154746,229.8986576005197,224.94394515223263,226.43035888671875,22469794
2025-11-11,227.91677575362354,229.8986607601768,223.95300574051706,225.9348907470703,18464204
2025-11-12,224.94393920898438,227.42129536767365,222.962054282033,224.94393920898438,15728439
2025-11-13,224.9439418454922,231.38506793357897,223.4575281328568,229.40318298339844,20791510
2025-11-14,222.46658033735295,222.96205156304862,218.50281053178765,220.4846954345703,20160063
2025-11-17,221.9711092862216,223.45752296447756,217.51186825145376,218.00733947753906,24790268
2025-11-18,218.00733983239462,220.48469596685365,210.0798002021257,213.05262756347656,26925661
2025-11-19,209.08886121508615,210.57527492040666,204.13414886401776,207.60244750976562,42074275
2025-11-20,211.0707421463527,220.4846954345703,208.59338601787437,220.4846954345703,38649600
2025-11-21,208.09792185514166,210.07980682519064,204.13415191504373,207.1069793701172,33450926
2025-11-24,210.07981281778873,213.0526403576631,208.09792779120582,208.59339904785156,33538047
2025-11-25,214.53904457812038,216.02545828189488,207.60244729383936,210.07980346679688,23773365
2025-11-26,215.03451229402387,219.4937533323792,212.55715616160424,215.5299835205078,20194798
2025-11-27,221.47564919031106,232.37601671198183,221.47564919031106,228.41224670410156,37417767
2025-11-28,226.92582393471713,228.41223762861264,222.96205408432905,227.42129516601562,24070528
2025-12-01,224.94393941288803,227.9167668060099,220.9801695553922,222.46658325195312,27949569
2025-12-02,226.43035888671875,231.38507133500582,224.94394515223263,226.43035888671875,23476192
2025-12-03,230.88959693075788,230.88959693075788,224.448470836123,226.9258270263672,16158218
2025-12-04,228.90771825690018,228.90771825690018,222.96206323724044,225.9348907470703,17735283
2025-12-05,225.43941613399622,228.90771484375,222.46658866849296,228.90771484375,13546836
2025-12-08,230.88959016498765,236.33977362381785,230.88959016498765,235.3488311767578,23395926
2025-12-09,236.3397886276245,242.7809149424235,234.35790360768635,237.82620239257812,25609918
2025-12-10,238.32166107739408,244.26731582360765,236.8352473908407,242.28543090820312,19273928
2025-12-11,244.76278705245878,245.2582582813099,240.79901722164973,242.28543090820312,17365542
2025-12-12,243.27637959505742,245.7537358027464,239.31260966275505,241.29449462890625,13493070
2025-12-15,235.3488375997951,235.3488375997951,230.3941252292731,231.8805389404297,17862871
2025-12-16,228.90771197856253,232.37601064490437,223.95299959807417,226.9258270263672,22883392
2025-12-17,223.95300266257522,228.41224386603358,223.95300266257522,226.43035888671875,14104640
2025-12-18,220.98016976021432,222.46658345815297,217.51187113169078,219.98922729492188,16148902
2025-12-19,225.4394102408216,227.42129516601562,222.46658285303053,227.42129516601562,22938314
2025-12-22,231.8805360465214,232.8714785082587,228.90770866130958,229.89865112304688,16784299
2025-12-23,229.8986509278385,233.8624207714219,229.40317969739056,232.37600708007812,16302106
2025-12-24,234.85336323231778,235.3488344627657,228.41223723649472,232.37600708007812,19116079
2025-12-26,232.87148679864134,238.32167053222656,231.3850730531181,238.32167053222656,16923277
2025-12-29,242.7809076195219,250.70844746015936,237.8261952191235,248.7265625,25117141
2025-12-30,247.24014591691963,248.72655961982696,241.78996233959276,246.7446746826172,14905827
2025-12-31,245.25826688298207,252.69033557640577,243.77185314429732,248.23109436035156,18455471
2026-01-02,250.70844978509948,261.6088171670603,247.73562231729196,255.6631622314453,23887655
2026-01-05,261.11334228515625,261.608813522889,249.2220325795704,261.11334228515625,22044292
2026-01-06,268.04995103699065,271.02277859008115,264.5816522250518,269.0408935546875,28756712
2026-01-07,274.9865420254794,278.95031200062147,271.0227720503374,272.5091857910156,25895668
2026-01-08,273.0046510574369,273.9955935295147,265.5725825168533,271.02276611328125,19472093
2026-01-09,270.5272888856776,271.51823133580825,259.13145070917466,269.5363464355469,17690821
2026-01-12,277.4638792651281,293.31895808027826,272.5091671353937,280.43670654296875,24352743
2026-01-13,286.38236691173495,291.83255036507245,284.40048201961224,286.8778381347656,27217906
2026-01-14,287.86878026887797,292.32802127132186,284.4004817114216,291.8325500488281,18228104
2026-01-15,291.83255582518717,295.79632568359375,285.8869010375772,295.79632568359375,15724829
2026-01-16,298.76915267114776,305.7057499139273,295.300854049758,300.75103759765625,28768101
2026-01-19,300.7510503558411,303.2284066190688,293.81445281880355,296.29180908203125,18109974
2026-01-20,289.85067109803896,296.29179712243985,289.35519986539276,293.3189697265625,15164596
2026-01-21,292.32802767933845,295.30085507946734,287.3733153457904,288.3642578125,20173348
2026-01-22,297.2827578551017,302.73294174911194,291.3371026979997,295.3008728027344,20067266
2026-01-23,300.25557206316694,310.16499688373347,295.79633089391194,304.7148132324219,24779763
2026-01-26,305.7057432027963,312.1468690725473,303.22838709904596,309.1740417480469,15500436
2026-01-27,311.6514169714774,311.6514169714774,303.723876953125,303.723876953125,11664296
2026-01-28,309.66953107505844,314.1287723225393,307.6876460761781,311.15594482421875,18628407
2026-01-29,311.1559391144783,314.62423779887536,305.7057554675687,307.1921691894531,19819724
2026-01-30,302.23744556157277,302.73291678380485,292.8234923391631,294.3099060058594,25417520
2026-02-02,291.3370789828366,295.300848764916,285.8868955324774,289.3551940917969,13567059
2026-02-03,300.75103158508705,303.7238589154174,293.8144344809829,299.2646179199219,20111615
2026-02-04,299.26463007651085,301.24651504390494,296.7872738672682,299.7601013183594,12634205
2026-02-05,291.3370984574439,293.31898348096394,276.4729607810437,281.42767333984375,38532480
2026-02-06,300.25556021253465,306.2012148702086,295.3008479978064,301.7419738769531,49870609
2026-02-09,316.60610919917394,327.01100480665855,313.63328188274977,324.0381774902344,35002183
2026-02-10,354.75741115836206,355.74835364763123,338.4068600854208,340.88421630859375,31763158
2026-02-11,346.82988219267895,353.27100857625726,341.8751695899264,351.28912353515625,20827548
2026-02-23,372.5943753917443,372.5943753917443,344.84798573491224,345.83892822265625,38745039
2026-02-24,356.73929236975755,379.53096938226986,355.25287865155025,378.0445556640625,33894708
2026-02-25,381.5128536273397,388.4494509660186,375.0717275271379,385.47662353515625,28856982
2026-02-26,384.48567508820565,390.4313298576109,377.5490778572329,383.9902038574219,37767003
2026-03-02,355.2528855790976,378.54003428511936,355.2528855790976,367.1441955566406,25016993
2026-03-03,362.6849618203451,374.08080078464553,351.2891228560446,356.24383544921875,29787798
2026-03-04,337.9113843146171,343.85703917059277,322.55177593668,324.5336608886719,33919184
2026-03-05,340.388732219518,353.7664553198484,339.39778976764165,350.29815673828125,33485853
2026-03-06,342.86608297783033,346.3343815050627,335.9294859233656,338.9023132324219,12622014
2026-03-09,305.21028327941895,317.1015930175781,305.21028327941895,317.1015930175781,28686634
2026-03-10,332.9566834132824,344.84799353518537,329.4883846277274,332.4612121582031,24659835
2026-03-11,342.8661072395645,343.8570497460372,337.41592345396447,342.3706359863281,16364057
2026-03-12,337.9113836032241,344.84798092059236,328.0019588641266,331.9657287597656,16532158
2026-03-13,330.9747916761987,339.89327408663524,323.542723000835,338.4068603515625,13237922
2026-03-16,340.3887395562066,343.8570382125289,331.96572853370947,334.4430847167969,12051160
2026-03-17,339.893255668774,342.37061175965425,335.9294859233656,338.9023132324219,10234795
2026-03-18,344.8479789253715,359.71211594801684,344.8479789253715,354.2619323730469,26458902
2026-03-19,344.3524963642747,349.80267975996827,337.4158993152102,343.8570251464844,17655461
2026-03-20,344.8479862656704,348.8117562227471,337.41591759615164,340.88421630859375,21952432
2026-03-23,316.110637844242,328.00194710484044,315.6151666250504,326.5155334472656,15053839
2026-03-24,334.9385564130052,337.91138383678924,326.02007414165297,329.4883728027344,9985045
2026-03-25,346.3344112743031,354.2619514465332,343.85705497048116,348.811767578125,16491466
2026-03-26,349.80269714185454,362.6849494445291,349.307225899444,355.74835205078125,19447365
2026-03-27,344.35250202702326,350.7936279642194,339.39778976764165,350.29815673828125,16784878
2026-03-30,339.8932609935798,351.78457041609573,338.9023185417035,350.29815673828125,15165392
2026-03-31,338.90232033925514,341.87514771065213,325.52459716796875,325.52459716796875,22922496
2026-04-01,341.87514540231126,357.730224609375,341.3796741770905,357.730224609375,18034724
2026-04-02,372.09889014077646,372.09889014077646,352.7755123571676,357.730224609375,24099753
2026-04-07,358.22572153264827,362.6849628795277,345.3434687527743,348.811767578125,13602152
2026-04-08,360.7030679488618,381.5128603305269,360.7030679488618,379.5309753417969,24931081
2026-04-09,383.49475035375474,390.9268191590601,377.5490953095105,388.449462890625,20330283
2026-04-10,386.4675716953423,393.89964038179124,381.51285923770973,389.4403991699219,15087158
2026-04-13,411.73659042997986,424.1233711288361,399.3498097311237,413.7184753417969,25289906
2026-04-14,426.10526174869176,433.0418590329728,417.18677952604475,420.15960693359375,18668212
2026-04-15,427.5916735744156,455.83353382208844,427.09620234200025,442.455810546875,29996557
2026-04-16,445.92411494281527,448.89694237576737,432.0509202557055,446.4195861816406,23061150
2026-04-17,437.0056395379666,458.8063743902008,433.53734081147485,437.99658203125,23839650
2026-04-20,452.8607052093208,468.7157846039579,450.38334905390883,457.3199462890625,21265170
2026-04-21,462.7701410843154,471.68862346067266,456.8244861667439,467.724853515625,17256547
2026-04-22,457.81541118006555,468.7157781129242,456.328997507403,460.7882385253906,15643974
2026-04-23,470.20221052385375,492.99388774629557,451.8697744971071,460.29278564453125,25246518
2026-04-24,463.26561574013004,495.4712467808877,463.26561574013004,491.5074768066406,26583067
2026-04-27,512.3172564925146,518.2629113067411,491.0119934082031,491.0119934082031,29200780
2026-04-28,484.5708673594578,505.38065920925044,479.12068377975015,491.0119934082031,21147769
2026-04-29,482.58899519265367,487.54370766896426,468.2203290113529,484.0754089355469,21088224
2026-04-30,486.057282611416,507.36254576359835,473.6705017089844,473.6705017089844,35678381
2026-05-04,492.4984220377604,520.2448120117188,492.4984220377604,520.2448120117188,26384377
2026-05-05,520.2448125985952,539.0727201021634,514.2991575974685,515.2901000976562,36440062
2026-05-06,536.0998669107452,539.0726942688455,509.34442068784296,519.2538452148438,30251038
2026-05-07,543.0364877206308,552.9459126790365,529.1632927788629,535.1089477539062,24011832
2026-05-08,519.2538643770439,524.2085768233898,506.37161201654476,511.3263244628906,22065126
2026-05-11,521.2357411872963,541.0545906620985,508.3534890286749,532.1361083984375,20929873
2026-05-12,532.1361186259502,573.7557033229518,528.1723486548071,549.9730834960938,30004153
2026-05-13,530.1542463093779,551.9549816716327,529.1633037929117,543.0364990234375,20739465
2026-05-14,549.9730966387004,558.8915792868955,543.0364990234375,543.0364990234375,13869448
2026-05-15,549.973072003185,558.8915542518853,532.1361075057844,542.0455322265625,18235215
2026-05-18,524.2085838168275,524.2085838168275,495.4712512446385,505.38067626953125,24692257
2026-05-19,485.5618182683395,491.01200194278005,467.724853515625,467.724853515625,34699090
2026-05-20,460.78826167002444,477.1388128905737,460.78826167002444,471.6886291503906,25163348
2026-05-21,494.4803087421492,506.3716187720205,492.002952485926,505.38067626953125,17919143
2026-05-22,530.1541980872605,555.918701171875,519.2538313976158,555.918701171875,29731074
2026-05-25,592.5835922463787,611.4114990234375,578.7103977790721,611.4114990234375,25678273
2026-05-26,630.2394444142543,630.2394444142543,584.6560883717138,605.4658813476562,37776122
2026-05-27,635.1941161348811,662.9405049832068,620.3299792518496,636.18505859375,28399018
2026-05-28,620.3299803908742,661.9495637397828,611.4114982446796,621.3209228515625,33518574
2026-05-29,636.1850995502379,638.1669845955656,602.4930537796645,605.4658813476562,41562162
2026-06-01,597.5383425695131,609.4296528694039,593.5745724695495,595.5564575195312,22430270
2026-06-02,594.5654917571504,602.4930316472457,571.7738145731263,584.6560668945312,25336213
2026-06-03,609.4296383163304,630.2394308442051,608.438695815003,612.4024658203125,27435924
2026-06-04,611.4115264017707,616.3662389333896,587.62890625,587.62890625,19829063
2026-06-05,575.737573580684,579.7013434504306,556.909666699388,571.7738037109375,19878574
2026-06-08,515.2900978370949,538.081775241428,515.2900978370949,535.1089477539062,24681994
2026-06-09,540.0636337092556,568.800964677271,539.0726912620826,563.8462524414062,17605018
2026-06-10,550.9640026198689,558.8915422259103,532.1360960555209,534.1179809570312,18539510
2026-06-11,528.1723259196561,547.0002324721393,516.281016518088,539.0726928710938,17704755
2026-06-12,579.7013544632217,590.6017218121027,571.7738145731263,584.6560668945312,22530387
2026-06-15,613.3933989961268,617.3571689411746,584.6560668945312,584.6560668945312,21686237
2026-06-16,594.5654791754646,594.5654791754646,574.7466298696157,586.637939453125,15031670
2026-06-17,578.7104114692752,589.6107788085938,567.8100441299566,589.6107788085938,12724420
2026-06-18,585.647018855781,612.4024664177202,585.647018855781,607.44775390625,34220952
2026-06-22,654.0220085166683,667.8952026367188,646.0944690194965,667.8952026367188,34148594
2026-06-23,672.849928011707,693.659719599698,656.00390625,656.00390625,42984044
2026-06-24,630.239426804173,653.0311041886007,612.402461894621,647.08544921875,34625995
2026-06-25,672.8499684445386,672.8499684445386,619.3390725741334,635.1941528320312,30507412
2026-06-26,644.1125990469244,688.7050097501731,624.2937498454806,626.275634765625,43302683
2026-06-29,622.3118653122508,626.275635155004,605.4658434805498,621.3209228515625,17306319
2026-06-30,647.085434588264,680.7774786556469,644.1126071705538,673.8408813476562,23388975
2026-07-01,703.5691657683589,711.4967056643403,688.7050284633935,696.632568359375,20757598
2026-07-02,683.7502904836872,722.3970460327652,677.8046357838291,720.4151611328125,23745963
2026-07-03,690.0,691.0,662.0,682.0,36071197
2026-07-06,698.0,712.0,676.0,679.0,22297685
2026-07-07,684.0,702.0,648.0,651.0,23342545
2026-07-08,640.0,649.0,623.0,625.0,25320402
2026-07-09,632.0,685.0,627.0,677.0,30934462
2026-07-10,677.0,677.0,677.0,677.0,0
2026-07-13,682.0,690.0,657.0,670.0,27107820
2026-07-14,655.0,672.0,610.0,641.0,22379867
2026-07-15,660.0,696.0,654.0,683.0,25300314
2026-07-16,679.0,694.0,668.0,682.0,21253949
2026-07-17,625.0,635.0,614.0,614.0,25035279
2026-07-20,588.0,617.0,577.0,597.0,29606367
2026-07-21,610.0,634.0,609.0,633.0,15043596
